releaseDate,evolutionId,name,category,inputOverallMax,inputPlaystylePlusMax,outputOverall,positions,rarity,playstylePlusAddCount,playstylePlusAdded,free,repeatable,dateConfidence,sourceUrl
2025-09-18,5,Intro to Evolutions,EVOLUTIONS,81,,82,,Not Rarity: World Tour Silver Stars,0,,true,2,inferred,https://www.futbin.com/26/evolutions/5/intro-to-evolutions
2025-09-18,6,Intro to Training Camp EVOs I,TRAINING CAMP,82,,,GK,Not Rarity: World Tour Silver Stars,0,,true,true,normalized,https://www.futbin.com/26/evolutions/6/intro-to-training-camp-evos-i
2025-09-18,7,Intro to Training Camp EVOs II,TRAINING CAMP,82,,,,Not Rarity: World Tour Silver Stars,0,,true,true,normalized,https://www.futbin.com/26/evolutions/7/intro-to-training-camp-evos-ii
2025-09-19,8,Intro to Rewards EVOs,REWARDS,82,,84,,Not Rarity: World Tour Silver Stars,0,,true,true,inferred,https://www.futbin.com/26/evolutions/8/intro-to-rewards-evos
2025-09-19,9,Club Member Reward,REWARDS,83,,,ST,Not Rarity: World Tour Silver Stars,0,,true,true,exact,https://www.futbin.com/26/evolutions/9/club-member-reward
2025-09-19,10,Rising Guard,EVOLUTIONS,82,,,,Not Rarity: World Tour Silver Stars,0,,true,2,exact,https://www.futbin.com/26/evolutions/10/rising-guard
2025-09-20,11,Cover Athlete,EVOLUTIONS,83,,85,CAM,Not Rarity: World Tour Silver Stars,0,,,true,exact,https://www.futbin.com/26/evolutions/11/cover-athlete
2025-09-21,12,The Debut,EVOLUTIONS,82,,,GK,Not Rarity: World Tour Silver Stars,0,,true,true,exact,https://www.futbin.com/26/evolutions/12/the-debut
2025-09-22,13,Striker’s Rise,TRAINING CAMP,74,,83,ST,Not Rarity: World Tour Silver Stars,0,,true,true,exact,https://www.futbin.com/26/evolutions/13/strikers-rise
2025-09-23,14,Passing Prodigy,EVOLUTIONS,83,,,,Not Rarity: World Tour Silver Stars,0,,,2,exact,https://www.futbin.com/26/evolutions/14/passing-prodigy
2025-09-25,15,One Shot,EVOLUTIONS,82,,,,Not Rarity: World Tour Silver Stars,0,,true,2,exact,https://www.futbin.com/26/evolutions/15/one-shot
2025-09-26,16,Complete Connection,EVOLUTIONS,83,,84,CM,Not Rarity: World Tour Silver Stars,0,,,true,exact,https://www.futbin.com/26/evolutions/16/complete-connection
2025-09-26,17,Relentless Pressure,EVOLUTIONS,82,,,,Not Rarity: World Tour Silver Stars,0,,true,2,exact,https://www.futbin.com/26/evolutions/17/relentless-pressure
2025-09-27,18,Long Ball Pass,EVOLUTIONS,82,,,,Not Rarity: World Tour Silver Stars,0,,true,true,exact,https://www.futbin.com/26/evolutions/18/long-ball-pass
2025-09-28,19,Footwork Phenom,EVOLUTIONS,83,,,,Not Rarity: World Tour Silver Stars,0,,,2,exact,https://www.futbin.com/26/evolutions/19/footwork-phenom
2025-09-28,20,Pinged Pass,REWARDS,84,,,,Not Rarity: World Tour Silver Stars,0,,true,true,inferred,https://www.futbin.com/26/evolutions/20/pinged-pass
2025-09-29,21,ST Advanced Forward+,REWARDS,83,,,ST,Not Rarity: World Tour Silver Stars,0,,true,true,inferred,https://www.futbin.com/26/evolutions/21/st-advanced-forward
2025-09-29,22,Whipped Pass+,REWARDS,83,,,,Not Rarity: World Tour Silver Stars,1,Whipped Pass,true,true,inferred,https://www.futbin.com/26/evolutions/22/whipped-pass
2025-09-30,23,Cornerstones,REWARDS,,,,,Not Rarity: World Tour Silver Stars,0,,true,true,inferred,https://www.futbin.com/26/evolutions/23/cornerstones
2025-09-30,24,Iron Will,EVOLUTIONS,82,,,,Not Rarity: World Tour Silver Stars,0,,true,true,exact,https://www.futbin.com/26/evolutions/24/iron-will
2025-10-03,25,The Eighth King of Rome,EVOLUTIONS,83,,85,ST,Not Rarity: World Tour Silver Stars,0,,,true,exact,https://www.futbin.com/26/evolutions/25/the-eighth-king-of-rome
2025-10-03,26,CAM Upgrade,EVOLUTIONS,82,,,CAM,Not Rarity: World Tour Silver Stars,0,,true,2,exact,https://www.futbin.com/26/evolutions/26/cam-upgrade
2025-10-04,27,Sprint Boost,EVOLUTIONS,83,,,,Not Rarity: World Tour Silver Stars,0,,,2,exact,https://www.futbin.com/26/evolutions/27/sprint-boost
2025-10-04,28,Cornerstones,COSMETICS,,,,,Not Rarity: World Tour Silver Stars,0,,,2,exact,https://www.futbin.com/26/evolutions/28/cornerstones
2025-10-05,29,Sideline Rise,EVOLUTIONS,74,,83,RM,Not Rarity: World Tour Silver Stars,0,,true,true,exact,https://www.futbin.com/26/evolutions/29/sideline-rise
2025-10-07,30,Reflex Deflector,EVOLUTIONS,82,,,GK,Not Rarity: World Tour Silver Stars,0,,true,2,exact,https://www.futbin.com/26/evolutions/30/reflex-deflector
2025-10-10,31,Backline Glow,EVOLUTIONS,80,,84,CB,Not Rarity: World Tour Silver Stars,0,,,true,exact,https://www.futbin.com/26/evolutions/31/backline-glow
2025-10-10,32,Ball Distributor,EVOLUTIONS,82,,,,Not Rarity: World Tour Silver Stars,0,,true,2,exact,https://www.futbin.com/26/evolutions/32/ball-distributor
2025-10-10,33,GK Boost,REWARDS,83,,,GK,Not Rarity: World Tour Silver Stars,0,,true,true,inferred,https://www.futbin.com/26/evolutions/33/gk-boost
2025-10-10,34,Shadow Striker++,REWARDS,84,,,CAM,Not Rarity: World Tour Silver Stars,0,,true,true,inferred,https://www.futbin.com/26/evolutions/34/shadow-striker
2025-10-10,35,Finesse Shot,REWARDS,83,,,,Not Rarity: World Tour Silver Stars,0,,true,true,inferred,https://www.futbin.com/26/evolutions/35/finesse-shot
2025-10-10,36,Intercept,REWARDS,84,,,,Not Rarity: World Tour Silver Stars,0,,true,true,inferred,https://www.futbin.com/26/evolutions/36/intercept
2025-10-11,37,CDM Roles+,REWARDS,84,,,CDM,Not Rarity: World Tour Silver Stars,0,,true,true,inferred,https://www.futbin.com/26/evolutions/37/cdm-roles
2025-10-11,38,Gamechanger+,REWARDS,85,,,,Not Rarity: World Tour Silver Stars,1,Gamechanger,true,true,inferred,https://www.futbin.com/26/evolutions/38/gamechanger
2025-10-11,39,Inventive+,REWARDS,84,,,,Not Rarity: World Tour Silver Stars,1,Inventive,true,true,inferred,https://www.futbin.com/26/evolutions/39/inventive
2025-10-11,40,Aerial Fortress,REWARDS,83,,,,Not Rarity: World Tour Silver Stars,0,,true,true,inferred,https://www.futbin.com/26/evolutions/40/aerial-fortress
2025-10-11,41,Striker Debut,EVOLUTIONS,82,,,,Not Rarity: World Tour Silver Stars,0,,true,2,exact,https://www.futbin.com/26/evolutions/41/striker-debut
2025-10-12,42,Silver Warm-Up,REWARDS,74,,,,Not Rarity: World Tour Silver Stars,0,,true,true,inferred,https://www.futbin.com/26/evolutions/42/silver-warm-up
2025-10-12,43,Midfield Spark,EVOLUTIONS,80,,84,CAM or CDM or CM,Not Rarity: World Tour Silver Stars,0,,,true,exact,https://www.futbin.com/26/evolutions/43/midfield-spark
2025-10-14,44,Fullback Force,EVOLUTIONS,82,,,LB,Not Rarity: World Tour Silver Stars,0,,true,2,exact,https://www.futbin.com/26/evolutions/44/fullback-force
2025-10-14,45,CM Box-to-Box++,REWARDS,83,,,CM,Not Rarity: World Tour Silver Stars,0,,true,true,inferred,https://www.futbin.com/26/evolutions/45/cm-box-to-box
2025-10-15,46,Tiki Taka+,REWARDS,83,,,,Not Rarity: World Tour Silver Stars,1,Tiki Taka,true,true,inferred,https://www.futbin.com/26/evolutions/46/tiki-taka
2025-10-15,47,Right-Wing Dynamo,EVOLUTIONS,82,,,RW,Not Rarity: World Tour Silver Stars,0,,true,2,exact,https://www.futbin.com/26/evolutions/47/right-wing-dynamo
2025-10-17,48,Born to Shine,EVOLUTIONS,80,,84,ST,Not Rarity: World Tour Silver Stars,0,,,true,exact,https://www.futbin.com/26/evolutions/48/born-to-shine
2025-10-17,49,Fullback Force II,EVOLUTIONS,82,,,RB,Not Rarity: World Tour Silver Stars,0,,true,2,exact,https://www.futbin.com/26/evolutions/49/fullback-force-ii
2025-10-18,50,Left-Wing Dynamo,EVOLUTIONS,82,,,LW,Not Rarity: World Tour Silver Stars,0,,true,2,exact,https://www.futbin.com/26/evolutions/50/left-wing-dynamo
2025-10-18,51,Ratings Reload,COSMETICS,,,,,Not Rarity: World Tour Silver Stars,0,,,2,exact,https://www.futbin.com/26/evolutions/51/ratings-reload
2025-10-19,52,Keeper of the Goal,EVOLUTIONS,80,,84,GK,Not Rarity: World Tour Silver Stars,0,,,true,exact,https://www.futbin.com/26/evolutions/52/keeper-of-the-goal
2025-10-21,53,Ice Veins,EVOLUTIONS,83,,,,Not Rarity: World Tour Silver Stars,0,,,5,exact,https://www.futbin.com/26/evolutions/53/ice-veins
2025-10-22,54,Iron Lungs,EVOLUTIONS,82,,,,Not Rarity: World Tour Silver Stars,0,,true,5,exact,https://www.futbin.com/26/evolutions/54/iron-lungs
2025-10-24,55,The Big Fella,EVOLUTIONS,84,,85,CDM,Not Rarity: World Tour Silver Stars,0,,,true,exact,https://www.futbin.com/26/evolutions/55/the-big-fella
2025-10-25,56,Inverted Instinct,EVOLUTIONS,81,,83,LW,Not Rarity: World Tour Silver Stars,0,,true,2,inferred,https://www.futbin.com/26/evolutions/56/inverted-instinct
2025-10-25,57,Phantom Fullback,EVOLUTIONS,82,,84,CB,Not Rarity: World Tour Silver Stars,0,,,true,exact,https://www.futbin.com/26/evolutions/57/phantom-fullback
2025-10-26,58,Rise from the Grave,EVOLUTIONS,82,,84,LB,Not Rarity: World Tour Silver Stars,0,,,true,exact,https://www.futbin.com/26/evolutions/58/rise-from-the-grave
2025-10-28,59,Ghostly Guardian,EVOLUTIONS,74,,83,CB,Not Rarity: World Tour Silver Stars,0,,true,2,exact,https://www.futbin.com/26/evolutions/59/ghostly-guardian
2025-10-28,60,Jockey+,REWARDS,84,,,,,1,Jockey,true,true,inferred,https://www.futbin.com/26/evolutions/60/jockey
2025-10-29,61,RM Inside Forward++,REWARDS,84,,,RM,,0,,true,true,inferred,https://www.futbin.com/26/evolutions/61/rm-inside-forward
2025-10-29,62,Spooky Striker,EVOLUTIONS,79,,84,ST,Not Rarity: World Tour Silver Stars,0,,,true,exact,https://www.futbin.com/26/evolutions/62/spooky-striker
2025-10-30,63,Phantom Dash,EVOLUTIONS,82,,84,GK,Not Rarity: World Tour Silver Stars,0,,true,true,exact,https://www.futbin.com/26/evolutions/63/phantom-dash
2025-10-31,64,EVO Flash: Fast like Adama,EVOLUTIONS,83,,85,RM,Not Rarity: World Tour Silver Stars,0,,true,true,exact,https://www.futbin.com/26/evolutions/64/evo-flash-fast-like-adama
2025-11-01,65,The Undead Lion,EVOLUTIONS,84,,86,ST,Not Rarity: World Tour Silver Stars,0,,,true,inferred,https://www.futbin.com/26/evolutions/65/the-undead-lion
2025-11-01,66,The Portuguese Backline Titan,EVOLUTIONS,81,,85,CB,Not Rarity: World Tour Silver Stars,0,,,true,exact,https://www.futbin.com/26/evolutions/66/the-portuguese-backline-titan
2025-11-01,67,World Tour,COSMETICS,,,,,Not Rarity: World Tour Silver Stars,0,,,2,exact,https://www.futbin.com/26/evolutions/67/world-tour
2025-11-02,68,Star in Motion,REWARDS,85,,86,CAM,Not Rarity: World Tour Silver Stars,1,Technical,true,true,inferred,https://www.futbin.com/26/evolutions/68/star-in-motion
2025-11-02,69,Curse of the Left,EVOLUTIONS,80,,85,LM,Not Rarity: World Tour Silver Stars,0,,,true,exact,https://www.futbin.com/26/evolutions/69/curse-of-the-left
2025-11-04,70,The ScreaMOR,EVOLUTIONS,64,,74,ST,Not Rarity: World Tour Silver Stars,0,,true,true,exact,https://www.futbin.com/26/evolutions/70/the-screamor
2025-11-04,71,Power Shot+,REWARDS,84,,,,,1,Power Shot,true,true,inferred,https://www.futbin.com/26/evolutions/71/power-shot
2025-11-04,72,CDM Box Crasher++,REWARDS,86,,,CDM,,0,,true,true,inferred,https://www.futbin.com/26/evolutions/72/cdm-box-crasher
2025-11-04,73,CM Roles+ - Season 2 Lvl 8,REWARDS,,,,CM,,0,,true,true,inferred,https://www.futbin.com/26/evolutions/73/cm-roles-season-2-lvl-8
2025-11-04,74,Trickster - Season 2 (P) Lvl 10,REWARDS,85,,,,,0,,true,true,inferred,https://www.futbin.com/26/evolutions/74/trickster-season-2-p-lvl-10
2025-11-04,75,Relentless - Season 2 Lvl 20,REWARDS,84,,,,,0,,true,true,inferred,https://www.futbin.com/26/evolutions/75/relentless-season-2-lvl-20
2025-11-04,76,Jockey - Season 2 Lvl 20,REWARDS,84,,,,,0,,true,true,inferred,https://www.futbin.com/26/evolutions/76/jockey-season-2-lvl-20
2025-11-04,77,CB Roles+ - Season 2 (P) Lvl 20,REWARDS,,,,CB,,0,,true,true,inferred,https://www.futbin.com/26/evolutions/77/cb-roles-season-2-p-lvl-20
2025-11-05,78,LW Roles+ - Season 2 (P) Lvl 23,REWARDS,,,,LW,,0,,true,true,inferred,https://www.futbin.com/26/evolutions/78/lw-roles-season-2-p-lvl-23
2025-11-05,79,RW Roles+ - Season 2 (P) Lvl 23,REWARDS,,,,RW,,0,,true,true,inferred,https://www.futbin.com/26/evolutions/79/rw-roles-season-2-p-lvl-23
2025-11-05,80,RB Roles+ - Season 2 (B/P) Lvl 26,REWARDS,,,,RB,,0,,true,true,inferred,https://www.futbin.com/26/evolutions/80/rb-roles-season-2-bp-lvl-26
2025-11-05,81,LB Roles+ - Season 2 (B/P) Lvl 26,REWARDS,,,,LB,,0,,true,true,inferred,https://www.futbin.com/26/evolutions/81/lb-roles-season-2-bp-lvl-26
2025-11-05,82,Sweeper Keeper++ - Season 2 (P) Lvl 33,REWARDS,,,,GK,,0,,true,true,inferred,https://www.futbin.com/26/evolutions/82/sweeper-keeper-season-2-p-lvl-33
2025-11-05,83,Intercept+ - Season 2 Lvl 35,REWARDS,85,,,,,1,Intercept,true,true,inferred,https://www.futbin.com/26/evolutions/83/intercept-season-2-lvl-35
2025-11-05,84,Finesse Shot+ - Season 2 (P) Lvl 35,REWARDS,86,,,,,1,Finesse Shot,true,true,inferred,https://www.futbin.com/26/evolutions/84/finesse-shot-season-2-p-lvl-35
2025-11-05,85,Spell of the Dribbler,EVOLUTIONS,80,,85,CM,Not Rarity: World Tour Silver Stars,0,,,true,exact,https://www.futbin.com/26/evolutions/85/spell-of-the-dribbler
2025-11-06,86,Saved by the Bell,EVOLUTIONS,79,,84,RB,Not Rarity: World Tour Silver Stars,0,,true,true,exact,https://www.futbin.com/26/evolutions/86/saved-by-the-bell
2025-11-07,87,El Capitán,EVOLUTIONS,84,,86,ST,Not Rarity: World Tour Silver Stars,1,Finesse Shot,,true,exact,https://www.futbin.com/26/evolutions/87/el-capitan
2025-11-08,88,Dynamic Distributor,EVOLUTIONS,84,,,,,0,,true,2,inferred,https://www.futbin.com/26/evolutions/88/dynamic-distributor
2025-11-08,89,Defensive Shift,EVOLUTIONS,74,,84,LM,Not Rarity: World Tour Silver Stars,0,,,2,exact,https://www.futbin.com/26/evolutions/89/defensive-shift
2025-11-08,90,Cornerstones,COSMETICS,,,,,Not Rarity: World Tour Silver Stars,0,,,2,exact,https://www.futbin.com/26/evolutions/90/cornerstones
2025-11-08,91,Incisive Pass,REWARDS,84,,,,,0,,true,true,inferred,https://www.futbin.com/26/evolutions/91/incisive-pass
2025-11-09,92,CDM Holding++,REWARDS,86,,,CDM,,0,,true,true,inferred,https://www.futbin.com/26/evolutions/92/cdm-holding
2025-11-09,93,The Big Fella,REWARDS,84,,85,CDM,Not Rarity: World Tour Silver Stars,0,,true,true,inferred,https://www.futbin.com/26/evolutions/93/the-big-fella
2025-11-09,94,Wing Wizards,EVOLUTIONS,79,,86,RW,Not Rarity: World Tour Silver Stars,0,,,true,exact,https://www.futbin.com/26/evolutions/94/wing-wizards
2025-11-11,95,Ironclad Instincts,EVOLUTIONS,79,,,,,0,,true,3,exact,https://www.futbin.com/26/evolutions/95/ironclad-instincts
2025-11-12,96,Footwork Mastery,EVOLUTIONS,84,,,,,0,,true,2,exact,https://www.futbin.com/26/evolutions/96/footwork-mastery
2025-11-12,97,Defender++,REWARDS,86,,,CB,,0,,true,true,inferred,https://www.futbin.com/26/evolutions/97/defender
2025-11-13,98,Long Ball Pass+,REWARDS,84,,,,,1,Long Ball Pass,true,true,inferred,https://www.futbin.com/26/evolutions/98/long-ball-pass
2025-11-13,99,Poacher++,REWARDS,86,,,ST,,0,,true,true,inferred,https://www.futbin.com/26/evolutions/99/poacher
2025-11-13,100,Press Proven,REWARDS,84,,,,,0,,true,true,inferred,https://www.futbin.com/26/evolutions/100/press-proven
2025-11-14,101,Cornerstones,REWARDS,,,,,Not Rarity: World Tour Silver Stars,0,,true,true,inferred,https://www.futbin.com/26/evolutions/101/cornerstones
2025-11-14,102,Silver Armour,EVOLUTIONS,74,,74,CDM,Not Rarity: World Tour Silver Stars,0,,,true,exact,https://www.futbin.com/26/evolutions/102/silver-armour
2025-11-14,103,I'll Protect You,EVOLUTIONS,84,,86,CB,Not Rarity: World Tour Silver Stars,1,Anticipate,,true,exact,https://www.futbin.com/26/evolutions/103/ill-protect-you
2025-11-14,104,Festival of Football: Captains,REWARDS,,,,,Not Rarity: World Tour Silver Stars,0,,true,true,inferred,https://www.futbin.com/26/evolutions/104/festival-of-football-captains
2025-11-15,105,Own the Ball,REWARDS,84,,,CM,,0,,true,true,inferred,https://www.futbin.com/26/evolutions/105/own-the-ball
2025-11-15,106,Dual Threat,EVOLUTIONS,83,,84,RM,Not Rarity: World Tour Silver Stars,0,,true,2,exact,https://www.futbin.com/26/evolutions/106/dual-threat
2025-11-15,107,FOF Captains,COSMETICS,,,,,Not Rarity: World Tour Silver Stars,0,,,2,exact,https://www.futbin.com/26/evolutions/107/fof-captains
2025-11-16,108,Protect the Wings,EVOLUTIONS,84,,86,LB or RB,Not Rarity: World Tour Silver Stars,1,Slide Tackle,,true,exact,https://www.futbin.com/26/evolutions/108/protect-the-wings
2025-11-17,109,Sideline Flyer,REWARDS,84,,,RB,,0,,true,true,inferred,https://www.futbin.com/26/evolutions/109/sideline-flyer
2025-11-17,110,Iron Guard,REWARDS,84,,,LB,,0,,true,true,inferred,https://www.futbin.com/26/evolutions/110/iron-guard
2025-11-18,111,Captain's Grit,EVOLUTIONS,83,,,,,0,,true,2,exact,https://www.futbin.com/26/evolutions/111/captains-grit
2025-11-19,112,PlayStyles Trifecta,EVOLUTIONS,83,,,,,0,,true,3,exact,https://www.futbin.com/26/evolutions/112/playstyles-trifecta
2025-11-20,113,Flying Postman,REWARDS,84,,,GK,,0,,true,true,inferred,https://www.futbin.com/26/evolutions/113/flying-postman
2025-11-20,114,Welcome to UT EVO,EVOLUTIONS,83,,84,LM or RM,Not Rarity: World Tour Silver Stars,0,,true,true,exact,https://www.futbin.com/26/evolutions/114/welcome-to-ut-evo
2025-11-21,115,Estrella de Montcada,EVOLUTIONS,84,,86,LW,Not Rarity: World Tour Silver Stars,1,Low Driven Shot,,true,exact,https://www.futbin.com/26/evolutions/115/estrella-de-montcada
2025-11-22,116,Tighten Up,EVOLUTIONS,83,,,,,0,,true,2,inferred,https://www.futbin.com/26/evolutions/116/tighten-up
2025-11-22,117,Competitive Catalyst,EVOLUTIONS,84,,86,CAM,Not Rarity: World Tour Silver Stars,1,Long Ball Pass,,true,exact,https://www.futbin.com/26/evolutions/117/competitive-catalyst
2025-11-23,118,How many tricks left?,EVOLUTIONS,74,,74,LW,Not Rarity: World Tour Silver Stars,0,,true,true,exact,https://www.futbin.com/26/evolutions/118/how-many-tricks-left
2025-11-23,119,Finesse Shot,REWARDS,84,,,,,0,,true,true,inferred,https://www.futbin.com/26/evolutions/119/finesse-shot
2025-11-24,120,RW Inside Forward++,REWARDS,86,,,RW,,0,,true,true,inferred,https://www.futbin.com/26/evolutions/120/rw-inside-forward
2025-11-24,121,World Tour,REWARDS,,,,,Not Rarity: World Tour Silver Stars,0,,true,true,inferred,https://www.futbin.com/26/evolutions/121/world-tour
2025-11-24,122,Cornerstones,REWARDS,,,,,Not Rarity: World Tour Silver Stars,0,,true,true,inferred,https://www.futbin.com/26/evolutions/122/cornerstones
2025-11-24,123,Positional Excellence,REWARDS,,,,,Not Rarity: World Tour Silver Stars,0,,true,true,inferred,https://www.futbin.com/26/evolutions/123/positional-excellence
2025-11-25,124,Bruiser+,REWARDS,84,,,,,1,Bruiser,true,true,inferred,https://www.futbin.com/26/evolutions/124/bruiser
2025-11-25,125,CM Deep-Lying Playmaker++,REWARDS,86,,,CM,,0,,true,true,inferred,https://www.futbin.com/26/evolutions/125/cm-deep-lying-playmaker
2025-11-25,126,No Panna,EVOLUTIONS,83,,,GK,Not Rarity: World Tour Silver Stars,1,Footwork,true,true,exact,https://www.futbin.com/26/evolutions/126/no-panna
2025-11-26,127,The Perfect Curl,EVOLUTIONS,84,,,,,1,Finesse Shot,true,2,exact,https://www.futbin.com/26/evolutions/127/the-perfect-curl
2025-11-26,128,Block+,REWARDS,85,,,,,1,Block,true,true,inferred,https://www.futbin.com/26/evolutions/128/block
2025-11-26,129,Ping Pro,REWARDS,85,,,CAM,,0,,true,true,inferred,https://www.futbin.com/26/evolutions/129/ping-pro
2025-11-26,130,Overlapping Dynamo,REWARDS,85,,,LB,,0,,true,true,inferred,https://www.futbin.com/26/evolutions/130/overlapping-dynamo
2025-11-26,131,Clinical Pivot,REWARDS,85,,,ST,,0,,true,true,inferred,https://www.futbin.com/26/evolutions/131/clinical-pivot
2025-11-26,132,Inverted Finisher,REWARDS,85,,,RW,,0,,true,true,inferred,https://www.futbin.com/26/evolutions/132/inverted-finisher
2025-11-26,133,CAM Classic 10++,REWARDS,87,,,CAM,,0,,true,true,inferred,https://www.futbin.com/26/evolutions/133/cam-classic-10
2025-11-26,134,Touchline Maestro,REWARDS,85,,,RM,,0,,true,true,inferred,https://www.futbin.com/26/evolutions/134/touchline-maestro
2025-11-26,135,Il Catenaccio - Season 3 Lvl 7,REWARDS,85,,,,,0,,true,true,inferred,https://www.futbin.com/26/evolutions/135/il-catenaccio-season-3-lvl-7
2025-11-26,136,Intercept - Season 3 Lvl 7,REWARDS,85,,,,,0,,true,true,inferred,https://www.futbin.com/26/evolutions/136/intercept-season-3-lvl-7
2025-11-26,137,Il Divin Codino - Season 3 (P) Lvl 9,REWARDS,86,,,,,0,,true,true,inferred,https://www.futbin.com/26/evolutions/137/il-divin-codino-season-3-p-lvl-9
2025-11-26,138,First Touch - Season 3 (P) Lvl 9,REWARDS,86,,,,,0,,true,true,inferred,https://www.futbin.com/26/evolutions/138/first-touch-season-3-p-lvl-9
2025-11-27,140,Enforcer - Season 3 Lvl 20,REWARDS,85,,,,,0,,true,true,inferred,https://www.futbin.com/26/evolutions/140/enforcer-season-3-lvl-20
2025-11-27,141,Aerial Fortress - Season 3 Lvl 20,REWARDS,85,,,,,0,,true,true,inferred,https://www.futbin.com/26/evolutions/141/aerial-fortress-season-3-lvl-20
2025-11-27,142,CAM Roles Upgrade - Season 3 (P) Lvl 20,REWARDS,,,,CAM,,0,,true,true,inferred,https://www.futbin.com/26/evolutions/142/cam-roles-upgrade-season-3-p-lvl-20
2025-11-27,143,Incisive Pass - Season 3 (P) Lvl 23,REWARDS,86,,,,,0,,true,true,inferred,https://www.futbin.com/26/evolutions/143/incisive-pass-season-3-p-lvl-23
2025-11-27,144,Trickster - Season 3 (P) Lvl 23,REWARDS,86,,,,,0,,true,true,inferred,https://www.futbin.com/26/evolutions/144/trickster-season-3-p-lvl-23
2025-11-27,145,LB Roles Upgrade - Season 3 Lvl 26,REWARDS,,,,LB,,0,,true,true,inferred,https://www.futbin.com/26/evolutions/145/lb-roles-upgrade-season-3-lvl-26
2025-11-27,146,Relentless - Season 3 Lvl 26,REWARDS,85,,,,,0,,true,true,inferred,https://www.futbin.com/26/evolutions/146/relentless-season-3-lvl-26
2025-11-27,147,CDM Roles Upgrade - Season 3 (P) Lvl 26,REWARDS,,,,CDM,,0,,true,true,inferred,https://www.futbin.com/26/evolutions/147/cdm-roles-upgrade-season-3-p-lvl-26
2025-11-27,148,CM Roles Upgrade - Season 3 (P) Lvl 26,REWARDS,,,,CM,,0,,true,true,inferred,https://www.futbin.com/26/evolutions/148/cm-roles-upgrade-season-3-p-lvl-26
2025-11-27,149,Jockey+ - Season 3 lvl 35,REWARDS,86,,,,,1,Jockey,true,true,inferred,https://www.futbin.com/26/evolutions/149/jockey-season-3-lvl-35
2025-11-27,150,Low Driven Shot+ - Season 3 (P) lvl 35,REWARDS,87,,,,,1,Low Driven Shot,true,true,inferred,https://www.futbin.com/26/evolutions/150/low-driven-shot-season-3-p-lvl-35
2025-11-27,151,Perfectionist - Season 3 (P) lvl 33,REWARDS,86,,87,,Not Rarity: World Tour Silver Stars,0,,true,true,inferred,https://www.futbin.com/26/evolutions/151/perfectionist-season-3-p-lvl-33
2025-11-27,152,Speed Surge,FLASH,85,,,,Not Rarity: World Tour Silver Stars,0,,true,true,exact,https://www.futbin.com/26/evolutions/152/speed-surge
2025-11-27,153,Hit the Weights,FLASH,85,,,,Not Rarity: World Tour Silver Stars,0,,true,true,exact,https://www.futbin.com/26/evolutions/153/hit-the-weights
2025-11-27,154,Locked In,FLASH,85,,,,Not Rarity: World Tour Silver Stars,0,,true,true,exact,https://www.futbin.com/26/evolutions/154/locked-in
2025-11-28,155,Target Practice,FLASH,85,,,,Not Rarity: World Tour Silver Stars,0,,true,true,exact,https://www.futbin.com/26/evolutions/155/target-practice
2025-11-28,156,Ball Movement,FLASH,85,,,,Not Rarity: World Tour Silver Stars,0,,true,true,exact,https://www.futbin.com/26/evolutions/156/ball-movement
2025-11-28,157,Elite Control,FLASH,85,,,,Not Rarity: World Tour Silver Stars,0,,true,true,exact,https://www.futbin.com/26/evolutions/157/elite-control
2025-11-28,158,Song of Touré,EVOLUTIONS,85,,87,CDM,Not Rarity: World Tour Silver Stars,1,Incisive Pass,,true,exact,https://www.futbin.com/26/evolutions/158/song-of-toure
2025-11-29,159,Intercept+,REWARDS,85,,,,,1,Intercept,true,true,inferred,https://www.futbin.com/26/evolutions/159/intercept
2025-11-29,160,WF + SM Upgrade,EVOLUTIONS,84,,,,,0,,true,3,exact,https://www.futbin.com/26/evolutions/160/wf--sm-upgrade
2025-11-29,161,Thunderstruck,COSMETICS,,,,,Not Rarity: World Tour Silver Stars,0,,,2,exact,https://www.futbin.com/26/evolutions/161/thunderstruck
2025-11-30,162,Magician of the Right,EVOLUTIONS,85,,87,RW,Not Rarity: World Tour Silver Stars,1,Rapid,,true,exact,https://www.futbin.com/26/evolutions/162/magician-of-the-right
2025-12-01,163,Between the Sticks,EVOLUTIONS,84,,,GK,,1,Far Reach,true,4,exact,https://www.futbin.com/26/evolutions/163/between-the-sticks
2025-12-02,164,Bend it Like,REWARDS,85,,,,,1,Dead Ball,true,true,inferred,https://www.futbin.com/26/evolutions/164/bend-it-like
2025-12-03,165,Airborne,EVOLUTIONS,84,,,,,0,,true,2,exact,https://www.futbin.com/26/evolutions/165/airborne
2025-12-05,166,The Wizard,EVOLUTIONS,85,,87,LW,Not Rarity: World Tour Silver Stars,1,Quick Step,,true,exact,https://www.futbin.com/26/evolutions/166/the-wizard
2025-12-06,167,Tricks and Flicks,EVOLUTIONS,84,,,,,1,Trickster,true,true,inferred,https://www.futbin.com/26/evolutions/167/tricks-and-flicks
2025-12-06,168,Chance Creator,EVOLUTIONS,85,,,,,1,Long Ball Pass,,true,exact,https://www.futbin.com/26/evolutions/168/chance-creator
2025-12-06,169,Joga Bonito,COSMETICS,,,,,Not Rarity: World Tour Silver Stars,0,,,2,exact,https://www.futbin.com/26/evolutions/169/joga-bonito
2025-12-07,170,Skill Moves Master,REWARDS,85,,,,,0,,true,true,inferred,https://www.futbin.com/26/evolutions/170/skill-moves-master
2025-12-07,171,Silver Skiller,EVOLUTIONS,74,,74,,Not Rarity: World Tour Silver Stars,1,Trickster,true,true,exact,https://www.futbin.com/26/evolutions/171/silver-skiller
2025-12-07,172,Brazil Silver Skiller,REWARDS,74,,74,,Not Rarity: World Tour Silver Stars,1,Trickster,true,true,inferred,https://www.futbin.com/26/evolutions/172/brazil-silver-skiller
2025-12-08,173,Shadow Striker++,REWARDS,86,,,CAM,,0,,true,true,inferred,https://www.futbin.com/26/evolutions/173/shadow-striker
2025-12-08,174,Positional Excellence,REWARDS,,,,,Not Rarity: World Tour Silver Stars,0,,true,true,inferred,https://www.futbin.com/26/evolutions/174/positional-excellence
2025-12-09,175,First Touch+,REWARDS,84,,,,,1,First Touch,true,true,inferred,https://www.futbin.com/26/evolutions/175/first-touch
2025-12-09,176,The Controller,EVOLUTIONS,85,,,,,1,Tiki Taka,,true,exact,https://www.futbin.com/26/evolutions/176/the-controller
2025-12-10,177,Keep Composed,EVOLUTIONS,85,,,,,1,Press Proven,,true,exact,https://www.futbin.com/26/evolutions/177/keep-composed
2025-12-11,178,Shots Fired,EVOLUTIONS,84,,,,,0,,true,2,exact,https://www.futbin.com/26/evolutions/178/shots-fired
2025-12-12,179,Wake Up,EVOLUTIONS,85,,,,,0,,,2,exact,https://www.futbin.com/26/evolutions/179/wake-up
2025-12-12,180,The Little Magician,EVOLUTIONS,85,,87,CAM or CM,Not Rarity: World Tour Silver Stars,1,Tiki Taka,,true,exact,https://www.futbin.com/26/evolutions/180/the-little-magician
2025-12-13,181,Athlete Lab,EVOLUTIONS,84,,,,,0,,true,2,exact,https://www.futbin.com/26/evolutions/181/athlete-lab
2025-12-13,182,Cornerstones,COSMETICS,,,,,Not Rarity: World Tour Silver Stars,0,,,2,exact,https://www.futbin.com/26/evolutions/182/cornerstones
2025-12-13,183,FOF: Captains,COSMETICS,,,,,Not Rarity: World Tour Silver Stars,0,,,2,exact,https://www.futbin.com/26/evolutions/183/fof-captains
2025-12-13,184,Brute Finisher,REWARDS,85,,,,,0,,true,true,inferred,https://www.futbin.com/26/evolutions/184/brute-finisher
2025-12-13,185,Pumping Iron,REWARDS,85,,,,,0,,true,true,inferred,https://www.futbin.com/26/evolutions/185/pumping-iron
2025-12-14,186,Fast Feet,REWARDS,85,,,,,0,,true,true,inferred,https://www.futbin.com/26/evolutions/186/fast-feet
2025-12-14,187,"Work hard, Pass Hard",REWARDS,85,,,,,0,,true,true,inferred,https://www.futbin.com/26/evolutions/187/work-hard-pass-hard
2025-12-14,188,Keep Good Kompany,EVOLUTIONS,84,,86,CB,Not Rarity: World Tour Silver Stars,1,Block,true,true,exact,https://www.futbin.com/26/evolutions/188/keep-good-kompany
2025-12-15,189,Enforcer,REWARDS,85,,,,,0,,true,true,inferred,https://www.futbin.com/26/evolutions/189/enforcer
2025-12-15,190,Technical+,REWARDS,85,,,,,1,Technical,true,true,inferred,https://www.futbin.com/26/evolutions/190/technical
2025-12-16,191,Advanced Forward++,REWARDS,87,,,ST,,0,,true,true,inferred,https://www.futbin.com/26/evolutions/191/advanced-forward
2025-12-17,192,Sticky Shoes,REWARDS,85,,,,,0,,true,true,inferred,https://www.futbin.com/26/evolutions/192/sticky-shoes
2025-12-17,193,Package Delivery,EVOLUTIONS,84,,,,,0,,true,2,inferred,https://www.futbin.com/26/evolutions/193/package-delivery
2025-12-18,194,The Bandit,EVOLUTIONS,85,,,,,1,Anticipate,,2,exact,https://www.futbin.com/26/evolutions/194/the-bandit
2025-12-18,195,Thunder It In,EVOLUTIONS,84,,,,,0,,true,2,exact,https://www.futbin.com/26/evolutions/195/thunder-it-in
2025-12-18,196,Left Sided Attacker,EVOLUTIONS,84,,,LM or LW,,0,,true,true,exact,https://www.futbin.com/26/evolutions/196/left-sided-attacker
2025-12-18,197,Right Sided Attacker,EVOLUTIONS,84,,,RM or RW,,0,,true,true,exact,https://www.futbin.com/26/evolutions/197/right-sided-attacker
2025-12-19,198,Frostbite Finisher,EVOLUTIONS,86,,88,ST,Not Rarity: World Tour Silver Stars,1,Low Driven Shot,,true,inferred,https://www.futbin.com/26/evolutions/198/frostbite-finisher
2025-12-19,199,GK Roles++,ROLES,87,,,GK,,0,,,3,exact,https://www.futbin.com/26/evolutions/199/gk-roles
2025-12-19,200,LB Roles++,ROLES,87,,,LB,,0,,,3,exact,https://www.futbin.com/26/evolutions/200/lb-roles
2025-12-19,201,RB Roles++,ROLES,87,,,RB,,0,,,3,exact,https://www.futbin.com/26/evolutions/201/rb-roles
2025-12-19,202,CB Roles++,ROLES,87,,,CB,,0,,,3,exact,https://www.futbin.com/26/evolutions/202/cb-roles
2025-12-19,203,CDM Roles++,ROLES,87,,,CDM,,0,,,3,exact,https://www.futbin.com/26/evolutions/203/cdm-roles
2025-12-19,204,Winter Wildcards Red Icon,COSMETICS,,,,,Not Rarity: World Tour Silver Stars,0,,,2,exact,https://www.futbin.com/26/evolutions/204/winter-wildcards-red-icon
2025-12-19,205,Left Protector,REWARDS,86,,,LM,,0,,true,true,inferred,https://www.futbin.com/26/evolutions/205/left-protector
2025-12-19,206,RW Winger++,REWARDS,87,,,RW,,0,,true,true,inferred,https://www.futbin.com/26/evolutions/206/rw-winger
2025-12-20,207,Enforcer,REWARDS,85,,,,,0,,true,true,inferred,https://www.futbin.com/26/evolutions/207/enforcer
2025-12-20,208,Technical+,REWARDS,85,,,,,1,Technical,true,true,inferred,https://www.futbin.com/26/evolutions/208/technical
2025-12-20,209,Passing Perfectionist,EVOLUTIONS,86,,,,,1,Incisive Pass,,2,exact,https://www.futbin.com/26/evolutions/209/passing-perfectionist
2025-12-20,210,Stay Frosty,EVOLUTIONS,85,,,,,1,Rapid,true,2,exact,https://www.futbin.com/26/evolutions/210/stay-frosty
2025-12-21,211,Chilling Wingback,EVOLUTIONS,86,,88,LB,Not Rarity: World Tour Silver Stars,1,Jockey,,true,exact,https://www.futbin.com/26/evolutions/211/chilling-wingback
2025-12-22,212,CDM Holding++,REWARDS,87,,,CDM,,0,,true,true,inferred,https://www.futbin.com/26/evolutions/212/cdm-holding
2025-12-22,213,Relentless+,REWARDS,87,,,,,1,Relentless,true,true,inferred,https://www.futbin.com/26/evolutions/213/relentless
2025-12-23,214,Attacking Freeze,EVOLUTIONS,85,,,,,1,Bruiser,true,2,exact,https://www.futbin.com/26/evolutions/214/attacking-freeze
2025-12-24,215,Icy Precision,EVOLUTIONS,85,,,,,0,,true,2,exact,https://www.futbin.com/26/evolutions/215/icy-precision
2025-12-24,221,Architect,REWARDS,86,,,,,0,,true,true,inferred,https://www.futbin.com/26/evolutions/221/architect
2025-12-24,228,Read and React - Season 4 (p) Lvl 10,REWARDS,87,,,,,0,,true,2,inferred,https://www.futbin.com/26/evolutions/228/read-and-react-season-4-p-lvl-10
2025-12-24,229,Brute Defense - Season 4 Lvl 20,REWARDS,86,,,,,0,,true,2,inferred,https://www.futbin.com/26/evolutions/229/brute-defense-season-4-lvl-20
2025-12-25,230,Proper Passer,REWARDS,86,,,,,0,,true,2,inferred,https://www.futbin.com/26/evolutions/230/proper-passer
2025-12-25,231,Grasscutter - Season 4 (p) Lvl 20,REWARDS,87,,,,,0,,true,true,inferred,https://www.futbin.com/26/evolutions/231/grasscutter-season-4-p-lvl-20
2025-12-25,232,Right Side Trickster - Season 4 Lvl 26,REWARDS,87,,,RM,,0,,true,true,inferred,https://www.futbin.com/26/evolutions/232/right-side-trickster-season-4-lvl-26
2025-12-25,236,Left Side Trickster - Season 4 Lvl 26,REWARDS,87,,,LM,,0,,true,true,inferred,https://www.futbin.com/26/evolutions/236/left-side-trickster-season-4-lvl-26
2025-12-25,237,RW Roles++ - Season 4 (p) Lvl 26,REWARDS,88,,,RW,,0,,true,true,inferred,https://www.futbin.com/26/evolutions/237/rw-roles-season-4-p-lvl-26
2025-12-25,238,LW Roles++ - Season 4 (p) Lvl 26,REWARDS,88,,,LW,,0,,true,true,inferred,https://www.futbin.com/26/evolutions/238/lw-roles-season-4-p-lvl-26
2025-12-25,242,Technical+,REWARDS,87,,,,,1,Technical,true,true,inferred,https://www.futbin.com/26/evolutions/242/technical
2025-12-25,243,Get a Move On! Season 4 (p) Lvl 34,REWARDS,87,,,,,0,,true,true,inferred,https://www.futbin.com/26/evolutions/243/get-a-move-on-season-4-p-lvl-34
2025-12-25,244,Finesse Shot+ - Season 4 (p) Lvl 36,REWARDS,88,,,,,1,Finesse Shot,true,true,inferred,https://www.futbin.com/26/evolutions/244/finesse-shot-season-4-p-lvl-36
2025-12-25,245,Snow Shadow,EVOLUTIONS,86,,88,CDM or CM,Not Rarity: World Tour Silver Stars,1,Bruiser,,true,exact,https://www.futbin.com/26/evolutions/245/snow-shadow
2025-12-25,246,Ball on a string - Season 4 (p) Lvl 33,REWARDS,87,,89,,Not Rarity: World Tour Silver Stars,1,Incisive Pass,true,true,inferred,https://www.futbin.com/26/evolutions/246/ball-on-a-string-season-4-p-lvl-33
2025-12-26,247,Stopped in its Tracks - Season 4 (p) Lvl 23,REWARDS,87,,,,,0,,true,true,inferred,https://www.futbin.com/26/evolutions/247/stopped-in-its-tracks-season-4-p-lvl-23
2025-12-26,248,Winter Wall,EVOLUTIONS,86,,88,CB,Not Rarity: World Tour Silver Stars,1,Aerial Fortress,,true,exact,https://www.futbin.com/26/evolutions/248/winter-wall
2025-12-26,249,CM Roles++,ROLES,87,,,CM,,0,,,3,exact,https://www.futbin.com/26/evolutions/249/cm-roles
2025-12-26,250,CAM Roles++,ROLES,87,,,CAM,,0,,,3,exact,https://www.futbin.com/26/evolutions/250/cam-roles
2025-12-26,251,LW Roles++,ROLES,87,,,LW,,0,,,3,exact,https://www.futbin.com/26/evolutions/251/lw-roles
2025-12-26,252,RW Roles++,ROLES,87,,,RW,,0,,,3,exact,https://www.futbin.com/26/evolutions/252/rw-roles
2025-12-26,253,ST Roles++,ROLES,87,,,ST,,0,,,3,exact,https://www.futbin.com/26/evolutions/253/st-roles
2025-12-27,254,Frosty Dribbler,EVOLUTIONS,86,,,,,1,Technical,,2,exact,https://www.futbin.com/26/evolutions/254/frosty-dribbler
2025-12-27,255,Leading the Line,EVOLUTIONS,85,,,,,0,,true,true,exact,https://www.futbin.com/26/evolutions/255/leading-the-line
2025-12-28,256,Glacial Creator,EVOLUTIONS,86,,88,RM,Not Rarity: World Tour Silver Stars,1,Incisive Pass,,true,exact,https://www.futbin.com/26/evolutions/256/glacial-creator
2025-12-30,257,Balancing Act,EVOLUTIONS,85,,,,,0,,true,30,exact,https://www.futbin.com/26/evolutions/257/balancing-act
2025-12-31,258,I Can See You,EVOLUTIONS,85,,,,,0,,true,30,exact,https://www.futbin.com/26/evolutions/258/i-can-see-you
2026-01-01,259,New Year Overdrive,EVOLUTIONS,85,,87,RB,Not Rarity: World Tour Silver Stars,1,Quick Step,true,true,exact,https://www.futbin.com/26/evolutions/259/new-year-overdrive
2026-01-02,260,Plenty of time Left,EVOLUTIONS,86,,88,LM,Not Rarity: World Tour Silver Stars,1,Technical,,true,exact,https://www.futbin.com/26/evolutions/260/plenty-of-time-left
2026-01-03,261,Fresh Legs,EVOLUTIONS,86,,,,,0,,,4,exact,https://www.futbin.com/26/evolutions/261/fresh-legs
2026-01-03,262,Time Warp,COSMETICS,,,,,Not Rarity: World Tour Silver Stars,0,,,2,exact,https://www.futbin.com/26/evolutions/262/time-warp
2026-01-04,263,Silver Passer,REWARDS,74,,74,,,0,,true,true,inferred,https://www.futbin.com/26/evolutions/263/silver-passer
2026-01-04,264,Peak Endurance,EVOLUTIONS,85,,,,,0,,true,41,exact,https://www.futbin.com/26/evolutions/264/peak-endurance
2026-01-05,265,Timeless Talent,REWARDS,74,,74,,,0,,true,true,inferred,https://www.futbin.com/26/evolutions/265/timeless-talent
2026-01-05,266,Progressing Along,EVOLUTIONS,64,,74,,,0,,true,true,inferred,https://www.futbin.com/26/evolutions/266/progressing-along
2026-01-06,267,Time Traveler,TRAINING CAMP,86,,,,,0,,,true,exact,https://www.futbin.com/26/evolutions/267/time-traveler
2026-01-08,271,Out Wide,REWARDS,86,,,LW,,0,,true,true,inferred,https://www.futbin.com/26/evolutions/271/out-wide
2026-01-08,272,Fountain of Youth,EVOLUTIONS,85,,86,,Not Rarity: World Tour Silver Stars,1,Relentless,true,2,exact,https://www.futbin.com/26/evolutions/272/fountain-of-youth
2026-01-09,273,Helping Hand,EVOLUTIONS,85,,,LB or RB,,0,,true,2,exact,https://www.futbin.com/26/evolutions/273/helping-hand
2026-01-10,274,Net Results,EVOLUTIONS,85,,86,GK,Not Rarity: World Tour Silver Stars,0,,true,true,exact,https://www.futbin.com/26/evolutions/274/net-results
2026-01-11,275,Time Warp Icon,COSMETICS,,,,,Not Rarity: World Tour Silver Stars,0,,,2,inferred,https://www.futbin.com/26/evolutions/275/time-warp-icon
2026-01-12,276,Just Passing By,EVOLUTIONS,85,,,,,0,,true,2,exact,https://www.futbin.com/26/evolutions/276/just-passing-by
2026-01-13,277,Warming Up,EVOLUTIONS,86,,,,Not Rarity: World Tour Silver Stars,0,,,2,exact,https://www.futbin.com/26/evolutions/277/warming-up
2026-01-13,278,Jockey,REWARDS,86,,,,,0,,true,true,inferred,https://www.futbin.com/26/evolutions/278/jockey
2026-01-13,279,Intercept,REWARDS,86,,,,,0,,true,true,inferred,https://www.futbin.com/26/evolutions/279/intercept
2026-01-13,280,Deflector+,REWARDS,86,,,GK,,1,Deflector,true,true,inferred,https://www.futbin.com/26/evolutions/280/deflector
2026-01-14,284,Pinged and Incisive Pass,REWARDS,86,,,,,0,,true,true,inferred,https://www.futbin.com/26/evolutions/284/pinged-and-incisive-pass
2026-01-14,285,Repair Time,EVOLUTIONS,85,,,,Not Rarity: World Tour Silver Stars,0,,true,31,exact,https://www.futbin.com/26/evolutions/285/repair-time
2026-01-14,286,The Wizard,REWARDS,85,,87,LW,Not Rarity: World Tour Silver Stars,1,Quick Step,,true,inferred,https://www.futbin.com/26/evolutions/286/the-wizard
2026-01-15,290,Gamechanger,REWARDS,86,,,,,0,,true,true,inferred,https://www.futbin.com/26/evolutions/290/gamechanger
2026-01-16,291,Low Driven Shot,REWARDS,86,,,,,0,,true,true,inferred,https://www.futbin.com/26/evolutions/291/low-driven-shot
2026-01-16,292,New Boots,EVOLUTIONS,85,,,,Not Rarity: World Tour Silver Stars,0,,true,2,exact,https://www.futbin.com/26/evolutions/292/new-boots
2026-01-16,293,Build your TOTY HM EVO,BUILD YOUR TOTY HM,86,,87,CAM or CM or CDM,Not Rarity: World Tour Silver Stars,0,,true,true,exact,https://www.futbin.com/26/evolutions/293/build-your-toty-hm-evo
2026-01-16,294,TOTY HM CM Builder,BUILD YOUR TOTY HM,87,,89,CM,Rarity: TOTY Evolution,1,Tiki Taka,true,true,exact,https://www.futbin.com/26/evolutions/294/toty-hm-cm-builder
2026-01-16,295,TOTY HM CDM Builder,BUILD YOUR TOTY HM,87,,89,CDM,Rarity: TOTY Evolution,1,Anticipate,true,true,exact,https://www.futbin.com/26/evolutions/295/toty-hm-cdm-builder
2026-01-16,296,TOTY HM CAM Builder,BUILD YOUR TOTY HM,87,,89,CAM,Rarity: TOTY Evolution,1,Finesse Shot,true,true,exact,https://www.futbin.com/26/evolutions/296/toty-hm-cam-builder
2026-01-16,298,Quick Step,REWARDS,86,,,,Not Rarity: World Tour Silver Stars,0,,true,true,inferred,https://www.futbin.com/26/evolutions/298/quick-step
2026-01-16,299,Positional Excellence,REWARDS,,,,,Not Rarity: World Tour Silver Stars,0,,true,true,inferred,https://www.futbin.com/26/evolutions/299/positional-excellence
2026-01-17,300,CB to CDM,REWARDS,86,,,CB,,0,,true,true,inferred,https://www.futbin.com/26/evolutions/300/cb-to-cdm
2026-01-17,301,LM/RM to CM,REWARDS,86,,,LM or RM,,0,,true,true,inferred,https://www.futbin.com/26/evolutions/301/lmrm-to-cm
2026-01-17,302,ST to CAM,REWARDS,86,,,ST,,0,,true,true,inferred,https://www.futbin.com/26/evolutions/302/st-to-cam
2026-01-17,303,Strike like Kylian,EVOLUTIONS,86,,88,ST,Not Rarity: World Tour Silver Stars,1,Quick Step,,true,exact,https://www.futbin.com/26/evolutions/303/strike-like-kylian
2026-01-18,304,Give & Go,EVOLUTIONS,85,,,,Not Rarity: World Tour Silver Stars,0,,true,2,exact,https://www.futbin.com/26/evolutions/304/give--go
2026-01-18,305,CB Roles++ & Intercept,REWARDS,86,,,CB,,0,,true,true,inferred,https://www.futbin.com/26/evolutions/305/cb-roles--intercept
2026-01-18,306,Tiki Taka+,REWARDS,86,,,,,1,Tiki Taka,true,true,inferred,https://www.futbin.com/26/evolutions/306/tiki-taka
2026-01-19,307,Second Wind,REWARDS,86,,,,Not Rarity: World Tour Silver Stars,0,,true,true,inferred,https://www.futbin.com/26/evolutions/307/second-wind
2026-01-19,308,Defensive Instincts,REWARDS,86,,,,Not Rarity: World Tour Silver Stars,0,,true,true,inferred,https://www.futbin.com/26/evolutions/308/defensive-instincts
2026-01-19,309,Royal Winger,EVOLUTIONS,86,,88,LM or RM,Not Rarity: World Tour Silver Stars,1,Rapid,,true,exact,https://www.futbin.com/26/evolutions/309/royal-winger
2026-01-19,310,Far Reach,REWARDS,86,,,GK,Not Rarity: World Tour Silver Stars,0,,true,true,inferred,https://www.futbin.com/26/evolutions/310/far-reach
2026-01-20,311,Pinged Pass+,REWARDS,86,,,,Not Rarity: World Tour Silver Stars,1,Pinged Pass,true,true,inferred,https://www.futbin.com/26/evolutions/311/pinged-pass
2026-01-20,312,Ultimate Fullback,EVOLUTIONS,85,,,RB,Not Rarity: World Tour Silver Stars,0,,true,true,exact,https://www.futbin.com/26/evolutions/312/ultimate-fullback
2026-01-20,313,Ultimate Fullback,EVOLUTIONS,85,,,LB,Not Rarity: World Tour Silver Stars,0,,true,true,exact,https://www.futbin.com/26/evolutions/313/ultimate-fullback
2026-01-21,314,Block Party,EVOLUTIONS,85,,,,Not Rarity: World Tour Silver Stars,1,Block,true,true,exact,https://www.futbin.com/26/evolutions/314/block-party
2026-01-22,315,Golden Gloves,EVOLUTIONS,86,,87,GK,Not Rarity: World Tour Silver Stars,1,Footwork,,true,exact,https://www.futbin.com/26/evolutions/315/golden-gloves
2026-01-22,316,Defensive Instincts,REWARDS,86,,,,Not Rarity: World Tour Silver Stars,0,,true,true,inferred,https://www.futbin.com/26/evolutions/316/defensive-instincts
2026-01-23,317,Inside Edge,EVOLUTIONS,87,,90,RW,Not Rarity: World Tour Silver Stars,1,Finesse Shot,,true,inferred,https://www.futbin.com/26/evolutions/317/inside-edge
2026-01-23,318,Get Stuck In,EVOLUTIONS,86,,,,Not Rarity: World Tour Silver Stars,1,Bruiser,true,2,inferred,https://www.futbin.com/26/evolutions/318/get-stuck-in
2026-01-23,319,TOTY HM Press Proven+,BUILD YOUR TOTY HM,89,,,,Rarity: TOTY Evolution,1,Press Proven,true,true,exact,https://www.futbin.com/26/evolutions/319/toty-hm-press-proven
2026-01-23,320,TOTY HM First Touch+,BUILD YOUR TOTY HM,89,,,,Rarity: TOTY Evolution,1,First Touch,true,true,exact,https://www.futbin.com/26/evolutions/320/toty-hm-first-touch
2026-01-23,321,TOTY HM Long Ball Pass+,BUILD YOUR TOTY HM,89,,,,Rarity: TOTY Evolution,1,Long Ball Pass,true,true,exact,https://www.futbin.com/26/evolutions/321/toty-hm-long-ball-pass
2026-01-24,322,Swift Footwork,REWARDS,86,,,,Not Rarity: World Tour Silver Stars,0,,true,true,inferred,https://www.futbin.com/26/evolutions/322/swift-footwork
2026-01-24,323,Let me be Franck,EVOLUTIONS,87,,88,LW,Not Rarity: World Tour Silver Stars,1,Technical,,true,exact,https://www.futbin.com/26/evolutions/323/let-me-be-franck
2026-01-24,324,TOTY Icon,COSMETICS,,,,,Not Rarity: World Tour Silver Stars,0,,,2,exact,https://www.futbin.com/26/evolutions/324/toty-icon
2026-01-24,325,TOTY Honourable Mentions,COSMETICS,,,,,Not Rarity: World Tour Silver Stars,0,,,2,exact,https://www.futbin.com/26/evolutions/325/toty-honourable-mentions
2026-01-25,329,Pristine Control,REWARDS,86,,,,Not Rarity: World Tour Silver Stars,0,,true,true,inferred,https://www.futbin.com/26/evolutions/329/pristine-control
2026-01-25,330,Power Play,EVOLUTIONS,86,,,,Not Rarity: World Tour Silver Stars,1,Low Driven Shot,,2,exact,https://www.futbin.com/26/evolutions/330/power-play
2026-01-26,331,Get Low,REWARDS,86,,,,Not Rarity: World Tour Silver Stars,0,,true,true,inferred,https://www.futbin.com/26/evolutions/331/get-low
2026-01-26,332,The Crab Walk,EVOLUTIONS,86,,87,,Not Rarity: World Tour Silver Stars,1,Jockey,true,2,exact,https://www.futbin.com/26/evolutions/332/the-crab-walk
2026-01-27,333,Creative Director,EVOLUTIONS,86,,87,,Not Rarity: World Tour Silver Stars,1,Pinged Pass,true,2,exact,https://www.futbin.com/26/evolutions/333/creative-director
2026-01-28,334,Explode Into Space,REWARDS,86,,,,Not Rarity: World Tour Silver Stars,0,,true,true,inferred,https://www.futbin.com/26/evolutions/334/explode-into-space
2026-01-28,335,Line Breaker,EVOLUTIONS,86,,88,CM,Not Rarity: World Tour Silver Stars,1,Incisive Pass,true,true,exact,https://www.futbin.com/26/evolutions/335/line-breaker
2026-01-28,336,Sharpshooter - Season 5 Lvl 8,REWARDS,87,,,,Not Rarity: World Tour Silver Stars,0,,true,true,inferred,https://www.futbin.com/26/evolutions/336/sharpshooter-season-5-lvl-8
2026-01-28,339,Dribble Mastery - Season 5 Lvl 8,REWARDS,87,,,,Not Rarity: World Tour Silver Stars,0,,true,true,inferred,https://www.futbin.com/26/evolutions/339/dribble-mastery-season-5-lvl-8
2026-01-28,340,Burst Boost - Season 5 (p) Lvl 10,REWARDS,88,,,,Not Rarity: World Tour Silver Stars,0,,true,2,inferred,https://www.futbin.com/26/evolutions/340/burst-boost-season-5-p-lvl-10
2026-01-28,341,Wall in the Back - Season 5 (p) Lvl 13,REWARDS,88,,,,Not Rarity: World Tour Silver Stars,0,,true,2,inferred,https://www.futbin.com/26/evolutions/341/wall-in-the-back-season-5-p-lvl-13
2026-01-28,342,CAM Command - Season 5 (p) Lvl 18,REWARDS,89,,,CAM,Not Rarity: World Tour Silver Stars,0,,true,true,inferred,https://www.futbin.com/26/evolutions/342/cam-command-season-5-p-lvl-18
2026-01-29,343,Versatile Striker - Season 5 (p) Lvl 18,REWARDS,89,,,ST,Not Rarity: World Tour Silver Stars,0,,true,true,inferred,https://www.futbin.com/26/evolutions/343/versatile-striker-season-5-p-lvl-18
2026-01-29,344,Intercept Engine - Season 5 Lvl 21,REWARDS,88,,,CM,Not Rarity: World Tour Silver Stars,0,,true,true,inferred,https://www.futbin.com/26/evolutions/344/intercept-engine-season-5-lvl-21
2026-01-29,345,Precision Passer - Season 5 (p) Lvl 1,REWARDS,88,,,,Not Rarity: World Tour Silver Stars,0,,true,10,inferred,https://www.futbin.com/26/evolutions/345/precision-passer-season-5-p-lvl-1
2026-01-29,346,Relentless Shield - Season 5 Lvl 21,REWARDS,88,,,CDM,Not Rarity: World Tour Silver Stars,0,,true,true,inferred,https://www.futbin.com/26/evolutions/346/relentless-shield-season-5-lvl-21
2026-01-29,347,Bulking Season - Season 5 (p) Lvl 24,REWARDS,88,,,,Not Rarity: World Tour Silver Stars,0,,true,2,inferred,https://www.futbin.com/26/evolutions/347/bulking-season-season-5-p-lvl-24
2026-01-29,348,New Spark - Season 5 Lvl 28,REWARDS,88,,,,Not Rarity: World Tour Silver Stars,1,Rapid,true,true,inferred,https://www.futbin.com/26/evolutions/348/new-spark-season-5-lvl-28
2026-01-29,349,Anticipate+ - Season 5 (p) Lvl 28,REWARDS,89,,,,Not Rarity: World Tour Silver Stars,1,Anticipate,true,true,inferred,https://www.futbin.com/26/evolutions/349/anticipate-season-5-p-lvl-28
2026-01-29,350,In All Areas - Season 5 (p) Lvl 26,REWARDS,88,,90,,Not Rarity: World Tour Silver Stars,1,Quick Step,true,true,inferred,https://www.futbin.com/26/evolutions/350/in-all-areas-season-5-p-lvl-26
2026-01-29,351,The Tiki Tactician,EVOLUTIONS,87,,,,Not Rarity: World Tour Silver Stars,1,Tiki Taka,,true,exact,https://www.futbin.com/26/evolutions/351/the-tiki-tactician
2026-01-29,352,FS Academy Debut Attackers,FS ACADEMY,84,,86,,Rarity: Future Stars Academy Evo,0,,true,2,inferred,https://www.futbin.com/26/evolutions/352/fs-academy-debut-attackers
2026-01-30,353,FS Academy Debut Midfielders,FS ACADEMY,84,,86,,Rarity: Future Stars Academy Evo,0,,true,2,inferred,https://www.futbin.com/26/evolutions/353/fs-academy-debut-midfielders
2026-01-30,354,FS Academy Debut Defender,FS ACADEMY,84,,86,,Rarity: Future Stars Academy Evo,0,,true,2,inferred,https://www.futbin.com/26/evolutions/354/fs-academy-debut-defender
2026-01-30,355,LB Roles++,FS ACADEMY - ROLES,,,,LB,Rarity: Future Stars Academy Evo,0,,true,2,exact,https://www.futbin.com/26/evolutions/355/lb-roles
2026-01-30,356,CM Roles++,FS ACADEMY - ROLES,,,,CM,Rarity: Future Stars Academy Evo,0,,true,2,exact,https://www.futbin.com/26/evolutions/356/cm-roles
2026-01-30,357,RB Roles++,FS ACADEMY - ROLES,,,,RB,Rarity: Future Stars Academy Evo,0,,true,2,exact,https://www.futbin.com/26/evolutions/357/rb-roles
2026-01-30,358,CDM Roles++,FS ACADEMY - ROLES,,,,CDM,Rarity: Future Stars Academy Evo,0,,true,2,inferred,https://www.futbin.com/26/evolutions/358/cdm-roles
2026-01-30,359,CB Roles++,FS ACADEMY - ROLES,,,,CB,Rarity: Future Stars Academy Evo,0,,true,2,exact,https://www.futbin.com/26/evolutions/359/cb-roles
2026-01-30,360,LW Roles++,FS ACADEMY - ROLES,,,,LW,Rarity: Future Stars Academy Evo,0,,true,2,exact,https://www.futbin.com/26/evolutions/360/lw-roles
2026-01-30,361,LM Roles++,FS ACADEMY - ROLES,,,,LM,Rarity: Future Stars Academy Evo,0,,true,2,exact,https://www.futbin.com/26/evolutions/361/lm-roles
2026-01-30,362,ST Roles++,FS ACADEMY - ROLES,,,,ST,Rarity: Future Stars Academy Evo,0,,true,2,inferred,https://www.futbin.com/26/evolutions/362/st-roles
2026-01-30,363,CAM Roles++,FS ACADEMY - ROLES,,,,CAM,Rarity: Future Stars Academy Evo,0,,true,2,exact,https://www.futbin.com/26/evolutions/363/cam-roles
2026-01-30,364,RM Roles++,FS ACADEMY - ROLES,,,,RM,Rarity: Future Stars Academy Evo,0,,true,2,exact,https://www.futbin.com/26/evolutions/364/rm-roles
2026-01-30,365,RW Roles++,FS ACADEMY - ROLES,,,,RW,Rarity: Future Stars Academy Evo,0,,true,2,exact,https://www.futbin.com/26/evolutions/365/rw-roles
2026-01-30,366,FS Academy Contract,FS ACADEMY,84,,,,,0,,true,true,inferred,https://www.futbin.com/26/evolutions/366/fs-academy-contract
2026-01-30,370,Jockey,REWARDS,87,,,,,0,,true,true,inferred,https://www.futbin.com/26/evolutions/370/jockey
2026-01-30,371,Quick Step,REWARDS,87,,,,,0,,true,true,inferred,https://www.futbin.com/26/evolutions/371/quick-step
2026-01-30,372,Tiki Taka+,REWARDS,87,,,,,1,Tiki Taka,true,true,inferred,https://www.futbin.com/26/evolutions/372/tiki-taka
2026-01-30,373,Iconic Defender Glow Up,REWARDS,87,,88,RB or CB or LB,Not Rarity: World Tour Silver Stars,1,Intercept,true,true,inferred,https://www.futbin.com/26/evolutions/373/iconic-defender-glow-up
2026-01-30,374,Weak Foot Upgrade,FS ACADEMY,,,,,Rarity: Future Stars Academy Evo,0,,true,2,inferred,https://www.futbin.com/26/evolutions/374/weak-foot-upgrade
2026-01-30,375,Skill Moves Upgrade,FS ACADEMY,,,,,Rarity: Future Stars Academy Evo,0,,true,2,inferred,https://www.futbin.com/26/evolutions/375/skill-moves-upgrade
2026-01-30,376,CAM & Roles++,REWARDS,,,,,,0,,true,true,inferred,https://www.futbin.com/26/evolutions/376/cam--roles
2026-01-30,377,Iconic Attacker Glow Up,REWARDS,87,,90,ST or LW or RW,Not Rarity: World Tour Silver Stars,2,Low Driven Shot | Gamechanger,true,true,inferred,https://www.futbin.com/26/evolutions/377/iconic-attacker-glow-up
2026-01-30,378,Tiki Taka+,REWARDS,,,,,,1,Tiki Taka,true,true,inferred,https://www.futbin.com/26/evolutions/378/tiki-taka
2026-01-30,379,Trickster,FS ACADEMY,,,,,Rarity: Future Stars Academy Evo,0,,true,true,inferred,https://www.futbin.com/26/evolutions/379/trickster
2026-01-30,380,Tiki Taka,FS ACADEMY,,,,,Rarity: Future Stars Academy Evo,0,,true,true,inferred,https://www.futbin.com/26/evolutions/380/tiki-taka
2026-01-30,381,Gamechanger,FS ACADEMY,,,,,Rarity: Future Stars Academy Evo,0,,true,true,inferred,https://www.futbin.com/26/evolutions/381/gamechanger
2026-01-30,382,Bruiser,FS ACADEMY,,,,,Rarity: Future Stars Academy Evo,0,,true,true,inferred,https://www.futbin.com/26/evolutions/382/bruiser
2026-01-30,383,Low Driven,FS ACADEMY,,,,,Rarity: Future Stars Academy Evo,0,,true,true,inferred,https://www.futbin.com/26/evolutions/383/low-driven
2026-01-30,384,Aerial Fortress,FS ACADEMY,,,,,Rarity: Future Stars Academy Evo,0,,true,true,inferred,https://www.futbin.com/26/evolutions/384/aerial-fortress
2026-01-30,385,Whipped Pass,FS ACADEMY,,,,,Rarity: Future Stars Academy Evo,0,,true,true,inferred,https://www.futbin.com/26/evolutions/385/whipped-pass
2026-01-31,389,Slide Tackle,FS ACADEMY,,,,,Rarity: Future Stars Academy Evo,0,,true,true,inferred,https://www.futbin.com/26/evolutions/389/slide-tackle
2026-01-31,390,Dead Ball,FS ACADEMY,,,,,Rarity: Future Stars Academy Evo,0,,true,true,inferred,https://www.futbin.com/26/evolutions/390/dead-ball
2026-01-31,394,Relentless,FS ACADEMY,,,,,Rarity: Future Stars Academy Evo,0,,true,true,inferred,https://www.futbin.com/26/evolutions/394/relentless
2026-01-31,395,Precision Header,FS ACADEMY,,,,,Rarity: Future Stars Academy Evo,0,,true,true,inferred,https://www.futbin.com/26/evolutions/395/precision-header
2026-01-31,396,Chip Shot,FS ACADEMY,,,,,Rarity: Future Stars Academy Evo,0,,true,true,inferred,https://www.futbin.com/26/evolutions/396/chip-shot
2026-01-31,397,Acrobatic,EVOLUTIONS,,,,,Rarity: Future Stars Academy Evo,0,,true,true,inferred,https://www.futbin.com/26/evolutions/397/acrobatic
2026-01-31,398,Power Shot,FS ACADEMY,,,,,Rarity: Future Stars Academy Evo,0,,true,true,inferred,https://www.futbin.com/26/evolutions/398/power-shot
2026-01-31,399,Inventive,FS ACADEMY,,,,,Rarity: Future Stars Academy Evo,0,,true,true,inferred,https://www.futbin.com/26/evolutions/399/inventive
2026-01-31,400,Long Throw,FS ACADEMY,,,,,Rarity: Future Stars Academy Evo,0,,true,true,inferred,https://www.futbin.com/26/evolutions/400/long-throw
2026-01-31,401,Block,FS ACADEMY,,,,,Rarity: Future Stars Academy Evo,0,,true,true,inferred,https://www.futbin.com/26/evolutions/401/block
2026-01-31,403,Rapid+,FS ACADEMY,,,,,Rarity: Future Stars Academy Evo,1,Rapid,true,true,inferred,https://www.futbin.com/26/evolutions/403/rapid
2026-01-31,404,Quick Step+,FS ACADEMY,,,,,Rarity: Future Stars Academy Evo,1,Quick Step,true,true,inferred,https://www.futbin.com/26/evolutions/404/quick-step
2026-01-31,405,Incisive Pass+,FS ACADEMY,,,,,Rarity: Future Stars Academy Evo,1,Incisive Pass,true,true,inferred,https://www.futbin.com/26/evolutions/405/incisive-pass
2026-01-31,406,Intercept+,FS ACADEMY,,,,,Rarity: Future Stars Academy Evo,1,Intercept,true,true,inferred,https://www.futbin.com/26/evolutions/406/intercept
2026-01-31,410,Finesse Shot+,FS ACADEMY,,,,,Rarity: Future Stars Academy Evo,1,Finesse Shot,true,true,inferred,https://www.futbin.com/26/evolutions/410/finesse-shot
2026-01-31,411,Anticipate+,FS ACADEMY,,,,,Rarity: Future Stars Academy Evo,1,Anticipate,true,true,inferred,https://www.futbin.com/26/evolutions/411/anticipate
2026-01-31,412,Future No.1,EVOLUTIONS,87,,88,GK,,1,Rush Out,,true,exact,https://www.futbin.com/26/evolutions/412/future-no1
2026-02-01,413,Future Stars Academy RW/LW First XI,FS ACADEMY,86,,88,RW or LW,Rarity: Future Stars Academy Evo,0,,true,2,exact,https://www.futbin.com/26/evolutions/413/future-stars-academy-rwlw-first-xi
2026-02-01,414,Future Stars Academy LM/RM First XI,FS ACADEMY,86,,88,LM or RM,Rarity: Future Stars Academy Evo,0,,true,2,exact,https://www.futbin.com/26/evolutions/414/future-stars-academy-lmrm-first-xi
2026-02-01,415,Future Stars Academy CB First XI,FS ACADEMY,86,,88,CB,Rarity: Future Stars Academy Evo,0,,true,2,exact,https://www.futbin.com/26/evolutions/415/future-stars-academy-cb-first-xi
2026-02-01,416,Future Stars Academy CM/CDM First XI,FS ACADEMY,86,,88,CM or CDM,Rarity: Future Stars Academy Evo,0,,true,2,exact,https://www.futbin.com/26/evolutions/416/future-stars-academy-cmcdm-first-xi
2026-02-01,417,Future Stars Academy CM/CAM First XI,FS ACADEMY,86,,88,CM or CAM,Rarity: Future Stars Academy Evo,0,,true,2,exact,https://www.futbin.com/26/evolutions/417/future-stars-academy-cmcam-first-xi
2026-02-01,418,Future Stars Academy ST First XI,FS ACADEMY,86,,88,ST,Rarity: Future Stars Academy Evo,0,,true,2,exact,https://www.futbin.com/26/evolutions/418/future-stars-academy-st-first-xi
2026-02-01,419,FS Academy Club Legend Attackers,FS ACADEMY,88,,90,,Rarity: Future Stars Academy Evo,0,,true,2,exact,https://www.futbin.com/26/evolutions/419/fs-academy-club-legend-attackers
2026-02-01,420,FS Academy Club Legend Defenders,FS ACADEMY,88,,90,,Rarity: Future Stars Academy Evo,0,,true,2,exact,https://www.futbin.com/26/evolutions/420/fs-academy-club-legend-defenders
2026-02-01,421,FS Academy Club Legend Midfielders,FS ACADEMY,88,,90,,Rarity: Future Stars Academy Evo,0,,true,2,exact,https://www.futbin.com/26/evolutions/421/fs-academy-club-legend-midfielders
2026-02-01,422,Future Stars Academy LB/RB First XI,FS ACADEMY,86,,88,LB or RB,Rarity: Future Stars Academy Evo,0,,true,2,exact,https://www.futbin.com/26/evolutions/422/future-stars-academy-lbrb-first-xi
2026-02-01,423,Pinged Pass+,FS ACADEMY,88,,,,Rarity: Future Stars Academy Evo,1,Pinged Pass,true,true,inferred,https://www.futbin.com/26/evolutions/423/pinged-pass
2026-02-01,424,Technical+,FS ACADEMY,88,,,,Rarity: Future Stars Academy Evo,1,Technical,true,true,inferred,https://www.futbin.com/26/evolutions/424/technical
2026-02-01,425,First Touch+,FS ACADEMY,88,,,,Rarity: Future Stars Academy Evo,1,First Touch,true,true,inferred,https://www.futbin.com/26/evolutions/425/first-touch
2026-02-02,426,Jockey+,FS ACADEMY,88,,,,Rarity: Future Stars Academy Evo,1,Jockey,true,true,inferred,https://www.futbin.com/26/evolutions/426/jockey
2026-02-02,428,Press Proven+,FS ACADEMY,88,,,,Rarity: Future Stars Academy Evo,1,Press Proven,true,true,inferred,https://www.futbin.com/26/evolutions/428/press-proven
2026-02-02,429,Long Ball Pass+,FS ACADEMY,88,,,,Rarity: Future Stars Academy Evo,1,Long Ball Pass,true,true,inferred,https://www.futbin.com/26/evolutions/429/long-ball-pass
2026-02-02,430,Up in the Air,EVOLUTIONS,86,,87,,Not Rarity: World Tour Silver Stars,0,,true,true,exact,https://www.futbin.com/26/evolutions/430/up-in-the-air
2026-02-02,431,5* Weak Foot,FS ACADEMY,88,,,,Rarity: Future Stars Academy Evo,0,,true,true,inferred,https://www.futbin.com/26/evolutions/431/5-weak-foot
2026-02-03,436,Intercept,REWARDS,87,,,,Not Rarity: World Tour Silver Stars,0,,true,true,inferred,https://www.futbin.com/26/evolutions/436/intercept
2026-02-03,437,Rapid+,REWARDS,87,,,,Not Rarity: World Tour Silver Stars,1,Rapid,true,true,inferred,https://www.futbin.com/26/evolutions/437/rapid
2026-02-03,438,5* Skill Moves,FS ACADEMY,88,,,,Rarity: Future Stars Academy Evo,0,,true,true,inferred,https://www.futbin.com/26/evolutions/438/5-skill-moves
2026-02-03,439,Incisive Pass+,REWARDS,87,,,,Not Rarity: World Tour Silver Stars,1,Incisive Pass,true,true,inferred,https://www.futbin.com/26/evolutions/439/incisive-pass
2026-02-03,440,Agile Maestro,REWARDS,87,,,,Not Rarity: World Tour Silver Stars,0,,true,5,inferred,https://www.futbin.com/26/evolutions/440/agile-maestro
2026-02-03,441,Link-Up Boost,EVOLUTIONS,87,,88,,Not Rarity: World Tour Silver Stars,0,,,true,exact,https://www.futbin.com/26/evolutions/441/link-up-boost
2026-02-05,442,Technical Institute,EVOLUTIONS,86,,87,CB,Not Rarity: World Tour Silver Stars,0,,true,2,exact,https://www.futbin.com/26/evolutions/442/technical-institute
2026-02-06,443,Meeks Mode,EVOLUTIONS,87,,88,RB,Not Rarity: World Tour Silver Stars,1,Bruiser,,true,exact,https://www.futbin.com/26/evolutions/443/meeks-mode
2026-02-06,447,Anticipate,REWARDS,87,,,,Not Rarity: World Tour Silver Stars,0,,true,true,inferred,https://www.futbin.com/26/evolutions/447/anticipate
2026-02-07,448,Jockey+,REWARDS,87,,,,Not Rarity: World Tour Silver Stars,1,Jockey,true,true,inferred,https://www.futbin.com/26/evolutions/448/jockey
2026-02-07,449,5 Stars Skill Moves Upgrade,FS ACADEMY,88,,,,Rarity: Future Stars Academy Evo,0,,true,2,inferred,https://www.futbin.com/26/evolutions/449/5-stars-skill-moves-upgrade
2026-02-07,450,5 Stars Weak Foot Upgrade,FS ACADEMY,88,,,,Rarity: Future Stars Academy Evo,0,,true,2,inferred,https://www.futbin.com/26/evolutions/450/5-stars-weak-foot-upgrade
2026-02-07,451,Future Stars Academy II,FS ACADEMY,84,,,,Not Rarity: World Tour Silver Stars,0,,true,true,inferred,https://www.futbin.com/26/evolutions/451/future-stars-academy-ii
2026-02-07,452,Finesse Shot,REWARDS,87,,,,Not Rarity: World Tour Silver Stars,0,,true,true,inferred,https://www.futbin.com/26/evolutions/452/finesse-shot
2026-02-07,453,Hold & Play,EVOLUTIONS,86,,,,Not Rarity: World Tour Silver Stars,0,,true,2,exact,https://www.futbin.com/26/evolutions/453/hold--play
2026-02-07,454,Future Stars,COSMETICS,,,,,Not Rarity: World Tour Silver Stars,0,,,2,exact,https://www.futbin.com/26/evolutions/454/future-stars
2026-02-08,455,The Prince from Arenys,EVOLUTIONS,87,,88,CM,Not Rarity: World Tour Silver Stars,1,Incisive Pass,,true,exact,https://www.futbin.com/26/evolutions/455/the-prince-from-arenys
2026-02-09,456,Pinged Pass,REWARDS,87,,,,Not Rarity: World Tour Silver Stars,0,,true,true,inferred,https://www.futbin.com/26/evolutions/456/pinged-pass
2026-02-09,457,Make the Link,EVOLUTIONS,86,,,,Not Rarity: World Tour Silver Stars,0,,true,10,exact,https://www.futbin.com/26/evolutions/457/make-the-link
2026-02-10,458,The Duck,EVOLUTIONS,87,,88,ST or CAM,,1,Quick Step,true,true,exact,https://www.futbin.com/26/evolutions/458/the-duck
2026-02-11,459,Shove Off,EVOLUTIONS,86,,,,Not Rarity: World Tour Silver Stars,0,,true,2,exact,https://www.futbin.com/26/evolutions/459/shove-off
2026-02-12,460,That Ball is Mine,EVOLUTIONS,86,,,,Not Rarity: World Tour Silver Stars,1,Rapid,true,2,exact,https://www.futbin.com/26/evolutions/460/that-ball-is-mine
2026-02-13,461,Crowned Maestro,EVOLUTIONS,87,,89,CAM,Not Rarity: World Tour Silver Stars,2,Tiki Taka | Incisive Pass,,true,inferred,https://www.futbin.com/26/evolutions/461/crowned-maestro
2026-02-13,462,GK Roles++,ROLES,88,,,GK,,0,,,5,exact,https://www.futbin.com/26/evolutions/462/gk-roles
2026-02-13,463,LB Roles++,ROLES,88,,,LB,,0,,,5,exact,https://www.futbin.com/26/evolutions/463/lb-roles
2026-02-13,464,RB Roles++,ROLES,88,,,RB,,0,,,5,exact,https://www.futbin.com/26/evolutions/464/rb-roles
2026-02-13,465,CB Roles++,ROLES,88,,,CB,,0,,,5,exact,https://www.futbin.com/26/evolutions/465/cb-roles
2026-02-13,466,CDM Roles++,ROLES,88,,,CDM,,0,,,5,exact,https://www.futbin.com/26/evolutions/466/cdm-roles
2026-02-13,467,CM Roles++,ROLES,88,,,CM,,0,,,5,exact,https://www.futbin.com/26/evolutions/467/cm-roles
2026-02-13,468,LW Roles++,ROLES,88,,,LW,,0,,,5,exact,https://www.futbin.com/26/evolutions/468/lw-roles
2026-02-13,469,RW Roles++,ROLES,88,,,RW,,0,,,5,exact,https://www.futbin.com/26/evolutions/469/rw-roles
2026-02-13,470,ST Roles++,ROLES,88,,,ST,,0,,,5,exact,https://www.futbin.com/26/evolutions/470/st-roles
2026-02-13,471,LM Roles++,ROLES,88,,,LM,,0,,,5,exact,https://www.futbin.com/26/evolutions/471/lm-roles
2026-02-13,472,RM Roles++,ROLES,88,,,RM,,0,,,5,exact,https://www.futbin.com/26/evolutions/472/rm-roles
2026-02-13,473,CAM Roles++,ROLES,88,,,CAM,,0,,,5,exact,https://www.futbin.com/26/evolutions/473/cam-roles
2026-02-14,474,Get your Protein,EVOLUTIONS,87,,,,Not Rarity: World Tour Silver Stars,1,Quick Step,true,2,inferred,https://www.futbin.com/26/evolutions/474/get-your-protein
2026-02-14,475,Knockout Royalty,COSMETICS,,,,,Not Rarity: World Tour Silver Stars,0,,,2,exact,https://www.futbin.com/26/evolutions/475/knockout-royalty
2026-02-14,476,Knockout Royalty Icon,COSMETICS,,,,,Not Rarity: World Tour Silver Stars,0,,,2,exact,https://www.futbin.com/26/evolutions/476/knockout-royalty-icon
2026-02-14,477,Tiki Taka+,REWARDS,87,,,,Not Rarity: World Tour Silver Stars,1,Tiki Taka,true,true,inferred,https://www.futbin.com/26/evolutions/477/tiki-taka
2026-02-14,478,Block+,REWARDS,87,,,,Not Rarity: World Tour Silver Stars,1,Block,true,true,inferred,https://www.futbin.com/26/evolutions/478/block
2026-02-14,479,Bruiser+,REWARDS,87,,,,Not Rarity: World Tour Silver Stars,1,Bruiser,true,true,inferred,https://www.futbin.com/26/evolutions/479/bruiser
2026-02-15,480,Complete Fnisher,REWARDS,87,,,ST,Not Rarity: World Tour Silver Stars,0,,true,true,inferred,https://www.futbin.com/26/evolutions/480/complete-fnisher
2026-02-15,481,Positional Excellence,REWARDS,,,,,Not Rarity: World Tour Silver Stars,0,,true,true,inferred,https://www.futbin.com/26/evolutions/481/positional-excellence
2026-02-15,482,Inside Edge,REWARDS,87,,90,RW,Not Rarity: World Tour Silver Stars,1,Finesse Shot,true,true,inferred,https://www.futbin.com/26/evolutions/482/inside-edge
2026-02-15,483,The Invisible Wall,EVOLUTIONS,87,,88,CM or CDM,Not Rarity: World Tour Silver Stars,1,Anticipate,,true,exact,https://www.futbin.com/26/evolutions/483/the-invisible-wall
2026-02-16,484,Box Guardian,REWARDS,87,,,CDM,Not Rarity: World Tour Silver Stars,0,,true,true,inferred,https://www.futbin.com/26/evolutions/484/box-guardian
2026-02-16,485,Footwork+,REWARDS,87,,,GK,Not Rarity: World Tour Silver Stars,1,Footwork,true,true,inferred,https://www.futbin.com/26/evolutions/485/footwork
2026-02-17,486,Just Shoot,EVOLUTIONS,86,,,,Not Rarity: World Tour Silver Stars,0,,true,26,exact,https://www.futbin.com/26/evolutions/486/just-shoot
2026-02-18,487,Refined Flank Runner,EVOLUTIONS,86,,,,Not Rarity: World Tour Silver Stars,1,Technical,true,2,exact,https://www.futbin.com/26/evolutions/487/refined-flank-runner
2026-02-19,488,Mindset Training,EVOLUTIONS,86,,87,,Not Rarity: World Tour Silver Stars,1,Press Proven,true,2,exact,https://www.futbin.com/26/evolutions/488/mindset-training
2026-02-20,489,Fantasy FC Path,EVOLUTIONS,87,,88,ST,Not Rarity: World Tour Silver Stars,1,Low Driven Shot,,true,exact,https://www.futbin.com/26/evolutions/489/fantasy-fc-path
2026-02-20,490,Running Workout,EVOLUTIONS,86,,,,Not Rarity: World Tour Silver Stars,0,,true,10,exact,https://www.futbin.com/26/evolutions/490/running-workout
2026-02-21,491,Fantasy Staple,EVOLUTIONS,86,,87,RM,Not Rarity: World Tour Silver Stars,1,Rapid,true,2,exact,https://www.futbin.com/26/evolutions/491/fantasy-staple
2026-02-21,492,Fantasy FC,COSMETICS,,,,,Not Rarity: World Tour Silver Stars,0,,,2,exact,https://www.futbin.com/26/evolutions/492/fantasy-fc
2026-02-22,493,Bronze Glow Up,EVOLUTIONS,64,,84,,,0,,,2,exact,https://www.futbin.com/26/evolutions/493/bronze-glow-up
2026-02-22,494,Climb The Ladder,REWARDS,87,,,,Not Rarity: World Tour Silver Stars,1,Aerial Fortress,true,true,inferred,https://www.futbin.com/26/evolutions/494/climb-the-ladder
2026-02-23,495,Passing Pro,REWARDS,87,,,,Not Rarity: World Tour Silver Stars,1,Pinged Pass,true,true,inferred,https://www.futbin.com/26/evolutions/495/passing-pro
2026-02-23,496,Instant Impact,REWARDS,87,,,,Not Rarity: World Tour Silver Stars,1,Finesse Shot,true,true,inferred,https://www.futbin.com/26/evolutions/496/instant-impact
2026-02-23,497,Going on an Adventure,EVOLUTIONS,86,,89,LB,Not Rarity: World Tour Silver Stars,1,Whipped Pass,true,true,exact,https://www.futbin.com/26/evolutions/497/going-on-an-adventure
2026-02-24,498,Fantasy Captain ICON,REWARDS,,,,,Not Rarity: World Tour Silver Stars,0,,true,true,inferred,https://www.futbin.com/26/evolutions/498/fantasy-captain-icon
2026-02-25,499,Calm & Collected,EVOLUTIONS,86,,,,Not Rarity: World Tour Silver Stars,0,,true,21,exact,https://www.futbin.com/26/evolutions/499/calm--collected
2026-02-26,500,Midfield Dynamo,EVOLUTIONS,87,,,CB,Not Rarity: World Tour Silver Stars,1,Anticipate,,true,exact,https://www.futbin.com/26/evolutions/500/midfield-dynamo
2026-02-27,501,Max Skills,EVOLUTIONS,87,,89,LM,Not Rarity: World Tour Silver Stars,2,Quick Step | Trickster,,true,exact,https://www.futbin.com/26/evolutions/501/max-skills
2026-02-27,502,Bench Boost,EVOLUTIONS,74,,74,,Not Rarity: World Tour Silver Stars,1,Precision Header,true,true,exact,https://www.futbin.com/26/evolutions/502/bench-boost
2026-02-27,503,Set Menu,REWARDS,87,,,,Not Rarity: World Tour Silver Stars,0,,true,true,inferred,https://www.futbin.com/26/evolutions/503/set-menu
2026-02-28,504,Inventive+,REWARDS,87,,,,Not Rarity: World Tour Silver Stars,1,Inventive,true,true,inferred,https://www.futbin.com/26/evolutions/504/inventive
2026-02-28,505,Fantasy Captain ICON,COSMETICS,,,,,Not Rarity: World Tour Silver Stars,0,,,2,exact,https://www.futbin.com/26/evolutions/505/fantasy-captain-icon
2026-03-01,506,Clinical Creator,TRAINING CAMP,87,,89,ST,Not Rarity: World Tour Silver Stars,2,Finesse Shot | Incisive Pass,,true,inferred,https://www.futbin.com/26/evolutions/506/clinical-creator
2026-03-01,507,Go Long,EVOLUTIONS,86,,87,GK,Not Rarity: World Tour Silver Stars,1,Far Throw,true,2,exact,https://www.futbin.com/26/evolutions/507/go-long
2026-03-02,508,Re-Enforced,EVOLUTIONS,86,,87,,Not Rarity: World Tour Silver Stars,1,Enforcer,true,2,exact,https://www.futbin.com/26/evolutions/508/re-enforced
2026-03-03,509,First Touch+,REWARDS,87,,,,Not Rarity: World Tour Silver Stars,1,First Touch,true,true,inferred,https://www.futbin.com/26/evolutions/509/first-touch
2026-03-03,510,Birthday Warmup,TRAINING CAMP,87,,,,Not Rarity: World Tour Silver Stars,0,,,true,exact,https://www.futbin.com/26/evolutions/510/birthday-warmup
2026-03-05,511,Thunder Strike,EVOLUTIONS,86,,,,Not Rarity: World Tour Silver Stars,0,,true,6,exact,https://www.futbin.com/26/evolutions/511/thunder-strike
2026-03-05,512,Trickster Boost,REWARDS,88,,,,Not Rarity: World Tour Silver Stars,0,,true,true,inferred,https://www.futbin.com/26/evolutions/512/trickster-boost
2026-03-05,513,Cake & Rash,EVOLUTIONS,89,,91,ST,Not Rarity: World Tour Silver Stars,2,Quick Step | Finesse Shot,,true,inferred,https://www.futbin.com/26/evolutions/513/cake--rash
2026-03-05,514,CB Level up,EVOLUTIONS,87,,88,CB,Not Rarity: World Tour Silver Stars,0,,true,2,inferred,https://www.futbin.com/26/evolutions/514/cb-level-up
2026-03-06,515,Relentless+,PREMIUM PS+ BAKERY,,,,,Rarity: FUT Birthday,1,Relentless,,Unlimited,inferred,https://www.futbin.com/26/evolutions/515/relentless
2026-03-06,516,Quick Step+,PREMIUM PS+ BAKERY,,,,,Rarity: FUT Birthday,1,Quick Step,,Unlimited,inferred,https://www.futbin.com/26/evolutions/516/quick-step
2026-03-06,517,Long Throw+,PREMIUM PS+ BAKERY,,,,,Rarity: FUT Birthday,1,Long Throw,,Unlimited,inferred,https://www.futbin.com/26/evolutions/517/long-throw
2026-03-06,518,Acrobatic+,PREMIUM PS+ BAKERY,,,,,Rarity: FUT Birthday,1,Acrobatic,,Unlimited,exact,https://www.futbin.com/26/evolutions/518/acrobatic
2026-03-06,519,Chip Shot+,PREMIUM PS+ BAKERY,,,,,Rarity: FUT Birthday,1,Chip Shot,,Unlimited,exact,https://www.futbin.com/26/evolutions/519/chip-shot
2026-03-06,520,Enforcer+,PREMIUM PS+ BAKERY,,,,,Rarity: FUT Birthday,1,Enforcer,,Unlimited,inferred,https://www.futbin.com/26/evolutions/520/enforcer
2026-03-06,521,Slide Tackle+,PREMIUM PS+ BAKERY,,,,,Rarity: FUT Birthday,1,Slide Tackle,,Unlimited,inferred,https://www.futbin.com/26/evolutions/521/slide-tackle
2026-03-06,522,Dead Ball+,PREMIUM PS+ BAKERY,,,,,Rarity: FUT Birthday,1,Dead Ball,,Unlimited,exact,https://www.futbin.com/26/evolutions/522/dead-ball
2026-03-06,523,Bruiser+,PREMIUM PS+ BAKERY,,,,,Rarity: FUT Birthday,1,Bruiser,,Unlimited,inferred,https://www.futbin.com/26/evolutions/523/bruiser
2026-03-06,524,Finesse Shot+,PREMIUM PS+ BAKERY,,,,,Rarity: FUT Birthday,1,Finesse Shot,,Unlimited,exact,https://www.futbin.com/26/evolutions/524/finesse-shot
2026-03-06,525,Gamechanger+,PREMIUM PS+ BAKERY,,,,,Rarity: FUT Birthday,1,Gamechanger,,Unlimited,exact,https://www.futbin.com/26/evolutions/525/gamechanger
2026-03-06,526,Jockey+,PREMIUM PS+ BAKERY,,,,,Rarity: FUT Birthday,1,Jockey,,Unlimited,inferred,https://www.futbin.com/26/evolutions/526/jockey
2026-03-06,527,Intercept+,PREMIUM PS+ BAKERY,,,,,Rarity: FUT Birthday,1,Intercept,,Unlimited,inferred,https://www.futbin.com/26/evolutions/527/intercept
2026-03-06,528,Low Driven Shot+,PREMIUM PS+ BAKERY,,,,,Rarity: FUT Birthday,1,Low Driven Shot,,Unlimited,exact,https://www.futbin.com/26/evolutions/528/low-driven-shot
2026-03-06,529,Power Shot+,PREMIUM PS+ BAKERY,,,,,Rarity: FUT Birthday,1,Power Shot,,Unlimited,exact,https://www.futbin.com/26/evolutions/529/power-shot
2026-03-06,530,Block+,PREMIUM PS+ BAKERY,,,,,Rarity: FUT Birthday,1,Block,,Unlimited,inferred,https://www.futbin.com/26/evolutions/530/block
2026-03-06,531,Precision Header+,PREMIUM PS+ BAKERY,,,,,Rarity: FUT Birthday,1,Precision Header,,Unlimited,exact,https://www.futbin.com/26/evolutions/531/precision-header
2026-03-06,532,Anticipate+,PREMIUM PS+ BAKERY,,,,,Rarity: FUT Birthday,1,Anticipate,,Unlimited,inferred,https://www.futbin.com/26/evolutions/532/anticipate
2026-03-06,533,Incisive Pass+,PREMIUM PS+ BAKERY,,,,,Rarity: FUT Birthday,1,Incisive Pass,,Unlimited,exact,https://www.futbin.com/26/evolutions/533/incisive-pass
2026-03-06,534,Aerial Fortress+,PREMIUM PS+ BAKERY,,,,,Rarity: FUT Birthday,1,Aerial Fortress,,Unlimited,inferred,https://www.futbin.com/26/evolutions/534/aerial-fortress
2026-03-06,535,Acrobatic+,PS+ BAKERY,,,,,Rarity: FUT Birthday,1,Acrobatic,true,Unlimited,inferred,https://www.futbin.com/26/evolutions/535/acrobatic
2026-03-06,536,Chip Shot+,PS+ BAKERY,,,,,Rarity: FUT Birthday,1,Chip Shot,true,Unlimited,inferred,https://www.futbin.com/26/evolutions/536/chip-shot
2026-03-06,537,Dead Ball+,PS+ BAKERY,,,,,Rarity: FUT Birthday,1,Dead Ball,true,Unlimited,inferred,https://www.futbin.com/26/evolutions/537/dead-ball
2026-03-06,538,Finesse Shot+,PS+ BAKERY,,,,,Rarity: FUT Birthday,1,Finesse Shot,true,Unlimited,inferred,https://www.futbin.com/26/evolutions/538/finesse-shot
2026-03-06,539,Gamechanger+,PS+ BAKERY,,,,,Rarity: FUT Birthday,1,Gamechanger,true,Unlimited,inferred,https://www.futbin.com/26/evolutions/539/gamechanger
2026-03-06,540,Low Driven Shot+,PS+ BAKERY,,,,,Rarity: FUT Birthday,1,Low Driven Shot,true,Unlimited,exact,https://www.futbin.com/26/evolutions/540/low-driven-shot
2026-03-06,541,Power Shot+,PS+ BAKERY,,,,,Rarity: FUT Birthday,1,Power Shot,true,Unlimited,exact,https://www.futbin.com/26/evolutions/541/power-shot
2026-03-06,542,Precision Header+,PS+ BAKERY,,,,,Rarity: FUT Birthday,1,Precision Header,true,Unlimited,exact,https://www.futbin.com/26/evolutions/542/precision-header
2026-03-06,543,Incisive Pass+,PS+ BAKERY,,,,,Rarity: FUT Birthday,1,Incisive Pass,true,Unlimited,exact,https://www.futbin.com/26/evolutions/543/incisive-pass
2026-03-06,544,Inventive+,PS+ BAKERY,,,,,Rarity: FUT Birthday,1,Inventive,true,Unlimited,exact,https://www.futbin.com/26/evolutions/544/inventive
2026-03-06,545,Long Ball Pass+,PS+ BAKERY,,,,,Rarity: FUT Birthday,1,Long Ball Pass,true,Unlimited,exact,https://www.futbin.com/26/evolutions/545/long-ball-pass
2026-03-06,546,Pinged Pass+,PS+ BAKERY,,,,,Rarity: FUT Birthday,1,Pinged Pass,true,Unlimited,exact,https://www.futbin.com/26/evolutions/546/pinged-pass
2026-03-06,547,Tiki Taka+,PS+ BAKERY,,,,,Rarity: FUT Birthday,1,Tiki Taka,true,Unlimited,exact,https://www.futbin.com/26/evolutions/547/tiki-taka
2026-03-06,548,Whipped Pass+,PS+ BAKERY,,,,,Rarity: FUT Birthday,1,Whipped Pass,true,Unlimited,exact,https://www.futbin.com/26/evolutions/548/whipped-pass
2026-03-06,549,First Touch+,PS+ BAKERY,,,,,Rarity: FUT Birthday,1,First Touch,true,Unlimited,exact,https://www.futbin.com/26/evolutions/549/first-touch
2026-03-06,550,Press Proven+,PS+ BAKERY,,,,,Rarity: FUT Birthday,1,Press Proven,true,Unlimited,exact,https://www.futbin.com/26/evolutions/550/press-proven
2026-03-06,551,Rapid+,PS+ BAKERY,,,,,Rarity: FUT Birthday,1,Rapid,true,Unlimited,exact,https://www.futbin.com/26/evolutions/551/rapid
2026-03-06,552,Technical+,PS+ BAKERY,,,,,Rarity: FUT Birthday,1,Technical,true,Unlimited,exact,https://www.futbin.com/26/evolutions/552/technical
2026-03-06,553,Trickster+,PS+ BAKERY,,,,,Rarity: FUT Birthday,1,Trickster,true,Unlimited,exact,https://www.futbin.com/26/evolutions/553/trickster
2026-03-06,554,Aerial Fortress+,PS+ BAKERY,,,,,Rarity: FUT Birthday,1,Aerial Fortress,true,Unlimited,exact,https://www.futbin.com/26/evolutions/554/aerial-fortress
2026-03-06,555,Acrobatic,PS BAKERY,,,,,Rarity: FUT Birthday,0,,true,Unlimited,exact,https://www.futbin.com/26/evolutions/555/acrobatic
2026-03-06,556,Chip Shot,PS BAKERY,,,,,Rarity: FUT Birthday,0,,true,Unlimited,exact,https://www.futbin.com/26/evolutions/556/chip-shot
2026-03-06,557,Dead Ball,PS BAKERY,,,,,Rarity: FUT Birthday,0,,true,Unlimited,exact,https://www.futbin.com/26/evolutions/557/dead-ball
2026-03-06,558,Finesse Shot,PS BAKERY,,,,,Rarity: FUT Birthday,0,,true,Unlimited,exact,https://www.futbin.com/26/evolutions/558/finesse-shot
2026-03-06,559,Gamechanger,PS BAKERY,,,,,Rarity: FUT Birthday,0,,true,Unlimited,exact,https://www.futbin.com/26/evolutions/559/gamechanger
2026-03-06,560,Low Driven Shot,PS BAKERY,,,,,Rarity: FUT Birthday,0,,true,Unlimited,exact,https://www.futbin.com/26/evolutions/560/low-driven-shot
2026-03-06,561,Power Shot,PS BAKERY,,,,,Rarity: FUT Birthday,0,,true,Unlimited,exact,https://www.futbin.com/26/evolutions/561/power-shot
2026-03-06,562,Precision Header,PS BAKERY,,,,,Rarity: FUT Birthday,0,,true,Unlimited,exact,https://www.futbin.com/26/evolutions/562/precision-header
2026-03-06,563,Incisive Pass,PS BAKERY,,,,,Rarity: FUT Birthday,0,,true,Unlimited,exact,https://www.futbin.com/26/evolutions/563/incisive-pass
2026-03-06,564,Inventive,PS BAKERY,,,,,Rarity: FUT Birthday,0,,true,Unlimited,inferred,https://www.futbin.com/26/evolutions/564/inventive
2026-03-06,565,Long Ball Pass,PS BAKERY,,,,,Rarity: FUT Birthday,0,,true,Unlimited,inferred,https://www.futbin.com/26/evolutions/565/long-ball-pass
2026-03-06,566,Pinged Pass,PS BAKERY,,,,,Rarity: FUT Birthday,0,,true,Unlimited,inferred,https://www.futbin.com/26/evolutions/566/pinged-pass
2026-03-06,567,Tiki Taka,PS BAKERY,,,,,Rarity: FUT Birthday,0,,true,Unlimited,inferred,https://www.futbin.com/26/evolutions/567/tiki-taka
2026-03-06,568,Whipped Pass,PS BAKERY,,,,,Rarity: FUT Birthday,0,,true,Unlimited,inferred,https://www.futbin.com/26/evolutions/568/whipped-pass
2026-03-06,569,First Touch,PS BAKERY,,,,,Rarity: FUT Birthday,0,,true,Unlimited,inferred,https://www.futbin.com/26/evolutions/569/first-touch
2026-03-06,570,Press Proven,PS BAKERY,,,,,Rarity: FUT Birthday,0,,true,Unlimited,inferred,https://www.futbin.com/26/evolutions/570/press-proven
2026-03-06,571,Rapid,PS BAKERY,,,,,Rarity: FUT Birthday,0,,true,Unlimited,inferred,https://www.futbin.com/26/evolutions/571/rapid
2026-03-06,572,Technical,PS BAKERY,,,,,Rarity: FUT Birthday,0,,true,Unlimited,inferred,https://www.futbin.com/26/evolutions/572/technical
2026-03-06,573,Trickster,PS BAKERY,,,,,Rarity: FUT Birthday,0,,true,Unlimited,inferred,https://www.futbin.com/26/evolutions/573/trickster
2026-03-06,574,Aerial Fortress,PS BAKERY,,,,,Rarity: FUT Birthday,0,,true,Unlimited,exact,https://www.futbin.com/26/evolutions/574/aerial-fortress
2026-03-06,575,Trickster+,PREMIUM PS+ BAKERY,,,,,Rarity: FUT Birthday,1,Trickster,,Unlimited,exact,https://www.futbin.com/26/evolutions/575/trickster
2026-03-06,576,Inventive+,PREMIUM PS+ BAKERY,,,,,Rarity: FUT Birthday,1,Inventive,,Unlimited,exact,https://www.futbin.com/26/evolutions/576/inventive
2026-03-06,577,Technical+,PREMIUM PS+ BAKERY,,,,,Rarity: FUT Birthday,1,Technical,,Unlimited,exact,https://www.futbin.com/26/evolutions/577/technical
2026-03-06,578,Long Ball Pass+,PREMIUM PS+ BAKERY,,,,,Rarity: FUT Birthday,1,Long Ball Pass,,Unlimited,exact,https://www.futbin.com/26/evolutions/578/long-ball-pass
2026-03-06,579,Rapid+,PREMIUM PS+ BAKERY,,,,,Rarity: FUT Birthday,1,Rapid,,Unlimited,exact,https://www.futbin.com/26/evolutions/579/rapid
2026-03-06,580,Pinged Pass+,PREMIUM PS+ BAKERY,,,,,Rarity: FUT Birthday,1,Pinged Pass,,Unlimited,exact,https://www.futbin.com/26/evolutions/580/pinged-pass
2026-03-06,581,Press Proven+,PREMIUM PS+ BAKERY,,,,,Rarity: FUT Birthday,1,Press Proven,,Unlimited,exact,https://www.futbin.com/26/evolutions/581/press-proven
2026-03-06,582,Tiki Taka+,PREMIUM PS+ BAKERY,,,,,Rarity: FUT Birthday,1,Tiki Taka,,Unlimited,exact,https://www.futbin.com/26/evolutions/582/tiki-taka
2026-03-06,583,Whipped Pass+,PREMIUM PS+ BAKERY,,,,,Rarity: FUT Birthday,1,Whipped Pass,,Unlimited,exact,https://www.futbin.com/26/evolutions/583/whipped-pass
2026-03-06,584,First Touch+,PREMIUM PS+ BAKERY,,,,,Rarity: FUT Birthday,1,First Touch,,Unlimited,exact,https://www.futbin.com/26/evolutions/584/first-touch
2026-03-06,585,Anticipate,PS BAKERY,,,,,Rarity: FUT Birthday,0,,true,Unlimited,inferred,https://www.futbin.com/26/evolutions/585/anticipate
2026-03-06,586,Block,PS BAKERY,,,,,Rarity: FUT Birthday,0,,true,Unlimited,inferred,https://www.futbin.com/26/evolutions/586/block
2026-03-06,587,Intercept,PS BAKERY,,,,,Rarity: FUT Birthday,0,,true,Unlimited,inferred,https://www.futbin.com/26/evolutions/587/intercept
2026-03-06,588,Jockey,PS BAKERY,,,,,Rarity: FUT Birthday,0,,true,Unlimited,inferred,https://www.futbin.com/26/evolutions/588/jockey
2026-03-06,589,Slide Tackle,PS BAKERY,,,,,Rarity: FUT Birthday,0,,true,Unlimited,inferred,https://www.futbin.com/26/evolutions/589/slide-tackle
2026-03-07,590,Bruiser,PS BAKERY,,,,,Rarity: FUT Birthday,0,,true,Unlimited,inferred,https://www.futbin.com/26/evolutions/590/bruiser
2026-03-07,591,Enforcer,PS BAKERY,,,,,Rarity: FUT Birthday,0,,true,Unlimited,inferred,https://www.futbin.com/26/evolutions/591/enforcer
2026-03-07,592,Long Throw,PS BAKERY,,,,,Rarity: FUT Birthday,0,,true,Unlimited,inferred,https://www.futbin.com/26/evolutions/592/long-throw
2026-03-07,593,Quick Step,PS BAKERY,,,,,Rarity: FUT Birthday,0,,true,Unlimited,inferred,https://www.futbin.com/26/evolutions/593/quick-step
2026-03-07,594,Relentless,PS BAKERY,,,,,Rarity: FUT Birthday,0,,true,Unlimited,inferred,https://www.futbin.com/26/evolutions/594/relentless
2026-03-07,595,Birthday Fullback,EVOLUTIONS,88,,90,LB or RB,Not Rarity: World Tour Silver Stars,2,Intercept | Pinged Pass,,true,exact,https://www.futbin.com/26/evolutions/595/birthday-fullback
2026-03-07,596,Finesse Shot+,REWARDS,90,,,,Not Rarity: World Tour Silver Stars,1,Finesse Shot,true,true,inferred,https://www.futbin.com/26/evolutions/596/finesse-shot
2026-03-08,597,4 Star Weak Foot,REWARDS,88,,,,Not Rarity: World Tour Silver Stars,0,,true,true,inferred,https://www.futbin.com/26/evolutions/597/4-star-weak-foot
2026-03-08,598,The Party is Inside,EVOLUTIONS,88,,90,RM or RW,Not Rarity: World Tour Silver Stars,2,Technical | Incisive Pass,,true,exact,https://www.futbin.com/26/evolutions/598/the-party-is-inside
2026-03-08,599,Quick Step+,REWARDS,90,,,,Not Rarity: World Tour Silver Stars,1,Quick Step,true,true,inferred,https://www.futbin.com/26/evolutions/599/quick-step
2026-03-08,600,Anticipate+,PS+ BAKERY,,,,,Rarity: FUT Birthday,1,Anticipate,true,Unlimited,inferred,https://www.futbin.com/26/evolutions/600/anticipate
2026-03-08,601,Block+,PS+ BAKERY,,,,,Rarity: FUT Birthday,1,Block,true,Unlimited,inferred,https://www.futbin.com/26/evolutions/601/block
2026-03-08,602,Intercept+,PS+ BAKERY,,,,,Rarity: FUT Birthday,1,Intercept,true,Unlimited,inferred,https://www.futbin.com/26/evolutions/602/intercept
2026-03-08,603,Jockey+,PS+ BAKERY,,,,,Rarity: FUT Birthday,1,Jockey,true,Unlimited,inferred,https://www.futbin.com/26/evolutions/603/jockey
2026-03-09,604,Slide Tackle+,PS+ BAKERY,,,,,Rarity: FUT Birthday,1,Slide Tackle,true,Unlimited,inferred,https://www.futbin.com/26/evolutions/604/slide-tackle
2026-03-09,605,Bruiser+,PS+ BAKERY,,,,,Rarity: FUT Birthday,1,Bruiser,true,Unlimited,inferred,https://www.futbin.com/26/evolutions/605/bruiser
2026-03-09,606,Enforcer+,PS+ BAKERY,,,,,Rarity: FUT Birthday,1,Enforcer,true,Unlimited,inferred,https://www.futbin.com/26/evolutions/606/enforcer
2026-03-09,607,Long Throw+,PS+ BAKERY,,,,,Rarity: FUT Birthday,1,Long Throw,true,Unlimited,inferred,https://www.futbin.com/26/evolutions/607/long-throw
2026-03-09,608,Quick Step+,PS+ BAKERY,,,,,Rarity: FUT Birthday,1,Quick Step,true,Unlimited,inferred,https://www.futbin.com/26/evolutions/608/quick-step
2026-03-09,609,Relentless+,PS+ BAKERY,,,,,Rarity: FUT Birthday,1,Relentless,true,Unlimited,inferred,https://www.futbin.com/26/evolutions/609/relentless
2026-03-09,610,Prepare for the party,EVOLUTIONS,87,,,,Not Rarity: World Tour Silver Stars,0,,true,2,exact,https://www.futbin.com/26/evolutions/610/prepare-for-the-party
2026-03-10,611,5 Star Factory,REWARDS,88,,,,Not Rarity: World Tour Silver Stars,0,,true,true,inferred,https://www.futbin.com/26/evolutions/611/5-star-factory
2026-03-10,612,Candles & Cramps,EVOLUTIONS,88,,89,CB,Not Rarity: World Tour Silver Stars,2,Quick Step | Anticipate,,true,exact,https://www.futbin.com/26/evolutions/612/candles--cramps
2026-03-11,613,Pressure? What Pressure,REWARDS,88,,,,Not Rarity: World Tour Silver Stars,0,,true,true,inferred,https://www.futbin.com/26/evolutions/613/pressure-what-pressure
2026-03-11,614,Winger Transformation,EVOLUTIONS,89,,,,Not Rarity: World Tour Silver Stars,0,,,true,exact,https://www.futbin.com/26/evolutions/614/winger-transformation
2026-03-11,615,Make Your Idol - Starter,SEASON 6 LEVEL: 1,85,,85,,Not Rarity: World Tour Silver Stars,0,,true,true,inferred,https://www.futbin.com/26/evolutions/615/make-your-idol-starter
2026-03-11,616,Make Your Idol - Attacker 1,SEASON 6 LEVEL: 3,85,,87,,Rarity: World Tour Evolution,0,,true,true,inferred,https://www.futbin.com/26/evolutions/616/make-your-idol-attacker-1
2026-03-11,617,Make Your Idol - Tiki Taka+,SEASON 6 LEVEL: 3,,,,,Rarity: World Tour Evolution,1,Tiki Taka,true,true,inferred,https://www.futbin.com/26/evolutions/617/make-your-idol-tiki-taka
2026-03-11,618,Make Your Idol - Incisive Pass+,SEASON 6 LEVEL: 3,,,,,Rarity: World Tour Evolution,1,Incisive Pass,true,true,inferred,https://www.futbin.com/26/evolutions/618/make-your-idol-incisive-pass
2026-03-11,619,Make Your Idol - Midfielder 1,SEASON 6 LEVEL: 3,85,,87,,Rarity: World Tour Evolution,0,,true,true,inferred,https://www.futbin.com/26/evolutions/619/make-your-idol-midfielder-1
2026-03-11,620,Make Your Idol - Low Driven+,SEASON 6 LEVEL: 3,,,,,Rarity: World Tour Evolution,1,Low Driven Shot,true,true,inferred,https://www.futbin.com/26/evolutions/620/make-your-idol-low-driven
2026-03-11,621,Make Your Idol - Technical+,SEASON 6 LEVEL: 3,,,,,Rarity: World Tour Evolution,1,Technical,true,true,inferred,https://www.futbin.com/26/evolutions/621/make-your-idol-technical
2026-03-11,622,Make Your Idol - Jockey+,SEASON 6 LEVEL: 3,,,,,Rarity: World Tour Evolution,1,Jockey,true,true,inferred,https://www.futbin.com/26/evolutions/622/make-your-idol-jockey
2026-03-11,623,Make Your Idol - Intercept+,SEASON 6 LEVEL: 3,,,,,Rarity: World Tour Evolution,1,Intercept,true,true,inferred,https://www.futbin.com/26/evolutions/623/make-your-idol-intercept
2026-03-11,624,Make Your Idol - Defender 1,SEASON 6 LEVEL: 3,85,,87,,Rarity: World Tour Evolution,0,,true,true,inferred,https://www.futbin.com/26/evolutions/624/make-your-idol-defender-1
2026-03-11,625,Make Your Idol - Attacker 2,SEASON 6 LEVEL: 7,87,,89,,Rarity: World Tour Evolution,0,,true,true,inferred,https://www.futbin.com/26/evolutions/625/make-your-idol-attacker-2
2026-03-11,626,Make Your Idol - Midfielder 2,SEASON 6 LEVEL: 7,87,,89,,Rarity: World Tour Evolution,0,,true,true,inferred,https://www.futbin.com/26/evolutions/626/make-your-idol-midfielder-2
2026-03-11,627,Make Your Idol - Defender 2,SEASON 6 LEVEL: 7,87,,89,,Rarity: World Tour Evolution,0,,true,true,inferred,https://www.futbin.com/26/evolutions/627/make-your-idol-defender-2
2026-03-11,628,Make Your Idol - Attacker 3,SEASON 6 LEVEL: 21,89,,91,,Rarity: World Tour Evolution,0,,true,true,inferred,https://www.futbin.com/26/evolutions/628/make-your-idol-attacker-3
2026-03-11,629,Make Your Idol - Midfielder 3,SEASON 6 LEVEL: 21,89,,91,,Rarity: World Tour Evolution,0,,true,true,inferred,https://www.futbin.com/26/evolutions/629/make-your-idol-midfielder-3
2026-03-12,630,Make Your Idol - Defender 3,SEASON 6 LEVEL: 21,89,,91,,Rarity: World Tour Evolution,0,,true,true,inferred,https://www.futbin.com/26/evolutions/630/make-your-idol-defender-3
2026-03-12,631,Locked & Loaded - Season lvl 25,SEASON 6 - REWARDS,88,,,,Not Rarity: World Tour Silver Stars,0,,true,true,inferred,https://www.futbin.com/26/evolutions/631/locked--loaded-season-lvl-25
2026-03-12,632,Relentless+ - Season lvl 27,SEASON 6 - REWARDS,89,,,,Not Rarity: World Tour Silver Stars,1,Relentless,true,true,inferred,https://www.futbin.com/26/evolutions/632/relentless-season-lvl-27
2026-03-12,633,Dish 'em Out - Season 6 Level 1 (P),SEASON 6 - REWARDS,89,,,,Not Rarity: World Tour Silver Stars,0,,true,true,inferred,https://www.futbin.com/26/evolutions/633/dish-em-out-season-6-level-1-p
2026-03-12,634,Architect of Play - Season 6 Level 4 (P),SEASON 6 - REWARDS,89,,,,Not Rarity: World Tour Silver Stars,0,,true,2,inferred,https://www.futbin.com/26/evolutions/634/architect-of-play-season-6-level-4-p
2026-03-12,635,Sweep & Supply,SEASON 6 - REWARDS,89,,,,Not Rarity: World Tour Silver Stars,0,,true,true,inferred,https://www.futbin.com/26/evolutions/635/sweep--supply
2026-03-12,636,Roadrunner - Season 6 Level 24 (P),SEASON 6 - REWARDS,89,,,,Not Rarity: World Tour Silver Stars,0,,true,true,inferred,https://www.futbin.com/26/evolutions/636/roadrunner-season-6-level-24-p
2026-03-12,637,Up to Speed,SEASON 6 - REWARDS,89,,,,Not Rarity: World Tour Silver Stars,2,Low Driven Shot | Power Shot,true,true,inferred,https://www.futbin.com/26/evolutions/637/up-to-speed
2026-03-12,639,Pinged Pass+ - Season lvl 28,SEASON 6 - REWARDS,90,,,,Not Rarity: World Tour Silver Stars,1,Pinged Pass,true,true,inferred,https://www.futbin.com/26/evolutions/639/pinged-pass-season-lvl-28
2026-03-12,640,Make Your Idol - Finesse+,SEASON 6 LEVEL: 7,,,,,Rarity: World Tour Evolution,1,Finesse Shot,true,true,inferred,https://www.futbin.com/26/evolutions/640/make-your-idol-finesse
2026-03-12,641,Make Your Idol - First Touch+,SEASON 6 LEVEL: 7,,,,,Rarity: World Tour Evolution,1,First Touch,true,true,inferred,https://www.futbin.com/26/evolutions/641/make-your-idol-first-touch
2026-03-12,642,Make Your Idol - Pinged Pass+,SEASON 6 LEVEL: 7,,,,,Rarity: World Tour Evolution,1,Pinged Pass,true,true,inferred,https://www.futbin.com/26/evolutions/642/make-your-idol-pinged-pass
2026-03-12,643,Make Your Idol - Rapid+,SEASON 6 LEVEL: 7,,,,,Rarity: World Tour Evolution,1,Rapid,true,true,inferred,https://www.futbin.com/26/evolutions/643/make-your-idol-rapid
2026-03-12,644,Make Your Idol - Quick Step+,SEASON 6 LEVEL: 7,,,,,Rarity: World Tour Evolution,1,Quick Step,true,true,inferred,https://www.futbin.com/26/evolutions/644/make-your-idol-quick-step
2026-03-12,645,Make Your Idol - Anticipate+,SEASON 6 LEVEL: 7,,,,,Rarity: World Tour Evolution,1,Anticipate,true,true,inferred,https://www.futbin.com/26/evolutions/645/make-your-idol-anticipate
2026-03-12,646,Cake Catcher,EVOLUTIONS,88,,90,GK,Not Rarity: World Tour Silver Stars,2,Rush Out | Footwork,,true,exact,https://www.futbin.com/26/evolutions/646/cake-catcher
2026-03-12,647,Goal Machine,SEASON 6 LEVEL: 8,88,,,,Not Rarity: World Tour Silver Stars,0,,true,5,inferred,https://www.futbin.com/26/evolutions/647/goal-machine
2026-03-13,649,Birthday Bonito,EVOLUTIONS,89,,91,LW,Not Rarity: World Tour Silver Stars,2,Finesse Shot | Technical,,true,exact,https://www.futbin.com/26/evolutions/649/birthday-bonito
2026-03-13,650,Old School Midfielder,EVOLUTIONS,87,,88,CDM,Not Rarity: World Tour Silver Stars,2,Press Proven | Intercept,true,true,exact,https://www.futbin.com/26/evolutions/650/old-school-midfielder
2026-03-14,651,Brilliant Dribbler,EVOLUTIONS,88,,89,,Not Rarity: World Tour Silver Stars,2,Technical | First Touch,,2,exact,https://www.futbin.com/26/evolutions/651/brilliant-dribbler
2026-03-14,652,FUT Birthday Retro 18,COSMETICS,,,,,Not Rarity: World Tour Silver Stars,0,,,2,exact,https://www.futbin.com/26/evolutions/652/fut-birthday-retro-18
2026-03-14,653,FUT Birthday Retro 19,COSMETICS,,,,,Not Rarity: World Tour Silver Stars,0,,,2,exact,https://www.futbin.com/26/evolutions/653/fut-birthday-retro-19
2026-03-14,654,FUT Birthday Retro 20,COSMETICS,,,,,Not Rarity: World Tour Silver Stars,0,,,2,exact,https://www.futbin.com/26/evolutions/654/fut-birthday-retro-20
2026-03-15,655,Birthday Brunch,TRAINING CAMP,87,,88,ST,Not Rarity: World Tour Silver Stars,1,Rapid,true,2,exact,https://www.futbin.com/26/evolutions/655/birthday-brunch
2026-03-16,656,Party in the Middle,EVOLUTIONS,88,,89,CM,Not Rarity: World Tour Silver Stars,2,Pinged Pass | Intercept,,true,exact,https://www.futbin.com/26/evolutions/656/party-in-the-middle
2026-03-16,657,Bruiser+,REWARDS,89,,,,Not Rarity: World Tour Silver Stars,1,Bruiser,true,true,inferred,https://www.futbin.com/26/evolutions/657/bruiser
2026-03-16,658,Tiki Taka+ and Low Driven+,REWARDS,89,,,,Not Rarity: World Tour Silver Stars,2,Low Driven Shot | Tiki Taka,true,true,inferred,https://www.futbin.com/26/evolutions/658/tiki-taka-and-low-driven
2026-03-16,659,5 Star Skill Moves and Weak Foot Upgrade,REWARDS,89,,,,Not Rarity: World Tour Silver Stars,0,,true,true,inferred,https://www.futbin.com/26/evolutions/659/5-star-skill-moves-and-weak-foot-upgrade
2026-03-16,660,Fly Fishing,REWARDS,88,,,,Not Rarity: World Tour Silver Stars,1,Intercept,true,true,inferred,https://www.futbin.com/26/evolutions/660/fly-fishing
2026-03-17,661,5 Star Weak Foot Upgrades,REWARDS,88,,,,Not Rarity: World Tour Silver Stars,0,,true,true,inferred,https://www.futbin.com/26/evolutions/661/5-star-weak-foot-upgrades
2026-03-17,662,Turbocharged,REWARDS,88,,,,Not Rarity: World Tour Silver Stars,0,,true,true,inferred,https://www.futbin.com/26/evolutions/662/turbocharged
2026-03-17,663,Quick Step +,REWARDS,90,,,,Not Rarity: World Tour Silver Stars,1,Quick Step,true,true,inferred,https://www.futbin.com/26/evolutions/663/quick-step
2026-03-17,664,Intercept+,REWARDS,90,,,,Not Rarity: World Tour Silver Stars,1,Intercept,true,true,inferred,https://www.futbin.com/26/evolutions/664/intercept
2026-03-17,665,Low Driven+,REWARDS,90,,,,Not Rarity: World Tour Silver Stars,1,Low Driven Shot,true,true,inferred,https://www.futbin.com/26/evolutions/665/low-driven
2026-03-17,666,UCL Specialist,EVOLUTIONS,87,,88,RW,Not Rarity: World Tour Silver Stars,1,Finesse Shot,true,2,exact,https://www.futbin.com/26/evolutions/666/ucl-specialist
2026-03-18,667,Party at the Back,EVOLUTIONS,88,,89,CB,Not Rarity: World Tour Silver Stars,2,Jockey | Intercept,,true,exact,https://www.futbin.com/26/evolutions/667/party-at-the-back
2026-03-19,668,Party Exit,EVOLUTIONS,87,,,,Not Rarity: World Tour Silver Stars,0,,true,20,exact,https://www.futbin.com/26/evolutions/668/party-exit
2026-03-19,669,Guardian of the Line,SEASON 6 LEVEL: 10,89,,,,Not Rarity: World Tour Silver Stars,0,,true,true,inferred,https://www.futbin.com/26/evolutions/669/guardian-of-the-line
2026-03-20,670,5 Star Factory 2,REWARDS,88,,,,Not Rarity: World Tour Silver Stars,0,,true,true,inferred,https://www.futbin.com/26/evolutions/670/5-star-factory-2
2026-03-20,671,National Captain,EVOLUTIONS,89,,93,CM,Not Rarity: World Tour Silver Stars,3,Intercept | Incisive Pass | Power Shot,,true,exact,https://www.futbin.com/26/evolutions/671/national-captain
2026-03-20,672,National Captain: Final Touch,EVOLUTIONS,93,,,CM,Rarity: Captains Icon,0,,true,true,inferred,https://www.futbin.com/26/evolutions/672/national-captain-final-touch
2026-03-20,673,Euro Trio,EVOLUTIONS,87,,,,Not Rarity: World Tour Silver Stars,1,Bruiser,true,2,exact,https://www.futbin.com/26/evolutions/673/euro-trio
2026-03-20,674,South American Stars,EVOLUTIONS,87,,,,Not Rarity: World Tour Silver Stars,1,Technical,true,2,exact,https://www.futbin.com/26/evolutions/674/south-american-stars
2026-03-20,675,Euro Minitrip,EVOLUTIONS,87,,89,,Not Rarity: World Tour Silver Stars,1,Pinged Pass,true,2,exact,https://www.futbin.com/26/evolutions/675/euro-minitrip
2026-03-20,676,Batigol,REWARDS,88,,90,ST,Not Rarity: World Tour Silver Stars,2,Power Shot | Finesse Shot,true,true,inferred,https://www.futbin.com/26/evolutions/676/batigol
2026-03-20,677,FOF Answer The Call,REWARDS,,,,,Not Rarity: World Tour Silver Stars,0,,true,true,inferred,https://www.futbin.com/26/evolutions/677/fof-answer-the-call
2026-03-20,678,CAM Provisions,REWARDS,88,,,CAM,Not Rarity: World Tour Silver Stars,0,,true,true,inferred,https://www.futbin.com/26/evolutions/678/cam-provisions
2026-03-21,679,CDM Provisions,EVOLUTIONS,88,,,CDM,Not Rarity: World Tour Silver Stars,0,,true,true,inferred,https://www.futbin.com/26/evolutions/679/cdm-provisions
2026-03-21,680,Blonde Angel,REWARDS,88,,90,RM or RW,Not Rarity: World Tour Silver Stars,2,Quick Step | Finesse Shot,true,true,inferred,https://www.futbin.com/26/evolutions/680/blonde-angel
2026-03-21,681,Technical+,REWARDS,88,,,,Not Rarity: World Tour Silver Stars,1,Technical,true,true,inferred,https://www.futbin.com/26/evolutions/681/technical
2026-03-21,682,Rapid+,REWARDS,88,,,,Not Rarity: World Tour Silver Stars,1,Rapid,true,true,inferred,https://www.futbin.com/26/evolutions/682/rapid
2026-03-21,683,High-Speed Action,EVOLUTIONS,87,,88,,Not Rarity: World Tour Silver Stars,1,Quick Step,true,2,exact,https://www.futbin.com/26/evolutions/683/high-speed-action
2026-03-21,684,FOF: Answer the Call,COSMETICS,,,,,Not Rarity: World Tour Silver Stars,0,,,2,exact,https://www.futbin.com/26/evolutions/684/fof-answer-the-call
2026-03-21,685,Build your own FUT Birthday,COSMETICS,89,,,,Not Rarity: World Tour Silver Stars,0,,,true,exact,https://www.futbin.com/26/evolutions/685/build-your-own-fut-birthday
2026-03-22,686,O Maestro da Copa,EVOLUTIONS,88,,90,CAM,Not Rarity: World Tour Silver Stars,2,Technical | Low Driven Shot,,true,exact,https://www.futbin.com/26/evolutions/686/o-maestro-da-copa
2026-03-24,687,Over the Top,EVOLUTIONS,87,,,,Not Rarity: World Tour Silver Stars,0,,true,26,exact,https://www.futbin.com/26/evolutions/687/over-the-top
2026-03-25,688,Top Scorer,EVOLUTIONS,87,,88,,Not Rarity: World Tour Silver Stars,1,Power Shot,true,2,exact,https://www.futbin.com/26/evolutions/688/top-scorer
2026-03-26,689,Net Guardian,EVOLUTIONS,87,,89,GK,Not Rarity: World Tour Silver Stars,2,Far Reach | Footwork,true,2,exact,https://www.futbin.com/26/evolutions/689/net-guardian
2026-03-27,690,Dutch Decider,EVOLUTIONS,88,,90,RM or RW,Not Rarity: World Tour Silver Stars,2,Technical | Finesse Shot,,true,exact,https://www.futbin.com/26/evolutions/690/dutch-decider
2026-03-27,691,The Bullet Man,EVOLUTIONS,87,,88,LB,Not Rarity: World Tour Silver Stars,2,Power Shot | Bruiser,true,2,exact,https://www.futbin.com/26/evolutions/691/the-bullet-man
2026-03-28,692,Dropping Deep,EVOLUTIONS,88,,89,CDM,Not Rarity: World Tour Silver Stars,2,Anticipate | Block,,true,exact,https://www.futbin.com/26/evolutions/692/dropping-deep
2026-03-29,693,Hat Trick Delight,EVOLUTIONS,87,,89,CM or RM,Not Rarity: World Tour Silver Stars,2,First Touch | Low Driven Shot,true,2,exact,https://www.futbin.com/26/evolutions/693/hat-trick-delight
2026-03-30,694,Muscle Up,EVOLUTIONS,87,,,,Not Rarity: World Tour Silver Stars,0,,true,10,exact,https://www.futbin.com/26/evolutions/694/muscle-up
2026-03-31,695,Supersonic Strike,EVOLUTIONS,88,,,,Not Rarity: World Tour Silver Stars,1,Power Shot,,2,exact,https://www.futbin.com/26/evolutions/695/supersonic-strike
2026-04-01,696,Welsh Wonder Strike,TRAINING CAMP,87,,89,,Not Rarity: World Tour Silver Stars,2,Rapid | Low Driven Shot,true,true,exact,https://www.futbin.com/26/evolutions/696/welsh-wonder-strike
2026-04-02,697,Momentum Shift,REWARDS,88,,,,Not Rarity: World Tour Silver Stars,1,Quick Step,true,true,inferred,https://www.futbin.com/26/evolutions/697/momentum-shift
2026-04-02,698,Battle Till The End,EVOLUTIONS,88,,89,RB,Not Rarity: World Tour Silver Stars,2,Quick Step | Jockey,,true,exact,https://www.futbin.com/26/evolutions/698/battle-till-the-end
2026-04-03,699,Empress of the Box,EVOLUTIONS,89,,91,ST,Not Rarity: World Tour Silver Stars,2,Finesse Shot | Quick Step,,true,exact,https://www.futbin.com/26/evolutions/699/empress-of-the-box
2026-04-03,700,Two Way Player I,EVOLUTIONS,87,,88,LM or RM,Not Rarity: World Tour Silver Stars,2,Rapid | Incisive Pass,true,true,inferred,https://www.futbin.com/26/evolutions/700/two-way-player-i
2026-04-03,701,GK Roles++,ROLES,94,,,GK,,0,,,16,exact,https://www.futbin.com/26/evolutions/701/gk-roles
2026-04-03,702,CB Roles++,ROLES,94,,,CB,,0,,,16,exact,https://www.futbin.com/26/evolutions/702/cb-roles
2026-04-03,703,LB Roles++,ROLES,94,,,LB,,0,,,16,exact,https://www.futbin.com/26/evolutions/703/lb-roles
2026-04-03,704,RB Roles++,ROLES,94,,,RB,,0,,,16,exact,https://www.futbin.com/26/evolutions/704/rb-roles
2026-04-03,705,CDM Roles++,ROLES,94,,,CDM,,0,,,16,exact,https://www.futbin.com/26/evolutions/705/cdm-roles
2026-04-03,706,CM Roles++,ROLES,94,,,CM,,0,,,16,exact,https://www.futbin.com/26/evolutions/706/cm-roles
2026-04-03,707,CAM Roles++,ROLES,94,,,CAM,,0,,,16,exact,https://www.futbin.com/26/evolutions/707/cam-roles
2026-04-03,708,LM Roles++,ROLES,94,,,LM,,0,,,16,exact,https://www.futbin.com/26/evolutions/708/lm-roles
2026-04-03,709,RM Roles++,ROLES,94,,,RM,,0,,,16,exact,https://www.futbin.com/26/evolutions/709/rm-roles
2026-04-03,710,LW Roles++,ROLES,94,,,LW,,0,,,16,exact,https://www.futbin.com/26/evolutions/710/lw-roles
2026-04-03,711,RW Roles++,ROLES,94,,,RW,,0,,,16,exact,https://www.futbin.com/26/evolutions/711/rw-roles
2026-04-03,712,ST Roles++,ROLES,94,,,ST,,0,,,16,exact,https://www.futbin.com/26/evolutions/712/st-roles
2026-04-03,713,Quad Thread,REWARDS,88,,,,Not Rarity: World Tour Silver Stars,0,,true,true,inferred,https://www.futbin.com/26/evolutions/713/quad-thread
2026-04-04,714,Fancy Footwork,REWARDS,88,,,GK,Not Rarity: World Tour Silver Stars,1,Footwork,true,true,inferred,https://www.futbin.com/26/evolutions/714/fancy-footwork
2026-04-04,715,Two Way Player II,REWARDS,88,,,LM or RM,,0,,true,true,inferred,https://www.futbin.com/26/evolutions/715/two-way-player-ii
2026-04-04,716,El Tiburón,EVOLUTIONS,88,,89,CB,Not Rarity: World Tour Silver Stars,2,Anticipate | Bruiser,,true,exact,https://www.futbin.com/26/evolutions/716/el-tiburon
2026-04-04,717,Passing Pulse,REWARDS,88,,,,Not Rarity: World Tour Silver Stars,0,,true,2,inferred,https://www.futbin.com/26/evolutions/717/passing-pulse
2026-04-04,718,All-Around Impact,REWARDS,91,,,,Not Rarity: World Tour Silver Stars,0,,true,true,inferred,https://www.futbin.com/26/evolutions/718/all-around-impact
2026-04-04,719,Anticipate+,REWARDS,91,,,,Not Rarity: World Tour Silver Stars,1,Anticipate,true,true,inferred,https://www.futbin.com/26/evolutions/719/anticipate
2026-04-05,720,Technical+,REWARDS,91,,,,Not Rarity: World Tour Silver Stars,1,Technical,true,true,inferred,https://www.futbin.com/26/evolutions/720/technical
2026-04-05,721,Finesse Shot+,REWARDS,91,,,,Not Rarity: World Tour Silver Stars,1,Finesse Shot,true,true,inferred,https://www.futbin.com/26/evolutions/721/finesse-shot
2026-04-05,722,Quick Step+,REWARDS,91,,,,Not Rarity: World Tour Silver Stars,1,Quick Step,true,true,inferred,https://www.futbin.com/26/evolutions/722/quick-step
2026-04-05,723,Finesse Shot,REWARDS,88,,,,Not Rarity: World Tour Silver Stars,0,,true,true,inferred,https://www.futbin.com/26/evolutions/723/finesse-shot
2026-04-05,724,What a Hit,EVOLUTIONS,87,,89,CM,Not Rarity: World Tour Silver Stars,2,Incisive Pass | Power Shot,true,true,exact,https://www.futbin.com/26/evolutions/724/what-a-hit
2026-04-06,725,The Very Best,REWARDS,88,,90,RW,Not Rarity: World Tour Silver Stars,2,Quick Step | Low Driven Shot,true,true,inferred,https://www.futbin.com/26/evolutions/725/the-very-best
2026-04-06,726,Blazing Winger,EVOLUTIONS,88,,89,LW,Not Rarity: World Tour Silver Stars,2,Rapid | Quick Step,,true,exact,https://www.futbin.com/26/evolutions/726/blazing-winger
2026-04-07,727,Lisbon Lifeline,TRAINING CAMP,87,,,,Not Rarity: World Tour Silver Stars,0,,true,true,exact,https://www.futbin.com/26/evolutions/727/lisbon-lifeline
2026-04-07,728,Red Bull - Physical,REWARDS,88,,,,Not Rarity: World Tour Silver Stars,0,,true,true,inferred,https://www.futbin.com/26/evolutions/728/red-bull-physical
2026-04-08,729,Red Bull - Shooting,REWARDS,88,,,,Not Rarity: World Tour Silver Stars,0,,true,true,inferred,https://www.futbin.com/26/evolutions/729/red-bull-shooting
2026-04-08,730,Red Bull - Pace,REWARDS,88,,,,Not Rarity: World Tour Silver Stars,0,,true,true,inferred,https://www.futbin.com/26/evolutions/730/red-bull-pace
2026-04-08,731,Conductor’s Codex,EVOLUTIONS,87,,,,Not Rarity: World Tour Silver Stars,0,,,10,exact,https://www.futbin.com/26/evolutions/731/conductors-codex
2026-04-09,732,Crownbreaker Boost,REWARDS,88,,,,Not Rarity: World Tour Silver Stars,0,,true,true,inferred,https://www.futbin.com/26/evolutions/732/crownbreaker-boost
2026-04-09,733,Calm Under Pressure,EVOLUTIONS,87,,,,Not Rarity: World Tour Silver Stars,0,,true,9,exact,https://www.futbin.com/26/evolutions/733/calm-under-pressure
2026-04-10,734,Il Capitano,EVOLUTIONS,89,,91,CB,Not Rarity: World Tour Silver Stars,2,Intercept | Anticipate,,true,exact,https://www.futbin.com/26/evolutions/734/il-capitano
2026-04-10,735,Into the Spotlight,EVOLUTIONS,87,,89,,Not Rarity: World Tour Silver Stars,2,Finesse Shot | Technical,true,true,exact,https://www.futbin.com/26/evolutions/735/into-the-spotlight
2026-04-10,736,Passing Technician,REWARDS,91,,,,Not Rarity: World Tour Silver Stars,1,Pinged Pass,true,true,inferred,https://www.futbin.com/26/evolutions/736/passing-technician
2026-04-10,737,Pinged Pass+,REWARDS,88,,,,Not Rarity: World Tour Silver Stars,1,Pinged Pass,true,true,inferred,https://www.futbin.com/26/evolutions/737/pinged-pass
2026-04-10,738,Pace & Place,REWARDS,88,,,,Not Rarity: World Tour Silver Stars,0,,true,true,inferred,https://www.futbin.com/26/evolutions/738/pace--place
2026-04-11,739,Incisive Pass+,REWARDS,88,,,,Not Rarity: World Tour Silver Stars,1,Incisive Pass,true,true,inferred,https://www.futbin.com/26/evolutions/739/incisive-pass
2026-04-11,740,Inventive+,REWARDS,88,,,,Not Rarity: World Tour Silver Stars,1,Inventive,true,true,inferred,https://www.futbin.com/26/evolutions/740/inventive
2026-04-11,741,Drifting Away,REWARDS,88,,90,CAM,Not Rarity: World Tour Silver Stars,1,Rapid,true,true,inferred,https://www.futbin.com/26/evolutions/741/drifting-away
2026-04-11,743,Bottom Corner,EVOLUTIONS,88,,89,,Not Rarity: World Tour Silver Stars,1,Low Driven Shot,,2,exact,https://www.futbin.com/26/evolutions/743/bottom-corner
2026-04-11,744,Trophy Titans,COSMETICS,,,,,Not Rarity: World Tour Silver Stars,0,,,2,exact,https://www.futbin.com/26/evolutions/744/trophy-titans
2026-04-12,745,Backline Boost,EVOLUTIONS,87,,,,Not Rarity: World Tour Silver Stars,0,,true,10,exact,https://www.futbin.com/26/evolutions/745/backline-boost
2026-04-12,746,Velocity Touch,REWARDS,88,,89,,Not Rarity: World Tour Silver Stars,2,Technical | Quick Step,true,true,inferred,https://www.futbin.com/26/evolutions/746/velocity-touch
2026-04-13,747,Whip It In,REWARDS,88,,,,Not Rarity: World Tour Silver Stars,1,Whipped Pass,true,2,inferred,https://www.futbin.com/26/evolutions/747/whip-it-in
2026-04-13,748,Crunch Time,REWARDS,91,,,,Not Rarity: World Tour Silver Stars,1,Bruiser,true,true,inferred,https://www.futbin.com/26/evolutions/748/crunch-time
2026-04-13,749,The Makélélé Role,EVOLUTIONS,88,,90,CDM or CM,Not Rarity: World Tour Silver Stars,2,Intercept | Anticipate,,true,exact,https://www.futbin.com/26/evolutions/749/the-makelele-role
2026-04-13,750,Last Ditch Effort,REWARDS,88,,89,RB,Not Rarity: World Tour Silver Stars,1,Quick Step,true,true,inferred,https://www.futbin.com/26/evolutions/750/last-ditch-effort
2026-04-14,751,Aerial Impact,REWARDS,88,,,,Not Rarity: World Tour Silver Stars,1,Precision Header,true,true,inferred,https://www.futbin.com/26/evolutions/751/aerial-impact
2026-04-14,752,Beast Mode,EVOLUTIONS,87,,,,Not Rarity: World Tour Silver Stars,0,,true,5,exact,https://www.futbin.com/26/evolutions/752/beast-mode
2026-04-15,753,El Pistolero,REWARDS,88,,89,ST,Not Rarity: World Tour Silver Stars,2,Finesse Shot | Technical,true,true,inferred,https://www.futbin.com/26/evolutions/753/el-pistolero
2026-04-15,754,Hawk Eyed,EVOLUTIONS,88,,,,Not Rarity: World Tour Silver Stars,0,,,5,exact,https://www.futbin.com/26/evolutions/754/hawk-eyed
2026-04-16,755,Kinetic Boost,REWARDS,88,,,,Not Rarity: World Tour Silver Stars,0,,true,true,inferred,https://www.futbin.com/26/evolutions/755/kinetic-boost
2026-04-16,756,Three to Remember,EVOLUTIONS,87,,,,Not Rarity: World Tour Silver Stars,1,Low Driven Shot,true,3,exact,https://www.futbin.com/26/evolutions/756/three-to-remember
2026-04-17,757,Rapid+,REWARDS,89,,,,Not Rarity: World Tour Silver Stars,1,Rapid,true,true,inferred,https://www.futbin.com/26/evolutions/757/rapid
2026-04-17,758,The Timeless Maestro,EVOLUTIONS,90,,93,CM,Not Rarity: World Tour Silver Stars,2,Incisive Pass | Pinged Pass,,true,exact,https://www.futbin.com/26/evolutions/758/the-timeless-maestro
2026-04-17,759,Clinical Passer,REWARDS,89,,,,Not Rarity: World Tour Silver Stars,0,,true,true,inferred,https://www.futbin.com/26/evolutions/759/clinical-passer
2026-04-17,760,Clinical Finisher,REWARDS,89,,,,Not Rarity: World Tour Silver Stars,0,,true,true,inferred,https://www.futbin.com/26/evolutions/760/clinical-finisher
2026-04-18,761,Bruiser+,REWARDS,89,,,,Not Rarity: World Tour Silver Stars,1,Bruiser,true,true,inferred,https://www.futbin.com/26/evolutions/761/bruiser
2026-04-18,762,Touchline Merchant,REWARDS,89,,,,Not Rarity: World Tour Silver Stars,0,,true,true,inferred,https://www.futbin.com/26/evolutions/762/touchline-merchant
2026-04-18,763,CB Distributor,EVOLUTIONS,88,,,CB,Not Rarity: World Tour Silver Stars,0,,true,2,exact,https://www.futbin.com/26/evolutions/763/cb-distributor
2026-04-18,764,TOTS Honourable Mentions,COSMETICS,,,,,Not Rarity: World Tour Silver Stars,0,,,2,exact,https://www.futbin.com/26/evolutions/764/tots-honourable-mentions
2026-04-19,765,The Swan of Utrecht,EVOLUTIONS,89,,91,ST,Not Rarity: World Tour Silver Stars,2,Low Driven Shot | Finesse Shot,,true,exact,https://www.futbin.com/26/evolutions/765/the-swan-of-utrecht
2026-04-20,766,Express Delivery,EVOLUTIONS,88,,,LB or RB,Not Rarity: World Tour Silver Stars,1,Quick Step,true,2,exact,https://www.futbin.com/26/evolutions/766/express-delivery
2026-04-21,767,Tricksy Hobbits,EVOLUTIONS,88,,,LW or RW,Not Rarity: World Tour Silver Stars,0,,true,2,exact,https://www.futbin.com/26/evolutions/767/tricksy-hobbits
2026-04-22,768,Columbus Conductor,EVOLUTIONS,88,,90,CDM,Not Rarity: World Tour Silver Stars,2,Pinged Pass | Intercept,true,true,exact,https://www.futbin.com/26/evolutions/768/columbus-conductor
2026-04-22,769,WTSS Journey 1 - Attacker,SEASON 7 LEVEL: 3,,,88,ST or RW or LW,Rarity: World Tour Silver Stars,0,,true,true,inferred,https://www.futbin.com/26/evolutions/769/wtss-journey-1-attacker
2026-04-22,770,Bruiser+,SEASON 7 LEVEL: 28,91,,,,Not Rarity: World Tour Silver Stars,1,Bruiser,true,true,inferred,https://www.futbin.com/26/evolutions/770/bruiser
2026-04-22,771,WTSS Journey 2 - Attacker,SEASON 7 LEVEL: 8,88,,90,ST or LW or RW,Rarity: World Tour Silver Stars,1,Low Driven Shot,true,true,inferred,https://www.futbin.com/26/evolutions/771/wtss-journey-2-attacker
2026-04-22,772,Attacker Roundout,SEASON 7 LEVEL: 1,89,,,,Not Rarity: World Tour Silver Stars,0,,true,20,inferred,https://www.futbin.com/26/evolutions/772/attacker-roundout
2026-04-22,773,WTSS Journey 1 - Defender,SEASON 7 LEVEL: 3,,,88,CB or LB or RB,Rarity: World Tour Silver Stars,0,,true,true,inferred,https://www.futbin.com/26/evolutions/773/wtss-journey-1-defender
2026-04-22,774,WTSS Journey 3 - Attacker,SEASON 7 LEVEL: 21,90,,,ST or LW or RW,Rarity: World Tour Silver Stars,2,Rapid | Technical,true,true,inferred,https://www.futbin.com/26/evolutions/774/wtss-journey-3-attacker
2026-04-22,775,Defender Roundout,SEASON 7 LEVEL: 1,89,,,,Not Rarity: World Tour Silver Stars,0,,true,10,inferred,https://www.futbin.com/26/evolutions/775/defender-roundout
2026-04-22,776,WTSS Journey 2 - Defender,SEASON 7 LEVEL: 8,88,,90,CB or LB or RB,Rarity: World Tour Silver Stars,1,Anticipate,true,true,inferred,https://www.futbin.com/26/evolutions/776/wtss-journey-2-defender
2026-04-23,777,Incisive Pass+,SEASON 7 LEVEL: 27,90,,,,Not Rarity: World Tour Silver Stars,1,Incisive Pass,true,true,inferred,https://www.futbin.com/26/evolutions/777/incisive-pass
2026-04-23,778,WTSS Journey 1 - Midfielder,SEASON 7 LEVEL: 3,,,88,CM or CAM or CDM,Rarity: World Tour Silver Stars,0,,true,true,inferred,https://www.futbin.com/26/evolutions/778/wtss-journey-1-midfielder
2026-04-23,779,WTSS Journey 2 - Midfielder,SEASON 7 LEVEL: 8,88,,90,CDM or CM or CAM,Rarity: World Tour Silver Stars,1,Incisive Pass,true,true,inferred,https://www.futbin.com/26/evolutions/779/wtss-journey-2-midfielder
2026-04-23,780,WTSS Journey 3 - Midfielder,SEASON 7 LEVEL: 21,90,,92,CM or CDM or CAM,Rarity: World Tour Silver Stars,2,Intercept | Tiki Taka,true,true,inferred,https://www.futbin.com/26/evolutions/780/wtss-journey-3-midfielder
2026-04-23,781,WTSS Journey 3 - Defender,SEASON 7 LEVEL: 21,90,,92,CB or LB or RB,Rarity: World Tour Silver Stars,2,Quick Step | Bruiser,true,true,inferred,https://www.futbin.com/26/evolutions/781/wtss-journey-3-defender
2026-04-23,782,Intercept+ & Quick Step+,REWARDS,89,,,,Not Rarity: World Tour Silver Stars,2,Intercept | Quick Step,true,true,inferred,https://www.futbin.com/26/evolutions/782/intercept--quick-step
2026-04-23,783,WTSS Attacker Boost,REWARDS,74,,,,Rarity: World Tour Silver Stars,3,Finesse Shot | Rapid | Low Driven Shot,true,true,inferred,https://www.futbin.com/26/evolutions/783/wtss-attacker-boost
2026-04-23,784,WTSS Defender Boost,REWARDS,74,,,,Rarity: World Tour Silver Stars,3,Intercept | Anticipate | Bruiser,true,true,inferred,https://www.futbin.com/26/evolutions/784/wtss-defender-boost
2026-04-23,785,Jockey+ & Bruiser+,REWARDS,89,,,,Not Rarity: World Tour Silver Stars,2,Jockey | Bruiser,true,true,inferred,https://www.futbin.com/26/evolutions/785/jockey--bruiser
2026-04-23,786,Back on Track,EVOLUTIONS,88,,,,Not Rarity: World Tour Silver Stars,0,,true,3,exact,https://www.futbin.com/26/evolutions/786/back-on-track
2026-04-24,787,The King of Highbury,EVOLUTIONS,90,,91,ST or LW,Not Rarity: World Tour Silver Stars,3,Rapid | Finesse Shot | First Touch,,true,exact,https://www.futbin.com/26/evolutions/787/the-king-of-highbury
2026-04-24,788,Power Up,EVOLUTIONS,88,,,,Not Rarity: World Tour Silver Stars,0,,true,5,inferred,https://www.futbin.com/26/evolutions/788/power-up
2026-04-24,789,Incisive Pass and Tiki Taka,REWARDS,89,,,,Not Rarity: World Tour Silver Stars,1,Incisive Pass,true,true,inferred,https://www.futbin.com/26/evolutions/789/incisive-pass-and-tiki-taka
2026-04-24,790,TIki Taka and Incisive Pass,REWARDS,89,,,,Not Rarity: World Tour Silver Stars,1,Tiki Taka,true,true,inferred,https://www.futbin.com/26/evolutions/790/tiki-taka-and-incisive-pass
2026-04-24,791,Quick Step and Bruiser,REWARDS,89,,,,Not Rarity: World Tour Silver Stars,0,,true,true,inferred,https://www.futbin.com/26/evolutions/791/quick-step-and-bruiser
2026-04-24,792,Pinged Pass and Finesse Shot,REWARDS,89,,,,Not Rarity: World Tour Silver Stars,0,,true,true,inferred,https://www.futbin.com/26/evolutions/792/pinged-pass-and-finesse-shot
2026-04-25,793,First Touch,REWARDS,89,,,,Not Rarity: World Tour Silver Stars,0,,true,true,inferred,https://www.futbin.com/26/evolutions/793/first-touch
2026-04-25,794,Technical,EVOLUTIONS,89,,,,Not Rarity: World Tour Silver Stars,0,,true,true,inferred,https://www.futbin.com/26/evolutions/794/technical
2026-04-25,795,Pinged Pass,REWARDS,89,,,,Not Rarity: World Tour Silver Stars,0,,true,true,inferred,https://www.futbin.com/26/evolutions/795/pinged-pass
2026-04-25,796,Quick Step,REWARDS,89,,,,Not Rarity: World Tour Silver Stars,0,,true,true,inferred,https://www.futbin.com/26/evolutions/796/quick-step
2026-04-25,797,Jockey,REWARDS,89,,,,Not Rarity: World Tour Silver Stars,0,,true,true,inferred,https://www.futbin.com/26/evolutions/797/jockey
2026-04-25,798,Fountain of Youth,EVOLUTIONS,88,,,,Not Rarity: World Tour Silver Stars,0,,true,3,exact,https://www.futbin.com/26/evolutions/798/fountain-of-youth
2026-04-25,799,Il Capitano,REWARDS,89,,91,CB,Not Rarity: World Tour Silver Stars,2,Intercept | Anticipate,true,true,inferred,https://www.futbin.com/26/evolutions/799/il-capitano
2026-04-26,800,Welsh Wonder Strike,REWARDS,87,,89,,Not Rarity: World Tour Silver Stars,2,Rapid | Low Driven Shot,true,true,inferred,https://www.futbin.com/26/evolutions/800/welsh-wonder-strike
2026-04-26,801,The Trailblazer,EVOLUTIONS,89,,91,RB,Not Rarity: World Tour Silver Stars,2,Jockey | Quick Step,,true,exact,https://www.futbin.com/26/evolutions/801/the-trailblazer
2026-04-27,802,Tie Interceptor,EVOLUTIONS,88,,,,Not Rarity: World Tour Silver Stars,1,Intercept,true,3,exact,https://www.futbin.com/26/evolutions/802/tie-interceptor
2026-04-27,803,Gamechanger+,REWARDS,89,,,,Not Rarity: World Tour Silver Stars,1,Gamechanger,true,true,inferred,https://www.futbin.com/26/evolutions/803/gamechanger
2026-04-27,804,Defensive Awareness,REWARDS,89,,,,Not Rarity: World Tour Silver Stars,0,,true,true,inferred,https://www.futbin.com/26/evolutions/804/defensive-awareness
2026-04-28,805,In Form,REWARDS,89,,,,Not Rarity: World Tour Silver Stars,0,,true,true,inferred,https://www.futbin.com/26/evolutions/805/in-form
2026-04-28,806,Intercept,REWARDS,89,,,,Not Rarity: World Tour Silver Stars,0,,true,true,inferred,https://www.futbin.com/26/evolutions/806/intercept
2026-04-28,807,Gamechanger,REWARDS,89,,,,Not Rarity: World Tour Silver Stars,0,,true,true,inferred,https://www.futbin.com/26/evolutions/807/gamechanger
2026-04-28,808,Rapid Gains,EVOLUTIONS,88,,,,Not Rarity: World Tour Silver Stars,0,,true,3,exact,https://www.futbin.com/26/evolutions/808/rapid-gains
2026-04-29,809,Flint & Steel,EVOLUTIONS,88,,90,CB,Not Rarity: World Tour Silver Stars,2,Bruiser | Precision Header,true,true,exact,https://www.futbin.com/26/evolutions/809/flint--steel
2026-04-30,810,Chrome Finishers,EVOLUTIONS,74,,,,Not Rarity: World Tour Silver Stars,1,Quick Step,true,3,exact,https://www.futbin.com/26/evolutions/810/chrome-finishers
2026-04-30,811,Anticipate,REWARDS,89,,,,Not Rarity: World Tour Silver Stars,0,,true,true,inferred,https://www.futbin.com/26/evolutions/811/anticipate
2026-05-01,812,Inventive,REWARDS,89,,,,Not Rarity: World Tour Silver Stars,0,,true,true,inferred,https://www.futbin.com/26/evolutions/812/inventive
2026-05-01,813,"Cut In, Say Less",EVOLUTIONS,90,,92,RM or RW,Not Rarity: World Tour Silver Stars,3,Finesse Shot | Technical | Gamechanger,,true,exact,https://www.futbin.com/26/evolutions/813/cut-in-say-less
2026-05-01,814,From Distance,REWARDS,89,,,,Not Rarity: World Tour Silver Stars,0,,true,true,inferred,https://www.futbin.com/26/evolutions/814/from-distance
2026-05-01,815,Pass IQ,REWARDS,89,,,,Not Rarity: World Tour Silver Stars,0,,true,5,inferred,https://www.futbin.com/26/evolutions/815/pass-iq
2026-05-01,816,Turbo Strength,REWARDS,89,,90,,Not Rarity: World Tour Silver Stars,0,,true,true,inferred,https://www.futbin.com/26/evolutions/816/turbo-strength
2026-05-01,817,Intercept & Aerial Fortress,REWARDS,89,,,,Not Rarity: World Tour Silver Stars,0,,true,true,inferred,https://www.futbin.com/26/evolutions/817/intercept--aerial-fortress
2026-05-02,818,Finesse Shot+,REWARDS,89,,,,Not Rarity: World Tour Silver Stars,1,Finesse Shot,true,true,inferred,https://www.futbin.com/26/evolutions/818/finesse-shot
2026-05-02,819,Long Ball Pass+ & Pinged Pass,REWARDS,89,,,,Not Rarity: World Tour Silver Stars,1,Long Ball Pass,true,true,inferred,https://www.futbin.com/26/evolutions/819/long-ball-pass--pinged-pass
2026-05-02,820,Creative Playmaker,REWARDS,89,,,,Not Rarity: World Tour Silver Stars,0,,true,true,inferred,https://www.futbin.com/26/evolutions/820/creative-playmaker
2026-05-02,821,Speed to Finish,REWARDS,89,,,,Not Rarity: World Tour Silver Stars,0,,true,true,inferred,https://www.futbin.com/26/evolutions/821/speed-to-finish
2026-05-02,822,Curve Your Enthusiasm,EVOLUTIONS,88,,,,Not Rarity: World Tour Silver Stars,0,,true,5,exact,https://www.futbin.com/26/evolutions/822/curve-your-enthusiasm
2026-05-03,823,Lightning Wingback,EVOLUTIONS,89,,91,LB,Not Rarity: World Tour Silver Stars,3,Bruiser | Quick Step | Jockey,,true,exact,https://www.futbin.com/26/evolutions/823/lightning-wingback
2026-05-04,824,Tiki Taka+,REWARDS,89,,,,Not Rarity: World Tour Silver Stars,1,Tiki Taka,true,true,inferred,https://www.futbin.com/26/evolutions/824/tiki-taka
2026-05-04,825,Steel Guard,EVOLUTIONS,74,,,,Not Rarity: World Tour Silver Stars,1,Anticipate,true,3,exact,https://www.futbin.com/26/evolutions/825/steel-guard
2026-05-04,826,Anticipate+ and Intercept,REWARDS,89,,,,Not Rarity: World Tour Silver Stars,1,Anticipate,true,true,inferred,https://www.futbin.com/26/evolutions/826/anticipate-and-intercept
2026-05-05,827,Technical+ and Finesse Shot,REWARDS,89,,,,Not Rarity: World Tour Silver Stars,1,Technical,true,true,inferred,https://www.futbin.com/26/evolutions/827/technical-and-finesse-shot
2026-05-05,828,Versatile Defender,REWARDS,89,,90,CB or LB or RB,Not Rarity: World Tour Silver Stars,2,Jockey | Intercept,true,true,inferred,https://www.futbin.com/26/evolutions/828/versatile-defender
2026-05-05,829,Gear 5,EVOLUTIONS,89,,91,,Not Rarity: World Tour Silver Stars,0,,,true,exact,https://www.futbin.com/26/evolutions/829/gear-5
2026-05-06,830,Fullback Takeover,EVOLUTIONS,89,,90,RB,Not Rarity: World Tour Silver Stars,3,Quick Step | Intercept | Pinged Pass,,true,exact,https://www.futbin.com/26/evolutions/830/fullback-takeover
2026-05-07,831,Lucky Number Seven,EVOLUTIONS,88,,,,Not Rarity: World Tour Silver Stars,0,,true,3,exact,https://www.futbin.com/26/evolutions/831/lucky-number-seven
2026-05-08,832,Le Président,EVOLUTIONS,90,,92,CB,Not Rarity: World Tour Silver Stars,3,Intercept | Anticipate | Aerial Fortress,,true,exact,https://www.futbin.com/26/evolutions/832/le-president
2026-05-08,833,First Touch+,REWARDS,89,,,,Not Rarity: World Tour Silver Stars,1,First Touch,true,true,inferred,https://www.futbin.com/26/evolutions/833/first-touch
2026-05-08,834,Rapid+,REWARDS,89,,,,Not Rarity: World Tour Silver Stars,1,Rapid,true,true,inferred,https://www.futbin.com/26/evolutions/834/rapid
2026-05-09,835,Intercept and Pinged Pass,REWARDS,89,,,,Not Rarity: World Tour Silver Stars,0,,true,true,inferred,https://www.futbin.com/26/evolutions/835/intercept-and-pinged-pass
2026-05-09,836,Tiki Taka and Low Driven Shot,REWARDS,89,,,,Not Rarity: World Tour Silver Stars,0,,true,true,inferred,https://www.futbin.com/26/evolutions/836/tiki-taka-and-low-driven-shot
2026-05-09,837,Cat Like Reflexes,EVOLUTIONS,90,,92,GK,Not Rarity: World Tour Silver Stars,2,Far Reach | Rush Out,true,true,exact,https://www.futbin.com/26/evolutions/837/cat-like-reflexes
2026-05-09,838,TOTS Honourable Mentions,COSMETICS,,,,,Not Rarity: World Tour Silver Stars,0,,,2,exact,https://www.futbin.com/26/evolutions/838/tots-honourable-mentions
2026-05-10,839,Maestro Unbound,EVOLUTIONS,,,,,Not Rarity: World Tour Silver Stars,0,,,2,exact,https://www.futbin.com/26/evolutions/839/maestro-unbound
2026-05-11,840,Polished Pivot,EVOLUTIONS,74,,,,Not Rarity: World Tour Silver Stars,2,Incisive Pass | Pinged Pass,true,3,exact,https://www.futbin.com/26/evolutions/840/polished-pivot
2026-05-11,841,Quick Step+ and Jockey,REWARDS,89,,,,Not Rarity: World Tour Silver Stars,1,Quick Step,true,true,inferred,https://www.futbin.com/26/evolutions/841/quick-step-and-jockey
2026-05-12,842,Tri-Control,REWARDS,89,,,,Not Rarity: World Tour Silver Stars,0,,true,true,inferred,https://www.futbin.com/26/evolutions/842/tri-control
2026-05-12,843,Quick Twitch,EVOLUTIONS,88,,,,Not Rarity: World Tour Silver Stars,0,,true,8,exact,https://www.futbin.com/26/evolutions/843/quick-twitch
2026-05-13,844,Midfield Migration,EVOLUTIONS,89,,91,LB,Not Rarity: World Tour Silver Stars,3,Intercept | Pinged Pass | Technical,,true,exact,https://www.futbin.com/26/evolutions/844/midfield-migration
2026-05-14,845,Keep the Ball,EVOLUTIONS,88,,,,Not Rarity: World Tour Silver Stars,0,,true,5,exact,https://www.futbin.com/26/evolutions/845/keep-the-ball
2026-05-15,846,TOTS Career Path - Starter,EVOLUTIONS,89,,90,ST,Not Rarity: World Tour Silver Stars,0,,true,true,exact,https://www.futbin.com/26/evolutions/846/tots-career-path-starter
2026-05-15,847,Total Football,EVOLUTIONS,91,,93,CAM,Not Rarity: World Tour Silver Stars,3,Finesse Shot | Tiki Taka | Incisive Pass,,true,inferred,https://www.futbin.com/26/evolutions/847/total-football
2026-05-16,848,Low Driven+,REWARDS,90,,,,Not Rarity: World Tour Silver Stars,1,Low Driven Shot,true,true,inferred,https://www.futbin.com/26/evolutions/848/low-driven
2026-05-16,849,Five Star Phenom,EVOLUTIONS,89,,,,Not Rarity: World Tour Silver Stars,0,,true,true,exact,https://www.futbin.com/26/evolutions/849/five-star-phenom
2026-05-17,850,TOTS Career Path II - LM,EVOLUTIONS,90,,91,,Rarity: TOTS Evolution,1,Finesse Shot,true,true,exact,https://www.futbin.com/26/evolutions/850/tots-career-path-ii-lm
2026-05-17,851,TOTS Career Path II - RM,EVOLUTIONS,90,,91,,Rarity: TOTS Evolution,1,Finesse Shot,true,true,exact,https://www.futbin.com/26/evolutions/851/tots-career-path-ii-rm
2026-05-17,852,TOTS Career Path II - CAM,EVOLUTIONS,90,,91,,Rarity: TOTS Evolution,1,Incisive Pass,true,true,exact,https://www.futbin.com/26/evolutions/852/tots-career-path-ii-cam
2026-05-18,853,Elite Link-Up,EVOLUTIONS,89,,,,Not Rarity: World Tour Silver Stars,0,,true,4,exact,https://www.futbin.com/26/evolutions/853/elite-link-up
2026-05-18,854,Backline Instinct,REWARDS,90,,,,Not Rarity: World Tour Silver Stars,0,,true,5,inferred,https://www.futbin.com/26/evolutions/854/backline-instinct
2026-05-18,855,Far Reach+,REWARDS,90,,,GK,Not Rarity: World Tour Silver Stars,1,Far Reach,true,true,inferred,https://www.futbin.com/26/evolutions/855/far-reach
2026-05-18,856,Enforcer+,REWARDS,90,,,,Not Rarity: World Tour Silver Stars,1,Enforcer,true,true,inferred,https://www.futbin.com/26/evolutions/856/enforcer
2026-05-19,857,Quick Step,REWARDS,90,,,,Not Rarity: World Tour Silver Stars,0,,true,true,inferred,https://www.futbin.com/26/evolutions/857/quick-step
2026-05-19,858,Defensive Perfection,REWARDS,90,,,,Not Rarity: World Tour Silver Stars,0,,true,true,inferred,https://www.futbin.com/26/evolutions/858/defensive-perfection
2026-05-19,859,Attacking Excellence,REWARDS,90,,,,Not Rarity: World Tour Silver Stars,0,,true,true,inferred,https://www.futbin.com/26/evolutions/859/attacking-excellence
2026-05-19,860,Sterling Ascension,REWARDS,74,,92,,Not Rarity: World Tour Silver Stars,3,Quick Step | Pinged Pass | Press Proven,true,true,inferred,https://www.futbin.com/26/evolutions/860/sterling-ascension
2026-05-19,861,Defensive Masterclass,EVOLUTIONS,,,,,Not Rarity: World Tour Silver Stars,0,,,2,exact,https://www.futbin.com/26/evolutions/861/defensive-masterclass
2026-05-20,862,TOTS Career Path III - LW,EVOLUTIONS,91,,93,,Rarity: TOTS Evolution,2,Rapid | Pinged Pass,true,true,exact,https://www.futbin.com/26/evolutions/862/tots-career-path-iii-lw
2026-05-20,863,TOTS Career Path III - RW,EVOLUTIONS,91,,93,,Rarity: TOTS Evolution,2,Rapid | Pinged Pass,true,true,exact,https://www.futbin.com/26/evolutions/863/tots-career-path-iii-rw
2026-05-20,864,TOTS Career Path III - CM,EVOLUTIONS,91,,93,,Rarity: TOTS Evolution,2,Intercept | Tiki Taka,true,true,exact,https://www.futbin.com/26/evolutions/864/tots-career-path-iii-cm
2026-05-21,865,Composed Authority,EVOLUTIONS,90,,92,CB,Not Rarity: World Tour Silver Stars,2,Anticipate | Jockey,,true,exact,https://www.futbin.com/26/evolutions/865/composed-authority
2026-05-22,866,Making the Case,EVOLUTIONS,91,,93,CDM,Not Rarity: World Tour Silver Stars,3,Intercept | Pinged Pass | Anticipate,,true,exact,https://www.futbin.com/26/evolutions/866/making-the-case
2026-05-23,867,Polished Perfection,TRAINING CAMP,89,,91,,Not Rarity: World Tour Silver Stars,2,Low Driven Shot | Gamechanger,true,true,inferred,https://www.futbin.com/26/evolutions/867/polished-perfection
2026-05-23,868,Poldi's Strike,EVOLUTIONS,89,,91,LW,Not Rarity: World Tour Silver Stars,3,Low Driven Shot | Quick Step | Finesse Shot,true,true,exact,https://www.futbin.com/26/evolutions/868/poldis-strike
2026-05-24,869,Dash & Dazzle,EVOLUTIONS,,,,,Not Rarity: World Tour Silver Stars,0,,,2,exact,https://www.futbin.com/26/evolutions/869/dash--dazzle
2026-05-25,870,Spinning Top,EVOLUTIONS,89,,,,Not Rarity: World Tour Silver Stars,0,,true,5,exact,https://www.futbin.com/26/evolutions/870/spinning-top
2026-05-26,871,Tater TOTS,EVOLUTIONS,89,,,,Not Rarity: World Tour Silver Stars,0,,true,5,exact,https://www.futbin.com/26/evolutions/871/tater-tots
2026-05-27,872,The GOATkeeper,EVOLUTIONS,90,,92,GK,Not Rarity: World Tour Silver Stars,3,Far Reach | Pinged Pass | Footwork,,true,exact,https://www.futbin.com/26/evolutions/872/the-goatkeeper
2026-05-27,873,Gamechanger+,EVOLUTIONS,90,,,,Not Rarity: World Tour Silver Stars,1,Gamechanger,true,true,inferred,https://www.futbin.com/26/evolutions/873/gamechanger
2026-05-27,874,Quick Step+,EVOLUTIONS,90,,,,Not Rarity: World Tour Silver Stars,1,Quick Step,true,true,inferred,https://www.futbin.com/26/evolutions/874/quick-step
2026-05-28,875,Pinged Pass+,EVOLUTIONS,90,,,,Not Rarity: World Tour Silver Stars,1,Pinged Pass,true,true,inferred,https://www.futbin.com/26/evolutions/875/pinged-pass
2026-05-28,876,Perfect Timing,EVOLUTIONS,90,,,,Not Rarity: World Tour Silver Stars,0,,true,3,inferred,https://www.futbin.com/26/evolutions/876/perfect-timing
2026-05-28,877,Ultimate End,COSMETICS,,,,,Not Rarity: World Tour Silver Stars,0,,true,2,exact,https://www.futbin.com/26/evolutions/877/ultimate-end
2026-05-29,878,History in Ten,EVOLUTIONS,91,,93,ST,Not Rarity: World Tour Silver Stars,3,Finesse Shot | Low Driven Shot | Rapid,,true,exact,https://www.futbin.com/26/evolutions/878/history-in-ten
2026-05-29,879,Smooth Operator,EVOLUTIONS,89,,,,Not Rarity: World Tour Silver Stars,1,First Touch,true,2,exact,https://www.futbin.com/26/evolutions/879/smooth-operator
2026-05-30,880,Enforcer+,REWARDS,90,,,,Not Rarity: World Tour Silver Stars,1,Enforcer,true,true,inferred,https://www.futbin.com/26/evolutions/880/enforcer
2026-05-30,881,Goal Bound,EVOLUTIONS,,,,,Not Rarity: World Tour Silver Stars,1,Low Driven Shot,,2,exact,https://www.futbin.com/26/evolutions/881/goal-bound
2026-05-30,882,Prime Heroes,COSMETICS,,,,,Not Rarity: World Tour Silver Stars,0,,,2,exact,https://www.futbin.com/26/evolutions/882/prime-heroes
2026-05-31,883,Born to Roam,EVOLUTIONS,90,,92,LM,Not Rarity: World Tour Silver Stars,3,Technical | Rapid | Pinged Pass,,true,exact,https://www.futbin.com/26/evolutions/883/born-to-roam
2026-06-01,884,Rock & Resolve,EVOLUTIONS,,,,,Not Rarity: World Tour Silver Stars,1,Intercept,,2,exact,https://www.futbin.com/26/evolutions/884/rock--resolve
2026-06-02,885,Street Slick,EVOLUTIONS,89,,,,Not Rarity: World Tour Silver Stars,0,,true,5,exact,https://www.futbin.com/26/evolutions/885/street-slick
2026-06-03,886,Technical+,REWARDS,90,,,,Not Rarity: World Tour Silver Stars,1,Technical,true,true,inferred,https://www.futbin.com/26/evolutions/886/technical
2026-06-03,887,Perfect Poise,EVOLUTIONS,90,,,,Not Rarity: World Tour Silver Stars,3,Quick Step | Press Proven | Enforcer,,true,exact,https://www.futbin.com/26/evolutions/887/perfect-poise
2026-06-03,888,Far Reach+,PLAYSTYLES+ LAB,,,,GK,,1,Far Reach,true,Unlimited,inferred,https://www.futbin.com/26/evolutions/888/far-reach
2026-06-03,889,Technical+,PLAYSTYLES+ LAB,,,,,,1,Technical,true,Unlimited,inferred,https://www.futbin.com/26/evolutions/889/technical
2026-06-03,890,Intercept+,PLAYSTYLES+ LAB,,,,,,1,Intercept,true,Unlimited,inferred,https://www.futbin.com/26/evolutions/890/intercept
2026-06-03,891,Tiki Taka+,PLAYSTYLES+ LAB,,,,,,1,Tiki Taka,true,Unlimited,inferred,https://www.futbin.com/26/evolutions/891/tiki-taka
2026-06-03,892,Low Driven Shot+,PLAYSTYLES+ LAB,,,,,,1,Low Driven Shot,true,Unlimited,inferred,https://www.futbin.com/26/evolutions/892/low-driven-shot
2026-06-03,893,Footwork+,PLAYSTYLES+ LAB,,,,GK,,1,Footwork,true,Unlimited,inferred,https://www.futbin.com/26/evolutions/893/footwork
2026-06-03,894,Jockey+,PLAYSTYLES+ LAB,,,,,,1,Jockey,true,Unlimited,inferred,https://www.futbin.com/26/evolutions/894/jockey
2026-06-03,895,Anticipate+,PLAYSTYLES+ LAB,,,,,,1,Anticipate,true,Unlimited,inferred,https://www.futbin.com/26/evolutions/895/anticipate
2026-06-03,896,Finesse Shot+,PLAYSTYLES+ LAB,,,,,,1,Finesse Shot,true,Unlimited,inferred,https://www.futbin.com/26/evolutions/896/finesse-shot
2026-06-03,897,Incisive Pass+,PLAYSTYLES+ LAB,,,,,,1,Incisive Pass,true,Unlimited,inferred,https://www.futbin.com/26/evolutions/897/incisive-pass
2026-06-03,898,Quick Step+,PLAYSTYLES+ LAB,,,,,,1,Quick Step,true,Unlimited,inferred,https://www.futbin.com/26/evolutions/898/quick-step
2026-06-03,899,Rapid+,PLAYSTYLES+ LAB,,,,,,1,Rapid,true,Unlimited,inferred,https://www.futbin.com/26/evolutions/899/rapid
2026-06-03,900,Pinged Pass+,PLAYSTYLES+ LAB,,,,,,1,Pinged Pass,true,Unlimited,inferred,https://www.futbin.com/26/evolutions/900/pinged-pass
2026-06-03,901,Bruiser+,PLAYSTYLES+ LAB,,,,,,1,Bruiser,true,Unlimited,inferred,https://www.futbin.com/26/evolutions/901/bruiser
2026-06-03,902,Relentless+,PLAYSTYLES+ LAB,,,,,,1,Relentless,true,Unlimited,inferred,https://www.futbin.com/26/evolutions/902/relentless
2026-06-03,903,Long Ball Pass+,PLAYSTYLES+ LAB,,,,,,1,Long Ball Pass,true,Unlimited,inferred,https://www.futbin.com/26/evolutions/903/long-ball-pass
2026-06-03,904,Inventive+,PLAYSTYLES+ LAB,,,,,,1,Inventive,true,Unlimited,inferred,https://www.futbin.com/26/evolutions/904/inventive
2026-06-03,905,Cross Claimer+,PLAYSTYLES+ LAB,,,,GK,,1,Cross Claimer,true,Unlimited,inferred,https://www.futbin.com/26/evolutions/905/cross-claimer
2026-06-04,906,First Touch+,PLAYSTYLES+ LAB,,,,,,1,First Touch,true,Unlimited,inferred,https://www.futbin.com/26/evolutions/906/first-touch
2026-06-04,907,1v1 Close Down+,PLAYSTYLES+ LAB,,,,GK,,1,Rush Out,true,Unlimited,inferred,https://www.futbin.com/26/evolutions/907/1v1-close-down
2026-06-04,908,Trickster+,PLAYSTYLES+ LAB,,,,,,1,Trickster,true,Unlimited,inferred,https://www.futbin.com/26/evolutions/908/trickster
2026-06-04,909,Press Proven+,PLAYSTYLES+ LAB,,,,,,1,Press Proven,true,Unlimited,inferred,https://www.futbin.com/26/evolutions/909/press-proven
2026-06-04,910,Block+,PLAYSTYLES+ LAB,,,,,,1,Block,true,Unlimited,inferred,https://www.futbin.com/26/evolutions/910/block
2026-06-04,911,Gamechanger+,PLAYSTYLES+ LAB,,,,,,1,Gamechanger,true,Unlimited,inferred,https://www.futbin.com/26/evolutions/911/gamechanger
2026-06-04,912,Deflector+,PLAYSTYLES+ LAB,,,,GK,,1,Deflector,true,Unlimited,inferred,https://www.futbin.com/26/evolutions/912/deflector
2026-06-04,913,Power Shot+,PLAYSTYLES+ LAB,,,,,,1,Power Shot,true,Unlimited,inferred,https://www.futbin.com/26/evolutions/913/power-shot
2026-06-04,914,Enforcer+,PLAYSTYLES+ LAB,,,,,,1,Enforcer,true,Unlimited,inferred,https://www.futbin.com/26/evolutions/914/enforcer
2026-06-04,915,Chip Shot+,PLAYSTYLES+ LAB,,,,,,1,Chip Shot,true,Unlimited,inferred,https://www.futbin.com/26/evolutions/915/chip-shot
2026-06-04,916,Acrobatic+,PLAYSTYLES+ LAB,,,,,,1,Acrobatic,true,Unlimited,inferred,https://www.futbin.com/26/evolutions/916/acrobatic
2026-06-04,917,Dead Ball+,PLAYSTYLES+ LAB,,,,,,1,Dead Ball,true,Unlimited,inferred,https://www.futbin.com/26/evolutions/917/dead-ball
2026-06-04,918,Slide Tackle+,PLAYSTYLES+ LAB,,,,,,1,Slide Tackle,true,Unlimited,inferred,https://www.futbin.com/26/evolutions/918/slide-tackle
2026-06-04,919,Long Throw+,PLAYSTYLES+ LAB,,,,,,1,Long Throw,true,Unlimited,inferred,https://www.futbin.com/26/evolutions/919/long-throw
2026-06-04,920,Aerial Fortress+,PLAYSTYLES+ LAB,,,,,,1,Aerial Fortress,true,Unlimited,inferred,https://www.futbin.com/26/evolutions/920/aerial-fortress
2026-06-04,921,Far Throw+,PLAYSTYLES+ LAB,,,,GK,,1,Far Throw,true,Unlimited,inferred,https://www.futbin.com/26/evolutions/921/far-throw
2026-06-04,922,Whipped Pass+,PLAYSTYLES+ LAB,,,,,,1,Whipped Pass,true,Unlimited,inferred,https://www.futbin.com/26/evolutions/922/whipped-pass
2026-06-04,923,Precision Header+,PLAYSTYLES+ LAB,,,,,,1,Precision Header,true,Unlimited,inferred,https://www.futbin.com/26/evolutions/923/precision-header
2026-06-04,924,GK Roles++,ROLES,96,,,GK,,0,,,11,exact,https://www.futbin.com/26/evolutions/924/gk-roles
2026-06-04,925,CB Roles++,ROLES,96,,,CB,,0,,,11,exact,https://www.futbin.com/26/evolutions/925/cb-roles
2026-06-04,926,LB Roles++,ROLES,96,,,LB,,0,,,11,exact,https://www.futbin.com/26/evolutions/926/lb-roles
2026-06-04,927,RB Roles++,ROLES,96,,,RB,,0,,,11,exact,https://www.futbin.com/26/evolutions/927/rb-roles
2026-06-04,928,CDM Roles++,ROLES,96,,,CDM,,0,,,11,exact,https://www.futbin.com/26/evolutions/928/cdm-roles
2026-06-04,929,CM Roles++,ROLES,96,,,CM,,0,,,11,exact,https://www.futbin.com/26/evolutions/929/cm-roles
2026-06-04,930,CAM Roles++,ROLES,96,,,CAM,,0,,,11,exact,https://www.futbin.com/26/evolutions/930/cam-roles
2026-06-04,931,LM Roles++,ROLES,96,,,LM,,0,,,11,exact,https://www.futbin.com/26/evolutions/931/lm-roles
2026-06-04,932,RM Roles++,ROLES,96,,,RM,,0,,,11,exact,https://www.futbin.com/26/evolutions/932/rm-roles
2026-06-04,933,ST Roles++,ROLES,96,,,ST,,0,,,11,exact,https://www.futbin.com/26/evolutions/933/st-roles
2026-06-04,934,RW Roles++,ROLES,96,,,RW,,0,,,11,exact,https://www.futbin.com/26/evolutions/934/rw-roles
2026-06-04,935,LW Roles++,ROLES,96,,,LW,,0,,,11,inferred,https://www.futbin.com/26/evolutions/935/lw-roles
2026-06-04,936,Finesse Shot,PLAYSTYLES LAB,,,,,,0,,true,Unlimited,exact,https://www.futbin.com/26/evolutions/936/finesse-shot
2026-06-04,937,Intercept,PLAYSTYLES LAB,,,,,,0,,true,Unlimited,exact,https://www.futbin.com/26/evolutions/937/intercept
2026-06-04,938,Incisive Pass,PLAYSTYLES LAB,,,,,,0,,true,Unlimited,exact,https://www.futbin.com/26/evolutions/938/incisive-pass
2026-06-04,939,Quick Step,PLAYSTYLES LAB,,,,,,0,,true,Unlimited,exact,https://www.futbin.com/26/evolutions/939/quick-step
2026-06-04,940,Tiki Taka,PLAYSTYLES LAB,,,,,,0,,true,Unlimited,exact,https://www.futbin.com/26/evolutions/940/tiki-taka
2026-06-04,941,Bruiser,PLAYSTYLES LAB,,,,,,0,,true,Unlimited,exact,https://www.futbin.com/26/evolutions/941/bruiser
2026-06-04,942,Pinged Pass,PLAYSTYLES LAB,,,,,,0,,true,Unlimited,exact,https://www.futbin.com/26/evolutions/942/pinged-pass
2026-06-04,943,Rapid,PLAYSTYLES LAB,,,,,,0,,true,Unlimited,exact,https://www.futbin.com/26/evolutions/943/rapid
2026-06-04,944,Jockey,PLAYSTYLES LAB,,,,,,0,,true,Unlimited,exact,https://www.futbin.com/26/evolutions/944/jockey
2026-06-04,945,Anticipate,PLAYSTYLES LAB,,,,,,0,,true,Unlimited,exact,https://www.futbin.com/26/evolutions/945/anticipate
2026-06-04,946,Low Driven Shot,PLAYSTYLES LAB,,,,,,0,,true,Unlimited,exact,https://www.futbin.com/26/evolutions/946/low-driven-shot
2026-06-04,947,Far Reach,PLAYSTYLES LAB,,,,GK,,0,,true,Unlimited,exact,https://www.futbin.com/26/evolutions/947/far-reach
2026-06-04,948,Footwork,PLAYSTYLES LAB,,,,GK,,0,,true,Unlimited,exact,https://www.futbin.com/26/evolutions/948/footwork
2026-06-04,949,Technical,PLAYSTYLES LAB,,,,,,0,,true,Unlimited,exact,https://www.futbin.com/26/evolutions/949/technical
2026-06-04,950,Enforcer,PLAYSTYLES LAB,,,,,,0,,true,Unlimited,exact,https://www.futbin.com/26/evolutions/950/enforcer
2026-06-04,951,Long Ball Pass,PLAYSTYLES LAB,,,,,,0,,true,Unlimited,exact,https://www.futbin.com/26/evolutions/951/long-ball-pass
2026-06-04,952,Deflector,PLAYSTYLES LAB,,,,GK,,0,,true,Unlimited,inferred,https://www.futbin.com/26/evolutions/952/deflector
2026-06-04,953,Trickster,PLAYSTYLES LAB,,,,,,0,,true,Unlimited,inferred,https://www.futbin.com/26/evolutions/953/trickster
2026-06-04,954,Gamechanger,PLAYSTYLES LAB,,,,,,0,,true,Unlimited,inferred,https://www.futbin.com/26/evolutions/954/gamechanger
2026-06-04,955,Cross Claimer,PLAYSTYLES LAB,,,,GK,,0,,true,Unlimited,exact,https://www.futbin.com/26/evolutions/955/cross-claimer
2026-06-04,956,Press Proven,PLAYSTYLES LAB,,,,,,0,,true,Unlimited,inferred,https://www.futbin.com/26/evolutions/956/press-proven
2026-06-04,957,Block,PLAYSTYLES LAB,,,,,,0,,true,Unlimited,inferred,https://www.futbin.com/26/evolutions/957/block
2026-06-04,958,Inventive,PLAYSTYLES LAB,,,,,,0,,true,Unlimited,inferred,https://www.futbin.com/26/evolutions/958/inventive
2026-06-04,959,Power Shot,PLAYSTYLES LAB,,,,,,0,,true,Unlimited,inferred,https://www.futbin.com/26/evolutions/959/power-shot
2026-06-04,960,1v1 Close Down,PLAYSTYLES LAB,,,,GK,,0,,true,Unlimited,exact,https://www.futbin.com/26/evolutions/960/1v1-close-down
2026-06-04,961,Relentless,PLAYSTYLES LAB,,,,,,0,,true,Unlimited,inferred,https://www.futbin.com/26/evolutions/961/relentless
2026-06-04,962,First Touch,PLAYSTYLES LAB,,,,,,0,,true,Unlimited,inferred,https://www.futbin.com/26/evolutions/962/first-touch
2026-06-04,963,Far Throw,PLAYSTYLES LAB,,,,GK,,0,,true,Unlimited,exact,https://www.futbin.com/26/evolutions/963/far-throw
2026-06-04,964,Whipped Pass,PLAYSTYLES LAB,,,,,,0,,true,Unlimited,exact,https://www.futbin.com/26/evolutions/964/whipped-pass
2026-06-04,965,Slide Tackle,PLAYSTYLES LAB,,,,,,0,,true,Unlimited,inferred,https://www.futbin.com/26/evolutions/965/slide-tackle
2026-06-04,966,Aerial Fortress,PLAYSTYLES LAB,,,,,,0,,true,Unlimited,inferred,https://www.futbin.com/26/evolutions/966/aerial-fortress
2026-06-04,967,Chip Shot,PLAYSTYLES LAB,,,,,,0,,true,Unlimited,inferred,https://www.futbin.com/26/evolutions/967/chip-shot
2026-06-04,968,Precision Header,PLAYSTYLES LAB,,,,,,0,,true,Unlimited,exact,https://www.futbin.com/26/evolutions/968/precision-header
2026-06-04,969,Acrobatic,PLAYSTYLES LAB,,,,,,0,,true,Unlimited,inferred,https://www.futbin.com/26/evolutions/969/acrobatic
2026-06-04,970,Long Throw,PLAYSTYLES LAB,,,,,,0,,true,Unlimited,inferred,https://www.futbin.com/26/evolutions/970/long-throw
2026-06-04,971,Dead Ball,PLAYSTYLES LAB,,,,,,0,,true,Unlimited,inferred,https://www.futbin.com/26/evolutions/971/dead-ball
2026-06-04,972,Finesse Shot+,SEASON 8 LEVEL: 28,94,,,,Not Rarity: World Tour Silver Stars,1,Finesse Shot,true,true,inferred,https://www.futbin.com/26/evolutions/972/finesse-shot
2026-06-04,973,Intercept+,SEASON 8 LEVEL: 27,93,,,,Not Rarity: World Tour Silver Stars,1,Intercept,true,true,inferred,https://www.futbin.com/26/evolutions/973/intercept
2026-06-04,974,The Main Event,2000 FOF TOKENS,92,,97,ST,Not Rarity: World Tour Silver Stars,2,Finesse Shot | Incisive Pass,,true,inferred,https://www.futbin.com/26/evolutions/974/the-main-event
2026-06-04,975,Deadeye,SEASON 8 LEVEL: 21,90,,91,,Not Rarity: World Tour Silver Stars,2,Finesse Shot | Low Driven Shot,true,3,inferred,https://www.futbin.com/26/evolutions/975/deadeye
2026-06-04,976,No Looking Back,SEASON 8 LEVEL: 18,,,,,Not Rarity: World Tour Silver Stars,1,Quick Step,true,true,inferred,https://www.futbin.com/26/evolutions/976/no-looking-back
2026-06-04,977,Afterburner,SEASON 8 LEVEL: 10,92,,93,,Not Rarity: World Tour Silver Stars,0,,true,5,inferred,https://www.futbin.com/26/evolutions/977/afterburner
2026-06-04,978,Covering Ground,SEASON 8 LEVEL: 1,92,,95,,Not Rarity: World Tour Silver Stars,0,,true,8,inferred,https://www.futbin.com/26/evolutions/978/covering-ground
2026-06-04,979,Gold Standard,500 FOF TOKENS,92,,94,,Not Rarity: World Tour Silver Stars,0,,,true,inferred,https://www.futbin.com/26/evolutions/979/gold-standard
2026-06-04,980,Old School Winger,SEASON 8 LEVEL: 1,90,,92,,Not Rarity: World Tour Silver Stars,0,,true,8,inferred,https://www.futbin.com/26/evolutions/980/old-school-winger
2026-06-04,981,One Step Ahead,100 FOF TOKENS,91,,,,Not Rarity: World Tour Silver Stars,0,,,true,inferred,https://www.futbin.com/26/evolutions/981/one-step-ahead
2026-06-04,982,Try Again Tomorrow,SEASON 8 LEVEL: 8,90,,,,Not Rarity: World Tour Silver Stars,0,,true,3,inferred,https://www.futbin.com/26/evolutions/982/try-again-tomorrow
2026-06-04,983,Relentless Rise,REWARDS,91,,92,ST or LW or RW,Not Rarity: World Tour Silver Stars,2,Finesse Shot | Technical,true,true,inferred,https://www.futbin.com/26/evolutions/983/relentless-rise
2026-06-04,984,Chasing the Spotlight,REWARDS,92,,94,,Not Rarity: World Tour Silver Stars,2,Rapid | Low Driven Shot,true,true,inferred,https://www.futbin.com/26/evolutions/984/chasing-the-spotlight
2026-06-04,985,Low Driven Shot+,REWARDS,91,,,,Not Rarity: World Tour Silver Stars,1,Low Driven Shot,true,true,inferred,https://www.futbin.com/26/evolutions/985/low-driven-shot
2026-06-04,986,Memo's Legacy,REWARDS,91,,92,GK,Not Rarity: World Tour Silver Stars,2,Rush Out | Far Reach,true,true,inferred,https://www.futbin.com/26/evolutions/986/memos-legacy
2026-06-04,987,El Kaiser,REWARDS,91,,93,CB,Not Rarity: World Tour Silver Stars,2,Anticipate | Bruiser,true,true,inferred,https://www.futbin.com/26/evolutions/987/el-kaiser
2026-06-04,988,Street Soccer,REWARDS,91,,92,CM,Not Rarity: World Tour Silver Stars,2,Intercept | Incisive Pass,true,true,inferred,https://www.futbin.com/26/evolutions/988/street-soccer
2026-06-04,989,Star Chaser,REWARDS,91,,93,,Not Rarity: World Tour Silver Stars,2,Quick Step | Jockey,true,true,inferred,https://www.futbin.com/26/evolutions/989/star-chaser
2026-06-04,990,"Pass, Eh",REWARDS,91,,,,Not Rarity: World Tour Silver Stars,0,,true,true,inferred,https://www.futbin.com/26/evolutions/990/pass-eh
2026-06-04,991,Anfield's Wall,EVOLUTIONS,90,,93,CB or RB,Not Rarity: World Tour Silver Stars,3,Bruiser | Anticipate | Jockey,,true,exact,https://www.futbin.com/26/evolutions/991/anfields-wall
2026-06-04,992,Path to Glory Cosmetic,REWARDS,,,,,Not Rarity: World Tour Silver Stars,0,,true,true,inferred,https://www.futbin.com/26/evolutions/992/path-to-glory-cosmetic
2026-06-05,993,Donovation,EVOLUTIONS,91,,93,CAM,Not Rarity: World Tour Silver Stars,3,Finesse Shot | Technical | Low Driven Shot,,true,inferred,https://www.futbin.com/26/evolutions/993/donovation
2026-06-05,994,FoF Pelé I - RW/LW,FOF: PELÉ,,,,,Rarity: Festival of Football Icon,1,Finesse Shot,true,true,exact,https://www.futbin.com/26/evolutions/994/fof-pele-i-rwlw
2026-06-05,995,FoF Pelé I - CM,FOF: PELÉ,,,,,Rarity: Festival of Football Icon,1,Incisive Pass,true,true,exact,https://www.futbin.com/26/evolutions/995/fof-pele-i-cm
2026-06-05,996,FoF Pelé I - ST,FOF: PELÉ,,,,,Rarity: Festival of Football Icon,1,Low Driven Shot,true,true,exact,https://www.futbin.com/26/evolutions/996/fof-pele-i-st
2026-06-05,997,Meep Meep,TRAINING CAMP,90,,92,LB,Not Rarity: World Tour Silver Stars,3,Quick Step | Intercept | Pinged Pass,true,true,exact,https://www.futbin.com/26/evolutions/997/meep-meep
2026-06-06,998,Inch Perfect,EVOLUTIONS,91,,,,Not Rarity: World Tour Silver Stars,0,,,2,exact,https://www.futbin.com/26/evolutions/998/inch-perfect
2026-06-06,999,The Iron 9,REWARDS,91,,93,ST,Not Rarity: World Tour Silver Stars,1,Finesse Shot,true,2,inferred,https://www.futbin.com/26/evolutions/999/the-iron-9
2026-06-07,1000,Trequartista,REWARDS,91,,93,CM,Not Rarity: World Tour Silver Stars,1,Technical,true,2,inferred,https://www.futbin.com/26/evolutions/1000/trequartista
2026-06-07,1001,Five Star Phenom II,REWARDS,91,,,,Not Rarity: World Tour Silver Stars,0,,true,true,inferred,https://www.futbin.com/26/evolutions/1001/five-star-phenom-ii
2026-06-07,1002,Defence Wins Championships,REWARDS,91,,,,Not Rarity: World Tour Silver Stars,0,,true,true,inferred,https://www.futbin.com/26/evolutions/1002/defence-wins-championships
2026-06-08,1003,Rapid+,REWARDS,90,,,,Not Rarity: World Tour Silver Stars,1,Rapid,true,true,inferred,https://www.futbin.com/26/evolutions/1003/rapid
2026-06-08,1004,Hawk Eye,EVOLUTIONS,91,,93,,Not Rarity: World Tour Silver Stars,3,Quick Step | Finesse Shot | Gamechanger,,true,exact,https://www.futbin.com/26/evolutions/1004/hawk-eye
2026-06-09,1005,Free Kick Mastery,EVOLUTIONS,90,,,,Not Rarity: World Tour Silver Stars,1,Dead Ball,true,2,exact,https://www.futbin.com/26/evolutions/1005/free-kick-mastery
2026-06-09,1006,Final Preparations,TRAINING CAMP,90,,,,Not Rarity: World Tour Silver Stars,0,,true,true,exact,https://www.futbin.com/26/evolutions/1006/final-preparations
2026-06-10,1007,Backbone Brilliance,EVOLUTIONS,90,,,,Not Rarity: World Tour Silver Stars,0,,true,3,exact,https://www.futbin.com/26/evolutions/1007/backbone-brilliance
2026-06-11,1008,La Pulga,EVOLUTIONS,90,,93,RM or RW,Not Rarity: World Tour Silver Stars,3,Technical | Finesse Shot | Rapid,true,true,exact,https://www.futbin.com/26/evolutions/1008/la-pulga
2026-06-12,1009,Go on Son,EVOLUTIONS,90,,92,,Not Rarity: World Tour Silver Stars,2,Finesse Shot | Low Driven Shot,true,2,exact,https://www.futbin.com/26/evolutions/1009/go-on-son
2026-06-12,1010,Hold the Fort,EVOLUTIONS,91,,94,CB,Not Rarity: World Tour Silver Stars,2,Intercept | Jockey,,true,exact,https://www.futbin.com/26/evolutions/1010/hold-the-fort
2026-06-12,1011,Hidden Gem,REWARDS,91,,93,LM or LW,Not Rarity: World Tour Silver Stars,2,Technical | Quick Step,true,true,inferred,https://www.futbin.com/26/evolutions/1011/hidden-gem
2026-06-12,1012,The Kiwi Wall,REWARDS,91,,93,CB or LB or RB,Not Rarity: World Tour Silver Stars,0,,true,true,inferred,https://www.futbin.com/26/evolutions/1012/the-kiwi-wall
2026-06-12,1013,Quick Step+,REWARDS,91,,,,Not Rarity: World Tour Silver Stars,1,Quick Step,true,true,inferred,https://www.futbin.com/26/evolutions/1013/quick-step
2026-06-12,1014,Tiny Tim,REWARDS,91,,93,ST,Not Rarity: World Tour Silver Stars,2,Low Driven Shot | Enforcer,true,true,inferred,https://www.futbin.com/26/evolutions/1014/tiny-tim
2026-06-13,1015,PhD In Dribbling,REWARDS,91,,,,Not Rarity: World Tour Silver Stars,1,Technical,true,true,inferred,https://www.futbin.com/26/evolutions/1015/phd-in-dribbling
2026-06-13,1016,Oxygen Tank,REWARDS,91,,93,,Not Rarity: World Tour Silver Stars,2,Quick Step | Tiki Taka,true,true,inferred,https://www.futbin.com/26/evolutions/1016/oxygen-tank
2026-06-13,1017,Golden Spirit,REWARDS,91,,93,,Not Rarity: World Tour Silver Stars,2,Rapid | Quick Step,true,true,inferred,https://www.futbin.com/26/evolutions/1017/golden-spirit
2026-06-13,1018,Continental Cannon,REWARDS,91,,,,Not Rarity: World Tour Silver Stars,2,Finesse Shot | Low Driven Shot,true,true,inferred,https://www.futbin.com/26/evolutions/1018/continental-cannon
2026-06-13,1019,Shadow Step,EVOLUTIONS,90,,91,,Not Rarity: World Tour Silver Stars,1,Rapid,true,2,exact,https://www.futbin.com/26/evolutions/1019/shadow-step
2026-06-14,1020,Path to Glory,COSMETICS,,,,,Not Rarity: World Tour Silver Stars,0,,,2,inferred,https://www.futbin.com/26/evolutions/1020/path-to-glory
2026-06-14,1021,Complete Connection,EVOLUTIONS,91,,95,CM,Not Rarity: World Tour Silver Stars,2,Pinged Pass | Incisive Pass,,true,exact,https://www.futbin.com/26/evolutions/1021/complete-connection
2026-06-15,1022,Woodsy's Way,EVOLUTIONS,90,,93,ST,Not Rarity: World Tour Silver Stars,2,Enforcer | Finesse Shot,true,true,exact,https://www.futbin.com/26/evolutions/1022/woodsys-way
2026-06-16,1023,Build Your Own FUT Birthday,REWARDS,92,,,,Not Rarity: World Tour Silver Stars,0,,true,true,inferred,https://www.futbin.com/26/evolutions/1023/build-your-own-fut-birthday
2026-06-16,1024,No Payne No Gain,EVOLUTIONS,90,,94,RB,Not Rarity: World Tour Silver Stars,2,Intercept | Rapid,true,true,exact,https://www.futbin.com/26/evolutions/1024/no-payne-no-gain
2026-06-18,1025,Wave Your Flag,EVOLUTIONS,91,,94,,Not Rarity: World Tour Silver Stars,0,,,true,exact,https://www.futbin.com/26/evolutions/1025/wave-your-flag
2026-06-19,1026,Cameroon King,EVOLUTIONS,91,,93,ST,Not Rarity: World Tour Silver Stars,2,Quick Step | Low Driven Shot,,true,exact,https://www.futbin.com/26/evolutions/1026/cameroon-king
2026-06-19,1027,Built for Glory,EVOLUTIONS,90,,92,,Not Rarity: World Tour Silver Stars,2,Pinged Pass | Bruiser,true,true,inferred,https://www.futbin.com/26/evolutions/1027/built-for-glory
2026-06-19,1028,Attacking Artistry,TRAINING CAMP,90,,93,,Not Rarity: World Tour Silver Stars,1,Incisive Pass,true,true,inferred,https://www.futbin.com/26/evolutions/1028/attacking-artistry
2026-06-19,1029,The Egyptian King,REWARDS,91,,93,RW,Not Rarity: World Tour Silver Stars,2,Finesse Shot | Quick Step,true,true,inferred,https://www.futbin.com/26/evolutions/1029/the-egyptian-king
2026-06-19,1030,Do it like Yaya,REWARDS,91,,93,CM,Not Rarity: World Tour Silver Stars,2,Incisive Pass | Pinged Pass,true,true,inferred,https://www.futbin.com/26/evolutions/1030/do-it-like-yaya
2026-06-19,1031,Incisive Pass+,REWARDS,91,,,,Not Rarity: World Tour Silver Stars,1,Incisive Pass,true,true,inferred,https://www.futbin.com/26/evolutions/1031/incisive-pass
2026-06-20,1032,Leopard's Roar,REWARDS,91,,93,CB,Not Rarity: World Tour Silver Stars,2,Quick Step | Intercept,true,true,inferred,https://www.futbin.com/26/evolutions/1032/leopards-roar
2026-06-20,1033,Finesse Shot+,REWARDS,91,,,,Not Rarity: World Tour Silver Stars,1,Finesse Shot,true,2,inferred,https://www.futbin.com/26/evolutions/1033/finesse-shot
2026-06-20,1034,I Do Absolutes,REWARDS,91,,93,LW,Not Rarity: World Tour Silver Stars,2,Rapid | Low Driven Shot,true,true,inferred,https://www.futbin.com/26/evolutions/1034/i-do-absolutes
2026-06-20,1035,National Pride,REWARDS,92,,,,Not Rarity: World Tour Silver Stars,0,,true,true,inferred,https://www.futbin.com/26/evolutions/1035/national-pride
2026-06-20,1036,Greats of The Game Hero,REWARDS,,,,,Not Rarity: World Tour Silver Stars,0,,true,true,inferred,https://www.futbin.com/26/evolutions/1036/greats-of-the-game-hero
2026-06-20,1037,Anchor Down,EVOLUTIONS,90,,92,,Not Rarity: World Tour Silver Stars,2,Anticipate | Rapid,true,2,exact,https://www.futbin.com/26/evolutions/1037/anchor-down
2026-06-21,1038,Greats of the Game Icon,COSMETICS,,,,,Not Rarity: World Tour Silver Stars,0,,,2,inferred,https://www.futbin.com/26/evolutions/1038/greats-of-the-game-icon
2026-06-21,1039,Piscinin,EVOLUTIONS,91,,93,CB,Not Rarity: World Tour Silver Stars,2,Anticipate | Intercept,,true,exact,https://www.futbin.com/26/evolutions/1039/piscinin
2026-06-22,1040,Steady Eddie,EVOLUTIONS,90,,,,Not Rarity: World Tour Silver Stars,0,,true,6,exact,https://www.futbin.com/26/evolutions/1040/steady-eddie
2026-06-23,1041,Slalom Dribbling,EVOLUTIONS,91,,,,Not Rarity: World Tour Silver Stars,1,Technical,true,true,inferred,https://www.futbin.com/26/evolutions/1041/slalom-dribbling
2026-06-23,1042,Own the Box,TRAINING CAMP,90,,92,,Not Rarity: World Tour Silver Stars,2,Low Driven Shot | Gamechanger,true,true,exact,https://www.futbin.com/26/evolutions/1042/own-the-box
2026-06-24,1043,Maradona of the Carpathians,EVOLUTIONS,91,,93,LM,Not Rarity: World Tour Silver Stars,2,Technical | Finesse Shot,,true,exact,https://www.futbin.com/26/evolutions/1043/maradona-of-the-carpathians
2026-06-25,1044,Sharp Senses,EVOLUTIONS,90,,,,Not Rarity: World Tour Silver Stars,1,Rapid,true,true,exact,https://www.futbin.com/26/evolutions/1044/sharp-senses
2026-06-26,1045,Veni Vidi Vini,EVOLUTIONS,93,,95,LW or RW,Not Rarity: World Tour Silver Stars,4,Finesse Shot | Rapid | Gamechanger | Technical,,true,exact,https://www.futbin.com/26/evolutions/1045/veni-vidi-vini
2026-06-26,1046,Rounded Royalty,EVOLUTIONS,92,,94,,Not Rarity: World Tour Silver Stars,0,,true,2,exact,https://www.futbin.com/26/evolutions/1046/rounded-royalty
2026-06-26,1047,Glory Hunter - Pinged,REWARDS,,,,,Rarity: Glory Hunters,1,Pinged Pass,true,true,inferred,https://www.futbin.com/26/evolutions/1047/glory-hunter-pinged
2026-06-26,1048,Glory Hunter - Bruiser,REWARDS,,,,,Rarity: Glory Hunters,1,Bruiser,true,true,inferred,https://www.futbin.com/26/evolutions/1048/glory-hunter-bruiser
2026-06-26,1049,Glory Hunter - Incisive,REWARDS,,,,,Rarity: Glory Hunters,1,Incisive Pass,true,true,inferred,https://www.futbin.com/26/evolutions/1049/glory-hunter-incisive
2026-06-26,1050,Glory Hunter - Low Driven,REWARDS,,,,,Rarity: Glory Hunters,1,Low Driven Shot,true,true,inferred,https://www.futbin.com/26/evolutions/1050/glory-hunter-low-driven
2026-06-26,1051,Glory Hunter - Quick Step,REWARDS,,,,,Rarity: Glory Hunters,1,Quick Step,true,true,inferred,https://www.futbin.com/26/evolutions/1051/glory-hunter-quick-step
2026-06-26,1052,Glory Hunter - Intercept,REWARDS,,,,,Rarity: Glory Hunters,1,Intercept,true,true,inferred,https://www.futbin.com/26/evolutions/1052/glory-hunter-intercept
2026-06-26,1053,Glory Hunter - Anticipate,REWARDS,,,,,Rarity: Glory Hunters,1,Anticipate,true,true,inferred,https://www.futbin.com/26/evolutions/1053/glory-hunter-anticipate
2026-06-26,1054,Glory Hunter - Finesse,REWARDS,,,,,Rarity: Glory Hunters,1,Finesse Shot,true,true,inferred,https://www.futbin.com/26/evolutions/1054/glory-hunter-finesse
2026-06-26,1055,Low Driven+,REWARDS,92,,,,Not Rarity: World Tour Silver Stars,1,Low Driven Shot,true,2,inferred,https://www.futbin.com/26/evolutions/1055/low-driven
2026-06-27,1056,Pinged Pass+,REWARDS,92,,,,Not Rarity: World Tour Silver Stars,1,Pinged Pass,true,true,inferred,https://www.futbin.com/26/evolutions/1056/pinged-pass
2026-06-27,1059,O Capitão,REWARDS,92,,94,RB,Not Rarity: World Tour Silver Stars,2,Jockey | Low Driven Shot,true,true,inferred,https://www.futbin.com/26/evolutions/1059/o-capitao
2026-06-27,1060,The Little Boy from Rosario,REWARDS,92,,94,RW or RM or ST,Not Rarity: World Tour Silver Stars,3,Tiki Taka | Incisive Pass | Finesse Shot,true,true,inferred,https://www.futbin.com/26/evolutions/1060/the-little-boy-from-rosario
2026-06-27,1061,Deadball Mastery,REWARDS,,,,,,1,Dead Ball,true,true,inferred,https://www.futbin.com/26/evolutions/1061/deadball-mastery
2026-06-27,1062,El Bandido,REWARDS,92,,94,CAM,Not Rarity: World Tour Silver Stars,3,Technical | Incisive Pass | Finesse Shot,true,true,inferred,https://www.futbin.com/26/evolutions/1062/el-bandido
2026-06-27,1063,Given the Keys,REWARDS,93,,94,,Not Rarity: World Tour Silver Stars,2,Quick Step | Tiki Taka,true,true,inferred,https://www.futbin.com/26/evolutions/1063/given-the-keys
2026-06-27,1064,Anticipate+,REWARDS,93,,,,Not Rarity: World Tour Silver Stars,1,Anticipate,true,true,inferred,https://www.futbin.com/26/evolutions/1064/anticipate
2026-06-27,1065,Pitch Protector,EVOLUTIONS,93,,95,CDM,Not Rarity: World Tour Silver Stars,3,Pinged Pass | Intercept | Long Ball Pass,,true,exact,https://www.futbin.com/26/evolutions/1065/pitch-protector
2026-06-27,1066,FoF Pelé II,FOF: PELÉ,93,,,,Rarity: Festival of Football Icon,0,,true,true,exact,https://www.futbin.com/26/evolutions/1066/fof-pele-ii
2026-06-27,1067,Glory Hunters,COSMETICS,93,,,,Not Rarity: World Tour Silver Stars,0,,,2,inferred,https://www.futbin.com/26/evolutions/1067/glory-hunters
2026-06-28,1068,Glory Hunter - Anticipate,REWARDS,,,,,Rarity: Glory Hunters,1,Anticipate,true,true,inferred,https://www.futbin.com/26/evolutions/1068/glory-hunter-anticipate
2026-06-28,1069,Defensive Deadline,TRAINING CAMP,92,,93,,Not Rarity: World Tour Silver Stars,1,Pinged Pass,true,true,exact,https://www.futbin.com/26/evolutions/1069/defensive-deadline
2026-06-29,1070,Net Breaker,REWARDS,93,,95,ST,Not Rarity: World Tour Silver Stars,4,Low Driven Shot | Finesse Shot | Quick Step | Enforcer,true,true,inferred,https://www.futbin.com/26/evolutions/1070/net-breaker
2026-06-29,1071,Flow State,EVOLUTIONS,93,,94,,Not Rarity: World Tour Silver Stars,0,,,4,exact,https://www.futbin.com/26/evolutions/1071/flow-state
2026-06-30,1072,Creative Outlet,REWARDS,93,,,,Not Rarity: World Tour Silver Stars,0,,true,2,inferred,https://www.futbin.com/26/evolutions/1072/creative-outlet
2026-06-30,1073,Chasing Greatness,EVOLUTIONS,93,,95,,Not Rarity: World Tour Silver Stars,2,Rapid | Tiki Taka,,true,exact,https://www.futbin.com/26/evolutions/1073/chasing-greatness
2026-06-30,1074,Fresh Legs,EVOLUTIONS,92,,94,,Not Rarity: World Tour Silver Stars,1,Quick Step,true,true,exact,https://www.futbin.com/26/evolutions/1074/fresh-legs
2026-07-01,1075,Knockout King,EVOLUTIONS,93,,95,,Not Rarity: World Tour Silver Stars,3,Incisive Pass | Finesse Shot | Press Proven,,true,exact,https://www.futbin.com/26/evolutions/1075/knockout-king
2026-07-02,1076,Total Glory,REWARDS,94,,,,Not Rarity: World Tour Silver Stars,0,,true,true,inferred,https://www.futbin.com/26/evolutions/1076/total-glory
2026-07-02,1077,Atlantic Miracle,EVOLUTIONS,92,,94,GK,Not Rarity: World Tour Silver Stars,3,Far Reach | Cross Claimer | Deflector,true,true,exact,https://www.futbin.com/26/evolutions/1077/atlantic-miracle
2026-07-03,1078,Selhurst Samurai,EVOLUTIONS,93,,95,CM,Not Rarity: World Tour Silver Stars,3,Incisive Pass | Tiki Taka | Pinged Pass,,true,exact,https://www.futbin.com/26/evolutions/1078/selhurst-samurai
2026-07-03,1079,Fancy Footwork,EVOLUTIONS,92,,,,Not Rarity: World Tour Silver Stars,0,,true,2,exact,https://www.futbin.com/26/evolutions/1079/fancy-footwork
2026-07-03,1080,Highland Delivery,REWARDS,92,,93,,Not Rarity: World Tour Silver Stars,2,Whipped Pass | Incisive Pass,true,true,inferred,https://www.futbin.com/26/evolutions/1080/highland-delivery
2026-07-03,1081,Furia Ceca,REWARDS,92,,94,LW or LM,Not Rarity: World Tour Silver Stars,3,Finesse Shot | Technical | Power Shot,true,true,inferred,https://www.futbin.com/26/evolutions/1081/furia-ceca
2026-07-03,1082,The Powercube,REWARDS,92,,94,RM or RW,Not Rarity: World Tour Silver Stars,3,Finesse Shot | Incisive Pass | Gamechanger,true,true,inferred,https://www.futbin.com/26/evolutions/1082/the-powercube
2026-07-04,1083,No Entry,REWARDS,92,,,CB,Not Rarity: World Tour Silver Stars,3,Intercept | Anticipate | Jockey,true,true,inferred,https://www.futbin.com/26/evolutions/1083/no-entry
2026-07-04,1084,The Final Pass,REWARDS,93,,94,CM,Not Rarity: World Tour Silver Stars,3,Incisive Pass | Press Proven | Pinged Pass,true,true,inferred,https://www.futbin.com/26/evolutions/1084/the-final-pass
2026-07-04,1085,The Flying Dutchman,REWARDS,93,,95,ST or CAM,Not Rarity: World Tour Silver Stars,2,Finesse Shot | Incisive Pass,true,true,inferred,https://www.futbin.com/26/evolutions/1085/the-flying-dutchman
2026-07-04,1086,Central Commander,EVOLUTIONS,93,,95,CB,Not Rarity: World Tour Silver Stars,3,Anticipate | Intercept | Jockey,,true,exact,https://www.futbin.com/26/evolutions/1086/central-commander
2026-07-04,1087,Glory Hunters,COSMETICS,93,,,,Not Rarity: World Tour Silver Stars,0,,,2,inferred,https://www.futbin.com/26/evolutions/1087/glory-hunters
2026-07-05,1088,Formational Mastery,REWARDS,93,,95,,Not Rarity: World Tour Silver Stars,3,Incisive Pass | Intercept | Power Shot,true,true,inferred,https://www.futbin.com/26/evolutions/1088/formational-mastery
2026-07-05,1089,Forward Flank,REWARDS,93,,95,ST,Not Rarity: World Tour Silver Stars,3,Low Driven Shot | Incisive Pass | Rapid,true,true,inferred,https://www.futbin.com/26/evolutions/1089/forward-flank
2026-07-05,1090,Scoring Sensation,TRAINING CAMP,92,,93,,Not Rarity: World Tour Silver Stars,1,Low Driven Shot,true,2,exact,https://www.futbin.com/26/evolutions/1090/scoring-sensation
2026-07-05,1091,Built for Distance,REWARDS,93,,,,Not Rarity: World Tour Silver Stars,0,,true,true,inferred,https://www.futbin.com/26/evolutions/1091/built-for-distance
2026-07-05,1092,Glory Hunter - Technical,REWARDS,,,,,Rarity: Glory Hunters,1,Technical,true,true,inferred,https://www.futbin.com/26/evolutions/1092/glory-hunter-technical
2026-07-06,1093,Glory Hunter - Rapid,REWARDS,,,,,Rarity: Glory Hunters,1,Rapid,true,true,inferred,https://www.futbin.com/26/evolutions/1093/glory-hunter-rapid
2026-07-06,1094,Creating Space,REWARDS,93,,,,Not Rarity: World Tour Silver Stars,2,Technical | Rapid,true,true,inferred,https://www.futbin.com/26/evolutions/1094/creating-space
2026-07-06,1095,Finishing Touches,EVOLUTIONS,93,,94,ST,Not Rarity: World Tour Silver Stars,2,Low Driven Shot | Technical,,5,exact,https://www.futbin.com/26/evolutions/1095/finishing-touches
2026-07-07,1096,PlayStyle Enhancer,EVOLUTIONS,92,,,,Not Rarity: World Tour Silver Stars,3,Finesse Shot | Rapid | Pinged Pass,true,true,exact,https://www.futbin.com/26/evolutions/1096/playstyle-enhancer
2026-07-08,1097,From Flank to Finish,EVOLUTIONS,93,,95,LW or RW,Not Rarity: World Tour Silver Stars,3,Rapid | Low Driven Shot | Incisive Pass,,true,exact,https://www.futbin.com/26/evolutions/1097/from-flank-to-finish
2026-07-09,1098,LW Roles++,ROLES,98,,,LW,,0,,,11,exact,https://www.futbin.com/26/evolutions/1098/lw-roles
2026-07-09,1099,CM Roles++,ROLES,98,,,CM,,0,,,11,exact,https://www.futbin.com/26/evolutions/1099/cm-roles
2026-07-09,1100,RW Roles++,ROLES,98,,,RW,,0,,,11,exact,https://www.futbin.com/26/evolutions/1100/rw-roles
2026-07-09,1101,CAM Roles++,ROLES,98,,,CAM,,0,,,11,exact,https://www.futbin.com/26/evolutions/1101/cam-roles
2026-07-09,1102,GK Roles++,ROLES,98,,,GK,,0,,,11,exact,https://www.futbin.com/26/evolutions/1102/gk-roles
2026-07-09,1103,ST Roles++,ROLES,98,,,ST,,0,,,11,exact,https://www.futbin.com/26/evolutions/1103/st-roles
2026-07-09,1104,LM Roles++,ROLES,98,,,LM,,0,,,11,exact,https://www.futbin.com/26/evolutions/1104/lm-roles
2026-07-09,1105,RB Roles++,ROLES,98,,,RB,,0,,,11,exact,https://www.futbin.com/26/evolutions/1105/rb-roles
2026-07-09,1106,CB Roles++,ROLES,98,,,CB,,0,,,11,exact,https://www.futbin.com/26/evolutions/1106/cb-roles
2026-07-09,1107,RM Roles++,ROLES,98,,,RM,,0,,,11,exact,https://www.futbin.com/26/evolutions/1107/rm-roles
2026-07-09,1108,CDM Roles++,ROLES,98,,,CDM,,0,,,11,exact,https://www.futbin.com/26/evolutions/1108/cdm-roles
2026-07-09,1109,LB Roles++,ROLES,98,,,LB,,0,,,11,exact,https://www.futbin.com/26/evolutions/1109/lb-roles
2026-07-09,1110,Immovable Object,SEASON 9 LEVEL: 1,93,,96,,Not Rarity: World Tour Silver Stars,0,,true,3,inferred,https://www.futbin.com/26/evolutions/1110/immovable-object
2026-07-09,1111,Unstoppable Force,SEASON 9 LEVEL: 2,94,,97,,Not Rarity: World Tour Silver Stars,0,,true,5,inferred,https://www.futbin.com/26/evolutions/1111/unstoppable-force
2026-07-09,1112,Make your National Pride Star - Part 1,SEASON 9 LEVEL: 1,94,,95,,Not Rarity: World Tour Silver Stars,0,,true,true,inferred,https://www.futbin.com/26/evolutions/1112/make-your-national-pride-star-part-1
2026-07-09,1113,Peak Performance,SEASON 9 LEVEL: 8,92,,95,,Rarity: World Tour Silver Stars,3,Finesse Shot | Quick Step | Incisive Pass,true,true,inferred,https://www.futbin.com/26/evolutions/1113/peak-performance
2026-07-09,1114,Make Your National Pride Star - Part 2,SEASON 9 LEVEL: 14,95,,,,Rarity: National Pride,0,,true,true,inferred,https://www.futbin.com/26/evolutions/1114/make-your-national-pride-star-part-2
2026-07-09,1115,Anticipate+,SEASON 9 LEVEL: 25,94,,,,Not Rarity: World Tour Silver Stars,1,Anticipate,true,true,inferred,https://www.futbin.com/26/evolutions/1115/anticipate
2026-07-09,1116,Rapid+,SEASON 9 LEVEL: 28,95,,,,Not Rarity: World Tour Silver Stars,1,Rapid,true,true,inferred,https://www.futbin.com/26/evolutions/1116/rapid
2026-07-09,1117,Five-Star Flair,EVOLUTIONS,92,,93,,Not Rarity: World Tour Silver Stars,0,,true,true,exact,https://www.futbin.com/26/evolutions/1117/five-star-flair
2026-07-10,1118,La Masia Spark,EVOLUTIONS,94,,96,RM or RW,Not Rarity: World Tour Silver Stars,4,Finesse Shot | Technical | Rapid | Inventive,,true,exact,https://www.futbin.com/26/evolutions/1118/la-masia-spark
2026-07-10,1119,Still Got It,TRAINING CAMP,85,,94,CM or CAM,Not Rarity: World Tour Silver Stars,4,Incisive Pass | Pinged Pass | Tiki Taka | Press Proven,true,true,exact,https://www.futbin.com/26/evolutions/1119/still-got-it
2026-07-10,1120,The Perfect 10,1000 FUTTIES TOKENS,95,,98,CAM,Not Rarity: World Tour Silver Stars,4,Incisive Pass | Finesse Shot | Technical | First Touch,,true,inferred,https://www.futbin.com/26/evolutions/1120/the-perfect-10
2026-07-10,1121,Touchline Titan,500 FUTTIES TOKENS,95,,97,RB,Not Rarity: World Tour Silver Stars,4,Jockey | Quick Step | Anticipate | Slide Tackle,,true,inferred,https://www.futbin.com/26/evolutions/1121/touchline-titan
2026-07-10,1122,Wingback Wunder,200 FUTTIES TOKENS,94,,96,LB,Not Rarity: World Tour Silver Stars,4,Quick Step | Jockey | Pinged Pass | Technical,,true,inferred,https://www.futbin.com/26/evolutions/1122/wingback-wunder
2026-07-11,1123,No Stutter,REWARDS,94,,,,Not Rarity: World Tour Silver Stars,0,,true,2,inferred,https://www.futbin.com/26/evolutions/1123/no-stutter
2026-07-11,1124,All Out Attack,REWARDS,94,,95,,Not Rarity: World Tour Silver Stars,0,,true,2,inferred,https://www.futbin.com/26/evolutions/1124/all-out-attack
2026-07-11,1125,Phenom Rising,REWARDS,94,,95,,Not Rarity: World Tour Silver Stars,3,Quick Step | Finesse Shot | First Touch,true,true,inferred,https://www.futbin.com/26/evolutions/1125/phenom-rising
2026-07-11,1126,Iron Sentinel,EVOLUTIONS,94,,96,CDM,Not Rarity: World Tour Silver Stars,4,Intercept | Pinged Pass | Bruiser | Tiki Taka,,true,exact,https://www.futbin.com/26/evolutions/1126/iron-sentinel
2026-07-11,1127,FoF Pelé III,FOF: PELÉ,94,,,,Rarity: Festival of Football Icon,0,,true,true,inferred,https://www.futbin.com/26/evolutions/1127/fof-pele-iii
2026-07-11,1128,Phenoms,COSMETICS,,,,,Not Rarity: World Tour Silver Stars,0,,,2,exact,https://www.futbin.com/26/evolutions/1128/phenoms
2026-07-12,1129,From Miss to Ice,EVOLUTIONS,93,,95,,Not Rarity: World Tour Silver Stars,0,,true,2,exact,https://www.futbin.com/26/evolutions/1129/from-miss-to-ice
2026-07-13,1130,Heart of the Squad,EVOLUTIONS,94,,95,,Not Rarity: World Tour Silver Stars,3,Technical | Incisive Pass | Trickster,,2,exact,https://www.futbin.com/26/evolutions/1130/heart-of-the-squad
2026-07-14,1131,Low Driven Shot+,REWARDS,94,,,,Not Rarity: World Tour Silver Stars,1,Low Driven Shot,true,true,inferred,https://www.futbin.com/26/evolutions/1131/low-driven-shot
2026-07-14,1132,Youthful Valor,EVOLUTIONS,93,,95,CM or CDM,Not Rarity: World Tour Silver Stars,1,Anticipate,true,2,exact,https://www.futbin.com/26/evolutions/1132/youthful-valor
2026-07-15,1133,FoF Pelé IV,FOF: PELÉ,94,,95,,Rarity: Festival of Football Icon,0,,true,true,exact,https://www.futbin.com/26/evolutions/1133/fof-pele-iv
2026-07-16,1134,Prime Prospect,EVOLUTIONS,93,,95,,Not Rarity: World Tour Silver Stars,2,Rapid | Finesse Shot,true,2,exact,https://www.futbin.com/26/evolutions/1134/prime-prospect
2026-07-17,1135,The Humble Viking,EVOLUTIONS,94,,96,ST,Not Rarity: World Tour Silver Stars,4,Finesse Shot | Low Driven Shot | Rapid | Precision Header,,true,exact,https://www.futbin.com/26/evolutions/1135/the-humble-viking
2026-07-17,1136,Summer Spark,EVOLUTIONS,93,,94,,Not Rarity: World Tour Silver Stars,2,Tiki Taka | Technical,true,true,exact,https://www.futbin.com/26/evolutions/1136/summer-spark
2026-07-17,1137,Hitting Your Stride,100 FUTTIES TOKENS,94,,,,Not Rarity: World Tour Silver Stars,2,Technical | First Touch,,4,inferred,https://www.futbin.com/26/evolutions/1137/hitting-your-stride
2026-07-17,1138,Gearing Up,100 FUTTIES TOKENS,94,,95,RM,Not Rarity: World Tour Silver Stars,2,Rapid | Finesse Shot,,true,inferred,https://www.futbin.com/26/evolutions/1138/gearing-up
2026-07-17,1139,Gaucho Guardian,200 FUTTIES TOKENS,94,,95,CB,Not Rarity: World Tour Silver Stars,4,Jockey | Intercept | Aerial Fortress | Long Ball Pass,,true,inferred,https://www.futbin.com/26/evolutions/1139/gaucho-guardian
2026-07-17,1140,Far Reach+ and Close Down+,REWARDS,94,,,GK,Not Rarity: World Tour Silver Stars,2,Far Reach | Rush Out,true,true,inferred,https://www.futbin.com/26/evolutions/1140/far-reach-and-close-down
2026-07-17,1141,Incisive Pass+ and Tiki Taka+,REWARDS,94,,,,Not Rarity: World Tour Silver Stars,2,Incisive Pass | Tiki Taka,true,true,inferred,https://www.futbin.com/26/evolutions/1141/incisive-pass-and-tiki-taka
2026-07-18,1142,Low Driven+ and Gamechanger+,REWARDS,94,,,,Not Rarity: World Tour Silver Stars,2,Low Driven Shot | Gamechanger,true,true,inferred,https://www.futbin.com/26/evolutions/1142/low-driven-and-gamechanger
2026-07-18,1143,Precision Header+ and Enforcer+,REWARDS,94,,,,Not Rarity: World Tour Silver Stars,2,Precision Header | Enforcer,true,true,inferred,https://www.futbin.com/26/evolutions/1143/precision-header-and-enforcer
2026-07-18,1144,Prime Marksman,REWARDS,94,,,,Not Rarity: World Tour Silver Stars,2,Power Shot | Low Driven Shot,true,true,inferred,https://www.futbin.com/26/evolutions/1144/prime-marksman
2026-07-18,1145,Perfect Link Up,REWARDS,94,,,,Not Rarity: World Tour Silver Stars,2,Pinged Pass | Incisive Pass,true,true,inferred,https://www.futbin.com/26/evolutions/1145/perfect-link-up
2026-07-18,1146,Shutdown,REWARDS,94,,,,Not Rarity: World Tour Silver Stars,2,Jockey | Anticipate,true,true,inferred,https://www.futbin.com/26/evolutions/1146/shutdown
2026-07-18,1147,Rapid Resilience,EVOLUTIONS,93,,95,,Not Rarity: World Tour Silver Stars,3,Anticipate | Bruiser | Quick Step,true,2,exact,https://www.futbin.com/26/evolutions/1147/rapid-resilience
2026-07-18,1148,Summer Stars,COSMETICS,,,,,Not Rarity: World Tour Silver Stars,0,,,2,exact,https://www.futbin.com/26/evolutions/1148/summer-stars
2026-07-19,1149,Mr. Nonchalant,EVOLUTIONS,94,,95,CAM,Not Rarity: World Tour Silver Stars,4,Technical | Finesse Shot | Incisive Pass | Rapid,,true,exact,https://www.futbin.com/26/evolutions/1149/mr-nonchalant
2026-07-19,1150,FoF Pelé V,FOF: PELÉ,95,,96,,Rarity: Festival of Football Icon,1,Pinged Pass,true,true,exact,https://www.futbin.com/26/evolutions/1150/fof-pele-v
2026-07-21,1151,FUTTIES Countdown,TRAINING CAMP,94,,96,,Not Rarity: World Tour Silver Stars,0,,,true,exact,https://www.futbin.com/26/evolutions/1151/futties-countdown
2026-07-24,1152,The Metronome,EVOLUTIONS,96,,98,CM,,4,Pinged Pass | Finesse Shot | Incisive Pass | Gamechanger,,true,exact,https://www.futbin.com/26/evolutions/1152/the-metronome
2026-07-24,1153,Route One,EVOLUTIONS,95,,96,,,2,Anticipate | Pinged Pass,true,true,inferred,https://www.futbin.com/26/evolutions/1153/route-one
2026-07-24,1154,Flow State,EVOLUTIONS,95,,96,,,0,,true,4,exact,https://www.futbin.com/26/evolutions/1154/flow-state
2026-07-24,1155,Strike Force Is Back!,200 FUTTIES TOKENS,96,,97,ST,,3,Quick Step | Finesse Shot | Low Driven Shot,,true,inferred,https://www.futbin.com/26/evolutions/1155/strike-force-is-back
2026-07-24,1156,No Way Through,100 FUTTIES TOKENS,96,,97,GK,,4,Far Reach | Footwork | Rush Out | Pinged Pass,,true,inferred,https://www.futbin.com/26/evolutions/1156/no-way-through
2026-07-25,1157,Thread the needle,REWARDS,96,,,,,4,Incisive Pass | Pinged Pass | Tiki Taka | Long Ball Pass,true,true,inferred,https://www.futbin.com/26/evolutions/1157/thread-the-needle
2026-07-25,1158,Set Piece FC,REWARDS,96,,,,,2,Finesse Shot | Low Driven Shot,true,true,inferred,https://www.futbin.com/26/evolutions/1158/set-piece-fc
2026-07-25,1159,Elite Midfielder,100 FUTTIES TOKENS,96,,97,CDM,,4,Intercept | Pinged Pass | Tiki Taka | Anticipate,,true,inferred,https://www.futbin.com/26/evolutions/1159/elite-midfielder
2026-07-25,1160,Speed Merchant,EVOLUTIONS,96,,97,,,3,Rapid | Low Driven Shot | Quick Step,,true,exact,https://www.futbin.com/26/evolutions/1160/speed-merchant
2026-07-26,1161,Dynamic Drive,TRAINING CAMP,95,,96,,,2,Pinged Pass | Quick Step,true,true,exact,https://www.futbin.com/26/evolutions/1161/dynamic-drive
2026-07-26,1162,99 Dribbling,FC 27 PRE ORDER,,,,,,0,,,true,inferred,https://www.futbin.com/26/evolutions/1162/99-dribbling
2026-07-26,1163,99 Physical,FC 27 PRE ORDER,,,,,,0,,,true,inferred,https://www.futbin.com/26/evolutions/1163/99-physical
2026-07-26,1164,Aura Farming,REWARDS,96,,97,CB,,3,Intercept | Anticipate | Bruiser,true,true,inferred,https://www.futbin.com/26/evolutions/1164/aura-farming
2026-07-26,1165,Golden Boot,REWARDS,97,,98,,,2,Finesse Shot | Low Driven Shot,true,true,inferred,https://www.futbin.com/26/evolutions/1165/golden-boot
2026-07-26,1166,Make Your National Pride Evolution Part 3 - Anticipate+,SEASON 9 LEVEL: 25,97,,,,Rarity: National Pride,1,Anticipate,true,true,inferred,https://www.futbin.com/26/evolutions/1166/make-your-national-pride-evolution-part-3-anticipate
2026-07-26,1167,Make Your National Pride Evolution Part 3 - Bruiser+,SEASON 9 LEVEL: 25,97,,,,Rarity: National Pride,1,Bruiser,true,true,inferred,https://www.futbin.com/26/evolutions/1167/make-your-national-pride-evolution-part-3-bruiser
2026-07-26,1168,Make Your National Pride Evolution Part 3 - Finesse+,SEASON 9 LEVEL: 25,97,,,,Rarity: National Pride,1,Finesse Shot,true,true,inferred,https://www.futbin.com/26/evolutions/1168/make-your-national-pride-evolution-part-3-finesse
2026-07-27,1169,Make Your National Pride Evolution Part 3 - Rapid+,SEASON 9 LEVEL: 24,97,,,,Rarity: National Pride,1,Rapid,true,true,inferred,https://www.futbin.com/26/evolutions/1169/make-your-national-pride-evolution-part-3-rapid
2026-07-27,1170,Make Your National Pride Evolution Part 3 - Tiki Taka+,SEASON 9 LEVEL: 25,97,,,,Rarity: National Pride,1,Tiki Taka,true,true,inferred,https://www.futbin.com/26/evolutions/1170/make-your-national-pride-evolution-part-3-tiki-taka
2026-07-27,1171,Make Your National Pride Evolution Part 3 - Quick Step+,SEASON 9 LEVEL: 25,97,,,,Rarity: National Pride,1,Quick Step,true,true,inferred,https://www.futbin.com/26/evolutions/1171/make-your-national-pride-evolution-part-3-quick-step
2026-07-27,1172,Make Your National Pride Evolution Part 3 - Intercept+,SEASON 9 LEVEL: 25,97,,,,Rarity: National Pride,1,Intercept,true,true,inferred,https://www.futbin.com/26/evolutions/1172/make-your-national-pride-evolution-part-3-intercept
2026-07-27,1173,Make Your National Pride Evolution Part 3 - Incisive Pass+,SEASON 9 LEVEL: 24,97,,,,Rarity: National Pride,1,Incisive Pass,true,true,inferred,https://www.futbin.com/26/evolutions/1173/make-your-national-pride-evolution-part-3-incisive-pass
2026-07-27,1174,Make Your National Pride Evolution Part 3 - Low Driven Shot+,SEASON 9 LEVEL: 22,97,,,,Rarity: National Pride,1,Low Driven Shot,true,true,inferred,https://www.futbin.com/26/evolutions/1174/make-your-national-pride-evolution-part-3-low-driven-shot
2026-07-27,1175,Make Your National Pride Evolution Part 3 - Technical+,SEASON 9 LEVEL: 25,97,,,,Rarity: National Pride,1,Technical,true,true,inferred,https://www.futbin.com/26/evolutions/1175/make-your-national-pride-evolution-part-3-technical
2026-07-27,1176,National Pride,REWARDS,94,,,,Not Rarity: World Tour Silver Stars,0,,true,true,inferred,https://www.futbin.com/26/evolutions/1176/national-pride
2026-07-27,1177,Cultured Commander,EVOLUTIONS,95,,96,CB,,3,Intercept | Jockey | Block,true,true,exact,https://www.futbin.com/26/evolutions/1177/cultured-commander
2026-07-27,1178,You Shall Not Pass,REWARDS,95,,,CB,,4,Bruiser | Anticipate | Intercept | Quick Step,true,true,inferred,https://www.futbin.com/26/evolutions/1178/you-shall-not-pass
2026-07-28,1179,Pink Heritage,REWARDS,96,,97,LW or LM,,4,Finesse Shot | Rapid | Technical | Low Driven Shot,true,true,inferred,https://www.futbin.com/26/evolutions/1179/pink-heritage
2026-07-28,1180,Left behind,EVOLUTIONS,96,,97,LB,,3,Incisive Pass | Pinged Pass | Technical,,true,exact,https://www.futbin.com/26/evolutions/1180/left-behind
2026-07-29,1181,Flair Factory,EVOLUTIONS,95,,,,,1,Technical,true,5,exact,https://www.futbin.com/26/evolutions/1181/flair-factory
2026-07-30,1182,Floor Raiser,EVOLUTIONS,95,,,,,1,Low Driven Shot,true,true,exact,https://www.futbin.com/26/evolutions/1182/floor-raiser
2026-07-31,1183,FUTTIES Blueprint I,EVOLUTIONS,96,,97,CAM,,3,Finesse Shot | Low Driven Shot | Rapid,true,true,exact,https://www.futbin.com/26/evolutions/1183/futties-blueprint-i
2026-07-31,1184,Wind-Up Merchant,EVOLUTIONS,96,,97,CDM,,4,Intercept | Bruiser | Incisive Pass | Pinged Pass,,true,exact,https://www.futbin.com/26/evolutions/1184/wind-up-merchant
2026-07-31,1185,Speed Demon,100 FUTTIES TOKENS,96,,,,,2,Quick Step | Rapid,,true,inferred,https://www.futbin.com/26/evolutions/1185/speed-demon
2026-07-31,1186,Auto Defender,100 FUTTIES TOKENS,96,,,,,3,Anticipate | Intercept | Jockey,,true,inferred,https://www.futbin.com/26/evolutions/1186/auto-defender
2026-07-31,1187,Mr. Undroppable,200 FUTTIES TOKENS,96,,98,LB or RB,,4,Intercept | Quick Step | Jockey | Bruiser,,true,inferred,https://www.futbin.com/26/evolutions/1187/mr-undroppable
2026-08-01,1188,CB Shift,REWARDS,96,,,,,0,,true,true,inferred,https://www.futbin.com/26/evolutions/1188/cb-shift
2026-08-01,1189,Bruise Control,REWARDS,96,,97,,,3,Anticipate | Intercept | Bruiser,true,true,inferred,https://www.futbin.com/26/evolutions/1189/bruise-control
2026-08-01,1190,Dazzling Dribbler,REWARDS,96,,,,,2,Technical | Rapid,true,true,inferred,https://www.futbin.com/26/evolutions/1190/dazzling-dribbler
2026-08-01,1191,Signed and Delivered,EVOLUTIONS,96,,,,,0,,,true,exact,https://www.futbin.com/26/evolutions/1191/signed-and-delivered
2026-08-02,1192,FUTTIES,COSMETICS,96,,,,,0,,,2,inferred,https://www.futbin.com/26/evolutions/1192/futties
2026-08-02,1193,LW Shift,REWARDS,96,,,,,0,,true,true,inferred,https://www.futbin.com/26/evolutions/1193/lw-shift
2026-08-03,1194,FUTTIES Blueprint II,EVOLUTIONS,97,,98,,Rarity: Futties Evo,1,Incisive Pass,true,true,exact,https://www.futbin.com/26/evolutions/1194/futties-blueprint-ii
2026-08-03,1195,The Perfect Break,TRAINING CAMP,95,,,,,0,,true,true,inferred,https://www.futbin.com/26/evolutions/1195/the-perfect-break
2026-08-03,1196,The Creative Spark,REWARDS,96,,97,,,0,,true,true,inferred,https://www.futbin.com/26/evolutions/1196/the-creative-spark
2026-08-03,1197,Let Me Cook,EVOLUTIONS,96,,97,LM or RM,,4,Incisive Pass | Finesse Shot | Pinged Pass | Tiki Taka,,true,exact,https://www.futbin.com/26/evolutions/1197/let-me-cook
2026-08-04,1198,Bail Out,EVOLUTIONS,95,,96,GK,,3,Footwork | Deflector | Cross Claimer,true,true,exact,https://www.futbin.com/26/evolutions/1198/bail-out
2026-08-05,1199,Year of the Fullbacks,EVOLUTIONS,95,,97,LB or RB,,3,Intercept | Anticipate | Aerial Fortress,true,true,exact,https://www.futbin.com/26/evolutions/1199/year-of-the-fullbacks
2026-08-06,1200,The High Line,EVOLUTIONS,96,,,CB,,0,,,3,exact,https://www.futbin.com/26/evolutions/1200/the-high-line
2026-08-06,1201,Max Sweat,REWARDS,96,,97,RW,,4,Quick Step | Rapid | Finesse Shot | Low Driven Shot,true,true,inferred,https://www.futbin.com/26/evolutions/1201/max-sweat
2026-08-07,1202,Born Striker,REWARDS,96,,,,,0,,true,true,inferred,https://www.futbin.com/26/evolutions/1202/born-striker
2026-08-07,1203,The Landlord,EVOLUTIONS,95,,96,CB,,5,Bruiser | Pinged Pass | Block | Anticipate | Relentless,,true,exact,https://www.futbin.com/26/evolutions/1203/the-landlord
2026-08-07,1204,Right Route,EVOLUTIONS,95,,96,ST,,3,Quick Step | Finesse Shot | Pinged Pass,true,true,exact,https://www.futbin.com/26/evolutions/1204/right-route
2026-08-07,1205,Too Basic,100 FUTTIES TOKENS,96,,97,,,0,,,true,inferred,https://www.futbin.com/26/evolutions/1205/too-basic
2026-08-07,1206,Posture Check,100 FUTTIES TOKENS,96,,97,CM,,4,Anticipate | Intercept | Bruiser | Pinged Pass,,true,inferred,https://www.futbin.com/26/evolutions/1206/posture-check
2026-08-07,1207,FUTTIES 5th Pinged Pass+,REWARDS,,,,,Rarity: FUTTIES or Futties Hero or Futties Icon,1,Pinged Pass,true,true,inferred,https://www.futbin.com/26/evolutions/1207/futties-5th-pinged-pass
2026-08-07,1208,FUTTIES 5th Anticipate+,REWARDS,,,,,Rarity: FUTTIES or Futties Hero or Futties Icon,1,Anticipate,true,true,inferred,https://www.futbin.com/26/evolutions/1208/futties-5th-anticipate
2026-08-07,1209,FUTTIES 5th Rapid+,REWARDS,,,,,Rarity: FUTTIES or Futties Hero or Futties Icon,1,Rapid,true,true,inferred,https://www.futbin.com/26/evolutions/1209/futties-5th-rapid
2026-08-08,1210,FUTTIES 5th Technical+,REWARDS,,,,,Rarity: FUTTIES or Futties Hero or Futties Icon,1,Technical,true,true,inferred,https://www.futbin.com/26/evolutions/1210/futties-5th-technical
2026-08-08,1211,Sunny Innit,200 FUTTIES TOKENS,96,,98,LW or RW,,4,Finesse Shot | Technical | Low Driven Shot | Quick Step,,true,inferred,https://www.futbin.com/26/evolutions/1211/sunny-innit
2026-08-08,1212,FUTTIES 5th Intercept+,REWARDS,,,,,Rarity: FUTTIES or Futties Hero or Futties Icon,1,Intercept,true,true,inferred,https://www.futbin.com/26/evolutions/1212/futties-5th-intercept
2026-08-08,1213,FUTTIES 5th Finesse Shot+,REWARDS,,,,,Rarity: FUTTIES or Futties Hero or Futties Icon,1,Finesse Shot,true,true,inferred,https://www.futbin.com/26/evolutions/1213/futties-5th-finesse-shot
2026-08-08,1214,FUTTIES 5th Bruiser+,REWARDS,,,,,Rarity: FUTTIES or Futties Hero or Futties Icon,1,Bruiser,true,true,inferred,https://www.futbin.com/26/evolutions/1214/futties-5th-bruiser
2026-08-08,1215,FUTTIES 5th Low Driven Shot+,REWARDS,,,,,Rarity: FUTTIES or Futties Hero or Futties Icon,1,Low Driven Shot,true,true,inferred,https://www.futbin.com/26/evolutions/1215/futties-5th-low-driven-shot
2026-08-08,1216,Fullback Force,EVOLUTIONS,96,,97,RB,,3,Bruiser | Pinged Pass | Quick Step,,true,exact,https://www.futbin.com/26/evolutions/1216/fullback-force
2026-08-09,1217,FUTTIES 5th Pinged Pass+,TRAINING CAMP,98,,,,Rarity: FUTTIES or Futties Hero or Futties Icon,1,Pinged Pass,,true,exact,https://www.futbin.com/26/evolutions/1217/futties-5th-pinged-pass
2026-08-09,1218,Passing the Test,REWARDS | EXPIRING SOON,98,,98,,,0,,true,true,inferred,https://www.futbin.com/26/evolutions/1218/passing-the-test
2026-08-10,1219,Striker Instinct,REWARDS,96,,97,,,0,,true,true,inferred,https://www.futbin.com/26/evolutions/1219/striker-instinct
2026-08-10,1220,Everything at Once,EVOLUTIONS,96,,97,,,0,,,4,exact,https://www.futbin.com/26/evolutions/1220/everything-at-once
2026-08-11,1221,Back Shortly,EVOLUTIONS,95,,96,LB,,3,Anticipate | Pinged Pass | Rapid,true,true,exact,https://www.futbin.com/26/evolutions/1221/back-shortly
2026-08-12,1222,Never Losing It,REWARDS,96,,97,CM,,3,Intercept | Pinged Pass | Bruiser,true,true,inferred,https://www.futbin.com/26/evolutions/1222/never-losing-it
2026-08-12,1223,Still Got It,EVOLUTIONS,95,,96,,,3,Rapid | Low Driven Shot | Gamechanger,true,true,exact,https://www.futbin.com/26/evolutions/1223/still-got-it
2026-08-13,1224,RM Roles++,ROLES,99,,,RM,,0,,,Unlimited,exact,https://www.futbin.com/26/evolutions/1224/rm-roles
2026-08-13,1225,CM Roles++,ROLES,99,,,CM,,0,,,Unlimited,exact,https://www.futbin.com/26/evolutions/1225/cm-roles
2026-08-13,1226,RW Roles++,ROLES,99,,,RW,,0,,,Unlimited,exact,https://www.futbin.com/26/evolutions/1226/rw-roles
2026-08-13,1227,LW Roles++,ROLES,99,,,LW,,0,,,Unlimited,exact,https://www.futbin.com/26/evolutions/1227/lw-roles
2026-08-13,1228,CAM Roles++,ROLES,99,,,CAM,,0,,,Unlimited,exact,https://www.futbin.com/26/evolutions/1228/cam-roles
2026-08-13,1229,RB Roles++,ROLES,99,,,RB,,0,,,Unlimited,exact,https://www.futbin.com/26/evolutions/1229/rb-roles
2026-08-13,1230,CB Roles++,ROLES,99,,,CB,,0,,,Unlimited,exact,https://www.futbin.com/26/evolutions/1230/cb-roles
2026-08-13,1231,ST Roles++,ROLES,99,,,ST,,0,,,Unlimited,exact,https://www.futbin.com/26/evolutions/1231/st-roles
2026-08-13,1232,LM Roles++,ROLES,99,,,LM,,0,,,Unlimited,exact,https://www.futbin.com/26/evolutions/1232/lm-roles
2026-08-13,1233,CDM Roles++,ROLES,99,,,CDM,,0,,,Unlimited,exact,https://www.futbin.com/26/evolutions/1233/cdm-roles
2026-08-13,1234,GK Roles++,ROLES,99,,,GK,,0,,,Unlimited,exact,https://www.futbin.com/26/evolutions/1234/gk-roles
2026-08-13,1235,LB Roles++,ROLES,99,,,LB,,0,,,Unlimited,inferred,https://www.futbin.com/26/evolutions/1235/lb-roles
2026-08-13,1236,Max Pace,SEASON 10 LEVEL: 28,,,,,,0,,true,true,inferred,https://www.futbin.com/26/evolutions/1236/max-pace
2026-08-13,1237,Max Passing,SEASON 10 LEVEL: 27,98,,,,,0,,true,true,inferred,https://www.futbin.com/26/evolutions/1237/max-passing
2026-08-13,1238,Max Shooting,SEASON 10 LEVEL: 21,98,,,,,0,,true,true,inferred,https://www.futbin.com/26/evolutions/1238/max-shooting
2026-08-13,1239,Counter Culture,SEASON 10 LEVEL: 1,96,,97,,,3,Low Driven Shot | Finesse Shot | First Touch,true,5,inferred,https://www.futbin.com/26/evolutions/1239/counter-culture
2026-08-13,1240,Two-Way Titan,SEASON 10 LEVEL: 1,97,,98,,,0,,true,5,inferred,https://www.futbin.com/26/evolutions/1240/two-way-titan
2026-08-13,1241,Va Va Voom,"1,000 PRE SEASON TOKENS",97,,98,,,2,Low Driven Shot | Technical,,true,inferred,https://www.futbin.com/26/evolutions/1241/va-va-voom
2026-08-13,1242,Max Defending,SEASON 10 LEVEL: 10,98,,,,,0,,true,true,inferred,https://www.futbin.com/26/evolutions/1242/max-defending
2026-08-13,1243,Hard Yards,SEASON 10 LEVEL: 8,97,,98,,,3,Bruiser | Jockey | Intercept,true,5,inferred,https://www.futbin.com/26/evolutions/1243/hard-yards
2026-08-13,1244,Carpet Football,500 PRE SEASON TOKENS,97,,98,,,2,Technical | Pinged Pass,,true,inferred,https://www.futbin.com/26/evolutions/1244/carpet-football
2026-08-13,1245,The Pivot Point,REWARDS,97,,,,,0,,true,8,inferred,https://www.futbin.com/26/evolutions/1245/the-pivot-point
2026-08-13,1246,Face Value,REWARDS,97,,97,,,2,Pinged Pass | Tiki Taka,true,true,inferred,https://www.futbin.com/26/evolutions/1246/face-value
2026-08-13,1247,Apex Attacker,REWARDS,97,,,,,5,Finesse Shot | Low Driven Shot | Incisive Pass | Rapid | Technical,true,true,inferred,https://www.futbin.com/26/evolutions/1247/apex-attacker
2026-08-13,1249,Back to the Silver Age,EVOLUTIONS,74,,90,ST,,4,Finesse Shot | Low Driven Shot | Rapid | First Touch,true,true,exact,https://www.futbin.com/26/evolutions/1249/back-to-the-silver-age
2026-08-14,1250,97 Times,EVOLUTIONS,97,,98,,,0,,,true,exact,https://www.futbin.com/26/evolutions/1250/97-times
2026-08-14,1251,Passing Focus,EVOLUTIONS,96,,97,,,0,,true,true,exact,https://www.futbin.com/26/evolutions/1251/passing-focus
2026-08-14,1252,Pocket Inspector,100 PRE SEASON TOKENS,97,,98,CB,,2,Bruiser | Anticipate,,true,inferred,https://www.futbin.com/26/evolutions/1252/pocket-inspector
2026-08-15,1253,Creative License,100 PRE SEASON TOKEN STORE,97,,98,CAM,,3,Quick Step | Incisive Pass | Pinged Pass,,true,inferred,https://www.futbin.com/26/evolutions/1253/creative-license
2026-08-15,1254,Class on Grass,200 PRE SEASON TOKENS,97,,98,,,4,Finesse Shot | Low Driven Shot | Power Shot | Rapid,,true,inferred,https://www.futbin.com/26/evolutions/1254/class-on-grass
2026-08-15,1255,Fidget Spinner,EVOLUTIONS,97,,98,,,0,,,true,exact,https://www.futbin.com/26/evolutions/1255/fidget-spinner
2026-08-16,1256,99 SHO,STORE PACK,96,,98,LW or ST or RW,,0,,,true,inferred,https://www.futbin.com/26/evolutions/1256/99-sho
2026-08-16,1257,Quick Step+,TRAINING CAMP,98,,,,,1,Quick Step,,true,exact,https://www.futbin.com/26/evolutions/1257/quick-step
2026-08-17,1258,Guard Duty,REWARDS | EXPIRING SOON,97,,98,,,3,Intercept | Aerial Fortress | Jockey,true,true,inferred,https://www.futbin.com/26/evolutions/1258/guard-duty
2026-08-17,1259,Final Touches,EVOLUTIONS | EXPIRING SOON,96,,97,,,3,Finesse Shot | Power Shot | Gamechanger,true,4,exact,https://www.futbin.com/26/evolutions/1259/final-touches
2026-08-18,1260,The 12th Man,REWARDS,97,,98,,,0,,true,true,inferred,https://www.futbin.com/26/evolutions/1260/the-12th-man
2026-08-18,1261,Wall of Fame,EVOLUTIONS,96,,98,GK,,3,Far Reach | Rush Out | Pinged Pass,true,true,exact,https://www.futbin.com/26/evolutions/1261/wall-of-fame
2026-08-19,1262,The Vanguard,EVOLUTIONS,96,,98,CB,,3,Quick Step | Rapid | Jockey,true,true,exact,https://www.futbin.com/26/evolutions/1262/the-vanguard
2026-08-20,1263,Instant Magnet,REWARDS,97,,98,,,1,First Touch,true,true,inferred,https://www.futbin.com/26/evolutions/1263/instant-magnet
2026-08-20,1264,FUTTIES Finale,EVOLUTIONS,97,,98,,,1,Incisive Pass,,true,exact,https://www.futbin.com/26/evolutions/1264/futties-finale
2026-08-21,1265,Endgame Echoes,EVOLUTIONS,97,,98,CDM or CM,,0,,,2,exact,https://www.futbin.com/26/evolutions/1265/endgame-echoes
2026-08-21,1266,Winter Wildcards,COSMETICS,,,,,,0,,true,16,exact,https://www.futbin.com/26/evolutions/1266/winter-wildcards
2026-08-21,1267,Time Warp,COSMETICS,,,,,,0,,true,16,exact,https://www.futbin.com/26/evolutions/1267/time-warp
2026-08-21,1268,Ultimate Scream,COSMETICS,,,,,,0,,true,16,exact,https://www.futbin.com/26/evolutions/1268/ultimate-scream
2026-08-21,1269,Thunderstruck,COSMETICS,,,,,,0,,true,16,exact,https://www.futbin.com/26/evolutions/1269/thunderstruck
2026-08-21,1270,FUT Birthday 18 Retro,COSMETICS,,,,,,0,,true,16,exact,https://www.futbin.com/26/evolutions/1270/fut-birthday-18-retro
2026-08-21,1271,Unbreakables,COSMETICS,,,,,,0,,true,16,exact,https://www.futbin.com/26/evolutions/1271/unbreakables
2026-08-21,1272,Knockout Royalty,COSMETICS,,,,,,0,,true,16,exact,https://www.futbin.com/26/evolutions/1272/knockout-royalty
2026-08-21,1273,FUT Birthday 20 Retro,COSMETICS,,,,,,0,,true,16,exact,https://www.futbin.com/26/evolutions/1273/fut-birthday-20-retro
2026-08-21,1274,Joga Bonito,COSMETICS,,,,,,0,,true,16,exact,https://www.futbin.com/26/evolutions/1274/joga-bonito
2026-08-21,1275,FUT Birthday 19 Retro,COSMETICS,,,,,,0,,true,16,exact,https://www.futbin.com/26/evolutions/1275/fut-birthday-19-retro
2026-08-22,1276,Order 67,100 PRE SEASON TOKENS,97,,98,,,0,,,true,inferred,https://www.futbin.com/26/evolutions/1276/order-67
2026-08-22,1277,Leyenda de Moncada,EVOLUTIONS,97,,98,,,0,,true,true,exact,https://www.futbin.com/26/evolutions/1277/leyenda-de-moncada
2026-08-22,1278,Keep Better Kompany,100 PRE SEASON TOKENS,97,,98,CB,,0,,,true,inferred,https://www.futbin.com/26/evolutions/1278/keep-better-kompany
2026-08-23,1279,Prime Iconic Attacker,200 PRE SEASON TOKENS,97,,98,ST or LW or RW,,0,,,true,inferred,https://www.futbin.com/26/evolutions/1279/prime-iconic-attacker
2026-08-23,1280,Guardian of the Wing,EVOLUTIONS,97,,98,LB or RB,,0,,,true,exact,https://www.futbin.com/26/evolutions/1280/guardian-of-the-wing
2026-08-24,1281,The Tenant,EVOLUTIONS,96,,98,,,0,,true,true,exact,https://www.futbin.com/26/evolutions/1281/the-tenant
