resourceId,name,rating,position,alternatePositions,pace,shooting,passing,dribbling,defending,physical,skills,weakFoot,playstyleCount,playstyles,goldPlaystyleCount,goldPlaystyles,historicalFc26PopularCount,fc27PopularityScore,matchingFc26EvolutionCount,matchingFc26Evolutions,club,league,isBigClub,isTopLeague,prelaunchPriceSnapshot,launchPriceReference
244067,Maxence Lacroix,82,CB,,86,45,61,67,83,82,2,2,4,Long Ball Pass | Jockey | Intercept | Aerial Fortress,0,,0,493,9,Rising Guard | Passing Prodigy | One Shot | Relentless Pressure | Footwork Phenom | Pinged Pass | Whipped Pass+ | Cornerstones | Iron Will,Chelsea,Premier League,false,true,25000,20000
231677,Marcus Rashford,82,LW,LM | ST,92,83,78,81,33,68,5,3,3,Dead Ball | Rapid | Quick Step,1,Power Shot,2,314,13,Intro to Training Camp EVOs II | Club Member Reward | Rising Guard | Passing Prodigy | One Shot | Relentless Pressure | Long Ball Pass | Footwork Phenom | Pinged Pass | ST Advanced Forward+ | Whipped Pass+ | Cornerstones | Iron Will,Man Utd,Premier League,true,true,55000,20000
242444,João Félix,83,CAM,ST | LW | LM,81,81,79,84,45,71,5,4,5,Finesse Shot | Low Driven Shot | Incisive Pass | Technical | First Touch,0,,0,257,7,Club Member Reward | Passing Prodigy | Footwork Phenom | Pinged Pass | ST Advanced Forward+ | Whipped Pass+ | Cornerstones,Al Nassr,ROSHN Saudi League,false,false,2900,1000
268889,Álvaro Carreras,81,LB,CB | LM,86,66,77,80,75,81,3,4,5,Jockey | Intercept | Anticipate | Relentless | Long Throw,0,,0,221,9,Intro to Evolutions | Rising Guard | Passing Prodigy | One Shot | Footwork Phenom | Pinged Pass | Whipped Pass+ | Cornerstones | Iron Will,Real Madrid,LALIGA EA SPORTS,true,false,8600,750
232656,Theo Hernández,82,LB,LM,89,78,78,82,76,83,4,3,6,Dead Ball | Block | Aerial Fortress | Rapid | Quick Step | Bruiser,0,,1,197,7,Rising Guard | Passing Prodigy | One Shot | Footwork Phenom | Whipped Pass+ | Cornerstones | Iron Will,Al Hilal,ROSHN Saudi League,false,false,19000,60000
251852,Karim Adeyemi,82,RM,LW | CAM | RW,95,80,72,82,36,69,3,3,2,Power Shot | Rapid,1,Quick Step,0,119,11,Intro to Training Camp EVOs II | Rising Guard | Passing Prodigy | One Shot | Relentless Pressure | Long Ball Pass | Footwork Phenom | Pinged Pass | Whipped Pass+ | Cornerstones | Iron Will,FC Barcelona,LALIGA EA SPORTS,true,false,13000,20000
243702,Djed Spence,80,LB,RB,89,54,71,79,76,75,3,4,2,Jockey | Rapid,0,,0,86,12,Intro to Evolutions | Intro to Training Camp EVOs II | Rising Guard | Passing Prodigy | One Shot | Relentless Pressure | Long Ball Pass | Footwork Phenom | Pinged Pass | Whipped Pass+ | Cornerstones | Iron Will,Lombardia FC,Serie A Enilive,false,false,1100,1000
243580,Loïs Openda,80,ST,CAM,94,79,69,78,30,75,3,4,4,Finesse Shot | Low Driven Shot | Rapid | Quick Step,0,,5,82,12,Intro to Evolutions | Club Member Reward | Rising Guard | Passing Prodigy | One Shot | Relentless Pressure | Footwork Phenom | Pinged Pass | ST Advanced Forward+ | Whipped Pass+ | Cornerstones | Iron Will,OL,Ligue 1 McDonald's,false,false,8000,200000
277427,Nico O'Reilly,83,LB,CM | CDM,83,70,78,79,81,81,3,2,2,Power Shot | Press Proven,0,,0,69,6,Passing Prodigy | Complete Connection | Footwork Phenom | Pinged Pass | Whipped Pass+ | Cornerstones,Manchester City,Premier League,true,true,24000,4500
272978,Jorrel Hato,78,LB,CB | CDM,85,42,70,74,76,74,2,3,3,Pinged Pass | Jockey | Intercept,0,,0,65,12,Intro to Evolutions | Intro to Training Camp EVOs II | Rising Guard | Passing Prodigy | One Shot | Relentless Pressure | Long Ball Pass | Footwork Phenom | Pinged Pass | Whipped Pass+ | Cornerstones | Iron Will,Chelsea,Premier League,false,true,500,750
247246,Khéphren Thuram,81,CM,CDM,79,74,78,79,81,85,3,4,3,Incisive Pass | Pinged Pass | Press Proven,0,,0,63,14,Intro to Evolutions | Intro to Training Camp EVOs II | Intro to Rewards EVOs | Rising Guard | Passing Prodigy | One Shot | Complete Connection | Relentless Pressure | Long Ball Pass | Footwork Phenom | Pinged Pass | Whipped Pass+ | Cornerstones | Iron Will,Juventus,Serie A Enilive,false,false,7000,7000
266039,Pubill,81,CB,RB,79,56,71,74,81,82,2,3,5,Block | Anticipate | Aerial Fortress | Relentless | Bruiser,0,,0,62,10,Intro to Evolutions | Intro to Rewards EVOs | Rising Guard | Passing Prodigy | One Shot | Footwork Phenom | Pinged Pass | Whipped Pass+ | Cornerstones | Iron Will,Atlético de Madrid,LALIGA EA SPORTS,false,false,3300,2000
258168,Jayden Oosterwolde,76,CB,LB,88,42,64,72,75,81,2,2,1,Anticipate,0,,0,62,12,Intro to Evolutions | Intro to Training Camp EVOs II | Rising Guard | Passing Prodigy | One Shot | Relentless Pressure | Long Ball Pass | Footwork Phenom | Pinged Pass | Whipped Pass+ | Cornerstones | Iron Will,Fenerbahçe,Trendyol Süper Lig,false,false,800,750
238616,Pedro Neto,81,RM,LM | RW | LW,91,76,77,82,40,70,4,4,3,Low Driven Shot | Rapid | Quick Step,0,,0,60,12,Intro to Evolutions | Intro to Training Camp EVOs II | Rising Guard | Passing Prodigy | One Shot | Relentless Pressure | Long Ball Pass | Footwork Phenom | Pinged Pass | Whipped Pass+ | Cornerstones | Iron Will,Chelsea,Premier League,false,true,7300,4000
268804,Mario Gila,81,CB,,85,53,68,75,81,79,2,4,2,Long Ball Pass | Slide Tackle,0,,0,54,12,Intro to Evolutions | Intro to Training Camp EVOs II | Rising Guard | Passing Prodigy | One Shot | Relentless Pressure | Long Ball Pass | Footwork Phenom | Pinged Pass | Whipped Pass+ | Cornerstones | Iron Will,Milano FC,Serie A Enilive,false,false,6000,2500
232756,Fikayo Tomori,80,CB,,85,40,63,68,80,80,2,4,1,Jockey,0,,0,51,12,Intro to Evolutions | Intro to Training Camp EVOs II | Rising Guard | Passing Prodigy | One Shot | Relentless Pressure | Long Ball Pass | Footwork Phenom | Pinged Pass | Whipped Pass+ | Cornerstones | Iron Will,Milano FC,Serie A Enilive,false,false,20000,9500
270673,Warren Zaïre-Emery,83,CM,RB | CDM | RM,79,71,78,81,79,85,3,4,6,Tiki Taka | Jockey | First Touch | Press Proven | Quick Step | Relentless,0,,0,50,4,Passing Prodigy | Footwork Phenom | Whipped Pass+ | Cornerstones,Paris SG,Ligue 1 McDonald's,true,false,9000,750
213345,Kingsley Coman,83,RM,LM | RW | LW,87,75,79,87,30,64,5,3,4,Acrobatic | Rapid | First Touch | Quick Step,0,,2,49,5,Passing Prodigy | Footwork Phenom | Pinged Pass | Whipped Pass+ | Cornerstones,Al Nassr,ROSHN Saudi League,false,false,1500,1500
277031,Abdukodir Khusanov,82,CB,,88,39,64,68,83,80,2,3,3,Jockey | Intercept | Bruiser,0,,0,49,11,Intro to Training Camp EVOs II | Rising Guard | Passing Prodigy | One Shot | Relentless Pressure | Long Ball Pass | Footwork Phenom | Pinged Pass | Whipped Pass+ | Cornerstones | Iron Will,Manchester City,Premier League,true,true,60000,2500
216388,Allan Saint-Maximin,76,LW,LM,89,69,69,83,29,67,5,4,4,Inventive | Technical | Trickster | Quick Step,0,,0,48,10,Intro to Evolutions | Rising Guard | Passing Prodigy | One Shot | Relentless Pressure | Footwork Phenom | Pinged Pass | Whipped Pass+ | Cornerstones | Iron Will,Charlotte FC,MLS,false,false,500,
247257,Ibañez,83,CB,RB,87,48,58,69,83,86,3,2,6,Precision Header | Long Ball Pass | Jockey | Block | Intercept | Aerial Fortress,0,,2,46,4,Passing Prodigy | Footwork Phenom | Whipped Pass+ | Cornerstones,Al Ahli,ROSHN Saudi League,false,false,20000,25000
272449,Pablo Barrios,83,CM,CDM,80,71,78,83,75,78,3,3,4,Pinged Pass | Tiki Taka | Press Proven | Relentless,0,,0,43,6,Passing Prodigy | Complete Connection | Footwork Phenom | Pinged Pass | Whipped Pass+ | Cornerstones,Atlético de Madrid,LALIGA EA SPORTS,false,false,750,750
260926,Kevin Schade,79,LM,ST | LW,92,75,71,78,30,73,3,4,6,Chip Shot | Precision Header | Aerial Fortress | Rapid | Quick Step | Long Throw,0,,0,43,10,Intro to Evolutions | Club Member Reward | Rising Guard | Passing Prodigy | One Shot | Footwork Phenom | ST Advanced Forward+ | Whipped Pass+ | Cornerstones | Iron Will,Brentford,Premier League,false,true,500,500
264968,Mathilde Bourdieu,81,ST,,83,82,69,79,36,76,3,4,6,Finesse Shot | Power Shot | Acrobatic | Low Driven Shot | First Touch | Press Proven,0,,0,40,11,Intro to Evolutions | Intro to Rewards EVOs | Club Member Reward | Rising Guard | Passing Prodigy | One Shot | Footwork Phenom | ST Advanced Forward+ | Whipped Pass+ | Cornerstones | Iron Will,Marseille,Arkema PL,false,false,500,750
270039,Diego Moreira,79,RM,LM | RB | LB,89,69,70,83,64,69,4,3,4,Gamechanger | Rapid | Quick Step | Relentless,0,,0,39,10,Intro to Evolutions | Rising Guard | Passing Prodigy | One Shot | Relentless Pressure | Footwork Phenom | Pinged Pass | Whipped Pass+ | Cornerstones | Iron Will,Milano FC,Serie A Enilive,false,false,500,750
253124,Matheus Nunes,83,RB,CM,87,70,80,79,78,75,3,3,1,Jockey,0,,0,38,6,Passing Prodigy | Complete Connection | Footwork Phenom | Pinged Pass | Whipped Pass+ | Cornerstones,Manchester City,Premier League,true,true,6400,750
215914,N'Golo Kanté,83,CDM,CM,74,65,73,80,83,79,2,3,3,Intercept | Press Proven | Relentless,0,,0,38,6,Passing Prodigy | Complete Connection | Footwork Phenom | Pinged Pass | Whipped Pass+ | Cornerstones,Fenerbahçe,Trendyol Süper Lig,false,false,2500,25000
278901,Ayyoub Bouaddi,80,CDM,CM,75,56,74,79,75,76,3,3,4,Jockey | Intercept | First Touch | Press Proven,0,,0,38,12,Intro to Evolutions | Intro to Rewards EVOs | Rising Guard | Passing Prodigy | One Shot | Complete Connection | Relentless Pressure | Footwork Phenom | Pinged Pass | Whipped Pass+ | Cornerstones | Iron Will,Manchester City,Premier League,true,true,500,500
243854,Mohamed Simakan,82,CB,RB,78,43,66,70,83,83,2,3,3,Jockey | Aerial Fortress | Bruiser,0,,1,37,12,Intro to Training Camp EVOs II | Intro to Rewards EVOs | Rising Guard | Passing Prodigy | One Shot | Relentless Pressure | Long Ball Pass | Footwork Phenom | Pinged Pass | Whipped Pass+ | Cornerstones | Iron Will,Al Nassr,ROSHN Saudi League,false,false,750,750
271400,Igor Paixão,79,LM,LW,87,78,75,80,32,70,4,3,4,Low Driven Shot | Gamechanger | Whipped Pass | Technical,0,,1,37,10,Intro to Evolutions | Rising Guard | Passing Prodigy | One Shot | Relentless Pressure | Footwork Phenom | Pinged Pass | Whipped Pass+ | Cornerstones | Iron Will,OM,Ligue 1 McDonald's,false,false,500,750
241721,Rafael Leão,83,LW,LM | ST | CAM,93,79,79,83,30,73,5,4,4,Incisive Pass | Rapid | Trickster | Quick Step,0,,0,36,7,Club Member Reward | Passing Prodigy | Footwork Phenom | Pinged Pass | ST Advanced Forward+ | Whipped Pass+ | Cornerstones,Galatasaray,Trendyol Süper Lig,false,false,15000,90000
258601,Mamadou Sangaré,81,CM,CDM,80,67,76,81,78,72,3,4,6,Long Ball Pass | Inventive | Intercept | Slide Tackle | Technical | Relentless,0,,0,35,9,Intro to Evolutions | Intro to Rewards EVOs | Rising Guard | Passing Prodigy | One Shot | Footwork Phenom | Whipped Pass+ | Cornerstones | Iron Will,Brentford,Premier League,false,true,4400,2000
216594,Nabil Fekir,79,CAM,ST | CM,73,77,79,81,39,74,4,4,5,Finesse Shot | Power Shot | Dead Ball | Technical | First Touch,0,,0,35,14,Intro to Evolutions | Intro to Rewards EVOs | Club Member Reward | Rising Guard | Cover Athlete | Passing Prodigy | One Shot | Complete Connection | Footwork Phenom | Pinged Pass | ST Advanced Forward+ | Whipped Pass+ | Cornerstones | Iron Will,Abha Club,ROSHN Saudi League,false,false,500,
210257,Ederson,82,GK,,80,81,90,81,64,83,1,3,1,Footwork,1,Pinged Pass,0,34,8,Intro to Training Camp EVOs I | Intro to Training Camp EVOs II | The Debut | Relentless Pressure | Long Ball Pass | Pinged Pass | Whipped Pass+ | Cornerstones,Fenerbahçe,Trendyol Süper Lig,false,false,2000,50000
266866,Éderson,82,CM,CDM,81,73,78,80,80,81,3,3,2,Precision Header | Long Ball Pass,0,,0,34,13,Intro to Training Camp EVOs II | Intro to Rewards EVOs | Rising Guard | Passing Prodigy | One Shot | Complete Connection | Relentless Pressure | Long Ball Pass | Footwork Phenom | Pinged Pass | Whipped Pass+ | Cornerstones | Iron Will,Bergamo Calcio,Serie A Enilive,false,false,1300,1500
256948,Christos Tzolis,82,LW,LM,82,80,79,83,38,71,4,4,3,Finesse Shot | Low Driven Shot | Incisive Pass,0,,1,33,12,Intro to Training Camp EVOs II | Intro to Rewards EVOs | Rising Guard | Passing Prodigy | One Shot | Relentless Pressure | Long Ball Pass | Footwork Phenom | Pinged Pass | Whipped Pass+ | Cornerstones | Iron Will,Arsenal,Premier League,false,true,750,750
73078,Kaishū Sano,81,CDM,CM,81,59,68,81,83,76,3,4,3,Anticipate | Aerial Fortress | Relentless,1,Intercept,1,33,14,Intro to Evolutions | Intro to Training Camp EVOs II | Intro to Rewards EVOs | Rising Guard | Passing Prodigy | One Shot | Complete Connection | Relentless Pressure | Long Ball Pass | Footwork Phenom | Pinged Pass | Whipped Pass+ | Cornerstones | Iron Will,1. FSV Mainz 05,Bundesliga,false,false,500,500
252042,João Pedro,83,ST,CAM,77,83,74,84,38,74,4,4,4,Chip Shot | Acrobatic | First Touch | Press Proven,0,,0,33,8,Club Member Reward | Cover Athlete | Passing Prodigy | Footwork Phenom | Pinged Pass | ST Advanced Forward+ | Whipped Pass+ | Cornerstones,Chelsea,Premier League,false,true,750,500
199254,João Pedro,75,ST,,62,77,70,74,38,68,4,4,3,Finesse Shot | Precision Header | Low Driven Shot,0,,0,33,15,Intro to Evolutions | Intro to Training Camp EVOs II | Intro to Rewards EVOs | Club Member Reward | Rising Guard | Passing Prodigy | One Shot | Relentless Pressure | Long Ball Pass | Footwork Phenom | Pinged Pass | ST Advanced Forward+ | Whipped Pass+ | Cornerstones | Iron Will,Atltico de SL,Liga BBVA MX,false,false,500,
76042,Víctor Muñoz,79,LM,LW | RW | RM,94,74,70,80,50,65,3,3,4,Whipped Pass | Rapid | Quick Step | Relentless,0,,0,32,10,Intro to Evolutions | Rising Guard | Passing Prodigy | One Shot | Relentless Pressure | Footwork Phenom | Pinged Pass | Whipped Pass+ | Cornerstones | Iron Will,Liverpool,Premier League,true,true,500,1000
71178,Saïd El Mala,78,LM,ST | LW | CAM,89,78,68,84,41,67,4,3,4,Finesse Shot | Low Driven Shot | Technical | Rapid,0,,0,32,12,Intro to Evolutions | Club Member Reward | Rising Guard | Passing Prodigy | One Shot | Relentless Pressure | Footwork Phenom | Pinged Pass | ST Advanced Forward+ | Whipped Pass+ | Cornerstones | Iron Will,1. FC Köln,Bundesliga,false,false,500,3000
231447,Donyell Malen,83,ST,,86,83,73,85,38,68,4,4,3,Chip Shot | Technical | Quick Step,0,,0,29,7,Club Member Reward | Passing Prodigy | Footwork Phenom | Pinged Pass | ST Advanced Forward+ | Whipped Pass+ | Cornerstones,AS Roma,Serie A Enilive,false,false,7500,750
232411,Christopher Nkunku,80,ST,CAM,75,83,79,82,41,56,4,3,1,Technical,0,,0,29,16,Intro to Evolutions | Intro to Training Camp EVOs II | Intro to Rewards EVOs | Club Member Reward | Rising Guard | Cover Athlete | Passing Prodigy | One Shot | Relentless Pressure | Long Ball Pass | Footwork Phenom | Pinged Pass | ST Advanced Forward+ | Whipped Pass+ | Cornerstones | Iron Will,RB Leipzig,Bundesliga,false,false,1500,40000
212811,Mario Lemina,78,CDM,CM | CB,73,67,74,74,78,84,3,4,4,Inventive | Intercept | Technical | Relentless,0,,0,29,12,Intro to Evolutions | Intro to Rewards EVOs | Rising Guard | Passing Prodigy | One Shot | Complete Connection | Relentless Pressure | Footwork Phenom | Pinged Pass | Whipped Pass+ | Cornerstones | Iron Will,Galatasaray,Trendyol Süper Lig,false,false,500,750
252293,Ismail Jakobs,75,LB,LM,89,58,64,74,71,75,3,3,2,Rapid | Long Throw,0,,0,29,12,Intro to Evolutions | Intro to Training Camp EVOs II | Rising Guard | Passing Prodigy | One Shot | Relentless Pressure | Long Ball Pass | Footwork Phenom | Pinged Pass | Whipped Pass+ | Cornerstones | Iron Will,Galatasaray,Trendyol Süper Lig,false,false,500,750
213666,Ruben Loftus-Cheek,79,CAM,CM,80,76,77,79,76,79,4,4,2,Press Proven | Enforcer,0,,1,28,15,Intro to Evolutions | Intro to Training Camp EVOs II | Intro to Rewards EVOs | Rising Guard | Cover Athlete | Passing Prodigy | One Shot | Complete Connection | Relentless Pressure | Long Ball Pass | Footwork Phenom | Pinged Pass | Whipped Pass+ | Cornerstones | Iron Will,Milano FC,Serie A Enilive,false,false,2600,4500
80170,Wesley,80,LB,RB | LM | RM,90,63,75,81,75,77,3,3,1,Quick Step,0,,0,28,12,Intro to Evolutions | Intro to Training Camp EVOs II | Rising Guard | Passing Prodigy | One Shot | Relentless Pressure | Long Ball Pass | Footwork Phenom | Pinged Pass | Whipped Pass+ | Cornerstones | Iron Will,AS Roma,Serie A Enilive,false,false,8000,3500
264309,Arda Güler,83,RM,CM | CAM | RW,77,79,85,84,55,57,4,3,6,Finesse Shot | Dead Ball | Incisive Pass | Tiki Taka | Inventive | Technical,0,,1,27,4,Passing Prodigy | Footwork Phenom | Whipped Pass+ | Cornerstones,Real Madrid,LALIGA EA SPORTS,true,false,1200,750
210514,João Cancelo,83,LB,RB | RM | LM,84,72,84,85,77,72,4,4,4,Whipped Pass | Inventive | Technical | First Touch,0,,0,27,5,Passing Prodigy | Footwork Phenom | Pinged Pass | Whipped Pass+ | Cornerstones,FC Barcelona,LALIGA EA SPORTS,true,false,1900,1500
258498,Bart Verbruggen,81,GK,,80,77,81,84,50,81,1,4,2,Long Ball Pass | Footwork,0,,0,27,8,Intro to Training Camp EVOs I | Intro to Training Camp EVOs II | The Debut | Relentless Pressure | Long Ball Pass | Pinged Pass | Whipped Pass+ | Cornerstones,Brighton,Premier League,false,true,750,750
227796,Christian Pulisic,83,CAM,RW | RM | ST,87,83,81,84,47,60,4,5,4,Low Driven Shot | Incisive Pass | Technical | Quick Step,0,,4,26,7,Club Member Reward | Passing Prodigy | Footwork Phenom | Pinged Pass | ST Advanced Forward+ | Whipped Pass+ | Cornerstones,Milano FC,Serie A Enilive,false,false,11000,20000
261050,Francisco Conceição,80,CAM,RM | ST | RW,88,72,76,86,44,55,4,2,1,Rapid,0,,0,26,14,Intro to Evolutions | Intro to Training Camp EVOs II | Club Member Reward | Rising Guard | Passing Prodigy | One Shot | Relentless Pressure | Long Ball Pass | Footwork Phenom | Pinged Pass | ST Advanced Forward+ | Whipped Pass+ | Cornerstones | Iron Will,Juventus,Serie A Enilive,false,false,500,500
253163,Ronald Araujo,80,CB,RB,79,54,64,59,78,81,2,3,4,Jockey | Slide Tackle | Aerial Fortress | Bruiser,0,,0,26,11,Intro to Evolutions | Intro to Rewards EVOs | Rising Guard | Passing Prodigy | One Shot | Relentless Pressure | Footwork Phenom | Pinged Pass | Whipped Pass+ | Cornerstones | Iron Will,Liverpool,Premier League,true,true,6200,20000
258575,Emmanuel Agbadou,77,CB,,80,50,63,65,76,81,2,3,4,Precision Header | Jockey | Block | Bruiser,0,,0,26,11,Intro to Evolutions | Intro to Rewards EVOs | Rising Guard | Passing Prodigy | One Shot | Relentless Pressure | Footwork Phenom | Pinged Pass | Whipped Pass+ | Cornerstones | Iron Will,Beşiktaş,Trendyol Süper Lig,false,false,500,750
248243,Eduardo Camavinga,81,CM,CDM | LB,79,67,80,82,78,80,4,3,5,Jockey | Block | Slide Tackle | Technical | Bruiser,0,,5,25,11,Intro to Evolutions | Intro to Rewards EVOs | Rising Guard | Passing Prodigy | One Shot | Complete Connection | Footwork Phenom | Pinged Pass | Whipped Pass+ | Cornerstones | Iron Will,Real Madrid,LALIGA EA SPORTS,true,false,8000,25000
243593,Armand Laurienté,80,LW,LM,91,75,74,82,36,51,4,3,4,Dead Ball | Low Driven Shot | Rapid | Quick Step,0,,1,25,10,Intro to Evolutions | Rising Guard | Passing Prodigy | One Shot | Relentless Pressure | Footwork Phenom | Pinged Pass | Whipped Pass+ | Cornerstones | Iron Will,Sassuolo,Serie A Enilive,false,false,1800,3000
270531,Ousmane Diomande,81,CB,,80,26,52,70,80,88,2,3,4,Jockey | Block | Aerial Fortress | Bruiser,0,,0,25,11,Intro to Evolutions | Intro to Rewards EVOs | Rising Guard | Passing Prodigy | One Shot | Relentless Pressure | Footwork Phenom | Pinged Pass | Whipped Pass+ | Cornerstones | Iron Will,Nott'm Forest,Premier League,false,true,5000,750
278339,Marco Palestra,78,RB,RM,90,65,69,80,70,81,3,4,1,Rapid,0,,0,25,12,Intro to Evolutions | Intro to Training Camp EVOs II | Rising Guard | Passing Prodigy | One Shot | Relentless Pressure | Long Ball Pass | Footwork Phenom | Pinged Pass | Whipped Pass+ | Cornerstones | Iron Will,Chelsea,Premier League,false,true,1400,
241736,Yann Aurel Bisseck,78,CB,,78,57,64,72,77,80,2,3,1,Precision Header,0,,0,25,13,Intro to Evolutions | Intro to Training Camp EVOs II | Intro to Rewards EVOs | Rising Guard | Passing Prodigy | One Shot | Relentless Pressure | Long Ball Pass | Footwork Phenom | Pinged Pass | Whipped Pass+ | Cornerstones | Iron Will,Lombardia FC,Serie A Enilive,false,false,500,750
236632,David Neres,81,LW,LM,86,76,75,85,46,53,5,3,3,Technical | Trickster | Quick Step,0,,2,24,12,Intro to Evolutions | Intro to Training Camp EVOs II | Rising Guard | Passing Prodigy | One Shot | Relentless Pressure | Long Ball Pass | Footwork Phenom | Pinged Pass | Whipped Pass+ | Cornerstones | Iron Will,SSC Napoli,Serie A Enilive,false,false,3000,3000
255654,Pierre Kalulu,81,CB,RB,79,53,68,72,83,79,2,3,2,Long Ball Pass | Jockey,0,,1,24,13,Intro to Evolutions | Intro to Training Camp EVOs II | Intro to Rewards EVOs | Rising Guard | Passing Prodigy | One Shot | Relentless Pressure | Long Ball Pass | Footwork Phenom | Pinged Pass | Whipped Pass+ | Cornerstones | Iron Will,Juventus,Serie A Enilive,false,false,750,1000
277909,Eli Junior Kroupi,80,ST,CAM,83,83,71,81,48,65,3,3,4,Finesse Shot | Power Shot | Low Driven Shot | Gamechanger,0,,0,24,14,Intro to Evolutions | Intro to Rewards EVOs | Club Member Reward | Rising Guard | Cover Athlete | Passing Prodigy | One Shot | Relentless Pressure | Footwork Phenom | Pinged Pass | ST Advanced Forward+ | Whipped Pass+ | Cornerstones | Iron Will,AFC Bournemouth,Premier League,false,true,750,5000
232905,Junya Ito,76,RM,RW | LW | LM,86,69,72,76,58,70,4,4,7,Dead Ball | Incisive Pass | Whipped Pass | Inventive | Rapid | Quick Step | Relentless,0,,0,24,8,Intro to Evolutions | Rising Guard | Passing Prodigy | One Shot | Footwork Phenom | Whipped Pass+ | Cornerstones | Iron Will,KRC Genk,1A Pro League,false,false,500,250
208418,Yannick Carrasco,82,LW,LM | ST,88,81,78,84,58,71,4,4,3,Gamechanger | Whipped Pass | Technical,0,,2,23,13,Intro to Training Camp EVOs II | Club Member Reward | Rising Guard | Passing Prodigy | One Shot | Relentless Pressure | Long Ball Pass | Footwork Phenom | Pinged Pass | ST Advanced Forward+ | Whipped Pass+ | Cornerstones | Iron Will,Al Shabab,ROSHN Saudi League,false,false,750,500
265861,Maëlle Garbino,82,RM,CAM | LM | RW,87,79,78,83,53,66,4,3,6,Gamechanger | Tiki Taka | Inventive | Technical | First Touch | Relentless,0,,1,23,7,Rising Guard | Passing Prodigy | One Shot | Footwork Phenom | Whipped Pass+ | Cornerstones | Iron Will,Marseille,Arkema PL,false,false,750,750
205452,Antonio Rüdiger,83,CB,,75,54,71,69,83,85,2,3,4,Long Ball Pass | Jockey | Block | Bruiser,0,,0,23,5,Passing Prodigy | Footwork Phenom | Pinged Pass | Whipped Pass+ | Cornerstones,Real Madrid,LALIGA EA SPORTS,true,false,12000,80000
263578,Balde,82,LB,LM,90,52,75,79,77,69,3,4,3,Anticipate | Rapid | Quick Step,0,,0,23,11,Intro to Training Camp EVOs II | Rising Guard | Passing Prodigy | One Shot | Relentless Pressure | Long Ball Pass | Footwork Phenom | Pinged Pass | Whipped Pass+ | Cornerstones | Iron Will,FC Barcelona,LALIGA EA SPORTS,true,false,10000,15000
240753,Amine Gouiri,80,ST,CAM,77,82,77,81,45,71,4,3,4,Finesse Shot | Low Driven Shot | Gamechanger | Technical,0,,0,23,14,Intro to Evolutions | Intro to Rewards EVOs | Club Member Reward | Rising Guard | Cover Athlete | Passing Prodigy | One Shot | Relentless Pressure | Footwork Phenom | Pinged Pass | ST Advanced Forward+ | Whipped Pass+ | Cornerstones | Iron Will,OM,Ligue 1 McDonald's,false,false,500,750
251626,Milan van Ewijk,75,RB,RM,92,58,67,73,68,72,3,3,5,Whipped Pass | Jockey | Intercept | Quick Step | Long Throw,0,,1,22,9,Intro to Evolutions | Rising Guard | Passing Prodigy | One Shot | Footwork Phenom | Pinged Pass | Whipped Pass+ | Cornerstones | Iron Will,Coventry City,Premier League,false,true,1400,8000
263205,Barış Alper Yılmaz,80,LM,RM | ST | LW,93,75,72,80,69,86,4,4,6,Precision Header | Low Driven Shot | Aerial Fortress | Rapid | Quick Step | Enforcer,0,,0,22,10,Intro to Evolutions | Club Member Reward | Rising Guard | Passing Prodigy | One Shot | Footwork Phenom | ST Advanced Forward+ | Whipped Pass+ | Cornerstones | Iron Will,Galatasaray,Trendyol Süper Lig,false,false,3400,4000
212616,Rodrigo De Paul,83,CM,CDM | RM | CAM,75,77,83,83,75,83,4,3,4,Finesse Shot | Incisive Pass | Long Ball Pass | Technical,0,,1,21,6,Passing Prodigy | Complete Connection | Footwork Phenom | Pinged Pass | Whipped Pass+ | Cornerstones,Inter Miami CF,MLS,false,false,1100,2000
251377,Rodrigo Zalazar,82,CAM,CM | RW,82,83,80,82,66,76,3,4,7,Finesse Shot | Power Shot | Gamechanger | Incisive Pass | Whipped Pass | Aerial Fortress | Technical,0,,0,21,8,Intro to Rewards EVOs | Rising Guard | Passing Prodigy | One Shot | Footwork Phenom | Whipped Pass+ | Cornerstones | Iron Will,Sporting CP,Liga Portugal,false,false,750,750
230965,Nahitan Nández,78,CM,RM | RB | CAM,82,69,75,79,74,83,3,2,3,Anticipate | Rapid | Relentless,0,,0,21,14,Intro to Evolutions | Intro to Training Camp EVOs II | Intro to Rewards EVOs | Rising Guard | Passing Prodigy | One Shot | Complete Connection | Relentless Pressure | Long Ball Pass | Footwork Phenom | Pinged Pass | Whipped Pass+ | Cornerstones | Iron Will,Al Qadsiah,ROSHN Saudi League,false,false,500,750
245637,Georginio Rutter,77,CAM,ST,75,75,75,79,61,71,5,5,2,Trickster | Enforcer,0,,0,21,16,Intro to Evolutions | Intro to Training Camp EVOs II | Intro to Rewards EVOs | Club Member Reward | Rising Guard | Cover Athlete | Passing Prodigy | One Shot | Relentless Pressure | Long Ball Pass | Footwork Phenom | Pinged Pass | ST Advanced Forward+ | Whipped Pass+ | Cornerstones | Iron Will,Brighton,Premier League,false,true,500,1000
229261,Denis Zakaria,81,CDM,CM | CB,80,67,74,77,80,85,3,3,2,Precision Header | Anticipate,0,,0,20,14,Intro to Evolutions | Intro to Training Camp EVOs II | Intro to Rewards EVOs | Rising Guard | Passing Prodigy | One Shot | Complete Connection | Relentless Pressure | Long Ball Pass | Footwork Phenom | Pinged Pass | Whipped Pass+ | Cornerstones | Iron Will,AS Monaco,Ligue 1 McDonald's,false,false,750,1000
246321,Daizen Maeda,78,LM,LW | ST | CAM,92,77,70,76,64,77,2,4,7,Precision Header | Acrobatic | Low Driven Shot | Gamechanger | Rapid | Quick Step | Relentless,0,,0,20,10,Intro to Evolutions | Club Member Reward | Rising Guard | Passing Prodigy | One Shot | Footwork Phenom | ST Advanced Forward+ | Whipped Pass+ | Cornerstones | Iron Will,Ipswich,Premier League,false,true,500,750
272894,Kévin Danois,76,CM,CDM,71,63,74,76,69,68,3,3,0,,0,,0,20,14,Intro to Evolutions | Intro to Training Camp EVOs II | Intro to Rewards EVOs | Rising Guard | Passing Prodigy | One Shot | Complete Connection | Relentless Pressure | Long Ball Pass | Footwork Phenom | Pinged Pass | Whipped Pass+ | Cornerstones | Iron Will,AJ Auxerre,Ligue 1 McDonald's,false,false,500,750
265905,Vicki Becho,83,RW,ST | RM | CAM,90,79,72,86,45,69,4,3,4,Gamechanger | Technical | Trickster | Quick Step,0,,1,19,7,Club Member Reward | Passing Prodigy | Footwork Phenom | Pinged Pass | ST Advanced Forward+ | Whipped Pass+ | Cornerstones,OL Lyonnes,Arkema PL,false,false,1300,750
231913,Fredrik Aursnes,81,CM,CDM | RM | RW,75,72,78,80,77,82,3,3,4,Anticipate | First Touch | Press Proven | Relentless,0,,1,19,12,Intro to Evolutions | Intro to Rewards EVOs | Rising Guard | Passing Prodigy | One Shot | Complete Connection | Relentless Pressure | Footwork Phenom | Pinged Pass | Whipped Pass+ | Cornerstones | Iron Will,SL Benfica,Liga Portugal,false,false,500,750
239482,Galeno,81,LM,LW,91,77,76,82,45,70,4,3,6,Low Driven Shot | Rapid | First Touch | Quick Step | Relentless | Long Throw,0,,1,19,8,Intro to Evolutions | Rising Guard | Passing Prodigy | One Shot | Footwork Phenom | Whipped Pass+ | Cornerstones | Iron Will,Al Ahli,ROSHN Saudi League,false,false,500,750
256675,Omar Marmoush,82,LW,ST | LM | CAM,87,83,76,83,34,69,4,3,4,Finesse Shot | Dead Ball | Low Driven Shot | Technical,0,,0,19,11,Club Member Reward | Rising Guard | Passing Prodigy | One Shot | Relentless Pressure | Footwork Phenom | Pinged Pass | ST Advanced Forward+ | Whipped Pass+ | Cornerstones | Iron Will,Spurs,Premier League,false,true,9500,50000
254817,Maximiliano Araújo,81,LM,LB | LW,85,69,76,81,71,75,4,2,6,Power Shot | Whipped Pass | Aerial Fortress | Rapid | Relentless | Long Throw,0,,0,19,8,Intro to Evolutions | Rising Guard | Passing Prodigy | One Shot | Footwork Phenom | Whipped Pass+ | Cornerstones | Iron Will,Sporting CP,Liga Portugal,false,false,500,500
262545,Amaiur Sarriegi,80,ST,RW | LW | RM,87,77,75,83,47,81,4,4,5,Gamechanger | Technical | First Touch | Quick Step | Relentless,0,,0,19,11,Intro to Evolutions | Club Member Reward | Rising Guard | Passing Prodigy | One Shot | Footwork Phenom | Pinged Pass | ST Advanced Forward+ | Whipped Pass+ | Cornerstones | Iron Will,Atlético de Madrid,Liga F Moeve,false,false,2200,3500
248165,Andrei Rațiu,80,RB,RM | RW,94,67,74,81,74,71,4,3,4,Whipped Pass | Jockey | Rapid | Quick Step,0,,0,19,10,Intro to Evolutions | Rising Guard | Passing Prodigy | One Shot | Relentless Pressure | Footwork Phenom | Pinged Pass | Whipped Pass+ | Cornerstones | Iron Will,Rayo Vallecano,LALIGA EA SPORTS,false,false,1500,1000
251810,Brian Brobbey,78,ST,,83,75,61,73,30,85,3,4,1,Press Proven,1,Enforcer,0,19,15,Intro to Evolutions | Intro to Training Camp EVOs II | Intro to Rewards EVOs | Club Member Reward | Rising Guard | Passing Prodigy | One Shot | Relentless Pressure | Long Ball Pass | Footwork Phenom | Pinged Pass | ST Advanced Forward+ | Whipped Pass+ | Cornerstones | Iron Will,Sunderland,Premier League,false,true,500,9500
256632,Luis Henrique,77,RB,RM,90,74,72,78,70,76,3,3,2,Rapid | Quick Step,0,,0,19,12,Intro to Evolutions | Intro to Training Camp EVOs II | Rising Guard | Passing Prodigy | One Shot | Relentless Pressure | Long Ball Pass | Footwork Phenom | Pinged Pass | Whipped Pass+ | Cornerstones | Iron Will,Lombardia FC,Serie A Enilive,false,false,500,500
236015,Morgan Gibbs-White,83,CAM,CM,75,78,83,85,63,74,4,3,6,Precision Header | Gamechanger | Incisive Pass | Inventive | Technical | Relentless,0,,3,18,4,Passing Prodigy | Footwork Phenom | Whipped Pass+ | Cornerstones,Nott'm Forest,Premier League,false,true,750,750
193080,De Gea,83,GK,,81,80,76,85,46,84,1,2,2,Footwork | 1v1 Close Down,0,,0,18,3,Pinged Pass | Whipped Pass+ | Cornerstones,Fiorentina,Serie A Enilive,false,false,1500,10000
251804,Sergiño Dest,79,RB,LB | RM | LM,87,60,75,83,72,75,4,5,3,Inventive | Technical | Quick Step,0,,0,18,12,Intro to Evolutions | Intro to Training Camp EVOs II | Rising Guard | Passing Prodigy | One Shot | Relentless Pressure | Long Ball Pass | Footwork Phenom | Pinged Pass | Whipped Pass+ | Cornerstones | Iron Will,PSV,Eredivisie,false,false,500,750
246688,Saud Abdulhamid,77,RB,RM | CM | RW,86,50,67,75,71,71,3,3,3,Rapid | Quick Step | Long Throw,0,,0,18,13,Intro to Evolutions | Intro to Training Camp EVOs II | Rising Guard | Passing Prodigy | One Shot | Complete Connection | Relentless Pressure | Long Ball Pass | Footwork Phenom | Pinged Pass | Whipped Pass+ | Cornerstones | Iron Will,RC Lens,Ligue 1 McDonald's,false,false,500,750
251566,Gabriel Martinelli,80,LW,LM,88,76,74,82,46,69,4,3,3,Finesse Shot | Inventive | Quick Step,0,,2,17,12,Intro to Evolutions | Intro to Training Camp EVOs II | Rising Guard | Passing Prodigy | One Shot | Relentless Pressure | Long Ball Pass | Footwork Phenom | Pinged Pass | Whipped Pass+ | Cornerstones | Iron Will,Al Hilal,ROSHN Saudi League,false,false,2200,5500
241852,Moussa Diaby,82,RM,RW | LM | LW,94,69,76,85,44,59,4,3,3,Inventive | Rapid | First Touch,1,Quick Step,0,17,11,Intro to Training Camp EVOs II | Rising Guard | Passing Prodigy | One Shot | Relentless Pressure | Long Ball Pass | Footwork Phenom | Pinged Pass | Whipped Pass+ | Cornerstones | Iron Will,Leverkusen,Bundesliga,false,false,3300,8500
271918,Robin Risser,81,GK,,82,76,84,84,39,78,1,3,0,,0,,0,17,8,Intro to Training Camp EVOs I | Intro to Training Camp EVOs II | The Debut | Relentless Pressure | Long Ball Pass | Pinged Pass | Whipped Pass+ | Cornerstones,RC Lens,Ligue 1 McDonald's,false,false,750,1000
245235,Alexander Bah,78,RB,RM,88,65,72,75,73,80,3,4,5,Whipped Pass | Jockey | Anticipate | Rapid | Relentless,0,,0,17,9,Intro to Evolutions | Rising Guard | Passing Prodigy | One Shot | Footwork Phenom | Pinged Pass | Whipped Pass+ | Cornerstones | Iron Will,SL Benfica,Liga Portugal,false,false,500,750
258437,Emanuel Emegha,78,ST,,88,76,60,69,31,78,3,5,3,Low Driven Shot | Gamechanger | Enforcer,0,,0,17,14,Intro to Evolutions | Intro to Training Camp EVOs II | Club Member Reward | Rising Guard | Passing Prodigy | One Shot | Relentless Pressure | Long Ball Pass | Footwork Phenom | Pinged Pass | ST Advanced Forward+ | Whipped Pass+ | Cornerstones | Iron Will,Chelsea,Premier League,false,true,500,750
268131,CJ Egan-Riley,75,CB,,80,32,61,66,74,79,2,3,2,Long Ball Pass | Jockey,0,,0,17,13,Intro to Evolutions | Intro to Training Camp EVOs II | Intro to Rewards EVOs | Rising Guard | Passing Prodigy | One Shot | Relentless Pressure | Long Ball Pass | Footwork Phenom | Pinged Pass | Whipped Pass+ | Cornerstones | Iron Will,OM,Ligue 1 McDonald's,false,false,500,500
260908,Milos Kerkez,81,LB,LM,84,59,75,78,76,79,3,3,3,Whipped Pass | Slide Tackle | Rapid,0,,8,16,13,Intro to Evolutions | Intro to Training Camp EVOs II | Intro to Rewards EVOs | Rising Guard | Passing Prodigy | One Shot | Relentless Pressure | Long Ball Pass | Footwork Phenom | Pinged Pass | Whipped Pass+ | Cornerstones | Iron Will,Liverpool,Premier League,true,true,6400,15000
253149,Jeremie Frimpong,81,RB,RM | RW,94,62,74,82,72,62,3,3,1,Rapid,1,Quick Step,4,16,12,Intro to Evolutions | Intro to Training Camp EVOs II | Rising Guard | Passing Prodigy | One Shot | Relentless Pressure | Long Ball Pass | Footwork Phenom | Pinged Pass | Whipped Pass+ | Cornerstones | Iron Will,Liverpool,Premier League,true,true,8700,40000
220793,Davinson Sánchez,80,CB,,81,57,62,72,80,86,2,2,5,Precision Header | Long Ball Pass | Slide Tackle | Aerial Fortress | Bruiser,0,,2,16,10,Intro to Evolutions | Intro to Rewards EVOs | Rising Guard | Passing Prodigy | One Shot | Footwork Phenom | Pinged Pass | Whipped Pass+ | Cornerstones | Iron Will,Galatasaray,Trendyol Süper Lig,false,false,4400,5000
200145,Casemiro,83,CDM,CM,35,74,80,69,83,78,2,3,4,Long Ball Pass | Block | Slide Tackle | Bruiser,1,Precision Header,1,16,6,Passing Prodigy | Complete Connection | Footwork Phenom | Pinged Pass | Whipped Pass+ | Cornerstones,Inter Miami CF,MLS,false,false,750,750
212096,Vincenzo Grifo,79,LM,LW,66,74,81,80,43,66,4,2,5,Finesse Shot | Dead Ball | Gamechanger | Incisive Pass | Whipped Pass,0,,1,16,10,Intro to Evolutions | Intro to Rewards EVOs | Rising Guard | Passing Prodigy | One Shot | Footwork Phenom | Pinged Pass | Whipped Pass+ | Cornerstones | Iron Will,SC Freiburg,Bundesliga,false,false,500,750
252802,Wilfried Singo,78,CB,RB,82,61,68,74,77,84,3,2,3,Aerial Fortress | Rapid | Relentless,0,,1,16,13,Intro to Evolutions | Intro to Training Camp EVOs II | Intro to Rewards EVOs | Rising Guard | Passing Prodigy | One Shot | Relentless Pressure | Long Ball Pass | Footwork Phenom | Pinged Pass | Whipped Pass+ | Cornerstones | Iron Will,Galatasaray,Trendyol Süper Lig,false,false,500,10000
264725,Eva Navarro,82,RB,RM | RW,89,77,76,83,79,75,4,5,3,Incisive Pass | Whipped Pass | Technical,0,,0,16,11,Intro to Training Camp EVOs II | Rising Guard | Passing Prodigy | One Shot | Relentless Pressure | Long Ball Pass | Footwork Phenom | Pinged Pass | Whipped Pass+ | Cornerstones | Iron Will,Real Madrid,Liga F Moeve,true,false,750,500
261188,Iliman Ndiaye,82,LM,RM | LW | RW,86,77,74,86,44,65,4,4,2,Trickster | Quick Step,0,,0,16,11,Intro to Training Camp EVOs II | Rising Guard | Passing Prodigy | One Shot | Relentless Pressure | Long Ball Pass | Footwork Phenom | Pinged Pass | Whipped Pass+ | Cornerstones | Iron Will,Manchester City,Premier League,true,true,2100,750
220710,Harry Wilson,81,RW,RM | CAM,76,82,81,82,46,59,3,2,1,Gamechanger,0,,0,16,14,Intro to Evolutions | Intro to Training Camp EVOs II | Intro to Rewards EVOs | Rising Guard | Cover Athlete | Passing Prodigy | One Shot | Relentless Pressure | Long Ball Pass | Footwork Phenom | Pinged Pass | Whipped Pass+ | Cornerstones | Iron Will,Leeds United,Premier League,false,true,500,500
257191,Anton Stach,80,CM,CDM,67,72,81,76,78,79,3,4,4,Power Shot | Dead Ball | Relentless | Bruiser,0,,0,16,12,Intro to Evolutions | Intro to Rewards EVOs | Rising Guard | Passing Prodigy | One Shot | Complete Connection | Relentless Pressure | Footwork Phenom | Pinged Pass | Whipped Pass+ | Cornerstones | Iron Will,Leeds United,Premier League,false,true,500,750
275916,Jennifer Echegini,80,CM,ST | CDM | CAM,76,71,72,79,67,73,4,4,3,Incisive Pass | Technical | First Touch,0,,0,16,16,Intro to Evolutions | Intro to Training Camp EVOs II | Intro to Rewards EVOs | Club Member Reward | Rising Guard | Passing Prodigy | One Shot | Complete Connection | Relentless Pressure | Long Ball Pass | Footwork Phenom | Pinged Pass | ST Advanced Forward+ | Whipped Pass+ | Cornerstones | Iron Will,Paris SG,Arkema PL,true,false,500,500
244749,Nayef Aguerd,80,CB,,75,50,66,65,81,81,2,3,3,Precision Header | Anticipate | Aerial Fortress,0,,0,16,13,Intro to Evolutions | Intro to Training Camp EVOs II | Intro to Rewards EVOs | Rising Guard | Passing Prodigy | One Shot | Relentless Pressure | Long Ball Pass | Footwork Phenom | Pinged Pass | Whipped Pass+ | Cornerstones | Iron Will,OM,Ligue 1 McDonald's,false,false,1000,20000
278928,Álex Jiménez,79,RB,RM,85,55,71,78,76,64,2,4,1,Quick Step,0,,0,16,12,Intro to Evolutions | Intro to Training Camp EVOs II | Rising Guard | Passing Prodigy | One Shot | Relentless Pressure | Long Ball Pass | Footwork Phenom | Pinged Pass | Whipped Pass+ | Cornerstones | Iron Will,Fiorentina,Serie A Enilive,false,false,500,
227562,Lukáš Haraslín,79,LW,RW | ST | LM,80,77,73,82,40,60,4,4,4,Finesse Shot | Technical | First Touch | Long Throw,0,,0,16,13,Intro to Evolutions | Intro to Rewards EVOs | Club Member Reward | Rising Guard | Passing Prodigy | One Shot | Relentless Pressure | Footwork Phenom | Pinged Pass | ST Advanced Forward+ | Whipped Pass+ | Cornerstones | Iron Will,Al Fateh,ROSHN Saudi League,false,false,500,250
214997,Ángel Correa,78,CAM,LW | ST | LM,81,79,74,81,50,72,4,4,3,Low Driven Shot | Gamechanger | Technical,0,,0,16,15,Intro to Evolutions | Intro to Training Camp EVOs II | Intro to Rewards EVOs | Club Member Reward | Rising Guard | Passing Prodigy | One Shot | Relentless Pressure | Long Ball Pass | Footwork Phenom | Pinged Pass | ST Advanced Forward+ | Whipped Pass+ | Cornerstones | Iron Will,River Plate,LPF,false,false,500,
252037,Fábio Silva,78,ST,CAM | LW | LM,76,75,67,81,33,76,4,3,2,First Touch | Press Proven,0,,0,16,15,Intro to Evolutions | Intro to Training Camp EVOs II | Intro to Rewards EVOs | Club Member Reward | Rising Guard | Passing Prodigy | One Shot | Relentless Pressure | Long Ball Pass | Footwork Phenom | Pinged Pass | ST Advanced Forward+ | Whipped Pass+ | Cornerstones | Iron Will,Borussia Dortmund,Bundesliga,false,false,500,500
270821,Mike Penders,78,GK,,80,77,80,78,33,75,1,2,0,,0,,0,16,8,Intro to Training Camp EVOs I | Intro to Training Camp EVOs II | The Debut | Relentless Pressure | Long Ball Pass | Pinged Pass | Whipped Pass+ | Cornerstones,Chelsea,Premier League,false,true,750,1500
72997,Rodrigo Mora,77,CAM,CM | LW | ST,76,66,75,80,40,41,4,4,5,Finesse Shot | Gamechanger | Inventive | Technical | Trickster,0,,0,16,13,Intro to Evolutions | Intro to Rewards EVOs | Club Member Reward | Rising Guard | Passing Prodigy | One Shot | Complete Connection | Footwork Phenom | Pinged Pass | ST Advanced Forward+ | Whipped Pass+ | Cornerstones | Iron Will,AS Roma,Serie A Enilive,false,false,500,250
267861,Santiago Castro,77,ST,,78,77,64,77,43,74,4,4,1,First Touch,0,,0,16,15,Intro to Evolutions | Intro to Training Camp EVOs II | Intro to Rewards EVOs | Club Member Reward | Rising Guard | Passing Prodigy | One Shot | Relentless Pressure | Long Ball Pass | Footwork Phenom | Pinged Pass | ST Advanced Forward+ | Whipped Pass+ | Cornerstones | Iron Will,AS Roma,Serie A Enilive,false,false,500,500
257186,Ardon Jashari,76,CDM,CM,75,67,75,73,72,76,2,4,0,,0,,0,16,14,Intro to Evolutions | Intro to Training Camp EVOs II | Intro to Rewards EVOs | Rising Guard | Passing Prodigy | One Shot | Complete Connection | Relentless Pressure | Long Ball Pass | Footwork Phenom | Pinged Pass | Whipped Pass+ | Cornerstones | Iron Will,Milano FC,Serie A Enilive,false,false,500,750
238050,Chidera Ejuke,76,LW,LM | RM | RW,89,68,69,83,40,62,5,2,4,Inventive | Technical | Trickster | Quick Step,0,,0,16,10,Intro to Evolutions | Rising Guard | Passing Prodigy | One Shot | Relentless Pressure | Footwork Phenom | Pinged Pass | Whipped Pass+ | Cornerstones | Iron Will,Sevilla FC,LALIGA EA SPORTS,false,false,500,750
272159,Irina Uribe,76,ST,LW | LM | CAM,80,76,70,77,45,77,4,4,3,Chip Shot | Technical | First Touch,0,,0,16,15,Intro to Evolutions | Intro to Training Camp EVOs II | Intro to Rewards EVOs | Club Member Reward | Rising Guard | Passing Prodigy | One Shot | Relentless Pressure | Long Ball Pass | Footwork Phenom | Pinged Pass | ST Advanced Forward+ | Whipped Pass+ | Cornerstones | Iron Will,Badalona Women,Liga F Moeve,false,false,500,750
242914,Keito Nakamura,76,LM,LW | ST | CAM,85,74,70,77,41,75,4,4,5,Finesse Shot | Low Driven Shot | Gamechanger | Technical | First Touch,0,,0,16,11,Intro to Evolutions | Club Member Reward | Rising Guard | Passing Prodigy | One Shot | Footwork Phenom | Pinged Pass | ST Advanced Forward+ | Whipped Pass+ | Cornerstones | Iron Will,OL,Ligue 1 McDonald's,false,false,500,250
243675,Kjell Scherpen,76,GK,,78,72,71,78,42,75,1,4,1,Cross Claimer,0,,0,16,8,Intro to Training Camp EVOs I | Intro to Training Camp EVOs II | The Debut | Relentless Pressure | Long Ball Pass | Pinged Pass | Whipped Pass+ | Cornerstones,Ipswich,Premier League,false,true,500,1500
202429,Danny da Costa,75,CB,RB | RM,78,56,64,68,75,78,3,3,0,,0,,0,16,13,Intro to Evolutions | Intro to Training Camp EVOs II | Intro to Rewards EVOs | Rising Guard | Passing Prodigy | One Shot | Relentless Pressure | Long Ball Pass | Footwork Phenom | Pinged Pass | Whipped Pass+ | Cornerstones | Iron Will,1. FSV Mainz 05,Bundesliga,false,false,500,500
259754,Evren Eren Elmalı,75,LB,LM,83,58,72,72,69,78,2,2,3,Jockey | Intercept | Rapid,0,,0,16,13,Intro to Evolutions | Intro to Training Camp EVOs II | Intro to Rewards EVOs | Rising Guard | Passing Prodigy | One Shot | Relentless Pressure | Long Ball Pass | Footwork Phenom | Pinged Pass | Whipped Pass+ | Cornerstones | Iron Will,Galatasaray,Trendyol Süper Lig,false,false,500,750
212404,Federico Bernardeschi,75,RM,RW,69,74,78,79,54,65,4,3,2,Finesse Shot | Technical,0,,0,16,13,Intro to Evolutions | Intro to Training Camp EVOs II | Intro to Rewards EVOs | Rising Guard | Passing Prodigy | One Shot | Relentless Pressure | Long Ball Pass | Footwork Phenom | Pinged Pass | Whipped Pass+ | Cornerstones | Iron Will,Bologna,Serie A Enilive,false,false,500,500
224146,Jesús Imaz,75,CAM,CM | ST | CDM,70,74,72,78,35,64,4,4,6,Finesse Shot | Precision Header | Acrobatic | Low Driven Shot | Technical | First Touch,0,,0,16,11,Intro to Evolutions | Intro to Rewards EVOs | Club Member Reward | Rising Guard | Passing Prodigy | One Shot | Footwork Phenom | ST Advanced Forward+ | Whipped Pass+ | Cornerstones | Iron Will,Jagiellonia,PKO BP Ekstraklasa,false,false,500,750
266160,Mika Mármol,75,CB,LB,85,55,66,73,74,79,2,3,1,Intercept,0,,0,16,12,Intro to Evolutions | Intro to Training Camp EVOs II | Rising Guard | Passing Prodigy | One Shot | Relentless Pressure | Long Ball Pass | Footwork Phenom | Pinged Pass | Whipped Pass+ | Cornerstones | Iron Will,Feyenoord,Eredivisie,false,false,500,500
246548,Osame Sahraoui,75,LM,CAM | LW | ST,81,63,68,81,45,53,5,5,3,Inventive | Technical | Quick Step,0,,0,16,15,Intro to Evolutions | Intro to Training Camp EVOs II | Intro to Rewards EVOs | Club Member Reward | Rising Guard | Passing Prodigy | One Shot | Relentless Pressure | Long Ball Pass | Footwork Phenom | Pinged Pass | ST Advanced Forward+ | Whipped Pass+ | Cornerstones | Iron Will,LOSC Lille,Ligue 1 McDonald's,false,false,500,750
262929,Vinicius Souza,75,CDM,CM,65,57,65,68,75,82,2,3,4,Slide Tackle | Aerial Fortress | Press Proven | Bruiser,0,,0,16,12,Intro to Evolutions | Intro to Rewards EVOs | Rising Guard | Passing Prodigy | One Shot | Complete Connection | Relentless Pressure | Footwork Phenom | Pinged Pass | Whipped Pass+ | Cornerstones | Iron Will,VfL Wolfsburg,Bundesliga 2,false,false,500,500
264388,Moleiro,82,LM,CAM | LW | CM,86,76,77,84,51,68,4,4,5,Low Driven Shot | Incisive Pass | Tiki Taka | Technical | First Touch,0,,0,15,9,Rising Guard | Passing Prodigy | One Shot | Complete Connection | Footwork Phenom | Pinged Pass | Whipped Pass+ | Cornerstones | Iron Will,Villarreal CF,LALIGA EA SPORTS,false,false,1000,500
245367,Xavi Simons,81,CAM,LM | LW | ST,75,76,79,84,61,66,4,3,6,Finesse Shot | Incisive Pass | Tiki Taka | Inventive | Technical | First Touch,0,,0,15,11,Intro to Evolutions | Intro to Rewards EVOs | Club Member Reward | Rising Guard | Passing Prodigy | One Shot | Footwork Phenom | ST Advanced Forward+ | Whipped Pass+ | Cornerstones | Iron Will,RB Leipzig,Bundesliga,false,false,750,10000
70497,Konstantinos Karetsas,76,CAM,RM | CM | RW,76,71,74,80,24,47,4,4,7,Dead Ball | Incisive Pass | Pinged Pass | Tiki Taka | Technical | First Touch | Trickster,0,,0,15,9,Intro to Evolutions | Intro to Rewards EVOs | Rising Guard | Passing Prodigy | One Shot | Footwork Phenom | Whipped Pass+ | Cornerstones | Iron Will,Borussia Dortmund,Bundesliga,false,false,500,1000
246340,Mykhailo Mudryk,75,LM,LW,92,71,71,78,38,57,4,4,3,Power Shot | Rapid | Quick Step,0,,0,15,12,Intro to Evolutions | Intro to Training Camp EVOs II | Rising Guard | Passing Prodigy | One Shot | Relentless Pressure | Long Ball Pass | Footwork Phenom | Pinged Pass | Whipped Pass+ | Cornerstones | Iron Will,Spurs,Premier League,false,true,500,
212188,Timo Werner,76,LM,ST | LW | CAM,91,73,68,76,35,66,3,4,2,Rapid | Quick Step,0,,0,14,14,Intro to Evolutions | Intro to Training Camp EVOs II | Club Member Reward | Rising Guard | Passing Prodigy | One Shot | Relentless Pressure | Long Ball Pass | Footwork Phenom | Pinged Pass | ST Advanced Forward+ | Whipped Pass+ | Cornerstones | Iron Will,SJ Earthquakes,MLS,false,false,500,750
246147,Mason Greenwood,83,RM,CAM | RW | ST,83,85,78,84,37,63,4,5,5,Finesse Shot | Power Shot | Low Driven Shot | Gamechanger | Technical,0,,2,13,7,Club Member Reward | Passing Prodigy | Footwork Phenom | Pinged Pass | ST Advanced Forward+ | Whipped Pass+ | Cornerstones,Fenerbahçe,Trendyol Süper Lig,false,false,750,750
226300,Uğurcan Çakır,80,GK,,80,76,81,82,54,80,1,3,3,Long Ball Pass | Far Throw | Footwork,0,,2,13,8,Intro to Training Camp EVOs I | Intro to Training Camp EVOs II | The Debut | Relentless Pressure | Long Ball Pass | Pinged Pass | Whipped Pass+ | Cornerstones,Trabzonspor,Trendyol Süper Lig,false,false,750,10000
250723,Kouadio Manu Koné,81,CM,CAM,74,74,77,83,77,83,4,3,2,Pinged Pass | Press Proven,0,,0,13,15,Intro to Evolutions | Intro to Training Camp EVOs II | Intro to Rewards EVOs | Rising Guard | Cover Athlete | Passing Prodigy | One Shot | Complete Connection | Relentless Pressure | Long Ball Pass | Footwork Phenom | Pinged Pass | Whipped Pass+ | Cornerstones | Iron Will,AS Roma,Serie A Enilive,false,false,750,750
226851,Benjamin Pavard,80,CB,,75,66,75,70,81,78,2,3,1,Jockey,0,,0,13,13,Intro to Evolutions | Intro to Training Camp EVOs II | Intro to Rewards EVOs | Rising Guard | Passing Prodigy | One Shot | Relentless Pressure | Long Ball Pass | Footwork Phenom | Pinged Pass | Whipped Pass+ | Cornerstones | Iron Will,Lombardia FC,Serie A Enilive,false,false,1500,100000
238744,Weston McKennie,80,CM,CAM | RM | RW,78,74,79,79,79,81,3,4,1,Precision Header,1,Long Throw,0,13,14,Intro to Evolutions | Intro to Training Camp EVOs II | Intro to Rewards EVOs | Rising Guard | Passing Prodigy | One Shot | Complete Connection | Relentless Pressure | Long Ball Pass | Footwork Phenom | Pinged Pass | Whipped Pass+ | Cornerstones | Iron Will,Juventus,Serie A Enilive,false,false,500,750
258371,Pep Chavarría,79,LB,LM,86,70,74,75,74,77,3,1,4,Whipped Pass | Block | Quick Step | Relentless,0,,0,13,10,Intro to Evolutions | Rising Guard | Passing Prodigy | One Shot | Relentless Pressure | Footwork Phenom | Pinged Pass | Whipped Pass+ | Cornerstones | Iron Will,Chelsea,Premier League,false,true,500,500
262402,Sergi Cardona,79,LB,LM,82,56,75,76,75,75,3,3,3,Whipped Pass | Intercept | Anticipate,0,,0,13,13,Intro to Evolutions | Intro to Training Camp EVOs II | Intro to Rewards EVOs | Rising Guard | Passing Prodigy | One Shot | Relentless Pressure | Long Ball Pass | Footwork Phenom | Pinged Pass | Whipped Pass+ | Cornerstones | Iron Will,Villarreal CF,LALIGA EA SPORTS,false,false,500,750
203574,John Stones,82,CB,,54,58,74,74,83,71,3,4,1,Long Throw,0,,10,,12,Intro to Training Camp EVOs II | Intro to Rewards EVOs | Rising Guard | Passing Prodigy | One Shot | Relentless Pressure | Long Ball Pass | Footwork Phenom | Pinged Pass | Whipped Pass+ | Cornerstones | Iron Will,Lombardia FC,Serie A Enilive,false,false,750,1000
232488,Cristian Romero,82,CB,,64,48,62,64,83,81,3,2,5,Precision Header | Pinged Pass | Slide Tackle | Aerial Fortress | Bruiser,0,,9,,9,Intro to Rewards EVOs | Rising Guard | Passing Prodigy | One Shot | Footwork Phenom | Pinged Pass | Whipped Pass+ | Cornerstones | Iron Will,Atlético de Madrid,LALIGA EA SPORTS,false,false,750,750
233150,Leila Ouahabi,82,LB,LM,71,52,74,74,82,73,3,3,1,Jockey,0,,9,,12,Intro to Training Camp EVOs II | Intro to Rewards EVOs | Rising Guard | Passing Prodigy | One Shot | Relentless Pressure | Long Ball Pass | Footwork Phenom | Pinged Pass | Whipped Pass+ | Cornerstones | Iron Will,Chicago Stars FC,NWSL,false,false,750,750
235243,Matthijs de Ligt,82,CB,,60,59,66,67,82,81,2,3,3,Power Shot | Aerial Fortress | Bruiser,0,,9,,12,Intro to Training Camp EVOs II | Intro to Rewards EVOs | Rising Guard | Passing Prodigy | One Shot | Relentless Pressure | Long Ball Pass | Footwork Phenom | Pinged Pass | Whipped Pass+ | Cornerstones | Iron Will,Man Utd,Premier League,true,true,750,750
243241,Alessandro Buongiorno,81,CB,,75,47,67,65,83,82,2,3,1,Aerial Fortress,0,,9,,13,Intro to Evolutions | Intro to Training Camp EVOs II | Intro to Rewards EVOs | Rising Guard | Passing Prodigy | One Shot | Relentless Pressure | Long Ball Pass | Footwork Phenom | Pinged Pass | Whipped Pass+ | Cornerstones | Iron Will,SSC Napoli,Serie A Enilive,false,false,500,750
256489,Bethany England,81,ST,CAM | CM,61,83,72,78,42,72,3,4,2,Press Proven | Enforcer,0,,9,,17,Intro to Evolutions | Intro to Training Camp EVOs II | Intro to Rewards EVOs | Club Member Reward | Rising Guard | Cover Athlete | Passing Prodigy | One Shot | Complete Connection | Relentless Pressure | Long Ball Pass | Footwork Phenom | Pinged Pass | ST Advanced Forward+ | Whipped Pass+ | Cornerstones | Iron Will,Crystal Palace,Barclays WSL,false,false,750,750
192123,Chris Wood,81,ST,,53,82,67,71,40,80,2,3,4,Precision Header | Aerial Fortress | First Touch | Enforcer,0,,9,,13,Intro to Evolutions | Intro to Rewards EVOs | Club Member Reward | Rising Guard | Passing Prodigy | One Shot | Relentless Pressure | Footwork Phenom | Pinged Pass | ST Advanced Forward+ | Whipped Pass+ | Cornerstones | Iron Will,Nott'm Forest,Premier League,false,true,500,750
236461,Jean-Philippe Mateta,81,ST,,75,82,69,76,42,81,3,5,3,Finesse Shot | Gamechanger | Enforcer,0,,9,,15,Intro to Evolutions | Intro to Training Camp EVOs II | Intro to Rewards EVOs | Club Member Reward | Rising Guard | Passing Prodigy | One Shot | Relentless Pressure | Long Ball Pass | Footwork Phenom | Pinged Pass | ST Advanced Forward+ | Whipped Pass+ | Cornerstones | Iron Will,Crystal Palace,Premier League,false,true,750,750
264453,Micky van de Ven,81,CB,LB,90,60,65,72,80,81,3,3,1,Slide Tackle,0,,9,,12,Intro to Evolutions | Intro to Training Camp EVOs II | Rising Guard | Passing Prodigy | One Shot | Relentless Pressure | Long Ball Pass | Footwork Phenom | Pinged Pass | Whipped Pass+ | Cornerstones | Iron Will,Spurs,Premier League,false,true,80000,90000
251809,Sven Botman,81,CB,,56,37,62,65,82,80,2,3,2,Aerial Fortress | Bruiser,0,,9,,13,Intro to Evolutions | Intro to Training Camp EVOs II | Intro to Rewards EVOs | Rising Guard | Passing Prodigy | One Shot | Relentless Pressure | Long Ball Pass | Footwork Phenom | Pinged Pass | Whipped Pass+ | Cornerstones | Iron Will,Newcastle Utd,Premier League,false,true,500,750
270409,Savinho,80,RW,LW | RM | LM,87,72,76,84,34,52,4,2,3,Whipped Pass | Inventive | First Touch,0,,9,,12,Intro to Evolutions | Intro to Training Camp EVOs II | Rising Guard | Passing Prodigy | One Shot | Relentless Pressure | Long Ball Pass | Footwork Phenom | Pinged Pass | Whipped Pass+ | Cornerstones | Iron Will,Spurs,Premier League,false,true,500,750
227348,Viviane Asseyi,80,LW,LM,86,81,76,81,50,71,3,3,2,Dead Ball | Rapid,0,,9,,12,Intro to Evolutions | Intro to Training Camp EVOs II | Rising Guard | Passing Prodigy | One Shot | Relentless Pressure | Long Ball Pass | Footwork Phenom | Pinged Pass | Whipped Pass+ | Cornerstones | Iron Will,West Ham,Barclays WSL,false,false,500,750
260404,Zaid Romero,77,CB,LB,74,30,53,62,77,87,2,3,3,Jockey | Block | Intercept,0,,9,,13,Intro to Evolutions | Intro to Training Camp EVOs II | Intro to Rewards EVOs | Rising Guard | Passing Prodigy | One Shot | Relentless Pressure | Long Ball Pass | Footwork Phenom | Pinged Pass | Whipped Pass+ | Cornerstones | Iron Will,Getafe CF,LALIGA EA SPORTS,false,false,500,750
207862,Matthias Ginter,83,CB,,55,58,71,66,86,77,2,3,5,Precision Header | Pinged Pass | Long Ball Pass | Anticipate | Aerial Fortress,0,,8,,5,Passing Prodigy | Footwork Phenom | Pinged Pass | Whipped Pass+ | Cornerstones,SC Freiburg,Bundesliga,false,false,750,750
227236,André-Franck Zambo Anguissa,82,CM,CAM,72,77,76,81,79,81,3,3,2,Precision Header | Press Proven,0,,8,,14,Intro to Training Camp EVOs II | Intro to Rewards EVOs | Rising Guard | Cover Athlete | Passing Prodigy | One Shot | Complete Connection | Relentless Pressure | Long Ball Pass | Footwork Phenom | Pinged Pass | Whipped Pass+ | Cornerstones | Iron Will,SSC Napoli,Serie A Enilive,false,false,750,750
262330,Catarina Macario,82,CAM,ST | CM | CDM,80,82,79,86,57,72,4,3,3,Dead Ball | Gamechanger | Technical,0,,8,,15,Intro to Training Camp EVOs II | Intro to Rewards EVOs | Club Member Reward | Rising Guard | Passing Prodigy | One Shot | Complete Connection | Relentless Pressure | Long Ball Pass | Footwork Phenom | Pinged Pass | ST Advanced Forward+ | Whipped Pass+ | Cornerstones | Iron Will,San Diego Wave,NWSL,false,false,750,750
216267,Andrew Robertson,80,LB,LM,72,62,78,76,77,73,3,2,1,Whipped Pass,0,,8,,13,Intro to Evolutions | Intro to Training Camp EVOs II | Intro to Rewards EVOs | Rising Guard | Passing Prodigy | One Shot | Relentless Pressure | Long Ball Pass | Footwork Phenom | Pinged Pass | Whipped Pass+ | Cornerstones | Iron Will,Spurs,Premier League,false,true,500,750
234824,Yoane Wissa,80,ST,,80,81,70,78,31,70,3,3,2,Acrobatic | Gamechanger,0,,8,,15,Intro to Evolutions | Intro to Training Camp EVOs II | Intro to Rewards EVOs | Club Member Reward | Rising Guard | Passing Prodigy | One Shot | Relentless Pressure | Long Ball Pass | Footwork Phenom | Pinged Pass | ST Advanced Forward+ | Whipped Pass+ | Cornerstones | Iron Will,Newcastle Utd,Premier League,false,true,750,10000
265240,Lia Wälti,81,CDM,CM | CAM,80,62,76,80,80,76,3,4,4,Anticipate | Slide Tackle | Aerial Fortress | Press Proven,0,,7,,13,Intro to Evolutions | Intro to Rewards EVOs | Rising Guard | Cover Athlete | Passing Prodigy | One Shot | Complete Connection | Relentless Pressure | Footwork Phenom | Pinged Pass | Whipped Pass+ | Cornerstones | Iron Will,Brighton,Barclays WSL,false,false,2000,25000
243630,Jonathan David,80,ST,,79,79,71,79,38,73,3,5,3,Low Driven Shot | Quick Step | Relentless,0,,7,,15,Intro to Evolutions | Intro to Training Camp EVOs II | Intro to Rewards EVOs | Club Member Reward | Rising Guard | Passing Prodigy | One Shot | Relentless Pressure | Long Ball Pass | Footwork Phenom | Pinged Pass | ST Advanced Forward+ | Whipped Pass+ | Cornerstones | Iron Will,Atlético de Madrid,LALIGA EA SPORTS,false,false,500,750
73070,Promise David,76,ST,,71,79,60,67,29,85,2,3,4,Precision Header | Low Driven Shot | Bruiser | Enforcer,0,,7,,13,Intro to Evolutions | Intro to Rewards EVOs | Club Member Reward | Rising Guard | Passing Prodigy | One Shot | Relentless Pressure | Footwork Phenom | Pinged Pass | ST Advanced Forward+ | Whipped Pass+ | Cornerstones | Iron Will,Brighton,Premier League,false,true,500,250
243576,Pedro Porro,83,RB,RM,76,73,82,79,78,75,3,3,5,Power Shot | Long Ball Pass | Tiki Taka | Whipped Pass | Block,0,,6,,5,Passing Prodigy | Footwork Phenom | Pinged Pass | Whipped Pass+ | Cornerstones,Spurs,Premier League,false,true,750,750
207421,Leandro Trossard,82,LW,LM,76,82,79,85,30,59,4,5,2,Incisive Pass | Whipped Pass,1,Press Proven,6,,12,Intro to Training Camp EVOs II | Intro to Rewards EVOs | Rising Guard | Passing Prodigy | One Shot | Relentless Pressure | Long Ball Pass | Footwork Phenom | Pinged Pass | Whipped Pass+ | Cornerstones | Iron Will,Beşiktaş,Trendyol Süper Lig,false,false,750,750
247394,Dejan Kulusevski,81,CM,RW | CAM | RM,69,79,83,84,63,70,4,3,3,Finesse Shot | Whipped Pass | Press Proven,0,,6,,14,Intro to Evolutions | Intro to Training Camp EVOs II | Intro to Rewards EVOs | Rising Guard | Passing Prodigy | One Shot | Complete Connection | Relentless Pressure | Long Ball Pass | Footwork Phenom | Pinged Pass | Whipped Pass+ | Cornerstones | Iron Will,Spurs,Premier League,false,true,750,750
246430,Dušan Vlahović,81,ST,,77,84,69,75,35,84,3,4,4,Dead Ball | Low Driven Shot | Press Proven | Enforcer,0,,6,,13,Intro to Evolutions | Intro to Rewards EVOs | Club Member Reward | Rising Guard | Passing Prodigy | One Shot | Relentless Pressure | Footwork Phenom | Pinged Pass | ST Advanced Forward+ | Whipped Pass+ | Cornerstones | Iron Will,Beşiktaş,Trendyol Süper Lig,false,false,750,750
235790,Kai Havertz,81,ST,CAM | CM,69,79,77,80,48,72,4,4,5,Chip Shot | Gamechanger | Technical | First Touch | Enforcer,0,,6,,14,Intro to Evolutions | Intro to Rewards EVOs | Club Member Reward | Rising Guard | Cover Athlete | Passing Prodigy | One Shot | Complete Connection | Footwork Phenom | Pinged Pass | ST Advanced Forward+ | Whipped Pass+ | Cornerstones | Iron Will,Arsenal,Premier League,false,true,750,750
241850,Mateo Retegui,81,ST,,75,80,67,77,36,77,3,3,4,Precision Header | Low Driven Shot | First Touch | Enforcer,0,,6,,13,Intro to Evolutions | Intro to Rewards EVOs | Club Member Reward | Rising Guard | Passing Prodigy | One Shot | Relentless Pressure | Footwork Phenom | Pinged Pass | ST Advanced Forward+ | Whipped Pass+ | Cornerstones | Iron Will,Al Qadsiah,ROSHN Saudi League,false,false,500,750
229348,Antonee Robinson,80,LB,LM,88,57,74,76,76,76,3,3,5,Whipped Pass | Jockey | Intercept | Rapid | Relentless,0,,6,,9,Intro to Evolutions | Rising Guard | Passing Prodigy | One Shot | Footwork Phenom | Pinged Pass | Whipped Pass+ | Cornerstones | Iron Will,Fulham,Premier League,false,true,3400,5000
223334,Joelinton,80,CM,CDM,68,72,76,79,82,90,3,3,3,Press Proven | Bruiser | Enforcer,0,,6,,14,Intro to Evolutions | Intro to Training Camp EVOs II | Intro to Rewards EVOs | Rising Guard | Passing Prodigy | One Shot | Complete Connection | Relentless Pressure | Long Ball Pass | Footwork Phenom | Pinged Pass | Whipped Pass+ | Cornerstones | Iron Will,Newcastle Utd,Premier League,false,true,1500,3000
242458,Artem Dovbyk,79,ST,,80,79,67,75,33,79,3,4,1,Enforcer,0,,6,,15,Intro to Evolutions | Intro to Training Camp EVOs II | Intro to Rewards EVOs | Club Member Reward | Rising Guard | Passing Prodigy | One Shot | Relentless Pressure | Long Ball Pass | Footwork Phenom | Pinged Pass | ST Advanced Forward+ | Whipped Pass+ | Cornerstones | Iron Will,Bologna,Serie A Enilive,false,false,500,750
229391,Palhinha,82,CDM,CM,50,68,74,72,83,84,2,4,2,Jockey | Bruiser,1,Slide Tackle,5,,13,Intro to Training Camp EVOs II | Intro to Rewards EVOs | Rising Guard | Passing Prodigy | One Shot | Complete Connection | Relentless Pressure | Long Ball Pass | Footwork Phenom | Pinged Pass | Whipped Pass+ | Cornerstones | Iron Will,SL Benfica,Liga Portugal,false,false,750,750
208722,Sadio Mané,82,LM,RM | ST | LW,81,81,78,85,44,75,4,4,4,Low Driven Shot | Gamechanger | Aerial Fortress | Rapid,0,,5,,12,Intro to Rewards EVOs | Club Member Reward | Rising Guard | Passing Prodigy | One Shot | Relentless Pressure | Footwork Phenom | Pinged Pass | ST Advanced Forward+ | Whipped Pass+ | Cornerstones | Iron Will,Al Nassr,ROSHN Saudi League,false,false,750,750
192629,Iago Aspas,81,RW,ST | CAM | RM,72,84,81,83,37,62,3,4,5,Finesse Shot | Chip Shot | Dead Ball | Low Driven Shot | Incisive Pass,0,,5,,12,Intro to Evolutions | Intro to Rewards EVOs | Club Member Reward | Rising Guard | Passing Prodigy | One Shot | Footwork Phenom | Pinged Pass | ST Advanced Forward+ | Whipped Pass+ | Cornerstones | Iron Will,Celta,LALIGA EA SPORTS,false,false,750,750
200724,Nacho Fernández,81,CB,,71,37,68,70,80,79,2,4,4,Long Ball Pass | Block | Intercept | Aerial Fortress,0,,5,,11,Intro to Evolutions | Intro to Rewards EVOs | Rising Guard | Passing Prodigy | One Shot | Relentless Pressure | Footwork Phenom | Pinged Pass | Whipped Pass+ | Cornerstones | Iron Will,Al Qadsiah,ROSHN Saudi League,false,false,500,750
189596,Thomas Müller,80,CAM,ST | RM | RW,57,79,82,77,55,65,3,4,3,Finesse Shot | Precision Header | First Touch,0,,5,,15,Intro to Evolutions | Intro to Training Camp EVOs II | Intro to Rewards EVOs | Club Member Reward | Rising Guard | Passing Prodigy | One Shot | Relentless Pressure | Long Ball Pass | Footwork Phenom | Pinged Pass | ST Advanced Forward+ | Whipped Pass+ | Cornerstones | Iron Will,Whitecaps FC,MLS,false,false,750,9000
265072,Marie Müller,77,LB,RB | RM,78,69,77,79,76,69,3,3,5,Whipped Pass | Jockey | Block | Anticipate | Long Throw,0,,5,,10,Intro to Evolutions | Intro to Rewards EVOs | Rising Guard | Passing Prodigy | One Shot | Footwork Phenom | Pinged Pass | Whipped Pass+ | Cornerstones | Iron Will,Portland Thorns,NWSL,false,false,500,750
244263,Amir Rrahmani,83,CB,,75,51,61,64,84,80,2,4,2,Long Ball Pass | Aerial Fortress,0,,4,,5,Passing Prodigy | Footwork Phenom | Pinged Pass | Whipped Pass+ | Cornerstones,SSC Napoli,Serie A Enilive,false,false,750,750
224371,Jarrod Bowen,83,RM,ST | RW,75,81,78,82,46,71,4,4,4,Low Driven Shot | Gamechanger | Technical | Relentless,0,,4,,7,Club Member Reward | Passing Prodigy | Footwork Phenom | Pinged Pass | ST Advanced Forward+ | Whipped Pass+ | Cornerstones,West Ham,EFL Championship,false,false,750,750
216435,Stanislav Lobotka,83,CM,CDM,68,69,81,82,75,62,3,4,2,Tiki Taka | Press Proven,0,,4,,6,Passing Prodigy | Complete Connection | Footwork Phenom | Pinged Pass | Whipped Pass+ | Cornerstones,SSC Napoli,Serie A Enilive,false,false,750,750
242964,Anthony Gordon,82,LW,ST | LM,91,78,77,82,50,71,3,3,4,Finesse Shot | Whipped Pass | Rapid | Quick Step,0,,4,,11,Club Member Reward | Rising Guard | Passing Prodigy | One Shot | Relentless Pressure | Footwork Phenom | Pinged Pass | ST Advanced Forward+ | Whipped Pass+ | Cornerstones | Iron Will,FC Barcelona,LALIGA EA SPORTS,true,false,750,2000
227072,Barbara Bonansea,82,LM,LW | CAM,79,81,77,82,38,74,4,5,2,Technical | Quick Step,0,,4,,13,Intro to Training Camp EVOs II | Intro to Rewards EVOs | Rising Guard | Cover Athlete | Passing Prodigy | One Shot | Relentless Pressure | Long Ball Pass | Footwork Phenom | Pinged Pass | Whipped Pass+ | Cornerstones | Iron Will,Juventus,Calcio A Femminile,false,false,750,750
217870,Giovanni Di Lorenzo,82,RB,CB | RM,83,71,73,72,79,80,3,4,0,,0,,4,,12,Intro to Training Camp EVOs II | Intro to Rewards EVOs | Rising Guard | Passing Prodigy | One Shot | Relentless Pressure | Long Ball Pass | Footwork Phenom | Pinged Pass | Whipped Pass+ | Cornerstones | Iron Will,SSC Napoli,Serie A Enilive,false,false,1100,1000
227383,Kadeisha Buchanan,82,CB,,65,44,58,66,84,81,2,3,5,Long Ball Pass | Jockey | Intercept | Anticipate | Slide Tackle,0,,4,,9,Intro to Rewards EVOs | Rising Guard | Passing Prodigy | One Shot | Footwork Phenom | Pinged Pass | Whipped Pass+ | Cornerstones | Iron Will,Chelsea,Barclays WSL,false,false,750,750
192984,Koen Casteels,82,GK,,82,79,74,85,45,83,1,2,2,Footwork | 1v1 Close Down,0,,4,,8,Intro to Training Camp EVOs I | Intro to Training Camp EVOs II | The Debut | Relentless Pressure | Long Ball Pass | Pinged Pass | Whipped Pass+ | Cornerstones,Al Qadsiah,ROSHN Saudi League,false,false,750,750
278016,Murillo,82,CB,,79,55,67,71,82,83,2,3,4,Long Ball Pass | Block | Intercept | Bruiser,0,,4,,10,Intro to Rewards EVOs | Rising Guard | Passing Prodigy | One Shot | Relentless Pressure | Footwork Phenom | Pinged Pass | Whipped Pass+ | Cornerstones | Iron Will,Nott'm Forest,Premier League,false,true,18000,25000
209981,Yassine Bounou,82,GK,,80,82,76,86,38,81,1,2,3,Far Throw | Footwork | Cross Claimer,0,,4,,8,Intro to Training Camp EVOs I | Intro to Training Camp EVOs II | The Debut | Relentless Pressure | Long Ball Pass | Pinged Pass | Whipped Pass+ | Cornerstones,Al Hilal,ROSHN Saudi League,false,false,750,750
225116,Alex Meret,81,GK,,78,76,75,85,44,82,1,3,0,,0,,4,,8,Intro to Training Camp EVOs I | Intro to Training Camp EVOs II | The Debut | Relentless Pressure | Long Ball Pass | Pinged Pass | Whipped Pass+ | Cornerstones,SSC Napoli,Serie A Enilive,false,false,750,750
231936,Benjamin White,81,RB,RM,68,49,75,75,81,77,2,4,1,Block,0,,4,,13,Intro to Evolutions | Intro to Training Camp EVOs II | Intro to Rewards EVOs | Rising Guard | Passing Prodigy | One Shot | Relentless Pressure | Long Ball Pass | Footwork Phenom | Pinged Pass | Whipped Pass+ | Cornerstones | Iron Will,Arsenal,Premier League,false,true,750,750
272001,Mayra Ramírez,81,ST,CAM,90,80,74,82,32,84,4,3,6,Finesse Shot | First Touch | Quick Step | Relentless | Bruiser | Enforcer,0,,4,,10,Intro to Evolutions | Club Member Reward | Rising Guard | Passing Prodigy | One Shot | Footwork Phenom | ST Advanced Forward+ | Whipped Pass+ | Cornerstones | Iron Will,Chelsea,Barclays WSL,false,false,750,9000
240091,Guglielmo Vicario,80,GK,,79,77,77,82,48,79,1,4,1,Cross Claimer,0,,4,,8,Intro to Training Camp EVOs I | Intro to Training Camp EVOs II | The Debut | Relentless Pressure | Long Ball Pass | Pinged Pass | Whipped Pass+ | Cornerstones,Juventus,Serie A Enilive,false,false,750,3000
208920,Nathan Aké,80,CB,LB | CDM,66,53,71,74,82,71,2,3,2,Anticipate | Slide Tackle,0,,4,,13,Intro to Evolutions | Intro to Training Camp EVOs II | Intro to Rewards EVOs | Rising Guard | Passing Prodigy | One Shot | Relentless Pressure | Long Ball Pass | Footwork Phenom | Pinged Pass | Whipped Pass+ | Cornerstones | Iron Will,Fenerbahçe,Trendyol Süper Lig,false,false,750,1000
238095,Nikola Milenković,80,CB,,53,46,62,60,81,84,2,3,2,Anticipate | Aerial Fortress,0,,4,,13,Intro to Evolutions | Intro to Training Camp EVOs II | Intro to Rewards EVOs | Rising Guard | Passing Prodigy | One Shot | Relentless Pressure | Long Ball Pass | Footwork Phenom | Pinged Pass | Whipped Pass+ | Cornerstones | Iron Will,Nott'm Forest,Premier League,false,true,500,750
186942,İlkay Gündoğan,78,CM,CDM | CAM,52,77,80,77,69,64,3,4,3,Tiki Taka | First Touch | Press Proven,0,,4,,15,Intro to Evolutions | Intro to Training Camp EVOs II | Intro to Rewards EVOs | Rising Guard | Cover Athlete | Passing Prodigy | One Shot | Complete Connection | Relentless Pressure | Long Ball Pass | Footwork Phenom | Pinged Pass | Whipped Pass+ | Cornerstones | Iron Will,Galatasaray,Trendyol Süper Lig,false,false,500,10000
277565,Albion Rrahmani,77,ST,,74,78,65,74,34,74,2,4,0,,0,,4,,15,Intro to Evolutions | Intro to Training Camp EVOs II | Intro to Rewards EVOs | Club Member Reward | Rising Guard | Passing Prodigy | One Shot | Relentless Pressure | Long Ball Pass | Footwork Phenom | Pinged Pass | ST Advanced Forward+ | Whipped Pass+ | Cornerstones | Iron Will,Venezia,Serie A Enilive,false,false,500,500
275784,Lauri,76,ST,CAM | CM | CDM,75,76,72,76,42,72,3,2,2,Long Ball Pass | Relentless,0,,4,,16,Intro to Evolutions | Intro to Training Camp EVOs II | Intro to Rewards EVOs | Club Member Reward | Rising Guard | Passing Prodigy | One Shot | Complete Connection | Relentless Pressure | Long Ball Pass | Footwork Phenom | Pinged Pass | ST Advanced Forward+ | Whipped Pass+ | Cornerstones | Iron Will,Badalona Women,Liga F Moeve,false,false,500,750
246800,Tajon Buchanan,76,RM,RW,90,70,68,77,67,73,3,3,3,Rapid | Quick Step | Relentless,0,,4,,12,Intro to Evolutions | Intro to Training Camp EVOs II | Rising Guard | Passing Prodigy | One Shot | Relentless Pressure | Long Ball Pass | Footwork Phenom | Pinged Pass | Whipped Pass+ | Cornerstones | Iron Will,Villarreal CF,LALIGA EA SPORTS,false,false,500,3500
243456,Brian White,75,ST,,77,74,52,68,46,78,2,4,2,Precision Header | Low Driven Shot,0,,4,,15,Intro to Evolutions | Intro to Training Camp EVOs II | Intro to Rewards EVOs | Club Member Reward | Rising Guard | Passing Prodigy | One Shot | Relentless Pressure | Long Ball Pass | Footwork Phenom | Pinged Pass | ST Advanced Forward+ | Whipped Pass+ | Cornerstones | Iron Will,Whitecaps FC,MLS,false,false,500,250
274813,Gisele Thompson,75,RB,RM,82,59,65,74,69,58,3,3,0,,0,,4,,13,Intro to Evolutions | Intro to Training Camp EVOs II | Intro to Rewards EVOs | Rising Guard | Passing Prodigy | One Shot | Relentless Pressure | Long Ball Pass | Footwork Phenom | Pinged Pass | Whipped Pass+ | Cornerstones | Iron Will,Angel City FC,NWSL,false,false,500,500
225193,Mikel Merino,83,CM,ST | CAM,51,79,80,79,81,79,3,3,2,Power Shot | Precision Header,0,,3,,9,Club Member Reward | Cover Athlete | Passing Prodigy | Complete Connection | Footwork Phenom | Pinged Pass | ST Advanced Forward+ | Whipped Pass+ | Cornerstones,Arsenal,Premier League,false,true,750,750
227327,Sara Däbritz,83,CM,CDM | CAM,79,81,84,83,74,74,4,4,4,Finesse Shot | Long Ball Pass | Aerial Fortress | Press Proven,0,,3,,7,Cover Athlete | Passing Prodigy | Complete Connection | Footwork Phenom | Pinged Pass | Whipped Pass+ | Cornerstones,Real Madrid,Liga F Moeve,true,false,1300,2000
265849,Maëlle Lakrar,82,CB,,74,46,67,72,83,77,2,3,2,Long Ball Pass | Bruiser,0,,3,,12,Intro to Training Camp EVOs II | Intro to Rewards EVOs | Rising Guard | Passing Prodigy | One Shot | Relentless Pressure | Long Ball Pass | Footwork Phenom | Pinged Pass | Whipped Pass+ | Cornerstones | Iron Will,Real Madrid,Liga F Moeve,true,false,750,750
258789,Misa,82,GK,,84,79,70,80,61,82,1,3,2,Cross Claimer | Deflector,0,,3,,8,Intro to Training Camp EVOs I | Intro to Training Camp EVOs II | The Debut | Relentless Pressure | Long Ball Pass | Pinged Pass | Whipped Pass+ | Cornerstones,Arsenal,Barclays WSL,false,false,750,750
243775,Casey Murphy,81,GK,,83,77,77,81,40,85,1,2,1,Cross Claimer,0,,3,,8,Intro to Training Camp EVOs I | Intro to Training Camp EVOs II | The Debut | Relentless Pressure | Long Ball Pass | Pinged Pass | Whipped Pass+ | Cornerstones,Boston Legacy FC,NWSL,false,false,750,750
181458,Ivan Perišić,81,LW,RW | LM | RM,74,80,81,79,68,77,4,5,2,Gamechanger | Whipped Pass,0,,3,,13,Intro to Evolutions | Intro to Training Camp EVOs II | Intro to Rewards EVOs | Rising Guard | Passing Prodigy | One Shot | Relentless Pressure | Long Ball Pass | Footwork Phenom | Pinged Pass | Whipped Pass+ | Cornerstones | Iron Will,PSV,Eredivisie,false,false,500,750
272217,Gift Monday,80,ST,LM | LW,88,75,71,80,62,78,3,3,4,Precision Header | Aerial Fortress | Rapid | Quick Step,0,,3,,12,Intro to Evolutions | Club Member Reward | Rising Guard | Passing Prodigy | One Shot | Relentless Pressure | Footwork Phenom | Pinged Pass | ST Advanced Forward+ | Whipped Pass+ | Cornerstones | Iron Will,Washington Spirit,NWSL,false,false,500,750
264946,Signe Bruun,80,ST,CAM,56,83,66,75,45,74,3,3,1,Enforcer,0,,3,,16,Intro to Evolutions | Intro to Training Camp EVOs II | Intro to Rewards EVOs | Club Member Reward | Rising Guard | Cover Athlete | Passing Prodigy | One Shot | Relentless Pressure | Long Ball Pass | Footwork Phenom | Pinged Pass | ST Advanced Forward+ | Whipped Pass+ | Cornerstones | Iron Will,Real Madrid,Liga F Moeve,true,false,500,750
233838,Felicitas Rauch,79,LM,LB | LW,79,67,78,81,80,76,3,3,1,Precision Header,0,,3,,13,Intro to Evolutions | Intro to Training Camp EVOs II | Intro to Rewards EVOs | Rising Guard | Passing Prodigy | One Shot | Relentless Pressure | Long Ball Pass | Footwork Phenom | Pinged Pass | Whipped Pass+ | Cornerstones | Iron Will,NC Courage,NWSL,false,false,500,750
206085,Jacob Murphy,79,RW,RM,76,77,78,79,60,66,3,4,1,Whipped Pass,0,,3,,13,Intro to Evolutions | Intro to Training Camp EVOs II | Intro to Rewards EVOs | Rising Guard | Passing Prodigy | One Shot | Relentless Pressure | Long Ball Pass | Footwork Phenom | Pinged Pass | Whipped Pass+ | Cornerstones | Iron Will,Newcastle Utd,Premier League,false,true,500,750
266568,Khiara Keating,79,GK,,77,78,81,80,31,78,1,3,1,Far Reach,0,,3,,8,Intro to Training Camp EVOs I | Intro to Training Camp EVOs II | The Debut | Relentless Pressure | Long Ball Pass | Pinged Pass | Whipped Pass+ | Cornerstones,Liverpool,Barclays WSL,true,false,750,1000
251806,Quinten Timber,79,CM,CDM | CAM,76,77,75,79,74,83,3,3,4,Power Shot | Incisive Pass | Technical | Bruiser,0,,3,,13,Intro to Evolutions | Intro to Rewards EVOs | Rising Guard | Cover Athlete | Passing Prodigy | One Shot | Complete Connection | Relentless Pressure | Footwork Phenom | Pinged Pass | Whipped Pass+ | Cornerstones | Iron Will,Crystal Palace,Premier League,false,true,500,750
268303,Deyna Castellanos,78,ST,LW | CM | CAM,74,78,79,81,54,73,4,4,1,Power Shot,0,,3,,16,Intro to Evolutions | Intro to Training Camp EVOs II | Intro to Rewards EVOs | Club Member Reward | Rising Guard | Passing Prodigy | One Shot | Complete Connection | Relentless Pressure | Long Ball Pass | Footwork Phenom | Pinged Pass | ST Advanced Forward+ | Whipped Pass+ | Cornerstones | Iron Will,Portland Thorns,NWSL,false,false,500,500
237712,Taty Castellanos,78,ST,,72,78,71,77,45,73,3,3,3,Finesse Shot | Incisive Pass | Technical,0,,3,,15,Intro to Evolutions | Intro to Training Camp EVOs II | Intro to Rewards EVOs | Club Member Reward | Rising Guard | Passing Prodigy | One Shot | Relentless Pressure | Long Ball Pass | Footwork Phenom | Pinged Pass | ST Advanced Forward+ | Whipped Pass+ | Cornerstones | Iron Will,West Ham,EFL Championship,false,false,500,500
208574,Filip Kostić,77,LB,LM,80,71,80,76,71,70,3,2,0,,0,,3,,13,Intro to Evolutions | Intro to Training Camp EVOs II | Intro to Rewards EVOs | Rising Guard | Passing Prodigy | One Shot | Relentless Pressure | Long Ball Pass | Footwork Phenom | Pinged Pass | Whipped Pass+ | Cornerstones | Iron Will,PSV,Eredivisie,false,false,500,750
250959,Angelo Stiller,83,CDM,CM,59,59,84,84,76,72,3,3,4,Incisive Pass | Long Ball Pass | Inventive | Press Proven,1,Tiki Taka,2,,6,Passing Prodigy | Complete Connection | Footwork Phenom | Pinged Pass | Whipped Pass+ | Cornerstones,VfB Stuttgart,Bundesliga,false,false,750,750
264240,Gavi,83,CM,CDM | LM | CAM,76,66,78,85,68,70,3,3,3,Tiki Taka | Press Proven | Relentless,0,,2,,6,Passing Prodigy | Complete Connection | Footwork Phenom | Pinged Pass | Whipped Pass+ | Cornerstones,FC Barcelona,LALIGA EA SPORTS,true,false,750,750
204525,Iñigo Martínez,83,CB,LB,70,56,72,67,82,83,2,3,3,Long Ball Pass | Slide Tackle | Aerial Fortress,0,,2,,5,Passing Prodigy | Footwork Phenom | Pinged Pass | Whipped Pass+ | Cornerstones,Al Nassr,ROSHN Saudi League,false,false,1500,25000
224987,Ivan Provedel,83,GK,,81,80,82,86,42,83,1,2,3,Long Ball Pass | Far Throw | Footwork,0,,2,,3,Pinged Pass | Whipped Pass+ | Cornerstones,Lombardia FC,Serie A Enilive,false,false,750,750
264864,Kessya Bussy,83,LW,RW | LM | RM,87,79,77,85,43,58,3,3,5,Finesse Shot | Low Driven Shot | Gamechanger | Technical | Quick Step,0,,2,,5,Passing Prodigy | Footwork Phenom | Pinged Pass | Whipped Pass+ | Cornerstones,VfL Wolfsburg,GPFBL,false,false,750,750
271944,María Méndez,83,CB,,79,53,69,66,83,78,2,2,2,Precision Header | Jockey,1,Long Ball Pass,2,,5,Passing Prodigy | Footwork Phenom | Pinged Pass | Whipped Pass+ | Cornerstones,Real Madrid,Liga F Moeve,true,false,750,750
227647,Maximilian Mittelstädt,83,LB,LM,76,63,79,78,80,74,3,2,3,Whipped Pass | Intercept | Slide Tackle,0,,2,,5,Passing Prodigy | Footwork Phenom | Pinged Pass | Whipped Pass+ | Cornerstones,VfB Stuttgart,Bundesliga,false,false,750,750
265377,Vanessa Fudalla,83,ST,CAM,86,85,78,80,55,73,3,3,2,Power Shot | Dead Ball,0,,2,,8,Club Member Reward | Cover Athlete | Passing Prodigy | Footwork Phenom | Pinged Pass | ST Advanced Forward+ | Whipped Pass+ | Cornerstones,Leverkusen,GPFBL,false,false,750,750
233306,Dean Henderson,82,GK,,83,79,79,82,55,81,1,3,2,Footwork | Deflector,0,,2,,8,Intro to Training Camp EVOs I | Intro to Training Camp EVOs II | The Debut | Relentless Pressure | Long Ball Pass | Pinged Pass | Whipped Pass+ | Cornerstones,Crystal Palace,Premier League,false,true,750,1000
244257,Jonathan Burkardt,82,ST,,80,83,67,81,44,76,3,4,1,Finesse Shot,0,,2,,14,Intro to Training Camp EVOs II | Intro to Rewards EVOs | Club Member Reward | Rising Guard | Passing Prodigy | One Shot | Relentless Pressure | Long Ball Pass | Footwork Phenom | Pinged Pass | ST Advanced Forward+ | Whipped Pass+ | Cornerstones | Iron Will,Frankfurt,Bundesliga,false,false,750,750
201024,Kalidou Koulibaly,82,CB,,72,48,62,66,82,83,3,4,5,Long Ball Pass | Block | Anticipate | Aerial Fortress | Bruiser,0,,2,,9,Intro to Rewards EVOs | Rising Guard | Passing Prodigy | One Shot | Footwork Phenom | Pinged Pass | Whipped Pass+ | Cornerstones | Iron Will,Al Hilal,ROSHN Saudi League,false,false,750,750
264939,Lara Prašnikar,82,ST,CAM,78,80,74,82,44,79,4,4,2,Technical | First Touch,0,,2,,15,Intro to Training Camp EVOs II | Intro to Rewards EVOs | Club Member Reward | Rising Guard | Cover Athlete | Passing Prodigy | One Shot | Relentless Pressure | Long Ball Pass | Footwork Phenom | Pinged Pass | ST Advanced Forward+ | Whipped Pass+ | Cornerstones | Iron Will,VfL Wolfsburg,GPFBL,false,false,750,10000
227204,Lola Gallardo,82,GK,,84,78,75,82,51,83,1,2,1,Footwork,1,Far Reach,2,,8,Intro to Training Camp EVOs I | Intro to Training Camp EVOs II | The Debut | Relentless Pressure | Long Ball Pass | Pinged Pass | Whipped Pass+ | Cornerstones,Atlético de Madrid,Liga F Moeve,false,false,750,750
192448,Marc-André ter Stegen,82,GK,,81,82,85,82,44,81,1,4,2,Long Ball Pass | 1v1 Close Down,1,Pinged Pass,2,,8,Intro to Training Camp EVOs I | Intro to Training Camp EVOs II | The Debut | Relentless Pressure | Long Ball Pass | Pinged Pass | Whipped Pass+ | Cornerstones,Ajax,Eredivisie,false,false,750,9000
263007,Niamh Charles,82,LB,LM,86,66,78,75,80,71,3,4,4,Jockey | Aerial Fortress | Rapid | Long Throw,0,,2,,9,Rising Guard | Passing Prodigy | One Shot | Relentless Pressure | Footwork Phenom | Pinged Pass | Whipped Pass+ | Cornerstones | Iron Will,Manchester City,Barclays WSL,true,false,750,750
229188,Vangelis Pavlidis,82,ST,,79,82,72,80,47,82,3,4,6,Chip Shot | Precision Header | Acrobatic | Gamechanger | Technical | Relentless,0,,2,,10,Intro to Rewards EVOs | Club Member Reward | Rising Guard | Passing Prodigy | One Shot | Footwork Phenom | ST Advanced Forward+ | Whipped Pass+ | Cornerstones | Iron Will,SL Benfica,Liga Portugal,false,false,750,750
257057,Amadou Onana,81,CDM,CM,73,68,74,74,81,82,3,4,4,Precision Header | Slide Tackle | Press Proven | Enforcer,0,,2,,12,Intro to Evolutions | Intro to Rewards EVOs | Rising Guard | Passing Prodigy | One Shot | Complete Connection | Relentless Pressure | Footwork Phenom | Pinged Pass | Whipped Pass+ | Cornerstones | Iron Will,Aston Villa,Premier League,false,true,750,500
265856,Anna Moorhouse,81,GK,,78,77,74,82,41,83,1,2,2,Footwork | 1v1 Close Down,0,,2,,8,Intro to Training Camp EVOs I | Intro to Training Camp EVOs II | The Debut | Relentless Pressure | Long Ball Pass | Pinged Pass | Whipped Pass+ | Cornerstones,Manchester City,Barclays WSL,true,false,750,750
255475,Antony,81,RW,RM,85,81,79,82,48,71,5,2,5,Finesse Shot | Acrobatic | Technical | Trickster | Quick Step,0,,2,,9,Intro to Evolutions | Rising Guard | Passing Prodigy | One Shot | Footwork Phenom | Pinged Pass | Whipped Pass+ | Cornerstones | Iron Will,Real Betis,LALIGA EA SPORTS,false,false,19000,60000
233751,Daniëlle van de Donk,81,CM,CAM | CDM | ST,72,77,81,85,66,71,3,3,3,Incisive Pass | First Touch | Bruiser,1,Press Proven,2,,16,Intro to Evolutions | Intro to Training Camp EVOs II | Intro to Rewards EVOs | Club Member Reward | Rising Guard | Passing Prodigy | One Shot | Complete Connection | Relentless Pressure | Long Ball Pass | Footwork Phenom | Pinged Pass | ST Advanced Forward+ | Whipped Pass+ | Cornerstones | Iron Will,London City,Barclays WSL,false,false,500,750
234642,Édouard Mendy,81,GK,,83,77,77,81,34,80,1,2,2,Footwork | Cross Claimer,0,,2,,8,Intro to Training Camp EVOs I | Intro to Training Camp EVOs II | The Debut | Relentless Pressure | Long Ball Pass | Pinged Pass | Whipped Pass+ | Cornerstones,Al Ahli,ROSHN Saudi League,false,false,750,750
227255,Fran Kirby,81,CAM,RW | CM | RM,83,81,77,82,42,61,4,4,2,Finesse Shot | Technical,0,,2,,14,Intro to Evolutions | Intro to Training Camp EVOs II | Intro to Rewards EVOs | Rising Guard | Passing Prodigy | One Shot | Complete Connection | Relentless Pressure | Long Ball Pass | Footwork Phenom | Pinged Pass | Whipped Pass+ | Cornerstones | Iron Will,Brighton,Barclays WSL,false,false,750,750
267339,Hailie Mace,81,RB,CB | CM,77,60,76,75,81,75,3,3,4,Incisive Pass | Pinged Pass | Long Ball Pass | Intercept,0,,2,,12,Intro to Evolutions | Intro to Rewards EVOs | Rising Guard | Passing Prodigy | One Shot | Complete Connection | Relentless Pressure | Footwork Phenom | Pinged Pass | Whipped Pass+ | Cornerstones | Iron Will,Orlando Pride,NWSL,false,false,500,750
238212,Jane Campbell,81,GK,,79,78,83,82,40,84,1,2,1,Footwork,0,,2,,8,Intro to Training Camp EVOs I | Intro to Training Camp EVOs II | The Debut | Relentless Pressure | Long Ball Pass | Pinged Pass | Whipped Pass+ | Cornerstones,Houston Dash,NWSL,false,false,750,750
253435,Laia Aleixandri,81,CB,CM | CDM,61,45,72,59,82,71,2,4,3,Power Shot | Intercept | Aerial Fortress,0,,2,,14,Intro to Evolutions | Intro to Training Camp EVOs II | Intro to Rewards EVOs | Rising Guard | Passing Prodigy | One Shot | Complete Connection | Relentless Pressure | Long Ball Pass | Footwork Phenom | Pinged Pass | Whipped Pass+ | Cornerstones | Iron Will,FC Barcelona,Liga F Moeve,true,false,500,750
207410,Mateo Kovačić,81,CM,CDM | CAM,57,74,80,81,73,68,3,4,1,Press Proven,0,,2,,15,Intro to Evolutions | Intro to Training Camp EVOs II | Intro to Rewards EVOs | Rising Guard | Cover Athlete | Passing Prodigy | One Shot | Complete Connection | Relentless Pressure | Long Ball Pass | Footwork Phenom | Pinged Pass | Whipped Pass+ | Cornerstones | Iron Will,Manchester City,Premier League,true,true,500,750
226110,Nicolas Pépé,81,RW,ST | RM | CAM,87,80,75,84,37,69,4,2,3,Finesse Shot | Inventive | Technical,0,,2,,14,Intro to Evolutions | Intro to Training Camp EVOs II | Club Member Reward | Rising Guard | Passing Prodigy | One Shot | Relentless Pressure | Long Ball Pass | Footwork Phenom | Pinged Pass | ST Advanced Forward+ | Whipped Pass+ | Cornerstones | Iron Will,Villarreal CF,LALIGA EA SPORTS,false,false,750,750
210385,Rui Silva,81,GK,,82,78,77,84,31,81,1,3,1,Deflector,0,,2,,8,Intro to Training Camp EVOs I | Intro to Training Camp EVOs II | The Debut | Relentless Pressure | Long Ball Pass | Pinged Pass | Whipped Pass+ | Cornerstones,Sporting CP,Liga Portugal,false,false,750,750
223885,Alexander Nübel,80,GK,,81,75,79,82,48,77,1,4,1,Deflector,0,,2,,8,Intro to Training Camp EVOs I | Intro to Training Camp EVOs II | The Debut | Relentless Pressure | Long Ball Pass | Pinged Pass | Whipped Pass+ | Cornerstones,Beşiktaş,Trendyol Süper Lig,false,false,750,750
243952,Andriy Lunin,80,GK,,80,78,79,81,37,79,1,3,0,,0,,2,,8,Intro to Training Camp EVOs I | Intro to Training Camp EVOs II | The Debut | Relentless Pressure | Long Ball Pass | Pinged Pass | Whipped Pass+ | Cornerstones,Real Madrid,LALIGA EA SPORTS,true,false,750,1000
215590,Ayoze,80,ST,LW | CAM | LM,81,81,78,81,59,66,4,4,3,Acrobatic | Gamechanger | Technical,0,,2,,15,Intro to Evolutions | Intro to Training Camp EVOs II | Intro to Rewards EVOs | Club Member Reward | Rising Guard | Passing Prodigy | One Shot | Relentless Pressure | Long Ball Pass | Footwork Phenom | Pinged Pass | ST Advanced Forward+ | Whipped Pass+ | Cornerstones | Iron Will,Villarreal CF,LALIGA EA SPORTS,false,false,750,10000
223952,David Soria,80,GK,,82,79,74,80,41,79,1,3,2,Long Ball Pass | Far Reach,0,,2,,8,Intro to Training Camp EVOs I | Intro to Training Camp EVOs II | The Debut | Relentless Pressure | Long Ball Pass | Pinged Pass | Whipped Pass+ | Cornerstones,Getafe CF,LALIGA EA SPORTS,false,false,750,1000
231416,Dodi Lukébakio,80,RW,RM | LW | LM,85,79,75,82,31,65,4,3,3,Finesse Shot | Gamechanger | Technical,0,,2,,12,Intro to Evolutions | Intro to Training Camp EVOs II | Rising Guard | Passing Prodigy | One Shot | Relentless Pressure | Long Ball Pass | Footwork Phenom | Pinged Pass | Whipped Pass+ | Cornerstones | Iron Will,SL Benfica,Liga Portugal,false,false,1000,30000
228618,Ferland Mendy,80,LB,,80,62,74,75,78,81,3,5,2,Block | Rapid,0,,2,,13,Intro to Evolutions | Intro to Training Camp EVOs II | Intro to Rewards EVOs | Rising Guard | Passing Prodigy | One Shot | Relentless Pressure | Long Ball Pass | Footwork Phenom | Pinged Pass | Whipped Pass+ | Cornerstones | Iron Will,Real Madrid,LALIGA EA SPORTS,true,false,3000,20000
215316,Gerónimo Rulli,80,GK,,81,77,80,85,54,75,1,3,1,Footwork,0,,2,,8,Intro to Training Camp EVOs I | Intro to Training Camp EVOs II | The Debut | Relentless Pressure | Long Ball Pass | Pinged Pass | Whipped Pass+ | Cornerstones,Manchester City,Premier League,true,true,750,750
235840,Michele Di Gregorio,80,GK,,81,80,78,84,56,79,1,3,2,Footwork | Deflector,0,,2,,8,Intro to Training Camp EVOs I | Intro to Training Camp EVOs II | The Debut | Relentless Pressure | Long Ball Pass | Pinged Pass | Whipped Pass+ | Cornerstones,AFC Bournemouth,Premier League,false,true,750,750
267268,Vanessa DiBernardo,80,CM,CDM,75,76,79,83,64,56,4,3,1,Incisive Pass,0,,2,,14,Intro to Evolutions | Intro to Training Camp EVOs II | Intro to Rewards EVOs | Rising Guard | Passing Prodigy | One Shot | Complete Connection | Relentless Pressure | Long Ball Pass | Footwork Phenom | Pinged Pass | Whipped Pass+ | Cornerstones | Iron Will,KC Current,NWSL,false,false,500,750
265271,Hayley Ladd,79,CDM,CM,53,57,72,70,78,78,3,3,2,Press Proven | Bruiser,0,,2,,14,Intro to Evolutions | Intro to Training Camp EVOs II | Intro to Rewards EVOs | Rising Guard | Passing Prodigy | One Shot | Complete Connection | Relentless Pressure | Long Ball Pass | Footwork Phenom | Pinged Pass | Whipped Pass+ | Cornerstones | Iron Will,Crystal Palace,Barclays WSL,false,false,500,500
265860,Julie Dufour,79,RW,LM | RM | LW,78,77,78,81,51,61,4,3,2,Whipped Pass | Technical,0,,2,,13,Intro to Evolutions | Intro to Training Camp EVOs II | Intro to Rewards EVOs | Rising Guard | Passing Prodigy | One Shot | Relentless Pressure | Long Ball Pass | Footwork Phenom | Pinged Pass | Whipped Pass+ | Cornerstones | Iron Will,Portland Thorns,NWSL,false,false,500,750
190941,Lukáš Hrádecký,79,GK,,81,77,64,81,40,79,1,3,1,Footwork,0,,2,,8,Intro to Training Camp EVOs I | Intro to Training Camp EVOs II | The Debut | Relentless Pressure | Long Ball Pass | Pinged Pass | Whipped Pass+ | Cornerstones,AS Monaco,Ligue 1 McDonald's,false,false,750,500
256853,Malik Tillman,79,CAM,CM | LW | CDM,67,77,77,80,67,76,4,3,3,Power Shot | Incisive Pass | First Touch,0,,2,,14,Intro to Evolutions | Intro to Training Camp EVOs II | Intro to Rewards EVOs | Rising Guard | Passing Prodigy | One Shot | Complete Connection | Relentless Pressure | Long Ball Pass | Footwork Phenom | Pinged Pass | Whipped Pass+ | Cornerstones | Iron Will,Leverkusen,Bundesliga,false,false,500,750
259197,Nicolas Jackson,79,ST,,76,77,69,79,40,76,3,3,2,Low Driven Shot | Gamechanger,0,,2,,15,Intro to Evolutions | Intro to Training Camp EVOs II | Intro to Rewards EVOs | Club Member Reward | Rising Guard | Passing Prodigy | One Shot | Relentless Pressure | Long Ball Pass | Footwork Phenom | Pinged Pass | ST Advanced Forward+ | Whipped Pass+ | Cornerstones | Iron Will,Aston Villa,Premier League,false,true,500,10000
265076,Rafaela Borggräfe,79,GK,,80,76,77,80,47,79,1,2,4,Long Ball Pass | Far Throw | Footwork | Cross Claimer,0,,2,,6,Intro to Training Camp EVOs I | The Debut | Relentless Pressure | Pinged Pass | Whipped Pass+ | Cornerstones,Leverkusen,GPFBL,false,false,750,750
226753,André Onana,78,GK,,80,74,80,80,56,76,1,3,1,1v1 Close Down,0,,2,,8,Intro to Training Camp EVOs I | Intro to Training Camp EVOs II | The Debut | Relentless Pressure | Long Ball Pass | Pinged Pass | Whipped Pass+ | Cornerstones,Trabzonspor,Trendyol Süper Lig,false,false,750,750
262863,Antonio Nusa,78,LW,LM | CAM | CM,85,73,70,85,42,64,5,3,4,Inventive | Technical | Rapid | Quick Step,0,,2,,11,Intro to Evolutions | Rising Guard | Passing Prodigy | One Shot | Complete Connection | Relentless Pressure | Footwork Phenom | Pinged Pass | Whipped Pass+ | Cornerstones | Iron Will,RB Leipzig,Bundesliga,false,false,500,750
267215,Bella Bixby,78,GK,,76,77,71,79,42,80,1,2,1,Footwork,0,,2,,8,Intro to Training Camp EVOs I | Intro to Training Camp EVOs II | The Debut | Relentless Pressure | Long Ball Pass | Pinged Pass | Whipped Pass+ | Cornerstones,Portland Thorns,NWSL,false,false,750,750
241671,Dominik Livaković,78,GK,,78,75,70,80,56,78,1,2,2,Far Throw | Footwork,0,,2,,8,Intro to Training Camp EVOs I | Intro to Training Camp EVOs II | The Debut | Relentless Pressure | Long Ball Pass | Pinged Pass | Whipped Pass+ | Cornerstones,FC Barcelona,LALIGA EA SPORTS,true,false,750,10000
265258,Jessica Naz,78,ST,RM | LM | CAM,83,77,69,82,43,67,3,4,1,Rapid,0,,2,,15,Intro to Evolutions | Intro to Training Camp EVOs II | Intro to Rewards EVOs | Club Member Reward | Rising Guard | Passing Prodigy | One Shot | Relentless Pressure | Long Ball Pass | Footwork Phenom | Pinged Pass | ST Advanced Forward+ | Whipped Pass+ | Cornerstones | Iron Will,Spurs,Barclays WSL,false,false,500,750
183711,Jordan Henderson,78,CDM,CM,53,71,80,74,75,71,3,3,2,Incisive Pass | Anticipate,0,,2,,14,Intro to Evolutions | Intro to Training Camp EVOs II | Intro to Rewards EVOs | Rising Guard | Passing Prodigy | One Shot | Complete Connection | Relentless Pressure | Long Ball Pass | Footwork Phenom | Pinged Pass | Whipped Pass+ | Cornerstones | Iron Will,Chelsea,Premier League,false,true,500,500
188943,Kevin Trapp,78,GK,,78,77,70,81,46,77,1,4,1,Far Throw,0,,2,,8,Intro to Training Camp EVOs I | Intro to Training Camp EVOs II | The Debut | Relentless Pressure | Long Ball Pass | Pinged Pass | Whipped Pass+ | Cornerstones,Paris FC,Ligue 1 McDonald's,false,false,750,750
252935,Leonardo Fernández,78,CAM,CM,77,80,79,76,40,60,4,3,6,Power Shot | Dead Ball | Gamechanger | Long Ball Pass | Inventive | Technical,0,,2,,9,Intro to Evolutions | Intro to Rewards EVOs | Rising Guard | Passing Prodigy | One Shot | Footwork Phenom | Whipped Pass+ | Cornerstones | Iron Will,Peñarol,Libertadores,false,false,500,750
228251,Lorenzo Pellegrini,78,CAM,CM,72,77,79,78,71,71,3,4,1,Dead Ball,0,,2,,15,Intro to Evolutions | Intro to Training Camp EVOs II | Intro to Rewards EVOs | Rising Guard | Cover Athlete | Passing Prodigy | One Shot | Complete Connection | Relentless Pressure | Long Ball Pass | Footwork Phenom | Pinged Pass | Whipped Pass+ | Cornerstones | Iron Will,AS Roma,Serie A Enilive,false,false,500,500
203841,Nick Pope,78,GK,,78,77,64,80,44,76,1,3,3,Far Throw | Footwork | Deflector,0,,2,,8,Intro to Training Camp EVOs I | Intro to Training Camp EVOs II | The Debut | Relentless Pressure | Long Ball Pass | Pinged Pass | Whipped Pass+ | Cornerstones,Newcastle Utd,Premier League,false,true,750,2500
233195,Xaver Schlager,78,CDM,CM,66,69,72,76,74,78,3,3,1,Bruiser,0,,2,,14,Intro to Evolutions | Intro to Training Camp EVOs II | Intro to Rewards EVOs | Rising Guard | Passing Prodigy | One Shot | Complete Connection | Relentless Pressure | Long Ball Pass | Footwork Phenom | Pinged Pass | Whipped Pass+ | Cornerstones | Iron Will,Nott'm Forest,Premier League,false,true,500,500
253004,Ansu Fati,77,LM,CAM | LW | ST,81,75,73,80,30,53,4,4,1,Quick Step,0,,2,,15,Intro to Evolutions | Intro to Training Camp EVOs II | Intro to Rewards EVOs | Club Member Reward | Rising Guard | Passing Prodigy | One Shot | Relentless Pressure | Long Ball Pass | Footwork Phenom | Pinged Pass | ST Advanced Forward+ | Whipped Pass+ | Cornerstones | Iron Will,AS Monaco,Ligue 1 McDonald's,false,false,500,750
231512,Lloyd Kelly,77,CB,,76,48,67,70,77,78,2,3,2,Long Ball Pass | Aerial Fortress,0,,2,,13,Intro to Evolutions | Intro to Training Camp EVOs II | Intro to Rewards EVOs | Rising Guard | Passing Prodigy | One Shot | Relentless Pressure | Long Ball Pass | Footwork Phenom | Pinged Pass | Whipped Pass+ | Cornerstones | Iron Will,Juventus,Serie A Enilive,false,false,500,2500
257866,Nicolás Fernández,77,CAM,ST | RM | CM,85,72,74,78,60,69,4,3,2,Dead Ball | Technical,0,,2,,15,Intro to Evolutions | Intro to Training Camp EVOs II | Club Member Reward | Rising Guard | Passing Prodigy | One Shot | Complete Connection | Relentless Pressure | Long Ball Pass | Footwork Phenom | Pinged Pass | ST Advanced Forward+ | Whipped Pass+ | Cornerstones | Iron Will,New York City FC,MLS,false,false,500,250
225289,Nicolás Fernández,77,ST,,86,76,67,79,40,76,3,4,2,Acrobatic | Rapid,0,,2,,14,Intro to Evolutions | Intro to Training Camp EVOs II | Club Member Reward | Rising Guard | Passing Prodigy | One Shot | Relentless Pressure | Long Ball Pass | Footwork Phenom | Pinged Pass | ST Advanced Forward+ | Whipped Pass+ | Cornerstones | Iron Will,Belgrano,LPF,false,false,500,500
238896,Pepê,77,RW,RM | LW | LM,86,67,70,82,52,61,4,2,4,Technical | First Touch | Trickster | Quick Step,0,,2,,10,Intro to Evolutions | Rising Guard | Passing Prodigy | One Shot | Relentless Pressure | Footwork Phenom | Pinged Pass | Whipped Pass+ | Cornerstones | Iron Will,FC Porto,Liga Portugal,false,false,500,500
230670,Lucas Perri,76,GK,,76,77,70,77,41,75,1,2,0,,0,,2,,8,Intro to Training Camp EVOs I | Intro to Training Camp EVOs II | The Debut | Relentless Pressure | Long Ball Pass | Pinged Pass | Whipped Pass+ | Cornerstones,Torino,Serie A Enilive,false,false,500,1000
234249,Sam Surridge,76,ST,,64,77,57,70,29,75,2,3,2,Precision Header | Low Driven Shot,0,,2,,15,Intro to Evolutions | Intro to Training Camp EVOs II | Intro to Rewards EVOs | Club Member Reward | Rising Guard | Passing Prodigy | One Shot | Relentless Pressure | Long Ball Pass | Footwork Phenom | Pinged Pass | ST Advanced Forward+ | Whipped Pass+ | Cornerstones | Iron Will,Nashville SC,MLS,false,false,500,1000
184941,Alexis Sánchez,75,ST,CAM | CM,69,77,77,78,48,61,3,4,2,Technical | First Touch,0,,2,,17,Intro to Evolutions | Intro to Training Camp EVOs II | Intro to Rewards EVOs | Club Member Reward | Rising Guard | Cover Athlete | Passing Prodigy | One Shot | Complete Connection | Relentless Pressure | Long Ball Pass | Footwork Phenom | Pinged Pass | ST Advanced Forward+ | Whipped Pass+ | Cornerstones | Iron Will,CF Montréal,MLS,false,false,500,500
265252,Ashleigh Neville,75,RB,LB,73,70,73,72,74,79,3,4,6,Whipped Pass | Jockey | Intercept | Anticipate | Slide Tackle | Rapid,0,,2,,9,Intro to Evolutions | Intro to Rewards EVOs | Rising Guard | Passing Prodigy | One Shot | Footwork Phenom | Whipped Pass+ | Cornerstones | Iron Will,Charlton Athletic,Barclays WSL,false,false,500,750
244114,Batista Mendy,75,CDM,CM,69,61,67,70,74,82,2,3,1,Press Proven,0,,2,,14,Intro to Evolutions | Intro to Training Camp EVOs II | Intro to Rewards EVOs | Rising Guard | Passing Prodigy | One Shot | Complete Connection | Relentless Pressure | Long Ball Pass | Footwork Phenom | Pinged Pass | Whipped Pass+ | Cornerstones | Iron Will,Trabzonspor,Trendyol Süper Lig,false,false,500,500
279693,Eileen Campbell,75,ST,CAM,78,75,65,75,50,65,3,3,0,,0,,2,,16,Intro to Evolutions | Intro to Training Camp EVOs II | Intro to Rewards EVOs | Club Member Reward | Rising Guard | Cover Athlete | Passing Prodigy | One Shot | Relentless Pressure | Long Ball Pass | Footwork Phenom | Pinged Pass | ST Advanced Forward+ | Whipped Pass+ | Cornerstones | Iron Will,Union Berlin,GPFBL,false,false,500,500
262151,Ezequiel Fernández,75,CDM,CM,61,47,67,72,73,78,2,5,3,Long Ball Pass | Press Proven | Bruiser,0,,2,,14,Intro to Evolutions | Intro to Training Camp EVOs II | Intro to Rewards EVOs | Rising Guard | Passing Prodigy | One Shot | Complete Connection | Relentless Pressure | Long Ball Pass | Footwork Phenom | Pinged Pass | Whipped Pass+ | Cornerstones | Iron Will,Leverkusen,Bundesliga,false,false,500,500
276633,Nobel Mendy,75,CB,LB,80,46,58,62,73,82,2,3,1,Bruiser,0,,2,,13,Intro to Evolutions | Intro to Training Camp EVOs II | Intro to Rewards EVOs | Rising Guard | Passing Prodigy | One Shot | Relentless Pressure | Long Ball Pass | Footwork Phenom | Pinged Pass | Whipped Pass+ | Cornerstones | Iron Will,Hull City,Premier League,false,true,500,1000
265342,Ruby Mace,75,CB,CDM | CM,39,45,63,58,76,78,2,3,1,Bruiser,0,,2,,14,Intro to Evolutions | Intro to Training Camp EVOs II | Intro to Rewards EVOs | Rising Guard | Passing Prodigy | One Shot | Complete Connection | Relentless Pressure | Long Ball Pass | Footwork Phenom | Pinged Pass | Whipped Pass+ | Cornerstones | Iron Will,Everton,Barclays WSL,false,false,500,750
266933,Arianna Caruso,83,CM,CDM | CAM,74,80,82,87,71,72,4,3,4,Incisive Pass | Technical | First Touch | Relentless,0,,1,,7,Cover Athlete | Passing Prodigy | Complete Connection | Footwork Phenom | Pinged Pass | Whipped Pass+ | Cornerstones,Real Madrid,Liga F Moeve,true,false,750,750
236703,David Raum,83,LB,LM | LW,83,62,82,81,76,79,3,2,3,Dead Ball | Rapid | Long Throw,1,Whipped Pass,1,,5,Passing Prodigy | Footwork Phenom | Pinged Pass | Whipped Pass+ | Cornerstones,RB Leipzig,Bundesliga,false,false,750,750
265035,Elisa Senß,83,CM,CDM | CAM,82,71,78,84,77,71,4,3,3,Tiki Taka | Jockey | Technical,0,,1,,7,Cover Athlete | Passing Prodigy | Complete Connection | Footwork Phenom | Pinged Pass | Whipped Pass+ | Cornerstones,Real Madrid,Liga F Moeve,true,false,750,750
231521,Exequiel Palacios,83,CM,CDM,62,76,79,82,81,71,3,4,1,Anticipate,0,,1,,6,Passing Prodigy | Complete Connection | Footwork Phenom | Pinged Pass | Whipped Pass+ | Cornerstones,Ipswich,Premier League,false,true,750,1000
266973,Giada Greggi,83,CM,CDM,84,71,73,85,76,73,3,5,3,Anticipate | Technical | Quick Step,0,,1,,6,Passing Prodigy | Complete Connection | Footwork Phenom | Pinged Pass | Whipped Pass+ | Cornerstones,Roma,Calcio A Femminile,false,false,1100,1000
210881,John McGinn,83,RM,LM | CAM | RW,69,80,81,82,78,84,3,2,3,Press Proven | Relentless | Enforcer,0,,1,,5,Passing Prodigy | Footwork Phenom | Pinged Pass | Whipped Pass+ | Cornerstones,Aston Villa,Premier League,false,true,750,750
273946,Korbin Shrader,83,CM,CDM | CAM,74,76,79,80,71,76,3,4,2,Incisive Pass | Technical,0,,1,,7,Cover Athlete | Passing Prodigy | Complete Connection | Footwork Phenom | Pinged Pass | Whipped Pass+ | Cornerstones,OL Lyonnes,Arkema PL,false,false,750,750
277926,Manaka Matsukubo,83,CAM,ST,74,82,76,84,60,48,3,4,3,Incisive Pass | Technical | First Touch,0,,1,,8,Club Member Reward | Cover Athlete | Passing Prodigy | Footwork Phenom | Pinged Pass | ST Advanced Forward+ | Whipped Pass+ | Cornerstones,Chelsea,Barclays WSL,false,false,750,500
229237,Manuel Akanji,83,CB,,75,48,70,74,84,81,2,4,1,Long Ball Pass,0,,1,,5,Passing Prodigy | Footwork Phenom | Pinged Pass | Whipped Pass+ | Cornerstones,Lombardia FC,Serie A Enilive,false,false,8200,10000
244669,Morten Hjulmand,83,CDM,CM,70,76,78,77,80,84,3,4,4,Jockey | Block | Anticipate | Relentless,0,,1,,6,Passing Prodigy | Complete Connection | Footwork Phenom | Pinged Pass | Whipped Pass+ | Cornerstones,Atlético de Madrid,LALIGA EA SPORTS,false,false,750,750
262093,Sjoeke Nüsken,83,CDM,CM,67,72,77,79,82,77,2,3,2,Anticipate | Bruiser,0,,1,,6,Passing Prodigy | Complete Connection | Footwork Phenom | Pinged Pass | Whipped Pass+ | Cornerstones,Chelsea,Barclays WSL,false,false,750,1000
244778,Trincão,83,CAM,RM | RW | CM,80,81,80,84,40,72,4,2,6,Finesse Shot | Low Driven Shot | Incisive Pass | Technical | First Touch | Trickster,0,,1,,4,Passing Prodigy | Footwork Phenom | Whipped Pass+ | Cornerstones,Al Ahli,ROSHN Saudi League,false,false,750,750
183898,Ángel Di María,82,RW,RM | CAM | ST,71,80,85,85,43,62,5,2,7,Finesse Shot | Chip Shot | Incisive Pass | Long Ball Pass | Inventive | Technical | Trickster,0,,1,,10,Intro to Rewards EVOs | Club Member Reward | Rising Guard | Passing Prodigy | One Shot | Footwork Phenom | ST Advanced Forward+ | Whipped Pass+ | Cornerstones | Iron Will,Rosario Central ,LPF,false,false,750,750
239344,Carolin Simon,82,LB,LM,75,57,75,79,80,73,4,4,4,Dead Ball | Whipped Pass | Long Throw | Bruiser,0,,1,,10,Intro to Rewards EVOs | Rising Guard | Passing Prodigy | One Shot | Relentless Pressure | Footwork Phenom | Pinged Pass | Whipped Pass+ | Cornerstones | Iron Will,Leverkusen,GPFBL,false,false,750,750
279812,Croix Bethune,82,CAM,CM | CDM | ST,72,72,79,82,55,56,4,4,5,Chip Shot | Acrobatic | Incisive Pass | Inventive | Technical,0,,1,,12,Intro to Rewards EVOs | Club Member Reward | Rising Guard | Passing Prodigy | One Shot | Complete Connection | Footwork Phenom | Pinged Pass | ST Advanced Forward+ | Whipped Pass+ | Cornerstones | Iron Will,KC Current,NWSL,false,false,750,500
237646,Daniel Muñoz,82,RB,RM,76,70,73,77,80,77,3,3,3,Jockey | Anticipate | Relentless,0,,1,,12,Intro to Training Camp EVOs II | Intro to Rewards EVOs | Rising Guard | Passing Prodigy | One Shot | Relentless Pressure | Long Ball Pass | Footwork Phenom | Pinged Pass | Whipped Pass+ | Cornerstones | Iron Will,Nott'm Forest,Premier League,false,true,750,750
210935,Domenico Berardi,82,RW,RM,81,80,80,83,37,68,4,3,4,Low Driven Shot | Long Ball Pass | Inventive | Technical,0,,1,,10,Intro to Rewards EVOs | Rising Guard | Passing Prodigy | One Shot | Relentless Pressure | Footwork Phenom | Pinged Pass | Whipped Pass+ | Cornerstones | Iron Will,Sassuolo,Serie A Enilive,false,false,750,750
209499,Fabinho,82,CDM,CM | CB,51,69,77,75,81,84,3,2,5,Power Shot | Block | Slide Tackle | Press Proven | Bruiser,0,,1,,10,Intro to Rewards EVOs | Rising Guard | Passing Prodigy | One Shot | Complete Connection | Footwork Phenom | Pinged Pass | Whipped Pass+ | Cornerstones | Iron Will,Trabzonspor,Trendyol Süper Lig,false,false,750,750
203263,Harry Maguire,82,CB,,35,57,69,65,83,83,2,3,2,Aerial Fortress | Bruiser,0,,1,,12,Intro to Training Camp EVOs II | Intro to Rewards EVOs | Rising Guard | Passing Prodigy | One Shot | Relentless Pressure | Long Ball Pass | Footwork Phenom | Pinged Pass | Whipped Pass+ | Cornerstones | Iron Will,Man Utd,Premier League,true,true,750,750
206517,Jack Grealish,82,LM,LW,69,76,82,86,53,67,4,3,4,Finesse Shot | Incisive Pass | Inventive | First Touch,1,Press Proven,1,,10,Intro to Rewards EVOs | Rising Guard | Passing Prodigy | One Shot | Relentless Pressure | Footwork Phenom | Pinged Pass | Whipped Pass+ | Cornerstones | Iron Will,Everton,Premier League,false,true,750,750
220697,James Maddison,82,CM,CAM,65,81,86,84,57,53,4,4,6,Finesse Shot | Dead Ball | Gamechanger | Incisive Pass | Whipped Pass | Inventive,0,,1,,8,Intro to Rewards EVOs | Rising Guard | Passing Prodigy | One Shot | Footwork Phenom | Whipped Pass+ | Cornerstones | Iron Will,Spurs,Premier League,false,true,750,1000
241491,Johanna Kaneryd,82,RW,RM,89,75,79,82,49,69,4,4,2,Technical | Quick Step,0,,1,,11,Intro to Training Camp EVOs II | Rising Guard | Passing Prodigy | One Shot | Relentless Pressure | Long Ball Pass | Footwork Phenom | Pinged Pass | Whipped Pass+ | Cornerstones | Iron Will,OL Lyonnes,Arkema PL,false,false,750,750
216460,José María Giménez,82,CB,,68,46,60,62,83,80,2,3,1,Precision Header,0,,1,,12,Intro to Training Camp EVOs II | Intro to Rewards EVOs | Rising Guard | Passing Prodigy | One Shot | Relentless Pressure | Long Ball Pass | Footwork Phenom | Pinged Pass | Whipped Pass+ | Cornerstones | Iron Will,RC Deportivo,LALIGA EA SPORTS,false,false,750,750
264922,Kristin Kögel,82,LM,LW,87,79,77,81,46,70,3,4,0,,0,,1,,11,Intro to Training Camp EVOs II | Rising Guard | Passing Prodigy | One Shot | Relentless Pressure | Long Ball Pass | Footwork Phenom | Pinged Pass | Whipped Pass+ | Cornerstones | Iron Will,Strasbourg,Arkema PL,false,false,750,750
247790,Lena Lattwein,82,CM,CDM,69,73,80,82,78,83,3,4,3,Precision Header | Incisive Pass | Press Proven,0,,1,,13,Intro to Training Camp EVOs II | Intro to Rewards EVOs | Rising Guard | Passing Prodigy | One Shot | Complete Connection | Relentless Pressure | Long Ball Pass | Footwork Phenom | Pinged Pass | Whipped Pass+ | Cornerstones | Iron Will,VfL Wolfsburg,GPFBL,false,false,750,750
222737,Malcom,82,RW,RM | CAM | ST,89,75,81,84,43,71,4,3,0,,0,,1,,13,Intro to Training Camp EVOs II | Club Member Reward | Rising Guard | Passing Prodigy | One Shot | Relentless Pressure | Long Ball Pass | Footwork Phenom | Pinged Pass | ST Advanced Forward+ | Whipped Pass+ | Cornerstones | Iron Will,Al Hilal,ROSHN Saudi League,false,false,750,1000
220834,Marco Asensio,82,CAM,CM,73,81,82,82,44,63,4,3,4,Finesse Shot | Low Driven Shot | Incisive Pass | Whipped Pass,0,,1,,12,Intro to Rewards EVOs | Rising Guard | Cover Athlete | Passing Prodigy | One Shot | Complete Connection | Relentless Pressure | Footwork Phenom | Pinged Pass | Whipped Pass+ | Cornerstones | Iron Will,Fenerbahçe,Trendyol Süper Lig,false,false,750,10000
236610,Moise Kean,82,ST,,85,82,59,81,41,74,3,3,4,Acrobatic | Low Driven Shot | Rapid | First Touch,0,,1,,11,Club Member Reward | Rising Guard | Passing Prodigy | One Shot | Relentless Pressure | Footwork Phenom | Pinged Pass | ST Advanced Forward+ | Whipped Pass+ | Cornerstones | Iron Will,Como,Serie A Enilive,false,false,750,1000
243245,Orkun Kökçü,82,CM,CDM | CAM,72,80,84,80,70,80,3,5,5,Finesse Shot | Power Shot | Dead Ball | Incisive Pass | Long Ball Pass,0,,1,,11,Intro to Rewards EVOs | Rising Guard | Cover Athlete | Passing Prodigy | One Shot | Complete Connection | Footwork Phenom | Pinged Pass | Whipped Pass+ | Cornerstones | Iron Will,Beşiktaş,Trendyol Süper Lig,false,false,750,750
210406,Piotr Zieliński,82,CM,CDM | CAM,77,77,81,83,70,63,3,4,2,Tiki Taka | Technical,0,,1,,14,Intro to Training Camp EVOs II | Intro to Rewards EVOs | Rising Guard | Cover Athlete | Passing Prodigy | One Shot | Complete Connection | Relentless Pressure | Long Ball Pass | Footwork Phenom | Pinged Pass | Whipped Pass+ | Cornerstones | Iron Will,Lombardia FC,Serie A Enilive,false,false,750,500
233556,Riccardo Orsolini,82,RM,RW,80,82,78,83,54,69,4,4,2,Acrobatic | Technical,0,,1,,12,Intro to Training Camp EVOs II | Intro to Rewards EVOs | Rising Guard | Passing Prodigy | One Shot | Relentless Pressure | Long Ball Pass | Footwork Phenom | Pinged Pass | Whipped Pass+ | Cornerstones | Iron Will,Bologna,Serie A Enilive,false,false,750,750
233747,Sherida Spitse,82,CB,CDM,67,70,80,73,84,81,2,3,2,Dead Ball | Long Ball Pass,0,,1,,12,Intro to Training Camp EVOs II | Intro to Rewards EVOs | Rising Guard | Passing Prodigy | One Shot | Relentless Pressure | Long Ball Pass | Footwork Phenom | Pinged Pass | Whipped Pass+ | Cornerstones | Iron Will,Ajax,Nederland Vrouwen Liga,false,false,750,750
267227,Yazmeen Ryan,82,LM,RM | LW | RW,82,76,78,79,52,79,4,3,2,Block | Anticipate,0,,1,,12,Intro to Training Camp EVOs II | Intro to Rewards EVOs | Rising Guard | Passing Prodigy | One Shot | Relentless Pressure | Long Ball Pass | Footwork Phenom | Pinged Pass | Whipped Pass+ | Cornerstones | Iron Will,Denver Summit FC,NWSL,false,false,750,750
227127,Álex Remiro,81,GK,,81,78,80,82,45,79,1,4,3,Long Ball Pass | Far Throw | Cross Claimer,0,,1,,8,Intro to Training Camp EVOs I | Intro to Training Camp EVOs II | The Debut | Relentless Pressure | Long Ball Pass | Pinged Pass | Whipped Pass+ | Cornerstones,Real Sociedad,LALIGA EA SPORTS,false,false,750,1000
231410,Brahim,81,RM,LM | ST | RW,80,73,78,84,33,63,4,5,3,Tiki Taka | Technical | First Touch,0,,1,,15,Intro to Evolutions | Intro to Training Camp EVOs II | Intro to Rewards EVOs | Club Member Reward | Rising Guard | Passing Prodigy | One Shot | Relentless Pressure | Long Ball Pass | Footwork Phenom | Pinged Pass | ST Advanced Forward+ | Whipped Pass+ | Cornerstones | Iron Will,Real Madrid,LALIGA EA SPORTS,true,false,750,750
204883,Brice Samba,81,GK,,78,81,81,83,53,80,1,3,2,Long Ball Pass | Footwork,0,,1,,8,Intro to Training Camp EVOs I | Intro to Training Camp EVOs II | The Debut | Relentless Pressure | Long Ball Pass | Pinged Pass | Whipped Pass+ | Cornerstones,Stade Rennais FC,Ligue 1 McDonald's,false,false,750,750
208268,Bryan Cristante,81,CM,CDM,54,74,79,76,79,82,3,4,3,Long Ball Pass | Jockey | Aerial Fortress,0,,1,,14,Intro to Evolutions | Intro to Training Camp EVOs II | Intro to Rewards EVOs | Rising Guard | Passing Prodigy | One Shot | Complete Connection | Relentless Pressure | Long Ball Pass | Footwork Phenom | Pinged Pass | Whipped Pass+ | Cornerstones | Iron Will,AS Roma,Serie A Enilive,false,false,500,750
262138,Castello Lukeba,81,CB,LB,79,43,70,74,82,76,2,2,2,Jockey | Anticipate,0,,1,,13,Intro to Evolutions | Intro to Training Camp EVOs II | Intro to Rewards EVOs | Rising Guard | Passing Prodigy | One Shot | Relentless Pressure | Long Ball Pass | Footwork Phenom | Pinged Pass | Whipped Pass+ | Cornerstones | Iron Will,RB Leipzig,Bundesliga,false,false,750,750
227074,Cecilia Salvai,81,CB,LB,73,49,70,67,82,80,2,3,3,Long Ball Pass | Block | Anticipate,0,,1,,13,Intro to Evolutions | Intro to Training Camp EVOs II | Intro to Rewards EVOs | Rising Guard | Passing Prodigy | One Shot | Relentless Pressure | Long Ball Pass | Footwork Phenom | Pinged Pass | Whipped Pass+ | Cornerstones | Iron Will,Juventus,Calcio A Femminile,false,false,750,750
251470,Charles De Ketelaere,81,CAM,ST,73,78,81,82,57,67,4,3,5,Precision Header | Incisive Pass | Inventive | Aerial Fortress | Technical,0,,1,,13,Intro to Evolutions | Intro to Rewards EVOs | Club Member Reward | Rising Guard | Cover Athlete | Passing Prodigy | One Shot | Footwork Phenom | Pinged Pass | ST Advanced Forward+ | Whipped Pass+ | Cornerstones | Iron Will,Bergamo Calcio,Serie A Enilive,false,false,500,750
278349,Dean Huijsen,81,CB,,72,55,72,72,82,77,2,5,3,Precision Header | Long Ball Pass | Aerial Fortress,0,,1,,13,Intro to Evolutions | Intro to Training Camp EVOs II | Intro to Rewards EVOs | Rising Guard | Passing Prodigy | One Shot | Relentless Pressure | Long Ball Pass | Footwork Phenom | Pinged Pass | Whipped Pass+ | Cornerstones | Iron Will,Real Madrid,LALIGA EA SPORTS,true,false,750,1000
208333,Emre Can,81,CB,CDM,70,76,71,72,81,82,3,4,3,Pinged Pass | Press Proven | Bruiser,0,,1,,13,Intro to Evolutions | Intro to Training Camp EVOs II | Intro to Rewards EVOs | Rising Guard | Passing Prodigy | One Shot | Relentless Pressure | Long Ball Pass | Footwork Phenom | Pinged Pass | Whipped Pass+ | Cornerstones | Iron Will,Borussia Dortmund,Bundesliga,false,false,750,1000
210047,Fabian Schär,81,CB,,49,68,76,73,83,76,2,3,2,Power Shot | Long Ball Pass,0,,1,,13,Intro to Evolutions | Intro to Training Camp EVOs II | Intro to Rewards EVOs | Rising Guard | Passing Prodigy | One Shot | Relentless Pressure | Long Ball Pass | Footwork Phenom | Pinged Pass | Whipped Pass+ | Cornerstones | Iron Will,Newcastle Utd,Premier League,false,true,750,750
208093,Gerard Moreno,81,ST,RW | CAM | RM,76,82,77,80,48,73,3,4,3,Finesse Shot | Power Shot | Technical,0,,1,,15,Intro to Evolutions | Intro to Training Camp EVOs II | Intro to Rewards EVOs | Club Member Reward | Rising Guard | Passing Prodigy | One Shot | Relentless Pressure | Long Ball Pass | Footwork Phenom | Pinged Pass | ST Advanced Forward+ | Whipped Pass+ | Cornerstones | Iron Will,Villarreal CF,LALIGA EA SPORTS,false,false,750,750
235353,Ismaïla Sarr,81,RW,RM,87,80,76,80,40,69,3,2,3,Low Driven Shot | Rapid | Quick Step,0,,1,,12,Intro to Evolutions | Intro to Training Camp EVOs II | Rising Guard | Passing Prodigy | One Shot | Relentless Pressure | Long Ball Pass | Footwork Phenom | Pinged Pass | Whipped Pass+ | Cornerstones | Iron Will,Crystal Palace,Premier League,false,true,500,750
258908,Jan Paul van Hecke,81,CB,,54,47,75,70,82,80,2,3,2,Long Ball Pass | Aerial Fortress,0,,1,,13,Intro to Evolutions | Intro to Training Camp EVOs II | Intro to Rewards EVOs | Rising Guard | Passing Prodigy | One Shot | Relentless Pressure | Long Ball Pass | Footwork Phenom | Pinged Pass | Whipped Pass+ | Cornerstones | Iron Will,Spurs,Premier League,false,true,500,500
255565,Kaoru Mitoma,81,LM,LW,83,76,76,86,57,63,4,4,2,Finesse Shot | Technical,1,First Touch,1,,13,Intro to Evolutions | Intro to Training Camp EVOs II | Intro to Rewards EVOs | Rising Guard | Passing Prodigy | One Shot | Relentless Pressure | Long Ball Pass | Footwork Phenom | Pinged Pass | Whipped Pass+ | Cornerstones | Iron Will,Brighton,Premier League,false,true,500,750
193747,Koke,81,CM,CDM,50,72,84,77,76,77,3,4,3,Long Ball Pass | Tiki Taka | Relentless,0,,1,,14,Intro to Evolutions | Intro to Training Camp EVOs II | Intro to Rewards EVOs | Rising Guard | Passing Prodigy | One Shot | Complete Connection | Relentless Pressure | Long Ball Pass | Footwork Phenom | Pinged Pass | Whipped Pass+ | Cornerstones | Iron Will,Atlético de Madrid,LALIGA EA SPORTS,false,false,500,750
263013,Lotte Wubben-Moy,81,CB,,56,42,62,65,83,79,2,3,1,Precision Header,0,,1,,13,Intro to Evolutions | Intro to Training Camp EVOs II | Intro to Rewards EVOs | Rising Guard | Passing Prodigy | One Shot | Relentless Pressure | Long Ball Pass | Footwork Phenom | Pinged Pass | Whipped Pass+ | Cornerstones | Iron Will,Arsenal,Barclays WSL,false,false,500,750
220814,Lucas Hernández,81,CB,LB | LM,71,52,72,71,82,75,2,2,2,Slide Tackle | Bruiser,0,,1,,13,Intro to Evolutions | Intro to Training Camp EVOs II | Intro to Rewards EVOs | Rising Guard | Passing Prodigy | One Shot | Relentless Pressure | Long Ball Pass | Footwork Phenom | Pinged Pass | Whipped Pass+ | Cornerstones | Iron Will,Paris SG,Ligue 1 McDonald's,true,false,500,750
204923,Marcel Sabitzer,81,CM,CDM | CAM,74,79,80,80,78,77,3,4,2,Power Shot | Pinged Pass,0,,1,,15,Intro to Evolutions | Intro to Training Camp EVOs II | Intro to Rewards EVOs | Rising Guard | Cover Athlete | Passing Prodigy | One Shot | Complete Connection | Relentless Pressure | Long Ball Pass | Footwork Phenom | Pinged Pass | Whipped Pass+ | Cornerstones | Iron Will,Borussia Dortmund,Bundesliga,false,false,750,750
229668,Mario Hermoso,81,CB,,71,49,72,69,82,80,2,3,0,,0,,1,,13,Intro to Evolutions | Intro to Training Camp EVOs II | Intro to Rewards EVOs | Rising Guard | Passing Prodigy | One Shot | Relentless Pressure | Long Ball Pass | Footwork Phenom | Pinged Pass | Whipped Pass+ | Cornerstones | Iron Will,AS Roma,Serie A Enilive,false,false,500,750
227174,Matty Cash,81,RB,RM,70,67,75,76,78,76,2,3,1,Long Throw,0,,1,,13,Intro to Evolutions | Intro to Training Camp EVOs II | Intro to Rewards EVOs | Rising Guard | Passing Prodigy | One Shot | Relentless Pressure | Long Ball Pass | Footwork Phenom | Pinged Pass | Whipped Pass+ | Cornerstones | Iron Will,Aston Villa,Premier League,false,true,500,500
241464,Pau Torres,81,CB,,66,41,75,69,83,74,2,2,1,Pinged Pass,0,,1,,13,Intro to Evolutions | Intro to Training Camp EVOs II | Intro to Rewards EVOs | Rising Guard | Passing Prodigy | One Shot | Relentless Pressure | Long Ball Pass | Footwork Phenom | Pinged Pass | Whipped Pass+ | Cornerstones | Iron Will,Aston Villa,Premier League,false,true,750,750
246178,Pauline Peyraud-Magnin,81,GK,,80,77,82,80,47,83,1,2,0,,0,,1,,8,Intro to Training Camp EVOs I | Intro to Training Camp EVOs II | The Debut | Relentless Pressure | Long Ball Pass | Pinged Pass | Whipped Pass+ | Cornerstones,Crystal Palace,Barclays WSL,false,false,750,750
272076,Racheal Kundananji,81,LM,ST | LW | CAM,94,80,73,82,59,88,4,5,6,Chip Shot | Inventive | Rapid | First Touch | Quick Step | Enforcer,0,,1,,10,Intro to Evolutions | Club Member Reward | Rising Guard | Passing Prodigy | One Shot | Footwork Phenom | ST Advanced Forward+ | Whipped Pass+ | Cornerstones | Iron Will,Bay FC,NWSL,false,false,2100,1500
242641,Rayan Aït-Nouri,81,LB,LM,84,52,76,84,77,69,5,3,2,First Touch | Trickster,0,,1,,13,Intro to Evolutions | Intro to Training Camp EVOs II | Intro to Rewards EVOs | Rising Guard | Passing Prodigy | One Shot | Relentless Pressure | Long Ball Pass | Footwork Phenom | Pinged Pass | Whipped Pass+ | Cornerstones | Iron Will,Manchester City,Premier League,true,true,500,750
226997,Saki Kumagai,81,CDM,CB | CM,43,62,72,77,82,78,3,4,4,Long Ball Pass | Intercept | Anticipate | Press Proven,0,,1,,12,Intro to Evolutions | Intro to Rewards EVOs | Rising Guard | Passing Prodigy | One Shot | Complete Connection | Relentless Pressure | Footwork Phenom | Pinged Pass | Whipped Pass+ | Cornerstones | Iron Will,West Ham,Barclays WSL,false,false,500,750
242024,Sofia Huerta,81,RB,CB | LB | RM,84,68,75,77,77,81,4,3,4,Incisive Pass | Pinged Pass | Whipped Pass | Relentless,0,,1,,11,Intro to Evolutions | Intro to Rewards EVOs | Rising Guard | Passing Prodigy | One Shot | Relentless Pressure | Footwork Phenom | Pinged Pass | Whipped Pass+ | Cornerstones | Iron Will,Seattle Reign,NWSL,false,false,500,750
257530,Sophia Kleinherne,81,CB,,79,46,73,73,84,74,3,4,3,Whipped Pass | Block | Slide Tackle,0,,1,,13,Intro to Evolutions | Intro to Training Camp EVOs II | Intro to Rewards EVOs | Rising Guard | Passing Prodigy | One Shot | Relentless Pressure | Long Ball Pass | Footwork Phenom | Pinged Pass | Whipped Pass+ | Cornerstones | Iron Will,VfL Wolfsburg,GPFBL,false,false,500,750
262118,Tino Livramento,81,RB,LB | RM | LM,82,51,73,79,78,73,3,4,1,Jockey,0,,1,,13,Intro to Evolutions | Intro to Training Camp EVOs II | Intro to Rewards EVOs | Rising Guard | Passing Prodigy | One Shot | Relentless Pressure | Long Ball Pass | Footwork Phenom | Pinged Pass | Whipped Pass+ | Cornerstones | Iron Will,Newcastle Utd,Premier League,false,true,750,500
272212,Adriana Nanclares,80,GK,,80,77,70,81,45,79,1,2,2,Footwork | Cross Claimer,0,,1,,8,Intro to Training Camp EVOs I | Intro to Training Camp EVOs II | The Debut | Relentless Pressure | Long Ball Pass | Pinged Pass | Whipped Pass+ | Cornerstones,Athletic Club,Liga F Moeve,false,false,750,750
213655,Alex Iwobi,80,LM,CDM | LW | CM,68,77,79,82,63,72,4,3,5,Gamechanger | Incisive Pass | Inventive | Technical | Relentless,0,,1,,11,Intro to Evolutions | Intro to Rewards EVOs | Rising Guard | Passing Prodigy | One Shot | Complete Connection | Footwork Phenom | Pinged Pass | Whipped Pass+ | Cornerstones | Iron Will,Fulham,Premier League,false,true,500,500
242664,Alexis Saelemaekers,80,RB,RM,78,67,76,82,74,62,4,4,1,Quick Step,0,,1,,13,Intro to Evolutions | Intro to Training Camp EVOs II | Intro to Rewards EVOs | Rising Guard | Passing Prodigy | One Shot | Relentless Pressure | Long Ball Pass | Footwork Phenom | Pinged Pass | Whipped Pass+ | Cornerstones | Iron Will,Milano FC,Serie A Enilive,false,false,500,500
250753,Anatoliy Trubin,80,GK,,77,76,77,84,45,83,1,2,1,Footwork,0,,1,,8,Intro to Training Camp EVOs I | Intro to Training Camp EVOs II | The Debut | Relentless Pressure | Long Ball Pass | Pinged Pass | Whipped Pass+ | Cornerstones,SL Benfica,Liga Portugal,false,false,750,750
273018,Andrey Santos,80,CM,CDM,69,70,76,79,80,78,3,3,2,Tiki Taka | Slide Tackle,0,,1,,14,Intro to Evolutions | Intro to Training Camp EVOs II | Intro to Rewards EVOs | Rising Guard | Passing Prodigy | One Shot | Complete Connection | Relentless Pressure | Long Ball Pass | Footwork Phenom | Pinged Pass | Whipped Pass+ | Cornerstones | Iron Will,Man Utd,Premier League,true,true,500,750
272009,Antônia Silva,80,RB,RM,81,50,71,79,79,79,4,3,0,,0,,1,,13,Intro to Evolutions | Intro to Training Camp EVOs II | Intro to Rewards EVOs | Rising Guard | Passing Prodigy | One Shot | Relentless Pressure | Long Ball Pass | Footwork Phenom | Pinged Pass | Whipped Pass+ | Cornerstones | Iron Will,Real Madrid,Liga F Moeve,true,false,750,750
243263,Ashley Hatch,80,ST,CAM,69,79,73,81,47,70,4,4,1,Aerial Fortress,0,,1,,16,Intro to Evolutions | Intro to Training Camp EVOs II | Intro to Rewards EVOs | Club Member Reward | Rising Guard | Cover Athlete | Passing Prodigy | One Shot | Relentless Pressure | Long Ball Pass | Footwork Phenom | Pinged Pass | ST Advanced Forward+ | Whipped Pass+ | Cornerstones | Iron Will,Washington Spirit,NWSL,false,false,500,750
243586,Ayoub El Kaabi,80,ST,,82,81,62,75,46,77,3,2,2,Finesse Shot | Precision Header,1,Acrobatic,1,,15,Intro to Evolutions | Intro to Training Camp EVOs II | Intro to Rewards EVOs | Club Member Reward | Rising Guard | Passing Prodigy | One Shot | Relentless Pressure | Long Ball Pass | Footwork Phenom | Pinged Pass | ST Advanced Forward+ | Whipped Pass+ | Cornerstones | Iron Will,Olympiacos FC,Hellas Liga,false,false,500,500
73562,Bento,80,GK,,80,71,78,83,39,81,1,2,2,Footwork | Deflector,0,,1,,8,Intro to Training Camp EVOs I | Intro to Training Camp EVOs II | The Debut | Relentless Pressure | Long Ball Pass | Pinged Pass | Whipped Pass+ | Cornerstones,Al Nassr,ROSHN Saudi League,false,false,750,750
224179,Borja Iglesias,80,ST,,62,83,71,74,40,77,3,3,2,Low Driven Shot | Enforcer,0,,1,,15,Intro to Evolutions | Intro to Training Camp EVOs II | Intro to Rewards EVOs | Club Member Reward | Rising Guard | Passing Prodigy | One Shot | Relentless Pressure | Long Ball Pass | Footwork Phenom | Pinged Pass | ST Advanced Forward+ | Whipped Pass+ | Cornerstones | Iron Will,Celta,LALIGA EA SPORTS,false,false,500,750
258648,Carlos Augusto,80,LB,CB | LM,77,72,77,79,79,74,3,2,1,Aerial Fortress,0,,1,,13,Intro to Evolutions | Intro to Training Camp EVOs II | Intro to Rewards EVOs | Rising Guard | Passing Prodigy | One Shot | Relentless Pressure | Long Ball Pass | Footwork Phenom | Pinged Pass | Whipped Pass+ | Cornerstones | Iron Will,Lombardia FC,Serie A Enilive,false,false,500,750
242434,Curtis Jones,80,CM,CDM | CAM,71,74,79,81,73,72,4,4,1,Press Proven,0,,1,,15,Intro to Evolutions | Intro to Training Camp EVOs II | Intro to Rewards EVOs | Rising Guard | Cover Athlete | Passing Prodigy | One Shot | Complete Connection | Relentless Pressure | Long Ball Pass | Footwork Phenom | Pinged Pass | Whipped Pass+ | Cornerstones | Iron Will,Lombardia FC,Serie A Enilive,false,false,500,750
253469,Élisa de Almeida,80,CB,RB | CM,74,34,64,61,81,82,2,2,4,Pinged Pass | Jockey | Aerial Fortress | Bruiser,0,,1,,12,Intro to Evolutions | Intro to Rewards EVOs | Rising Guard | Passing Prodigy | One Shot | Complete Connection | Relentless Pressure | Footwork Phenom | Pinged Pass | Whipped Pass+ | Cornerstones | Iron Will,Arsenal,Barclays WSL,false,false,500,750
238900,Ermedin Demirović,80,ST,,67,82,73,78,42,78,3,3,1,Enforcer,0,,1,,15,Intro to Evolutions | Intro to Training Camp EVOs II | Intro to Rewards EVOs | Club Member Reward | Rising Guard | Passing Prodigy | One Shot | Relentless Pressure | Long Ball Pass | Footwork Phenom | Pinged Pass | ST Advanced Forward+ | Whipped Pass+ | Cornerstones | Iron Will,VfB Stuttgart,Bundesliga,false,false,500,750
261514,Évelyne Viens,80,ST,,81,79,62,80,28,63,3,4,1,Finesse Shot,0,,1,,15,Intro to Evolutions | Intro to Training Camp EVOs II | Intro to Rewards EVOs | Club Member Reward | Rising Guard | Passing Prodigy | One Shot | Relentless Pressure | Long Ball Pass | Footwork Phenom | Pinged Pass | ST Advanced Forward+ | Whipped Pass+ | Cornerstones | Iron Will,Paris FC,Arkema PL,false,false,500,500
226226,Giovani Lo Celso,80,CAM,CM | CDM,74,77,82,81,67,68,4,3,4,Finesse Shot | Dead Ball | Incisive Pass | Technical,0,,1,,13,Intro to Evolutions | Intro to Rewards EVOs | Rising Guard | Cover Athlete | Passing Prodigy | One Shot | Complete Connection | Relentless Pressure | Footwork Phenom | Pinged Pass | Whipped Pass+ | Cornerstones | Iron Will,Real Betis,LALIGA EA SPORTS,false,false,500,750
234742,Harvey Barnes,80,LW,RW | LM | RM,82,81,75,81,43,66,3,4,1,Finesse Shot,0,,1,,13,Intro to Evolutions | Intro to Training Camp EVOs II | Intro to Rewards EVOs | Rising Guard | Passing Prodigy | One Shot | Relentless Pressure | Long Ball Pass | Footwork Phenom | Pinged Pass | Whipped Pass+ | Cornerstones | Iron Will,Newcastle Utd,Premier League,false,true,750,500
216201,Iñaki Williams,80,RW,ST | RM,92,79,74,77,47,83,4,3,4,Finesse Shot | Power Shot | Rapid | Quick Step,0,,1,,12,Intro to Evolutions | Club Member Reward | Rising Guard | Passing Prodigy | One Shot | Relentless Pressure | Footwork Phenom | Pinged Pass | ST Advanced Forward+ | Whipped Pass+ | Cornerstones | Iron Will,Athletic Club,LALIGA EA SPORTS,false,false,2800,10000
271040,Jaedyn Shaw,80,LM,LW | CAM | ST,82,72,77,78,44,65,3,3,4,Acrobatic | Incisive Pass | Pinged Pass | First Touch,0,,1,,13,Intro to Evolutions | Intro to Rewards EVOs | Club Member Reward | Rising Guard | Passing Prodigy | One Shot | Relentless Pressure | Footwork Phenom | Pinged Pass | ST Advanced Forward+ | Whipped Pass+ | Cornerstones | Iron Will,Gotham FC,NWSL,false,false,500,1000
202695,James Tarkowski,80,CB,,41,47,64,59,81,84,2,4,4,Long Ball Pass | Intercept | Aerial Fortress | Bruiser,1,Block,1,,11,Intro to Evolutions | Intro to Rewards EVOs | Rising Guard | Passing Prodigy | One Shot | Relentless Pressure | Footwork Phenom | Pinged Pass | Whipped Pass+ | Cornerstones | Iron Will,Everton,Premier League,false,true,500,750
235149,Jerdy Schouten,80,CB,CDM | CM,57,59,74,78,81,74,4,3,4,Pinged Pass | Intercept | Anticipate | Press Proven,0,,1,,12,Intro to Evolutions | Intro to Rewards EVOs | Rising Guard | Passing Prodigy | One Shot | Complete Connection | Relentless Pressure | Footwork Phenom | Pinged Pass | Whipped Pass+ | Cornerstones | Iron Will,PSV,Eredivisie,false,false,500,750
264994,Katharina Naschenweng,80,LB,RB | LM | RM,77,56,77,76,80,72,3,3,2,Jockey | Block,0,,1,,13,Intro to Evolutions | Intro to Training Camp EVOs II | Intro to Rewards EVOs | Rising Guard | Passing Prodigy | One Shot | Relentless Pressure | Long Ball Pass | Footwork Phenom | Pinged Pass | Whipped Pass+ | Cornerstones | Iron Will,FC Bayern München,GPFBL,true,false,500,500
226987,Kosovare Asllani,80,CAM,CM | CDM,73,79,81,79,46,54,4,4,2,Inventive | Technical,0,,1,,15,Intro to Evolutions | Intro to Training Camp EVOs II | Intro to Rewards EVOs | Rising Guard | Cover Athlete | Passing Prodigy | One Shot | Complete Connection | Relentless Pressure | Long Ball Pass | Footwork Phenom | Pinged Pass | Whipped Pass+ | Cornerstones | Iron Will,London City,Barclays WSL,false,false,500,750
262859,Levi Colwill,80,CB,,68,43,71,71,81,78,2,3,2,Pinged Pass | Block,0,,1,,13,Intro to Evolutions | Intro to Training Camp EVOs II | Intro to Rewards EVOs | Rising Guard | Passing Prodigy | One Shot | Relentless Pressure | Long Ball Pass | Footwork Phenom | Pinged Pass | Whipped Pass+ | Cornerstones | Iron Will,Chelsea,Premier League,false,true,750,750
236640,Lynn Biyendolo,80,ST,CAM,92,78,75,78,53,75,4,3,1,Aerial Fortress,0,,1,,14,Intro to Evolutions | Intro to Training Camp EVOs II | Club Member Reward | Rising Guard | Passing Prodigy | One Shot | Relentless Pressure | Long Ball Pass | Footwork Phenom | Pinged Pass | ST Advanced Forward+ | Whipped Pass+ | Cornerstones | Iron Will,Seattle Reign,NWSL,false,false,750,750
272208,Manuela Vanegas,80,CB,,78,61,73,71,80,80,2,2,5,Dead Ball | Jockey | Slide Tackle | Aerial Fortress | Bruiser,0,,1,,10,Intro to Evolutions | Intro to Rewards EVOs | Rising Guard | Passing Prodigy | One Shot | Footwork Phenom | Pinged Pass | Whipped Pass+ | Cornerstones | Iron Will,Brighton,Barclays WSL,false,false,500,750
264899,Maria-Luisa Grohs,80,GK,,78,79,74,78,54,79,1,3,2,Cross Claimer | Far Reach,0,,1,,8,Intro to Training Camp EVOs I | Intro to Training Camp EVOs II | The Debut | Relentless Pressure | Long Ball Pass | Pinged Pass | Whipped Pass+ | Cornerstones,OL Lyonnes,Arkema PL,false,false,500,750
216409,Matteo Politano,80,RW,RM,79,77,78,84,56,52,4,4,3,Whipped Pass | Inventive | Technical,0,,1,,13,Intro to Evolutions | Intro to Training Camp EVOs II | Intro to Rewards EVOs | Rising Guard | Passing Prodigy | One Shot | Relentless Pressure | Long Ball Pass | Footwork Phenom | Pinged Pass | Whipped Pass+ | Cornerstones | Iron Will,SSC Napoli,Serie A Enilive,false,false,500,750
232665,Mauro Arambarri,80,CM,CDM,68,79,76,78,80,81,3,3,1,Precision Header,0,,1,,14,Intro to Evolutions | Intro to Training Camp EVOs II | Intro to Rewards EVOs | Rising Guard | Passing Prodigy | One Shot | Complete Connection | Relentless Pressure | Long Ball Pass | Footwork Phenom | Pinged Pass | Whipped Pass+ | Cornerstones | Iron Will,River Plate,LPF,false,false,500,750
261865,Miguel Gutiérrez,80,LB,LM,79,71,79,78,76,67,2,3,0,,0,,1,,13,Intro to Evolutions | Intro to Training Camp EVOs II | Intro to Rewards EVOs | Rising Guard | Passing Prodigy | One Shot | Relentless Pressure | Long Ball Pass | Footwork Phenom | Pinged Pass | Whipped Pass+ | Cornerstones | Iron Will,Leverkusen,Bundesliga,false,false,500,750
235659,Nikita Parris,80,LM,ST | LW,86,80,76,81,47,67,4,4,2,Rapid | First Touch,0,,1,,14,Intro to Evolutions | Intro to Training Camp EVOs II | Club Member Reward | Rising Guard | Passing Prodigy | One Shot | Relentless Pressure | Long Ball Pass | Footwork Phenom | Pinged Pass | ST Advanced Forward+ | Whipped Pass+ | Cornerstones | Iron Will,London City,Barclays WSL,false,false,750,2500
236401,Noussair Mazraoui,80,RB,CB,74,64,76,78,78,71,3,3,3,Jockey | Block | Anticipate,0,,1,,13,Intro to Evolutions | Intro to Training Camp EVOs II | Intro to Rewards EVOs | Rising Guard | Passing Prodigy | One Shot | Relentless Pressure | Long Ball Pass | Footwork Phenom | Pinged Pass | Whipped Pass+ | Cornerstones | Iron Will,Man Utd,Premier League,true,true,500,500
210411,Otávio,80,CM,CAM | CDM,76,69,81,84,69,74,4,3,5,Incisive Pass | Pinged Pass | Tiki Taka | Technical | First Touch,0,,1,,12,Intro to Evolutions | Intro to Rewards EVOs | Rising Guard | Cover Athlete | Passing Prodigy | One Shot | Complete Connection | Footwork Phenom | Pinged Pass | Whipped Pass+ | Cornerstones | Iron Will,Al Qadsiah,ROSHN Saudi League,false,false,750,10000
216547,Rafa,80,CAM,RW | RM,86,75,77,84,48,57,4,2,5,Acrobatic | Inventive | Rapid | First Touch | Quick Step,0,,1,,10,Intro to Evolutions | Rising Guard | Cover Athlete | Passing Prodigy | One Shot | Footwork Phenom | Pinged Pass | Whipped Pass+ | Cornerstones | Iron Will,SL Benfica,Liga Portugal,false,false,500,750
232639,Ritsu Doan,80,RM,CAM | RB | CM,76,71,77,84,44,64,4,3,4,Precision Header | Inventive | Technical | First Touch,0,,1,,12,Intro to Evolutions | Intro to Rewards EVOs | Rising Guard | Passing Prodigy | One Shot | Complete Connection | Relentless Pressure | Footwork Phenom | Pinged Pass | Whipped Pass+ | Cornerstones | Iron Will,Frankfurt,Bundesliga,false,false,500,750
210602,Salem Al Dawsari,80,LM,LW,86,72,75,83,55,80,4,5,5,Finesse Shot | Acrobatic | Whipped Pass | Inventive | First Touch,0,,1,,9,Intro to Evolutions | Rising Guard | Passing Prodigy | One Shot | Footwork Phenom | Pinged Pass | Whipped Pass+ | Cornerstones | Iron Will,Al Hilal,ROSHN Saudi League,false,false,500,750
265054,Stina Johannes,80,GK,,78,80,77,78,52,79,1,3,2,Footwork | Deflector,1,Far Throw,1,,8,Intro to Training Camp EVOs I | Intro to Training Camp EVOs II | The Debut | Relentless Pressure | Long Ball Pass | Pinged Pass | Whipped Pass+ | Cornerstones,VfL Wolfsburg,GPFBL,false,false,500,500
237681,Takefusa Kubo,80,RM,RW,85,75,76,83,43,65,4,4,5,Finesse Shot | Gamechanger | Inventive | Technical | First Touch,0,,1,,9,Intro to Evolutions | Rising Guard | Passing Prodigy | One Shot | Footwork Phenom | Pinged Pass | Whipped Pass+ | Cornerstones | Iron Will,Real Sociedad,LALIGA EA SPORTS,false,false,500,750
224836,Vanja Milinković-Savić,80,GK,,79,80,80,80,43,81,1,3,2,Long Ball Pass | Footwork,0,,1,,8,Intro to Training Camp EVOs I | Intro to Training Camp EVOs II | The Debut | Relentless Pressure | Long Ball Pass | Pinged Pass | Whipped Pass+ | Cornerstones,SSC Napoli,Serie A Enilive,false,false,750,750
213661,Andreas Christensen,79,CB,CM | CDM,72,32,67,69,81,71,2,3,1,Aerial Fortress,0,,1,,14,Intro to Evolutions | Intro to Training Camp EVOs II | Intro to Rewards EVOs | Rising Guard | Passing Prodigy | One Shot | Complete Connection | Relentless Pressure | Long Ball Pass | Footwork Phenom | Pinged Pass | Whipped Pass+ | Cornerstones | Iron Will,FC Barcelona,LALIGA EA SPORTS,true,false,500,750
257470,Anthony Elanga,79,RW,RM,94,70,74,80,39,65,3,5,3,Rapid | Quick Step | Enforcer,0,,1,,12,Intro to Evolutions | Intro to Training Camp EVOs II | Rising Guard | Passing Prodigy | One Shot | Relentless Pressure | Long Ball Pass | Footwork Phenom | Pinged Pass | Whipped Pass+ | Cornerstones | Iron Will,Newcastle Utd,Premier League,false,true,500,3000
192563,Bernd Leno,79,GK,,78,79,75,79,47,80,1,3,2,Footwork | 1v1 Close Down,0,,1,,8,Intro to Training Camp EVOs I | Intro to Training Camp EVOs II | The Debut | Relentless Pressure | Long Ball Pass | Pinged Pass | Whipped Pass+ | Cornerstones,Fulham,Premier League,false,true,750,1000
210930,Carles Gil,79,CAM,ST | CM,70,71,79,80,38,62,4,4,6,Finesse Shot | Incisive Pass | Pinged Pass | Long Ball Pass | Inventive | Press Proven,0,,1,,11,Intro to Evolutions | Intro to Rewards EVOs | Club Member Reward | Rising Guard | Passing Prodigy | One Shot | Footwork Phenom | ST Advanced Forward+ | Whipped Pass+ | Cornerstones | Iron Will,New England,MLS,false,false,500,500
225951,Denis Bouanga,79,LW,ST | LM | CAM,85,81,71,81,38,79,4,4,6,Finesse Shot | Power Shot | Low Driven Shot | Gamechanger | Technical | Quick Step,0,,1,,10,Intro to Evolutions | Club Member Reward | Rising Guard | Passing Prodigy | One Shot | Footwork Phenom | ST Advanced Forward+ | Whipped Pass+ | Cornerstones | Iron Will,LAFC,MLS,false,false,500,500
212602,Diego Llorente,79,CB,,59,41,63,68,81,76,2,3,2,Intercept | Aerial Fortress,0,,1,,13,Intro to Evolutions | Intro to Training Camp EVOs II | Intro to Rewards EVOs | Rising Guard | Passing Prodigy | One Shot | Relentless Pressure | Long Ball Pass | Footwork Phenom | Pinged Pass | Whipped Pass+ | Cornerstones | Iron Will,Real Betis,LALIGA EA SPORTS,false,false,500,750
225539,Dominic Solanke,79,ST,,70,79,66,76,42,75,3,2,1,Acrobatic,0,,1,,15,Intro to Evolutions | Intro to Training Camp EVOs II | Intro to Rewards EVOs | Club Member Reward | Rising Guard | Passing Prodigy | One Shot | Relentless Pressure | Long Ball Pass | Footwork Phenom | Pinged Pass | ST Advanced Forward+ | Whipped Pass+ | Cornerstones | Iron Will,Spurs,Premier League,false,true,500,1000
269626,Đorđe Petrović,79,GK,,80,78,73,81,49,77,1,2,1,Cross Claimer,0,,1,,8,Intro to Training Camp EVOs I | Intro to Training Camp EVOs II | The Debut | Relentless Pressure | Long Ball Pass | Pinged Pass | Whipped Pass+ | Cornerstones,AFC Bournemouth,Premier League,false,true,750,750
256612,Evanilson,79,ST,,75,78,69,77,37,75,3,4,0,,0,,1,,15,Intro to Evolutions | Intro to Training Camp EVOs II | Intro to Rewards EVOs | Club Member Reward | Rising Guard | Passing Prodigy | One Shot | Relentless Pressure | Long Ball Pass | Footwork Phenom | Pinged Pass | ST Advanced Forward+ | Whipped Pass+ | Cornerstones | Iron Will,AFC Bournemouth,Premier League,false,true,500,500
266872,Federico Gatti,79,CB,,77,42,56,67,80,82,2,3,0,,0,,1,,13,Intro to Evolutions | Intro to Training Camp EVOs II | Intro to Rewards EVOs | Rising Guard | Passing Prodigy | One Shot | Relentless Pressure | Long Ball Pass | Footwork Phenom | Pinged Pass | Whipped Pass+ | Cornerstones | Iron Will,Juventus,Serie A Enilive,false,false,500,750
265577,Fisnik Asllani,79,ST,CAM,65,80,65,78,29,76,3,4,3,Finesse Shot | Low Driven Shot | First Touch,0,,1,,16,Intro to Evolutions | Intro to Training Camp EVOs II | Intro to Rewards EVOs | Club Member Reward | Rising Guard | Cover Athlete | Passing Prodigy | One Shot | Relentless Pressure | Long Ball Pass | Footwork Phenom | Pinged Pass | ST Advanced Forward+ | Whipped Pass+ | Cornerstones | Iron Will,TSG Hoffenheim,Bundesliga,false,false,500,1000
230666,Gabriel Jesus,79,ST,CAM,78,79,74,84,39,68,4,3,2,Technical | First Touch,0,,1,,16,Intro to Evolutions | Intro to Training Camp EVOs II | Intro to Rewards EVOs | Club Member Reward | Rising Guard | Cover Athlete | Passing Prodigy | One Shot | Relentless Pressure | Long Ball Pass | Footwork Phenom | Pinged Pass | ST Advanced Forward+ | Whipped Pass+ | Cornerstones | Iron Will,FC Barcelona,LALIGA EA SPORTS,true,false,500,1000
247797,Hannah Blundell,79,RB,LB | RM | LM,68,54,70,72,80,68,2,4,2,Anticipate | Bruiser,0,,1,,13,Intro to Evolutions | Intro to Training Camp EVOs II | Intro to Rewards EVOs | Rising Guard | Passing Prodigy | One Shot | Relentless Pressure | Long Ball Pass | Footwork Phenom | Pinged Pass | Whipped Pass+ | Cornerstones | Iron Will,Everton,Barclays WSL,false,false,500,500
226375,Kathrin Hendrich,79,CB,,73,44,70,73,81,72,2,3,5,Pinged Pass | Jockey | Block | Anticipate | Slide Tackle,0,,1,,10,Intro to Evolutions | Intro to Rewards EVOs | Rising Guard | Passing Prodigy | One Shot | Footwork Phenom | Pinged Pass | Whipped Pass+ | Cornerstones | Iron Will,1. FC Köln,GPFBL,false,false,500,750
258580,Kerem Aktürkoğlu,79,LM,ST | LW | CAM,86,76,75,79,42,58,4,3,6,Finesse Shot | Low Driven Shot | Gamechanger | Rapid | Quick Step | Relentless,0,,1,,10,Intro to Evolutions | Club Member Reward | Rising Guard | Passing Prodigy | One Shot | Footwork Phenom | ST Advanced Forward+ | Whipped Pass+ | Cornerstones | Iron Will,Fenerbahçe,Trendyol Süper Lig,false,false,500,500
252552,Konstantinos Tzolakis,79,GK,,78,76,76,83,54,78,1,3,2,Footwork | 1v1 Close Down,0,,1,,8,Intro to Training Camp EVOs I | Intro to Training Camp EVOs II | The Debut | Relentless Pressure | Long Ball Pass | Pinged Pass | Whipped Pass+ | Cornerstones,Hull City,Premier League,false,true,750,500
205988,Luke Shaw,79,LB,CDM,66,58,78,75,79,80,3,2,1,Jockey,0,,1,,13,Intro to Evolutions | Intro to Training Camp EVOs II | Intro to Rewards EVOs | Rising Guard | Passing Prodigy | One Shot | Relentless Pressure | Long Ball Pass | Footwork Phenom | Pinged Pass | Whipped Pass+ | Cornerstones | Iron Will,Man Utd,Premier League,true,true,500,500
235454,Malang Sarr,79,CB,,61,46,68,65,81,76,2,3,3,Long Ball Pass | Jockey | Intercept,0,,1,,13,Intro to Evolutions | Intro to Training Camp EVOs II | Intro to Rewards EVOs | Rising Guard | Passing Prodigy | One Shot | Relentless Pressure | Long Ball Pass | Footwork Phenom | Pinged Pass | Whipped Pass+ | Cornerstones | Iron Will,Neom,ROSHN Saudi League,false,false,500,500
223273,Mario Pašalić,79,CM,CAM | CDM,63,76,78,77,66,75,4,4,0,,0,,1,,15,Intro to Evolutions | Intro to Training Camp EVOs II | Intro to Rewards EVOs | Rising Guard | Cover Athlete | Passing Prodigy | One Shot | Complete Connection | Relentless Pressure | Long Ball Pass | Footwork Phenom | Pinged Pass | Whipped Pass+ | Cornerstones | Iron Will,Bergamo Calcio,Serie A Enilive,false,false,500,500
199005,Mathew Ryan,79,GK,,78,78,79,80,52,78,1,4,1,Far Throw,0,,1,,8,Intro to Training Camp EVOs I | Intro to Training Camp EVOs II | The Debut | Relentless Pressure | Long Ball Pass | Pinged Pass | Whipped Pass+ | Cornerstones,Levante UD,LALIGA EA SPORTS,false,false,750,
239380,Noa Lang,79,LM,LW,80,77,73,84,50,68,5,3,5,Gamechanger | Incisive Pass | Technical | First Touch | Quick Step,0,,1,,10,Intro to Evolutions | Intro to Rewards EVOs | Rising Guard | Passing Prodigy | One Shot | Footwork Phenom | Pinged Pass | Whipped Pass+ | Cornerstones | Iron Will,SSC Napoli,Serie A Enilive,false,false,500,750
246875,Odilon Kossounou,79,CB,,77,35,62,65,80,79,2,3,0,,0,,1,,13,Intro to Evolutions | Intro to Training Camp EVOs II | Intro to Rewards EVOs | Rising Guard | Passing Prodigy | One Shot | Relentless Pressure | Long Ball Pass | Footwork Phenom | Pinged Pass | Whipped Pass+ | Cornerstones | Iron Will,Bergamo Calcio,Serie A Enilive,false,false,500,750
259868,Pape Matar Sarr,79,CM,CDM,66,66,77,79,78,74,2,3,0,,0,,1,,14,Intro to Evolutions | Intro to Training Camp EVOs II | Intro to Rewards EVOs | Rising Guard | Passing Prodigy | One Shot | Complete Connection | Relentless Pressure | Long Ball Pass | Footwork Phenom | Pinged Pass | Whipped Pass+ | Cornerstones | Iron Will,Juventus,Serie A Enilive,false,false,500,500
236532,Robin Koch,79,CB,,63,44,62,65,80,82,2,4,3,Long Ball Pass | Intercept | Aerial Fortress,0,,1,,13,Intro to Evolutions | Intro to Training Camp EVOs II | Intro to Rewards EVOs | Rising Guard | Passing Prodigy | One Shot | Relentless Pressure | Long Ball Pass | Footwork Phenom | Pinged Pass | Whipped Pass+ | Cornerstones | Iron Will,Frankfurt,Bundesliga,false,false,500,750
227535,Rodrigo Bentancur,79,CDM,CM,59,68,77,76,78,72,3,4,1,Intercept,0,,1,,14,Intro to Evolutions | Intro to Training Camp EVOs II | Intro to Rewards EVOs | Rising Guard | Passing Prodigy | One Shot | Complete Connection | Relentless Pressure | Long Ball Pass | Footwork Phenom | Pinged Pass | Whipped Pass+ | Cornerstones | Iron Will,Spurs,Premier League,false,true,500,500
205157,Ruiz de Galarreta,79,CDM,CM,50,65,79,80,75,70,3,3,2,Pinged Pass | Press Proven,0,,1,,14,Intro to Evolutions | Intro to Training Camp EVOs II | Intro to Rewards EVOs | Rising Guard | Passing Prodigy | One Shot | Complete Connection | Relentless Pressure | Long Ball Pass | Footwork Phenom | Pinged Pass | Whipped Pass+ | Cornerstones | Iron Will,Athletic Club,LALIGA EA SPORTS,false,false,500,750
247791,Sydney Lohmann,79,RM,CDM | RW | CM,72,76,79,79,70,80,3,3,3,Block | Aerial Fortress | Rapid,0,,1,,14,Intro to Evolutions | Intro to Training Camp EVOs II | Intro to Rewards EVOs | Rising Guard | Passing Prodigy | One Shot | Complete Connection | Relentless Pressure | Long Ball Pass | Footwork Phenom | Pinged Pass | Whipped Pass+ | Cornerstones | Iron Will,Manchester City,Barclays WSL,true,false,500,750
236641,Abby Dahlkemper,78,CB,,39,50,63,62,81,68,2,3,0,,0,,1,,13,Intro to Evolutions | Intro to Training Camp EVOs II | Intro to Rewards EVOs | Rising Guard | Passing Prodigy | One Shot | Relentless Pressure | Long Ball Pass | Footwork Phenom | Pinged Pass | Whipped Pass+ | Cornerstones | Iron Will,Bay FC,NWSL,false,false,500,500
269493,Alexsandro,78,CB,,62,40,63,58,78,81,2,5,4,Block | Intercept | Anticipate | Aerial Fortress,0,,1,,11,Intro to Evolutions | Intro to Rewards EVOs | Rising Guard | Passing Prodigy | One Shot | Relentless Pressure | Footwork Phenom | Pinged Pass | Whipped Pass+ | Cornerstones | Iron Will,LOSC Lille,Ligue 1 McDonald's,false,false,500,750
227357,Annaïg Butel,78,CB,,60,42,64,61,81,77,2,3,2,Block | Intercept,0,,1,,13,Intro to Evolutions | Intro to Training Camp EVOs II | Intro to Rewards EVOs | Rising Guard | Passing Prodigy | One Shot | Relentless Pressure | Long Ball Pass | Footwork Phenom | Pinged Pass | Whipped Pass+ | Cornerstones | Iron Will,FC Fleury 91,Arkema PL,false,false,500,750
257278,Arthur Theate,78,CB,LB,67,40,70,70,78,80,2,3,1,Long Ball Pass,0,,1,,13,Intro to Evolutions | Intro to Training Camp EVOs II | Intro to Rewards EVOs | Rising Guard | Passing Prodigy | One Shot | Relentless Pressure | Long Ball Pass | Footwork Phenom | Pinged Pass | Whipped Pass+ | Cornerstones | Iron Will,Bologna,Serie A Enilive,false,false,500,750
246242,Boulaye Dia,78,ST,CAM,83,79,66,78,43,66,3,4,1,Low Driven Shot,0,,1,,16,Intro to Evolutions | Intro to Training Camp EVOs II | Intro to Rewards EVOs | Club Member Reward | Rising Guard | Cover Athlete | Passing Prodigy | One Shot | Relentless Pressure | Long Ball Pass | Footwork Phenom | Pinged Pass | ST Advanced Forward+ | Whipped Pass+ | Cornerstones | Iron Will,Stade Rennais FC,Ligue 1 McDonald's,false,false,500,750
236499,Douglas Luiz,78,CDM,CM,62,75,81,79,75,68,3,2,1,Press Proven,0,,1,,14,Intro to Evolutions | Intro to Training Camp EVOs II | Intro to Rewards EVOs | Rising Guard | Passing Prodigy | One Shot | Complete Connection | Relentless Pressure | Long Ball Pass | Footwork Phenom | Pinged Pass | Whipped Pass+ | Cornerstones | Iron Will,Juventus,Serie A Enilive,false,false,500,500
201269,Frederik Rønnow,78,GK,,78,78,69,79,47,77,1,2,2,Cross Claimer | Deflector,0,,1,,8,Intro to Training Camp EVOs I | Intro to Training Camp EVOs II | The Debut | Relentless Pressure | Long Ball Pass | Pinged Pass | Whipped Pass+ | Cornerstones,Union Berlin,Bundesliga,false,false,500,750
259913,Georgiy Sudakov,78,CAM,LM | LW,80,76,77,80,60,72,3,4,3,Incisive Pass | First Touch | Quick Step,0,,1,,14,Intro to Evolutions | Intro to Training Camp EVOs II | Intro to Rewards EVOs | Rising Guard | Cover Athlete | Passing Prodigy | One Shot | Relentless Pressure | Long Ball Pass | Footwork Phenom | Pinged Pass | Whipped Pass+ | Cornerstones | Iron Will,SL Benfica,Liga Portugal,false,false,500,750
185422,Joshua King,78,ST,LM | LW,78,79,70,77,38,76,3,3,2,Finesse Shot | Rapid,0,,1,,15,Intro to Evolutions | Intro to Training Camp EVOs II | Intro to Rewards EVOs | Club Member Reward | Rising Guard | Passing Prodigy | One Shot | Relentless Pressure | Long Ball Pass | Footwork Phenom | Pinged Pass | ST Advanced Forward+ | Whipped Pass+ | Cornerstones | Iron Will,Al Khaleej,ROSHN Saudi League,false,false,500,1500
247477,Julia Zigiotti,78,CDM,CM,67,63,75,76,73,67,3,3,0,,0,,1,,14,Intro to Evolutions | Intro to Training Camp EVOs II | Intro to Rewards EVOs | Rising Guard | Passing Prodigy | One Shot | Complete Connection | Relentless Pressure | Long Ball Pass | Footwork Phenom | Pinged Pass | Whipped Pass+ | Cornerstones | Iron Will,Manchester Utd,Barclays WSL,false,false,500,500
247811,Jun Endo,78,LM,RM | LW | RW,79,73,74,78,48,67,4,3,1,Press Proven,0,,1,,13,Intro to Evolutions | Intro to Training Camp EVOs II | Intro to Rewards EVOs | Rising Guard | Passing Prodigy | One Shot | Relentless Pressure | Long Ball Pass | Footwork Phenom | Pinged Pass | Whipped Pass+ | Cornerstones | Iron Will,Angel City FC,NWSL,false,false,500,500
264924,Lilla Turányi,78,CB,,71,55,64,62,77,86,2,3,2,Anticipate | Aerial Fortress,0,,1,,13,Intro to Evolutions | Intro to Training Camp EVOs II | Intro to Rewards EVOs | Rising Guard | Passing Prodigy | One Shot | Relentless Pressure | Long Ball Pass | Footwork Phenom | Pinged Pass | Whipped Pass+ | Cornerstones | Iron Will,Leverkusen,GPFBL,false,false,500,750
248715,Marina Hegering,78,CB,,51,57,63,68,81,75,3,3,1,Aerial Fortress,0,,1,,13,Intro to Evolutions | Intro to Training Camp EVOs II | Intro to Rewards EVOs | Rising Guard | Passing Prodigy | One Shot | Relentless Pressure | Long Ball Pass | Footwork Phenom | Pinged Pass | Whipped Pass+ | Cornerstones | Iron Will,1. FC Köln,GPFBL,false,false,500,500
264866,Océane Deslandes,78,CB,LB,66,55,73,72,79,77,3,3,5,Dead Ball | Incisive Pass | Pinged Pass | Long Ball Pass | Anticipate,0,,1,,10,Intro to Evolutions | Intro to Rewards EVOs | Rising Guard | Passing Prodigy | One Shot | Footwork Phenom | Pinged Pass | Whipped Pass+ | Cornerstones | Iron Will,Aston Villa,Barclays WSL,false,false,500,750
245152,Santiago Giménez,78,ST,,76,79,70,76,45,68,3,4,0,,0,,1,,15,Intro to Evolutions | Intro to Training Camp EVOs II | Intro to Rewards EVOs | Club Member Reward | Rising Guard | Passing Prodigy | One Shot | Relentless Pressure | Long Ball Pass | Footwork Phenom | Pinged Pass | ST Advanced Forward+ | Whipped Pass+ | Cornerstones | Iron Will,FC Porto,Liga Portugal,false,false,500,500
200159,Stefan Ortega,78,GK,,78,76,85,79,51,76,1,4,2,Footwork | Far Reach,0,,1,,8,Intro to Training Camp EVOs I | Intro to Training Camp EVOs II | The Debut | Relentless Pressure | Long Ball Pass | Pinged Pass | Whipped Pass+ | Cornerstones,Olympiacos FC,Hellas Liga,false,false,750,1000
225953,Steven Bergwijn,78,CAM,LM | LW | CM,81,76,75,82,41,71,4,1,4,Power Shot | Low Driven Shot | Gamechanger | Technical,0,,1,,12,Intro to Evolutions | Intro to Rewards EVOs | Rising Guard | Passing Prodigy | One Shot | Complete Connection | Relentless Pressure | Footwork Phenom | Pinged Pass | Whipped Pass+ | Cornerstones | Iron Will,Al Ittihad,ROSHN Saudi League,false,false,500,750
226316,Sydney Leroux,78,ST,,74,75,78,78,44,76,4,4,2,Aerial Fortress | Enforcer,0,,1,,15,Intro to Evolutions | Intro to Training Camp EVOs II | Intro to Rewards EVOs | Club Member Reward | Rising Guard | Passing Prodigy | One Shot | Relentless Pressure | Long Ball Pass | Footwork Phenom | Pinged Pass | ST Advanced Forward+ | Whipped Pass+ | Cornerstones | Iron Will,Angel City FC,NWSL,false,false,500,500
209989,Thomas Partey,78,CDM,CM,59,71,76,74,77,78,3,3,2,Pinged Pass | Press Proven,0,,1,,14,Intro to Evolutions | Intro to Training Camp EVOs II | Intro to Rewards EVOs | Rising Guard | Passing Prodigy | One Shot | Complete Connection | Relentless Pressure | Long Ball Pass | Footwork Phenom | Pinged Pass | Whipped Pass+ | Cornerstones | Iron Will,Al Shabab,ROSHN Saudi League,false,false,500,750
232487,Wataru Endo,78,CDM,CM,56,68,71,74,78,71,3,4,0,,0,,1,,14,Intro to Evolutions | Intro to Training Camp EVOs II | Intro to Rewards EVOs | Rising Guard | Passing Prodigy | One Shot | Complete Connection | Relentless Pressure | Long Ball Pass | Footwork Phenom | Pinged Pass | Whipped Pass+ | Cornerstones | Iron Will,Liverpool,Premier League,true,true,500,500
264172,Carmona,77,RB,CB | LB,85,66,70,71,74,77,3,3,2,Intercept | Aerial Fortress,0,,1,,12,Intro to Evolutions | Intro to Training Camp EVOs II | Rising Guard | Passing Prodigy | One Shot | Relentless Pressure | Long Ball Pass | Footwork Phenom | Pinged Pass | Whipped Pass+ | Cornerstones | Iron Will,Sevilla FC,LALIGA EA SPORTS,false,false,800,500
220440,Clément Lenglet,77,CB,,53,45,69,66,77,75,2,4,0,,0,,1,,13,Intro to Evolutions | Intro to Training Camp EVOs II | Intro to Rewards EVOs | Rising Guard | Passing Prodigy | One Shot | Relentless Pressure | Long Ball Pass | Footwork Phenom | Pinged Pass | Whipped Pass+ | Cornerstones | Iron Will,SL Benfica,Liga Portugal,false,false,500,750
226807,Cristian Roldan,77,CDM,RM | CM | RW,76,64,69,73,77,83,3,3,4,Long Ball Pass | Rapid | Relentless | Bruiser,0,,1,,12,Intro to Evolutions | Intro to Rewards EVOs | Rising Guard | Passing Prodigy | One Shot | Complete Connection | Relentless Pressure | Footwork Phenom | Pinged Pass | Whipped Pass+ | Cornerstones | Iron Will,Sounders FC,MLS,false,false,500,2000
209297,Fred,77,CM,CDM | CAM,73,71,77,80,72,74,4,4,0,,0,,1,,15,Intro to Evolutions | Intro to Training Camp EVOs II | Intro to Rewards EVOs | Rising Guard | Cover Athlete | Passing Prodigy | One Shot | Complete Connection | Relentless Pressure | Long Ball Pass | Footwork Phenom | Pinged Pass | Whipped Pass+ | Cornerstones | Iron Will,Atlético Mineiro,Sudamericana,false,false,500,750
211688,Gayà,77,LB,LM,76,61,74,75,74,71,4,3,2,Anticipate | Slide Tackle,0,,1,,13,Intro to Evolutions | Intro to Training Camp EVOs II | Intro to Rewards EVOs | Rising Guard | Passing Prodigy | One Shot | Relentless Pressure | Long Ball Pass | Footwork Phenom | Pinged Pass | Whipped Pass+ | Cornerstones | Iron Will,Valencia CF,LALIGA EA SPORTS,false,false,500,750
73850,Kamilla Melgård,77,ST,RM | CM | CAM,83,76,71,79,42,70,3,4,0,,0,,1,,16,Intro to Evolutions | Intro to Training Camp EVOs II | Intro to Rewards EVOs | Club Member Reward | Rising Guard | Passing Prodigy | One Shot | Complete Connection | Relentless Pressure | Long Ball Pass | Footwork Phenom | Pinged Pass | ST Advanced Forward+ | Whipped Pass+ | Cornerstones | Iron Will,Aston Villa,Barclays WSL,false,false,500,750
186345,Kieran Trippier,77,RB,RM,54,63,82,74,78,66,3,4,3,Dead Ball | Whipped Pass | Long Throw,0,,1,,13,Intro to Evolutions | Intro to Training Camp EVOs II | Intro to Rewards EVOs | Rising Guard | Passing Prodigy | One Shot | Relentless Pressure | Long Ball Pass | Footwork Phenom | Pinged Pass | Whipped Pass+ | Cornerstones | Iron Will,Wolves,EFL Championship,false,false,500,500
277809,Kodai Sano,77,CM,CDM,67,62,75,81,70,68,3,3,2,Intercept | Press Proven,0,,1,,14,Intro to Evolutions | Intro to Training Camp EVOs II | Intro to Rewards EVOs | Rising Guard | Passing Prodigy | One Shot | Complete Connection | Relentless Pressure | Long Ball Pass | Footwork Phenom | Pinged Pass | Whipped Pass+ | Cornerstones | Iron Will,PSV,Eredivisie,false,false,500,750
275507,Mamadou Sarr,77,CB,,68,38,58,57,78,75,2,3,0,,0,,1,,13,Intro to Evolutions | Intro to Training Camp EVOs II | Intro to Rewards EVOs | Rising Guard | Passing Prodigy | One Shot | Relentless Pressure | Long Ball Pass | Footwork Phenom | Pinged Pass | Whipped Pass+ | Cornerstones | Iron Will,Real Sociedad,LALIGA EA SPORTS,false,false,500,500
192318,Mario Götze,77,CM,CAM | RM | RW,52,73,82,82,53,64,4,4,4,Incisive Pass | Tiki Taka | Inventive | First Touch,0,,1,,12,Intro to Evolutions | Intro to Rewards EVOs | Rising Guard | Passing Prodigy | One Shot | Complete Connection | Relentless Pressure | Footwork Phenom | Pinged Pass | Whipped Pass+ | Cornerstones | Iron Will,Frankfurt,Bundesliga,false,false,500,750
205186,Paulo Gazzaniga,77,GK,,77,76,78,78,57,75,1,3,2,Cross Claimer | Far Reach,0,,1,,8,Intro to Training Camp EVOs I | Intro to Training Camp EVOs II | The Debut | Relentless Pressure | Long Ball Pass | Pinged Pass | Whipped Pass+ | Cornerstones,Girona FC,LALIGA HYPERMOTION,false,false,500,750
241727,Predrag Rajković,77,GK,,77,75,72,79,29,77,1,2,2,Far Throw | Footwork,0,,1,,8,Intro to Training Camp EVOs I | Intro to Training Camp EVOs II | The Debut | Relentless Pressure | Long Ball Pass | Pinged Pass | Whipped Pass+ | Cornerstones,Al Ittihad,ROSHN Saudi League,false,false,500,500
241224,Rebeca Bernal,77,CB,CDM | CM,74,56,69,74,78,73,2,4,0,,0,,1,,14,Intro to Evolutions | Intro to Training Camp EVOs II | Intro to Rewards EVOs | Rising Guard | Passing Prodigy | One Shot | Complete Connection | Relentless Pressure | Long Ball Pass | Footwork Phenom | Pinged Pass | Whipped Pass+ | Cornerstones | Iron Will,Manchester Utd,Barclays WSL,false,false,500,750
265053,Sophia Winkler,77,GK,,78,76,73,79,59,76,1,2,3,Far Throw | Footwork | Cross Claimer,0,,1,,8,Intro to Training Camp EVOs I | Intro to Training Camp EVOs II | The Debut | Relentless Pressure | Long Ball Pass | Pinged Pass | Whipped Pass+ | Cornerstones,Frankfurt,GPFBL,false,false,500,750
223671,Stefan Posch,77,CB,RB | RM,70,55,68,67,79,74,2,3,1,Anticipate,0,,1,,13,Intro to Evolutions | Intro to Training Camp EVOs II | Intro to Rewards EVOs | Rising Guard | Passing Prodigy | One Shot | Relentless Pressure | Long Ball Pass | Footwork Phenom | Pinged Pass | Whipped Pass+ | Cornerstones | Iron Will,1. FSV Mainz 05,Bundesliga,false,false,500,10000
212151,Thomas Strakosha,77,GK,,79,76,70,79,43,75,1,2,1,Deflector,0,,1,,8,Intro to Training Camp EVOs I | Intro to Training Camp EVOs II | The Debut | Relentless Pressure | Long Ball Pass | Pinged Pass | Whipped Pass+ | Cornerstones,AEK Athens,Hellas Liga,false,false,500,500
212729,Tozé,77,CM,CAM,74,77,78,81,56,60,4,3,0,,0,,1,,15,Intro to Evolutions | Intro to Training Camp EVOs II | Intro to Rewards EVOs | Rising Guard | Cover Athlete | Passing Prodigy | One Shot | Complete Connection | Relentless Pressure | Long Ball Pass | Footwork Phenom | Pinged Pass | Whipped Pass+ | Cornerstones | Iron Will,Al Riyadh,ROSHN Saudi League,false,false,500,250
264986,Chantal Hagel,76,CM,CDM,49,70,74,74,72,80,3,3,1,Press Proven,0,,1,,14,Intro to Evolutions | Intro to Training Camp EVOs II | Intro to Rewards EVOs | Rising Guard | Passing Prodigy | One Shot | Complete Connection | Relentless Pressure | Long Ball Pass | Footwork Phenom | Pinged Pass | Whipped Pass+ | Cornerstones | Iron Will,VfB Stuttgart,GPFBL,false,false,500,500
225126,Ellyes Skhiri,76,CDM,CM,62,72,71,74,75,74,3,3,2,Press Proven | Relentless,0,,1,,14,Intro to Evolutions | Intro to Training Camp EVOs II | Intro to Rewards EVOs | Rising Guard | Passing Prodigy | One Shot | Complete Connection | Relentless Pressure | Long Ball Pass | Footwork Phenom | Pinged Pass | Whipped Pass+ | Cornerstones | Iron Will,1. FC Köln,Bundesliga,false,false,500,750
260601,Exequiel Zeballos,76,LW,RW | LM | RM,85,67,68,80,30,57,5,3,3,Technical | Trickster | Quick Step,0,,1,,12,Intro to Evolutions | Intro to Training Camp EVOs II | Rising Guard | Passing Prodigy | One Shot | Relentless Pressure | Long Ball Pass | Footwork Phenom | Pinged Pass | Whipped Pass+ | Cornerstones | Iron Will,Monza,Serie A Enilive,false,false,500,2500
270670,Farès Chaïbi,76,CAM,CM | LM | CDM,70,68,79,77,70,72,4,3,3,Finesse Shot | Inventive | Technical,0,,1,,14,Intro to Evolutions | Intro to Training Camp EVOs II | Intro to Rewards EVOs | Rising Guard | Passing Prodigy | One Shot | Complete Connection | Relentless Pressure | Long Ball Pass | Footwork Phenom | Pinged Pass | Whipped Pass+ | Cornerstones | Iron Will,Frankfurt,Bundesliga,false,false,500,2000
242806,Kiana Palacios,76,ST,,84,74,67,81,25,66,3,3,0,,0,,1,,15,Intro to Evolutions | Intro to Training Camp EVOs II | Intro to Rewards EVOs | Club Member Reward | Rising Guard | Passing Prodigy | One Shot | Relentless Pressure | Long Ball Pass | Footwork Phenom | Pinged Pass | ST Advanced Forward+ | Whipped Pass+ | Cornerstones | Iron Will,Utah Royals FC,NWSL,false,false,500,
266844,Leandro Lozano,76,RB,RM,84,58,70,69,72,80,2,3,0,,0,,1,,13,Intro to Evolutions | Intro to Training Camp EVOs II | Intro to Rewards EVOs | Rising Guard | Passing Prodigy | One Shot | Relentless Pressure | Long Ball Pass | Footwork Phenom | Pinged Pass | Whipped Pass+ | Cornerstones | Iron Will,Boca Juniors,LPF,false,false,500,500
246107,Matías Palacios,76,CAM,CM | CDM,73,71,77,76,51,62,4,3,1,Long Ball Pass,0,,1,,15,Intro to Evolutions | Intro to Training Camp EVOs II | Intro to Rewards EVOs | Rising Guard | Cover Athlete | Passing Prodigy | One Shot | Complete Connection | Relentless Pressure | Long Ball Pass | Footwork Phenom | Pinged Pass | Whipped Pass+ | Cornerstones | Iron Will,Al Ain FC,United Emirates League,false,false,500,500
216820,Moses Simon,76,LM,LW,87,71,69,80,36,62,4,4,4,Dead Ball | Gamechanger | Rapid | Quick Step,0,,1,,10,Intro to Evolutions | Rising Guard | Passing Prodigy | One Shot | Relentless Pressure | Footwork Phenom | Pinged Pass | Whipped Pass+ | Cornerstones | Iron Will,Paris FC,Ligue 1 McDonald's,false,false,500,750
261015,Tiago Palacios,76,RM,CAM | RW | ST,77,71,73,79,47,56,4,3,5,Low Driven Shot | Gamechanger | Pinged Pass | Inventive | Quick Step,0,,1,,12,Intro to Evolutions | Intro to Rewards EVOs | Club Member Reward | Rising Guard | Passing Prodigy | One Shot | Footwork Phenom | Pinged Pass | ST Advanced Forward+ | Whipped Pass+ | Cornerstones | Iron Will,Estudiantes,LPF,false,false,500,250
240507,Angel Gomes,75,CAM,CDM | CM,71,70,74,78,72,60,4,4,5,Finesse Shot | Incisive Pass | Long Ball Pass | Inventive | Technical,0,,1,,12,Intro to Evolutions | Intro to Rewards EVOs | Rising Guard | Cover Athlete | Passing Prodigy | One Shot | Complete Connection | Footwork Phenom | Pinged Pass | Whipped Pass+ | Cornerstones | Iron Will,OM,Ligue 1 McDonald's,false,false,500,500
264401,Bamo Meïté,75,CB,,61,33,51,58,76,75,2,3,0,,0,,1,,13,Intro to Evolutions | Intro to Training Camp EVOs II | Intro to Rewards EVOs | Rising Guard | Passing Prodigy | One Shot | Relentless Pressure | Long Ball Pass | Footwork Phenom | Pinged Pass | Whipped Pass+ | Cornerstones | Iron Will,OM,Ligue 1 McDonald's,false,false,500,
232104,Daniel James,75,RW,RM,89,71,69,76,50,58,3,4,3,Gamechanger | Rapid | Quick Step,0,,1,,12,Intro to Evolutions | Intro to Training Camp EVOs II | Rising Guard | Passing Prodigy | One Shot | Relentless Pressure | Long Ball Pass | Footwork Phenom | Pinged Pass | Whipped Pass+ | Cornerstones | Iron Will,Leeds United,Premier League,false,true,500,750
246656,Emil Holm,75,RB,RM,82,62,67,68,71,77,3,3,3,Anticipate | Long Throw | Bruiser,0,,1,,13,Intro to Evolutions | Intro to Training Camp EVOs II | Intro to Rewards EVOs | Rising Guard | Passing Prodigy | One Shot | Relentless Pressure | Long Ball Pass | Footwork Phenom | Pinged Pass | Whipped Pass+ | Cornerstones | Iron Will,Bologna,Serie A Enilive,false,false,500,1500
242602,Josha Vagnoman,75,RB,RM,85,61,69,73,69,82,3,4,2,Rapid | Long Throw,0,,1,,12,Intro to Evolutions | Intro to Training Camp EVOs II | Rising Guard | Passing Prodigy | One Shot | Relentless Pressure | Long Ball Pass | Footwork Phenom | Pinged Pass | Whipped Pass+ | Cornerstones | Iron Will,VfB Stuttgart,Bundesliga,false,false,500,6500
272073,Lucía Pardo,75,ST,CAM,83,75,72,77,38,64,3,3,1,Acrobatic,0,,1,,16,Intro to Evolutions | Intro to Training Camp EVOs II | Intro to Rewards EVOs | Club Member Reward | Rising Guard | Cover Athlete | Passing Prodigy | One Shot | Relentless Pressure | Long Ball Pass | Footwork Phenom | Pinged Pass | ST Advanced Forward+ | Whipped Pass+ | Cornerstones | Iron Will,RC Deportivo,Liga F Moeve,false,false,500,1000
206626,Mikael Ishak,75,ST,,70,79,63,68,54,84,3,4,5,Chip Shot | Precision Header | Acrobatic | Low Driven Shot | Enforcer,0,,1,,12,Intro to Evolutions | Intro to Rewards EVOs | Club Member Reward | Rising Guard | Passing Prodigy | One Shot | Footwork Phenom | Pinged Pass | ST Advanced Forward+ | Whipped Pass+ | Cornerstones | Iron Will,Lech Poznań,PKO BP Ekstraklasa,false,false,500,1000
219174,Ramiro Carrera,75,LM,CM | CDM | LB,81,72,73,72,64,78,4,4,2,Incisive Pass | Aerial Fortress,0,,1,,14,Intro to Evolutions | Intro to Training Camp EVOs II | Intro to Rewards EVOs | Rising Guard | Passing Prodigy | One Shot | Complete Connection | Relentless Pressure | Long Ball Pass | Footwork Phenom | Pinged Pass | Whipped Pass+ | Cornerstones | Iron Will,Lanús,LPF,false,false,500,750
205391,Soualiho Meïté,75,CDM,CM,61,60,72,73,71,78,3,3,1,Press Proven,0,,1,,14,Intro to Evolutions | Intro to Training Camp EVOs II | Intro to Rewards EVOs | Rising Guard | Passing Prodigy | One Shot | Complete Connection | Relentless Pressure | Long Ball Pass | Footwork Phenom | Pinged Pass | Whipped Pass+ | Cornerstones | Iron Will,PAOK FC,Hellas Liga,false,false,500,250
80327,Yu Endo,75,RB,RM,62,33,66,62,74,51,2,3,0,,0,,1,,13,Intro to Evolutions | Intro to Training Camp EVOs II | Intro to Rewards EVOs | Rising Guard | Passing Prodigy | One Shot | Relentless Pressure | Long Ball Pass | Footwork Phenom | Pinged Pass | Whipped Pass+ | Cornerstones | Iron Will,West Ham,Barclays WSL,false,false,500,500
230899,Ademola Lookman,83,ST,CAM | LM | LW,86,83,73,84,32,68,4,4,4,Low Driven Shot | Gamechanger | First Touch | Quick Step,0,,0,,7,Club Member Reward | Passing Prodigy | Footwork Phenom | Pinged Pass | ST Advanced Forward+ | Whipped Pass+ | Cornerstones,Atlético de Madrid,LALIGA EA SPORTS,false,false,7200,15000
246774,Alba Redondo,83,ST,LW | RW | LM,85,84,70,81,26,64,4,3,6,Finesse Shot | Precision Header | Low Driven Shot | Gamechanger | First Touch | Quick Step,0,,0,,6,Club Member Reward | Passing Prodigy | Footwork Phenom | ST Advanced Forward+ | Whipped Pass+ | Cornerstones,Juventus,Calcio A Femminile,false,false,750,1000
275298,Aleksandar Pavlović,83,CDM,CM,66,68,82,82,79,79,3,4,1,Press Proven,1,Tiki Taka,0,,6,Passing Prodigy | Complete Connection | Footwork Phenom | Pinged Pass | Whipped Pass+ | Cornerstones,FC Bayern München,Bundesliga,true,false,750,500
257279,Álex Baena,83,LM,CM | CAM | LW,78,75,83,82,66,68,3,4,6,Dead Ball | Incisive Pass | Tiki Taka | Inventive | Technical | First Touch,0,,0,,4,Passing Prodigy | Footwork Phenom | Whipped Pass+ | Cornerstones,Atlético de Madrid,LALIGA EA SPORTS,false,false,750,1000
216549,Alexander Sørloth,83,ST,RW | RM,75,83,71,74,37,83,3,4,4,Power Shot | Precision Header | Gamechanger | Enforcer,0,,0,,7,Club Member Reward | Passing Prodigy | Footwork Phenom | Pinged Pass | ST Advanced Forward+ | Whipped Pass+ | Cornerstones,Atlético de Madrid,LALIGA EA SPORTS,false,false,750,1000
227392,Ashley Lawrence,83,RB,LB | RM | LM,83,67,82,79,82,77,3,4,4,Whipped Pass | Jockey | Technical | Quick Step,0,,0,,5,Passing Prodigy | Footwork Phenom | Pinged Pass | Whipped Pass+ | Cornerstones,OL Lyonnes,Arkema PL,false,false,750,1000
266816,Aubrey Kingsbury,83,GK,,83,80,72,83,41,83,1,2,1,1v1 Close Down,0,,0,,3,Pinged Pass | Whipped Pass+ | Cornerstones,Washington Spirit,NWSL,false,false,750,750
264895,Constance Picaud-Inconnu,83,GK,,82,80,78,85,47,83,1,3,1,Far Reach,0,,0,,3,Pinged Pass | Whipped Pass+ | Cornerstones,West Ham,Barclays WSL,false,false,750,750
227073,Cristiana Girelli,83,ST,,78,81,70,81,45,78,3,4,4,Finesse Shot | Precision Header | Tiki Taka | Aerial Fortress,0,,0,,7,Club Member Reward | Passing Prodigy | Footwork Phenom | Pinged Pass | ST Advanced Forward+ | Whipped Pass+ | Cornerstones,Bay FC,NWSL,false,false,750,2500
258680,Daphne van Domselaar,83,GK,,82,80,83,85,56,82,1,2,2,Footwork | Far Reach,0,,0,,3,Pinged Pass | Whipped Pass+ | Cornerstones,Arsenal,Barclays WSL,false,false,750,750
247103,Dávid Hancko,83,CB,LB,77,67,74,75,83,84,2,3,3,Long Ball Pass | Jockey | Anticipate,0,,0,,5,Passing Prodigy | Footwork Phenom | Pinged Pass | Whipped Pass+ | Cornerstones,Atlético de Madrid,LALIGA EA SPORTS,false,false,2000,1500
233096,Denzel Dumfries,83,RB,RM,82,70,74,79,78,87,2,3,2,Precision Header | Quick Step,0,,0,,5,Passing Prodigy | Footwork Phenom | Pinged Pass | Whipped Pass+ | Cornerstones,Real Madrid,LALIGA EA SPORTS,true,false,4800,4500
277452,Edna Imade,83,ST,,76,83,65,77,45,80,3,3,5,Precision Header | Aerial Fortress | Rapid | First Touch | Enforcer,0,,0,,7,Club Member Reward | Passing Prodigy | Footwork Phenom | Pinged Pass | ST Advanced Forward+ | Whipped Pass+ | Cornerstones,FC Bayern München,GPFBL,true,false,750,500
272163,Elena Julve,83,RW,RM | ST | CAM,89,77,80,84,65,77,4,4,4,Pinged Pass | Whipped Pass | Trickster | Quick Step,0,,0,,7,Club Member Reward | Passing Prodigy | Footwork Phenom | Pinged Pass | ST Advanced Forward+ | Whipped Pass+ | Cornerstones,Badalona Women,Liga F Moeve,false,false,750,750
232074,Emily Sonnett,83,CB,,76,57,75,73,83,84,3,3,4,Intercept | Anticipate | Relentless | Bruiser,0,,0,,5,Passing Prodigy | Footwork Phenom | Pinged Pass | Whipped Pass+ | Cornerstones,Gotham FC,NWSL,false,false,750,750
236403,Evan Ndicka,83,CB,,74,53,69,70,83,84,2,3,4,Long Ball Pass | Jockey | Intercept | Aerial Fortress,0,,0,,5,Passing Prodigy | Footwork Phenom | Pinged Pass | Whipped Pass+ | Cornerstones,AS Roma,Serie A Enilive,false,false,750,750
262621,Giorgi Mamardashvili,83,GK,,82,81,75,83,47,82,1,3,1,Far Throw,0,,0,,3,Pinged Pass | Whipped Pass+ | Cornerstones,Liverpool,Premier League,true,true,9000,15000
227346,Griedge Mbock,83,CB,,64,55,67,66,84,84,2,3,4,Pinged Pass | Long Ball Pass | Block | Slide Tackle,0,,0,,5,Passing Prodigy | Footwork Phenom | Pinged Pass | Whipped Pass+ | Cornerstones,Paris SG,Arkema PL,true,false,750,750
197781,Isco,83,CAM,CM | CDM,57,78,85,86,59,60,5,4,7,Finesse Shot | Dead Ball | Gamechanger | Incisive Pass | Tiki Taka | Inventive | Technical,0,,0,,4,Passing Prodigy | Footwork Phenom | Whipped Pass+ | Cornerstones,Real Betis,LALIGA EA SPORTS,false,false,750,1000
259480,Ismael Saibari,83,CAM,CM | ST | CDM,83,78,77,83,55,82,4,4,3,Low Driven Shot | Gamechanger | Press Proven,0,,0,,8,Club Member Reward | Passing Prodigy | Complete Connection | Footwork Phenom | Pinged Pass | ST Advanced Forward+ | Whipped Pass+ | Cornerstones,FC Bayern München,Bundesliga,true,false,1400,500
212228,Ivan Toney,83,ST,,75,84,71,77,52,84,3,3,2,Precision Header | Bruiser,0,,0,,7,Club Member Reward | Passing Prodigy | Footwork Phenom | Pinged Pass | ST Advanced Forward+ | Whipped Pass+ | Cornerstones,Al Ahli,ROSHN Saudi League,false,false,750,750
279532,Jade Rose,83,CB,,75,31,54,65,85,78,2,3,0,,0,,0,,5,Passing Prodigy | Footwork Phenom | Pinged Pass | Whipped Pass+ | Cornerstones,Manchester City,Barclays WSL,true,false,750,1000
261855,Kika Nazareth,83,CM,ST | CAM,85,82,82,84,60,80,4,4,6,Chip Shot | Precision Header | Gamechanger | Incisive Pass | Tiki Taka | Technical,0,,0,,6,Club Member Reward | Passing Prodigy | Footwork Phenom | ST Advanced Forward+ | Whipped Pass+ | Cornerstones,FC Barcelona,Liga F Moeve,true,false,2800,500
237086,Kim Min Jae,83,CB,,73,32,58,63,84,82,2,3,3,Block | Slide Tackle | Aerial Fortress,0,,0,,5,Passing Prodigy | Footwork Phenom | Pinged Pass | Whipped Pass+ | Cornerstones,FC Bayern München,Bundesliga,true,false,750,750
203980,Konstantinos Fortounis,83,CAM,ST | CM,77,80,84,81,44,74,3,5,4,Incisive Pass | Long Ball Pass | Technical | First Touch,1,Inventive,0,,9,Club Member Reward | Cover Athlete | Passing Prodigy | Complete Connection | Footwork Phenom | Pinged Pass | ST Advanced Forward+ | Whipped Pass+ | Cornerstones,Olympiacos FC,Hellas Liga,false,false,750,500
272084,Lauren Leal,83,CB,,79,33,61,68,84,81,2,2,3,Long Ball Pass | Jockey | Aerial Fortress,0,,0,,5,Passing Prodigy | Footwork Phenom | Pinged Pass | Whipped Pass+ | Cornerstones,Atlético de Madrid,Liga F Moeve,false,false,750,750
272115,Leicy Santos,83,CAM,CM,75,77,82,83,69,77,4,4,6,Finesse Shot | Power Shot | Gamechanger | Incisive Pass | Tiki Taka | Press Proven,0,,0,,4,Passing Prodigy | Footwork Phenom | Whipped Pass+ | Cornerstones,Washington Spirit,NWSL,false,false,750,750
266127,Lewis Hall,83,LB,,78,64,81,82,80,68,3,3,3,Whipped Pass | Block | Press Proven,0,,0,,5,Passing Prodigy | Footwork Phenom | Pinged Pass | Whipped Pass+ | Cornerstones,Newcastle Utd,Premier League,false,true,750,500
240717,Lineth Beerensteyn,83,ST,RW | LW | RM,90,82,73,86,50,76,4,2,5,Finesse Shot | Precision Header | Gamechanger | Technical | Quick Step,0,,0,,7,Club Member Reward | Passing Prodigy | Footwork Phenom | Pinged Pass | ST Advanced Forward+ | Whipped Pass+ | Cornerstones,Real Madrid,Liga F Moeve,true,false,1300,1500
267336,Lo'eau LaBonta,83,CM,CDM,84,77,80,82,73,62,3,3,2,Anticipate | Press Proven,1,Relentless,0,,6,Passing Prodigy | Complete Connection | Footwork Phenom | Pinged Pass | Whipped Pass+ | Cornerstones,KC Current,NWSL,false,false,750,750
226998,Magdalena Eriksson,83,CB,,54,46,72,66,84,82,2,3,4,Precision Header | Block | Anticipate | Aerial Fortress,0,,0,,5,Passing Prodigy | Footwork Phenom | Pinged Pass | Whipped Pass+ | Cornerstones,FC Bayern München,GPFBL,true,false,750,750
240225,Matvey Safonov,83,GK,,82,76,80,86,50,83,1,2,2,Far Throw | Cross Claimer,0,,0,,3,Pinged Pass | Whipped Pass+ | Cornerstones,Paris SG,Ligue 1 McDonald's,true,false,1800,750
262457,Olga Carmona,83,LB,LM,87,74,78,80,80,75,4,3,5,Jockey | Rapid | Quick Step | Relentless | Bruiser,0,,0,,5,Passing Prodigy | Footwork Phenom | Pinged Pass | Whipped Pass+ | Cornerstones,Paris SG,Arkema PL,true,false,1400,1500
267223,Olivia Moultrie,83,CAM,ST,69,79,83,80,71,66,4,4,4,Power Shot | Dead Ball | Incisive Pass | Inventive,0,,0,,8,Club Member Reward | Cover Athlete | Passing Prodigy | Footwork Phenom | Pinged Pass | ST Advanced Forward+ | Whipped Pass+ | Cornerstones,Portland Thorns,NWSL,false,false,750,500
221697,Ollie Watkins,83,ST,,78,82,72,78,51,76,3,4,3,Chip Shot | Precision Header | Low Driven Shot,0,,0,,7,Club Member Reward | Passing Prodigy | Footwork Phenom | Pinged Pass | ST Advanced Forward+ | Whipped Pass+ | Cornerstones,Al Hilal,ROSHN Saudi League,false,false,750,1500
234236,Patrik Schick,83,ST,,70,83,71,81,38,78,3,3,2,Chip Shot | Low Driven Shot,1,Precision Header,0,,7,Club Member Reward | Passing Prodigy | Footwork Phenom | Pinged Pass | ST Advanced Forward+ | Whipped Pass+ | Cornerstones,Leverkusen,Bundesliga,false,false,750,2500
267212,Phallon Tullis-Joyce,83,GK,,81,80,79,83,44,85,1,2,3,Far Throw | Cross Claimer | Deflector,0,,0,,3,Pinged Pass | Whipped Pass+ | Cornerstones,Manchester Utd,Barclays WSL,false,false,750,750
267531,Romée Leuchter,83,ST,LW | LM,82,84,70,80,29,72,4,4,2,Incisive Pass | Technical,0,,0,,7,Club Member Reward | Passing Prodigy | Footwork Phenom | Pinged Pass | ST Advanced Forward+ | Whipped Pass+ | Cornerstones,Paris SG,Arkema PL,true,false,750,750
267217,Sam Coffey,83,CM,CDM,73,72,83,81,77,78,3,3,4,Incisive Pass | Tiki Taka | Block | Anticipate,0,,0,,6,Passing Prodigy | Complete Connection | Footwork Phenom | Pinged Pass | Whipped Pass+ | Cornerstones,Manchester City,Barclays WSL,true,false,750,750
206113,Serge Gnabry,83,CAM,LM | ST | LW,77,83,79,84,43,65,4,4,2,Gamechanger | Technical,0,,0,,7,Club Member Reward | Passing Prodigy | Footwork Phenom | Pinged Pass | ST Advanced Forward+ | Whipped Pass+ | Cornerstones,FC Bayern München,Bundesliga,true,false,750,750
233364,Stina Blackstenius,83,ST,CAM,84,84,62,82,42,76,4,4,4,Finesse Shot | Gamechanger | Rapid | Enforcer,0,,0,,8,Club Member Reward | Cover Athlete | Passing Prodigy | Footwork Phenom | Pinged Pass | ST Advanced Forward+ | Whipped Pass+ | Cornerstones,Arsenal,Barclays WSL,false,false,750,750
266384,Sveindís Jane Jónsdóttir,83,ST,RW | CAM | RM,92,76,77,83,46,72,4,3,2,Rapid | Quick Step,1,Long Throw,0,,7,Club Member Reward | Passing Prodigy | Footwork Phenom | Pinged Pass | ST Advanced Forward+ | Whipped Pass+ | Cornerstones,Angel City FC,NWSL,false,false,750,750
204638,Willi Orbán,83,CB,,54,40,56,56,86,83,2,3,3,Precision Header | Aerial Fortress | Bruiser,1,Block,0,,5,Passing Prodigy | Footwork Phenom | Pinged Pass | Whipped Pass+ | Cornerstones,RB Leipzig,Bundesliga,false,false,750,1000
259240,Adam Wharton,82,CM,CDM,54,63,85,80,77,69,3,3,4,Tiki Taka | Inventive | First Touch | Press Proven,1,Incisive Pass,0,,11,Intro to Rewards EVOs | Rising Guard | Passing Prodigy | One Shot | Complete Connection | Relentless Pressure | Footwork Phenom | Pinged Pass | Whipped Pass+ | Cornerstones | Iron Will,Crystal Palace,Premier League,false,true,750,500
234396,Alphonso Davies,82,LB,LM,93,66,78,84,74,76,4,3,2,Rapid | Quick Step,0,,0,,11,Intro to Training Camp EVOs II | Rising Guard | Passing Prodigy | One Shot | Relentless Pressure | Long Ball Pass | Footwork Phenom | Pinged Pass | Whipped Pass+ | Cornerstones | Iron Will,FC Bayern München,Bundesliga,true,false,20000,25000
272110,Andrea Medina,82,LB,CB | LM,80,53,74,75,81,76,3,4,4,Block | Slide Tackle | Aerial Fortress | Relentless,0,,0,,10,Intro to Rewards EVOs | Rising Guard | Passing Prodigy | One Shot | Relentless Pressure | Footwork Phenom | Pinged Pass | Whipped Pass+ | Cornerstones | Iron Will,Manchester Utd,Barclays WSL,false,false,750,500
261843,Andreia Jacinto,82,CM,CDM | RM | CAM,80,67,79,80,65,74,4,3,6,Long Ball Pass | Tiki Taka | Inventive | Anticipate | Press Proven | Relentless,0,,0,,8,Intro to Rewards EVOs | Rising Guard | Passing Prodigy | One Shot | Footwork Phenom | Whipped Pass+ | Cornerstones | Iron Will,Real Madrid,Liga F Moeve,true,false,750,500
188335,Ante Budimir,82,ST,,65,83,63,74,36,81,3,4,2,Precision Header | Enforcer,0,,0,,14,Intro to Training Camp EVOs II | Intro to Rewards EVOs | Club Member Reward | Rising Guard | Passing Prodigy | One Shot | Relentless Pressure | Long Ball Pass | Footwork Phenom | Pinged Pass | ST Advanced Forward+ | Whipped Pass+ | Cornerstones | Iron Will,CA Osasuna,LALIGA EA SPORTS,false,false,750,750
275906,Aoba Fujino,82,RM,RW,79,75,80,82,23,56,3,4,0,,0,,0,,12,Intro to Training Camp EVOs II | Intro to Rewards EVOs | Rising Guard | Passing Prodigy | One Shot | Relentless Pressure | Long Ball Pass | Footwork Phenom | Pinged Pass | Whipped Pass+ | Cornerstones | Iron Will,Manchester City,Barclays WSL,true,false,750,500
260592,Benjamin Šeško,82,ST,,85,82,67,78,46,77,4,4,5,Power Shot | Precision Header | Acrobatic | Gamechanger | Aerial Fortress,0,,0,,10,Club Member Reward | Rising Guard | Passing Prodigy | One Shot | Footwork Phenom | Pinged Pass | ST Advanced Forward+ | Whipped Pass+ | Cornerstones | Iron Will,Man Utd,Premier League,true,true,750,750
242187,Christoph Baumgartner,82,CAM,CM | ST | CDM,73,79,77,83,57,68,4,3,3,Precision Header | Technical | First Touch,0,,0,,15,Intro to Training Camp EVOs II | Intro to Rewards EVOs | Club Member Reward | Rising Guard | Passing Prodigy | One Shot | Complete Connection | Relentless Pressure | Long Ball Pass | Footwork Phenom | Pinged Pass | ST Advanced Forward+ | Whipped Pass+ | Cornerstones | Iron Will,RB Leipzig,Bundesliga,false,false,750,500
242516,Cody Gakpo,82,LM,ST | LW,77,83,80,81,47,74,4,4,3,Finesse Shot | Whipped Pass | Press Proven,0,,0,,14,Intro to Training Camp EVOs II | Intro to Rewards EVOs | Club Member Reward | Rising Guard | Passing Prodigy | One Shot | Relentless Pressure | Long Ball Pass | Footwork Phenom | Pinged Pass | ST Advanced Forward+ | Whipped Pass+ | Cornerstones | Iron Will,Liverpool,Premier League,true,true,750,2000
219683,Corentin Tolisso,82,CM,CDM | CAM,68,79,80,76,79,82,3,2,5,Precision Header | Aerial Fortress | First Touch | Press Proven | Relentless,0,,0,,11,Intro to Rewards EVOs | Rising Guard | Cover Athlete | Passing Prodigy | One Shot | Complete Connection | Footwork Phenom | Pinged Pass | Whipped Pass+ | Cornerstones | Iron Will,OL,Ligue 1 McDonald's,false,false,750,750
200888,Danilo Pereira,82,CB,,52,64,68,71,82,85,3,3,4,Pinged Pass | Long Ball Pass | Aerial Fortress | Bruiser,0,,0,,10,Intro to Rewards EVOs | Rising Guard | Passing Prodigy | One Shot | Relentless Pressure | Footwork Phenom | Pinged Pass | Whipped Pass+ | Cornerstones | Iron Will,Al Ittihad,ROSHN Saudi League,false,false,750,750
233756,Dominique Janssen,82,CB,,76,54,74,73,83,82,2,4,1,Block,0,,0,,12,Intro to Training Camp EVOs II | Intro to Rewards EVOs | Rising Guard | Passing Prodigy | One Shot | Relentless Pressure | Long Ball Pass | Footwork Phenom | Pinged Pass | Whipped Pass+ | Cornerstones | Iron Will,Manchester Utd,Barclays WSL,false,false,750,750
247263,Edmond Tapsoba,82,CB,,74,58,73,72,82,80,2,4,4,Pinged Pass | Long Ball Pass | Aerial Fortress | Press Proven,0,,0,,10,Intro to Rewards EVOs | Rising Guard | Passing Prodigy | One Shot | Relentless Pressure | Footwork Phenom | Pinged Pass | Whipped Pass+ | Cornerstones | Iron Will,Leverkusen,Bundesliga,false,false,750,750
227069,Elena Linari,82,CB,,67,50,64,68,83,81,2,4,1,Long Ball Pass,0,,0,,12,Intro to Training Camp EVOs II | Intro to Rewards EVOs | Rising Guard | Passing Prodigy | One Shot | Relentless Pressure | Long Ball Pass | Footwork Phenom | Pinged Pass | Whipped Pass+ | Cornerstones | Iron Will,London City,Barclays WSL,false,false,750,750
266254,Elisabeth Terland,82,ST,,79,82,73,80,36,71,3,5,2,Precision Header | Low Driven Shot,0,,0,,14,Intro to Training Camp EVOs II | Intro to Rewards EVOs | Club Member Reward | Rising Guard | Passing Prodigy | One Shot | Relentless Pressure | Long Ball Pass | Footwork Phenom | Pinged Pass | ST Advanced Forward+ | Whipped Pass+ | Cornerstones | Iron Will,Manchester Utd,Barclays WSL,false,false,750,750
271860,Ena Mahmutovic,82,GK,,79,80,78,84,48,81,1,4,2,Footwork | Far Reach,0,,0,,8,Intro to Training Camp EVOs I | Intro to Training Camp EVOs II | The Debut | Relentless Pressure | Long Ball Pass | Pinged Pass | Whipped Pass+ | Cornerstones,FC Bayern München,GPFBL,true,false,750,500
265058,Erëleta Memeti,82,RM,CM | LM | RW,85,78,79,82,56,64,4,3,6,Finesse Shot | Gamechanger | Incisive Pass | Whipped Pass | Technical | Quick Step,0,,0,,7,Rising Guard | Passing Prodigy | One Shot | Footwork Phenom | Whipped Pass+ | Cornerstones | Iron Will,Frankfurt,GPFBL,false,false,750,750
204970,Florian Thauvin,82,RW,ST | RM | CAM,70,79,84,83,46,68,4,3,5,Finesse Shot | Dead Ball | Whipped Pass | Inventive | Technical,0,,0,,11,Intro to Rewards EVOs | Club Member Reward | Rising Guard | Passing Prodigy | One Shot | Footwork Phenom | Pinged Pass | ST Advanced Forward+ | Whipped Pass+ | Cornerstones | Iron Will,RC Lens,Ligue 1 McDonald's,false,false,750,500
239761,Frida Maanum,82,CAM,ST,70,80,82,82,72,66,3,3,4,Power Shot | Incisive Pass | Press Proven | Relentless,0,,0,,13,Intro to Rewards EVOs | Club Member Reward | Rising Guard | Cover Athlete | Passing Prodigy | One Shot | Relentless Pressure | Footwork Phenom | Pinged Pass | ST Advanced Forward+ | Whipped Pass+ | Cornerstones | Iron Will,Arsenal,Barclays WSL,false,false,750,1000
253396,Giuliano,82,RM,RW | LM | LW,92,76,75,80,57,83,3,3,3,Rapid | Quick Step | Relentless,0,,0,,11,Intro to Training Camp EVOs II | Rising Guard | Passing Prodigy | One Shot | Relentless Pressure | Long Ball Pass | Footwork Phenom | Pinged Pass | Whipped Pass+ | Cornerstones | Iron Will,Atlético de Madrid,LALIGA EA SPORTS,false,false,750,750
275771,Igor Thiago,82,ST,,74,83,67,75,44,85,2,4,4,Chip Shot | Press Proven | Relentless | Enforcer,0,,0,,12,Intro to Rewards EVOs | Club Member Reward | Rising Guard | Passing Prodigy | One Shot | Relentless Pressure | Footwork Phenom | Pinged Pass | ST Advanced Forward+ | Whipped Pass+ | Cornerstones | Iron Will,Brentford,Premier League,false,true,750,500
265693,Jakub Kiwior,82,CB,LB,71,42,72,76,83,78,2,3,5,Jockey | Block | Intercept | Anticipate | Press Proven,0,,0,,9,Intro to Rewards EVOs | Rising Guard | Passing Prodigy | One Shot | Footwork Phenom | Pinged Pass | Whipped Pass+ | Cornerstones | Iron Will,FC Porto,Liga Portugal,false,false,750,10000
243657,James Garner,82,CDM,RB | CM,64,71,82,77,80,77,3,3,6,Power Shot | Dead Ball | Whipped Pass | Intercept | Slide Tackle | Relentless,0,,0,,8,Intro to Rewards EVOs | Rising Guard | Passing Prodigy | One Shot | Footwork Phenom | Whipped Pass+ | Cornerstones | Iron Will,Everton,Premier League,false,true,750,500
220570,Jan Bednarek,82,CB,,50,22,63,70,83,83,2,2,3,Block | Intercept | Aerial Fortress,0,,0,,12,Intro to Training Camp EVOs II | Intro to Rewards EVOs | Rising Guard | Passing Prodigy | One Shot | Relentless Pressure | Long Ball Pass | Footwork Phenom | Pinged Pass | Whipped Pass+ | Cornerstones | Iron Will,FC Porto,Liga Portugal,false,false,750,1000
253109,Joey Veerman,82,CM,CDM | CAM,48,74,84,77,66,71,3,2,5,Finesse Shot | Incisive Pass | Long Ball Pass | Inventive | First Touch,0,,0,,11,Intro to Rewards EVOs | Rising Guard | Cover Athlete | Passing Prodigy | One Shot | Complete Connection | Footwork Phenom | Pinged Pass | Whipped Pass+ | Cornerstones | Iron Will,Borussia Dortmund,Bundesliga,false,false,750,500
214979,Juan Musso,82,GK,,80,82,73,83,46,81,1,3,0,,0,,0,,8,Intro to Training Camp EVOs I | Intro to Training Camp EVOs II | The Debut | Relentless Pressure | Long Ball Pass | Pinged Pass | Whipped Pass+ | Cornerstones,Atlético de Madrid,LALIGA EA SPORTS,false,false,1800,1000
212194,Julian Brandt,82,CAM,CM | CDM,69,77,83,84,45,69,4,4,5,Incisive Pass | Tiki Taka | Inventive | Technical | First Touch,0,,0,,11,Intro to Rewards EVOs | Rising Guard | Cover Athlete | Passing Prodigy | One Shot | Complete Connection | Footwork Phenom | Pinged Pass | Whipped Pass+ | Cornerstones | Iron Will,Ajax,Eredivisie,false,false,750,750
229891,Julian Ryerson,82,RB,LB | RM | LM,75,63,76,77,78,82,2,3,4,Dead Ball | Jockey | Relentless | Bruiser,1,Whipped Pass,0,,10,Intro to Rewards EVOs | Rising Guard | Passing Prodigy | One Shot | Relentless Pressure | Footwork Phenom | Pinged Pass | Whipped Pass+ | Cornerstones | Iron Will,Borussia Dortmund,Bundesliga,false,false,750,750
237673,Kailen Sheridan,82,GK,,80,80,79,85,41,82,1,2,3,Long Ball Pass | Far Throw | Cross Claimer,0,,0,,8,Intro to Training Camp EVOs I | Intro to Training Camp EVOs II | The Debut | Relentless Pressure | Long Ball Pass | Pinged Pass | Whipped Pass+ | Cornerstones,NC Courage,NWSL,false,false,750,750
165153,Karim Benzema,82,ST,,69,81,81,81,37,72,4,4,6,Finesse Shot | Precision Header | Low Driven Shot | Gamechanger | Incisive Pass | First Touch,0,,0,,10,Intro to Rewards EVOs | Club Member Reward | Rising Guard | Passing Prodigy | One Shot | Footwork Phenom | ST Advanced Forward+ | Whipped Pass+ | Cornerstones | Iron Will,Al Hilal,ROSHN Saudi League,false,false,750,4000
227096,Lisa Boattin,82,LB,,76,75,82,84,78,75,3,4,4,Dead Ball | Whipped Pass | First Touch | Bruiser,0,,0,,10,Intro to Rewards EVOs | Rising Guard | Passing Prodigy | One Shot | Relentless Pressure | Footwork Phenom | Pinged Pass | Whipped Pass+ | Cornerstones | Iron Will,Houston Dash,NWSL,false,false,750,10000
239301,Lisandro Martínez,82,CB,,66,59,76,75,82,75,3,3,3,Intercept | Slide Tackle | Bruiser,0,,0,,12,Intro to Training Camp EVOs II | Intro to Rewards EVOs | Rising Guard | Passing Prodigy | One Shot | Relentless Pressure | Long Ball Pass | Footwork Phenom | Pinged Pass | Whipped Pass+ | Cornerstones | Iron Will,Man Utd,Premier League,true,true,750,750
274780,Luany,82,RM,ST | RW | CAM,86,81,75,82,43,74,4,5,4,Acrobatic | Anticipate | Technical | Trickster,0,,0,,11,Club Member Reward | Rising Guard | Passing Prodigy | One Shot | Relentless Pressure | Footwork Phenom | Pinged Pass | ST Advanced Forward+ | Whipped Pass+ | Cornerstones | Iron Will,Atlético de Madrid,Liga F Moeve,false,false,750,750
245158,Luis Javier Suárez,82,ST,,83,82,69,80,42,78,3,4,4,Chip Shot | Low Driven Shot | Rapid | Quick Step,0,,0,,12,Intro to Rewards EVOs | Club Member Reward | Rising Guard | Passing Prodigy | One Shot | Relentless Pressure | Footwork Phenom | Pinged Pass | ST Advanced Forward+ | Whipped Pass+ | Cornerstones | Iron Will,Sporting CP,Liga Portugal,false,false,750,750
236506,Marcos Senesi,82,CB,,58,43,73,71,83,80,3,4,2,Long Ball Pass | Intercept,0,,0,,12,Intro to Training Camp EVOs II | Intro to Rewards EVOs | Rising Guard | Passing Prodigy | One Shot | Relentless Pressure | Long Ball Pass | Footwork Phenom | Pinged Pass | Whipped Pass+ | Cornerstones | Iron Will,Spurs,Premier League,false,true,750,500
247504,Mary Earps,82,GK,,78,79,84,82,41,82,1,3,1,Footwork,0,,0,,8,Intro to Training Camp EVOs I | Intro to Training Camp EVOs II | The Debut | Relentless Pressure | Long Ball Pass | Pinged Pass | Whipped Pass+ | Cornerstones,London City,Barclays WSL,false,false,750,1000
220502,Mattia Zaccagni,82,LW,LM,87,78,77,84,57,62,4,4,2,Inventive | Technical,0,,0,,11,Intro to Training Camp EVOs II | Rising Guard | Passing Prodigy | One Shot | Relentless Pressure | Long Ball Pass | Footwork Phenom | Pinged Pass | Whipped Pass+ | Cornerstones | Iron Will,Latium,Serie A Enilive,false,false,750,2000
247789,Merle Frohms,82,GK,,78,83,76,82,49,85,1,3,2,Far Reach | Deflector,0,,0,,8,Intro to Training Camp EVOs I | Intro to Training Camp EVOs II | The Debut | Relentless Pressure | Long Ball Pass | Pinged Pass | Whipped Pass+ | Cornerstones,Real Madrid,Liga F Moeve,true,false,750,1000
264865,Mylène Chavas,82,GK,,80,79,76,84,39,81,1,2,0,,1,Cross Claimer,0,,8,Intro to Training Camp EVOs I | Intro to Training Camp EVOs II | The Debut | Relentless Pressure | Long Ball Pass | Pinged Pass | Whipped Pass+ | Cornerstones,Paris FC,Arkema PL,false,false,750,750
272224,Natalia Ramos,82,CDM,CM,78,74,77,76,78,87,3,3,4,Anticipate | Slide Tackle | Relentless | Bruiser,0,,0,,11,Intro to Rewards EVOs | Rising Guard | Passing Prodigy | One Shot | Complete Connection | Relentless Pressure | Footwork Phenom | Pinged Pass | Whipped Pass+ | Cornerstones | Iron Will,Liverpool,Barclays WSL,true,false,750,750
272007,Paula Fernández,82,CM,CDM | CB,77,74,78,81,78,80,3,5,5,Long Ball Pass | Tiki Taka | Intercept | Anticipate | Relentless,0,,0,,10,Intro to Rewards EVOs | Rising Guard | Passing Prodigy | One Shot | Complete Connection | Footwork Phenom | Pinged Pass | Whipped Pass+ | Cornerstones | Iron Will,Real Sociedad,Liga F Moeve,false,false,750,750
240950,Pedro Gonçalves,82,LM,CAM | LW,72,82,82,83,63,68,4,4,7,Finesse Shot | Dead Ball | Incisive Pass | Tiki Taka | Whipped Pass | Inventive | Technical,0,,0,,8,Intro to Rewards EVOs | Rising Guard | Passing Prodigy | One Shot | Footwork Phenom | Whipped Pass+ | Cornerstones | Iron Will,Fiorentina,Serie A Enilive,false,false,750,750
256095,Perle Morroni,82,LB,LM,84,46,76,79,78,56,4,3,4,Block | Slide Tackle | Technical | Quick Step,0,,0,,10,Intro to Rewards EVOs | Rising Guard | Passing Prodigy | One Shot | Relentless Pressure | Footwork Phenom | Pinged Pass | Whipped Pass+ | Cornerstones | Iron Will,San Diego Wave,NWSL,false,false,750,500
185122,Péter Gulácsi,82,GK,,81,81,71,81,43,85,1,2,1,Footwork,0,,0,,8,Intro to Training Camp EVOs I | Intro to Training Camp EVOs II | The Debut | Relentless Pressure | Long Ball Pass | Pinged Pass | Whipped Pass+ | Cornerstones,Villarreal CF,LALIGA EA SPORTS,false,false,750,2500
213516,Ricardo Horta,82,CAM,LW | RM | CM,78,81,81,82,46,70,3,4,5,Finesse Shot | Power Shot | Pinged Pass | Tiki Taka | First Touch,0,,0,,10,Intro to Rewards EVOs | Rising Guard | Passing Prodigy | One Shot | Complete Connection | Footwork Phenom | Pinged Pass | Whipped Pass+ | Cornerstones | Iron Will,SC Braga,Liga Portugal,false,false,750,750
257711,Riccardo Calafiori,82,LB,CB | CM,71,68,76,77,80,78,3,5,1,Long Ball Pass,0,,0,,13,Intro to Training Camp EVOs II | Intro to Rewards EVOs | Rising Guard | Passing Prodigy | One Shot | Complete Connection | Relentless Pressure | Long Ball Pass | Footwork Phenom | Pinged Pass | Whipped Pass+ | Cornerstones | Iron Will,Arsenal,Premier League,false,true,1100,750
192505,Romelu Lukaku,82,ST,,77,82,75,73,41,78,3,4,1,Power Shot,1,Enforcer,0,,14,Intro to Training Camp EVOs II | Intro to Rewards EVOs | Club Member Reward | Rising Guard | Passing Prodigy | One Shot | Relentless Pressure | Long Ball Pass | Footwork Phenom | Pinged Pass | ST Advanced Forward+ | Whipped Pass+ | Cornerstones | Iron Will,Fenerbahçe,Trendyol Süper Lig,false,false,750,1000
262460,Rosa Márquez,82,CM,CDM | CAM,85,75,79,82,73,75,4,3,5,Finesse Shot | Tiki Taka | Jockey | Press Proven | Bruiser,0,,0,,10,Rising Guard | Cover Athlete | Passing Prodigy | One Shot | Complete Connection | Footwork Phenom | Pinged Pass | Whipped Pass+ | Cornerstones | Iron Will,Sevilla FC,Liga F Moeve,false,false,900,750
244675,Sancet,82,CAM,CM | ST | CDM,75,80,80,84,69,81,4,4,3,Finesse Shot | Technical | First Touch,0,,0,,15,Intro to Training Camp EVOs II | Intro to Rewards EVOs | Club Member Reward | Rising Guard | Passing Prodigy | One Shot | Complete Connection | Relentless Pressure | Long Ball Pass | Footwork Phenom | Pinged Pass | ST Advanced Forward+ | Whipped Pass+ | Cornerstones | Iron Will,Athletic Club,LALIGA EA SPORTS,false,false,750,1500
227776,Sandra Paños,82,GK,,81,78,74,81,56,80,1,3,1,Cross Claimer,0,,0,,8,Intro to Training Camp EVOs I | Intro to Training Camp EVOs II | The Debut | Relentless Pressure | Long Ball Pass | Pinged Pass | Whipped Pass+ | Cornerstones,San Diego Wave,NWSL,false,false,750,
238470,Sara Doorsoun,82,CB,,77,62,73,76,84,82,2,3,3,Long Ball Pass | Block | Slide Tackle,0,,0,,12,Intro to Training Camp EVOs II | Intro to Rewards EVOs | Rising Guard | Passing Prodigy | One Shot | Relentless Pressure | Long Ball Pass | Footwork Phenom | Pinged Pass | Whipped Pass+ | Cornerstones | Iron Will,Frankfurt,GPFBL,false,false,750,1000
254803,Senne Lammens,82,GK,,80,83,77,83,45,82,1,4,2,Long Ball Pass | Footwork,0,,0,,8,Intro to Training Camp EVOs I | Intro to Training Camp EVOs II | The Debut | Relentless Pressure | Long Ball Pass | Pinged Pass | Whipped Pass+ | Cornerstones,Man Utd,Premier League,true,true,2100,750
198176,Stefan de Vrij,82,CB,,66,42,67,69,85,75,2,3,1,Anticipate,0,,0,,12,Intro to Training Camp EVOs II | Intro to Rewards EVOs | Rising Guard | Passing Prodigy | One Shot | Relentless Pressure | Long Ball Pass | Footwork Phenom | Pinged Pass | Whipped Pass+ | Cornerstones | Iron Will,Panathinaikos,Hellas Liga,false,false,750,1000
279015,Victor Froholdt,82,CM,CDM | CAM,79,76,76,81,78,80,3,4,5,Whipped Pass | Block | Anticipate | Press Proven | Relentless,0,,0,,11,Intro to Rewards EVOs | Rising Guard | Cover Athlete | Passing Prodigy | One Shot | Complete Connection | Footwork Phenom | Pinged Pass | Whipped Pass+ | Cornerstones | Iron Will,FC Porto,Liga Portugal,false,false,2200,1000
248550,Vivian,82,CB,RB,76,50,61,68,82,83,2,2,2,Long Ball Pass | Intercept,0,,0,,12,Intro to Training Camp EVOs II | Intro to Rewards EVOs | Rising Guard | Passing Prodigy | One Shot | Relentless Pressure | Long Ball Pass | Footwork Phenom | Pinged Pass | Whipped Pass+ | Cornerstones | Iron Will,Athletic Club,LALIGA EA SPORTS,false,false,2800,7000
264432,Abde,81,LW,LM,89,75,73,84,37,70,4,3,4,Low Driven Shot | Gamechanger | Inventive | Technical,0,,0,,10,Intro to Evolutions | Rising Guard | Passing Prodigy | One Shot | Relentless Pressure | Footwork Phenom | Pinged Pass | Whipped Pass+ | Cornerstones | Iron Will,Real Betis,LALIGA EA SPORTS,false,false,750,500
208787,Adrien Thomasson,81,CM,CDM,57,74,82,80,71,75,3,4,5,Dead Ball | Incisive Pass | Pinged Pass | Whipped Pass | Relentless,0,,0,,11,Intro to Evolutions | Intro to Rewards EVOs | Rising Guard | Passing Prodigy | One Shot | Complete Connection | Footwork Phenom | Pinged Pass | Whipped Pass+ | Cornerstones | Iron Will,Stade Rennais FC,Ligue 1 McDonald's,false,false,500,500
72149,Ainhoa Marín,81,RW,RM | ST,87,76,73,83,41,67,3,3,4,Incisive Pass | Whipped Pass | Technical | Quick Step,0,,0,,12,Intro to Evolutions | Club Member Reward | Rising Guard | Passing Prodigy | One Shot | Relentless Pressure | Footwork Phenom | Pinged Pass | ST Advanced Forward+ | Whipped Pass+ | Cornerstones | Iron Will,Real Sociedad,Liga F Moeve,false,false,500,750
256302,Ainhoa Moraza,81,CB,RB | LB | CDM,83,49,63,67,82,75,3,3,5,Long Ball Pass | Whipped Pass | Jockey | Intercept | Long Throw,0,,0,,10,Intro to Evolutions | Intro to Rewards EVOs | Rising Guard | Passing Prodigy | One Shot | Footwork Phenom | Pinged Pass | Whipped Pass+ | Cornerstones | Iron Will,Real Sociedad,Liga F Moeve,false,false,750,500
267660,Aïssata Traoré,81,ST,CAM,85,78,71,79,42,79,3,3,5,Chip Shot | Aerial Fortress | Technical | Quick Step | Relentless,0,,0,,12,Intro to Evolutions | Club Member Reward | Rising Guard | Cover Athlete | Passing Prodigy | One Shot | Footwork Phenom | Pinged Pass | ST Advanced Forward+ | Whipped Pass+ | Cornerstones | Iron Will,Boston Legacy FC,NWSL,false,false,500,750
210413,Alessio Romagnoli,81,CB,,58,40,56,69,82,82,2,3,1,Aerial Fortress,0,,0,,13,Intro to Evolutions | Intro to Training Camp EVOs II | Intro to Rewards EVOs | Rising Guard | Passing Prodigy | One Shot | Relentless Pressure | Long Ball Pass | Footwork Phenom | Pinged Pass | Whipped Pass+ | Cornerstones | Iron Will,Latium,Serie A Enilive,false,false,500,750
261299,Alex Scott,81,CM,CDM | CAM,68,71,80,82,76,73,3,3,1,Relentless,0,,0,,15,Intro to Evolutions | Intro to Training Camp EVOs II | Intro to Rewards EVOs | Rising Guard | Cover Athlete | Passing Prodigy | One Shot | Complete Connection | Relentless Pressure | Long Ball Pass | Footwork Phenom | Pinged Pass | Whipped Pass+ | Cornerstones | Iron Will,AFC Bournemouth,Premier League,false,true,750,2000
272204,Allegra Poljak,81,LB,LM | RB | LW,80,63,75,74,76,83,4,3,0,,0,,0,,13,Intro to Evolutions | Intro to Training Camp EVOs II | Intro to Rewards EVOs | Rising Guard | Passing Prodigy | One Shot | Relentless Pressure | Long Ball Pass | Footwork Phenom | Pinged Pass | Whipped Pass+ | Cornerstones | Iron Will,Atlético de Madrid,Liga F Moeve,false,false,500,500
216447,Álvaro García,81,LW,LM | ST | CAM,88,77,78,79,51,45,3,4,2,Intercept | Quick Step,0,,0,,14,Intro to Evolutions | Intro to Training Camp EVOs II | Club Member Reward | Rising Guard | Passing Prodigy | One Shot | Relentless Pressure | Long Ball Pass | Footwork Phenom | Pinged Pass | ST Advanced Forward+ | Whipped Pass+ | Cornerstones | Iron Will,Rayo Vallecano,LALIGA EA SPORTS,false,false,500,500
226979,Amanda Ilestedt,81,CB,,63,48,65,63,83,78,2,3,1,Anticipate,0,,0,,13,Intro to Evolutions | Intro to Training Camp EVOs II | Intro to Rewards EVOs | Rising Guard | Passing Prodigy | One Shot | Relentless Pressure | Long Ball Pass | Footwork Phenom | Pinged Pass | Whipped Pass+ | Cornerstones | Iron Will,Frankfurt,GPFBL,false,false,750,750
212523,Anderson Talisca,81,CAM,ST,78,83,80,81,40,73,4,4,5,Finesse Shot | Precision Header | Acrobatic | Low Driven Shot | Gamechanger,0,,0,,13,Intro to Evolutions | Intro to Rewards EVOs | Club Member Reward | Rising Guard | Cover Athlete | Passing Prodigy | One Shot | Footwork Phenom | Pinged Pass | ST Advanced Forward+ | Whipped Pass+ | Cornerstones | Iron Will,Fenerbahçe,Trendyol Süper Lig,false,false,500,750
216354,Andrej Kramarić,81,CAM,ST | CM,67,83,78,84,33,72,4,4,6,Finesse Shot | Chip Shot | Gamechanger | Incisive Pass | Technical | First Touch,0,,0,,11,Intro to Evolutions | Intro to Rewards EVOs | Club Member Reward | Rising Guard | Passing Prodigy | One Shot | Footwork Phenom | ST Advanced Forward+ | Whipped Pass+ | Cornerstones | Iron Will,TSG Hoffenheim,Bundesliga,false,false,500,750
264933,Barbara Dunst,81,CM,LM | CAM | LW,64,71,79,81,74,72,4,3,2,Technical | Relentless,0,,0,,14,Intro to Evolutions | Intro to Training Camp EVOs II | Intro to Rewards EVOs | Rising Guard | Passing Prodigy | One Shot | Complete Connection | Relentless Pressure | Long Ball Pass | Footwork Phenom | Pinged Pass | Whipped Pass+ | Cornerstones | Iron Will,FC Bayern München,GPFBL,true,false,500,750
279699,Claire Hutton,81,CDM,CM | CB,71,69,74,81,78,71,4,4,2,Intercept | Trickster,0,,0,,14,Intro to Evolutions | Intro to Training Camp EVOs II | Intro to Rewards EVOs | Rising Guard | Passing Prodigy | One Shot | Complete Connection | Relentless Pressure | Long Ball Pass | Footwork Phenom | Pinged Pass | Whipped Pass+ | Cornerstones | Iron Will,Bay FC,NWSL,false,false,500,500
243559,De Frutos,81,RW,ST | RM | CAM,82,81,76,81,47,72,4,4,2,First Touch | Quick Step,0,,0,,15,Intro to Evolutions | Intro to Training Camp EVOs II | Intro to Rewards EVOs | Club Member Reward | Rising Guard | Passing Prodigy | One Shot | Relentless Pressure | Long Ball Pass | Footwork Phenom | Pinged Pass | ST Advanced Forward+ | Whipped Pass+ | Cornerstones | Iron Will,Rayo Vallecano,LALIGA EA SPORTS,false,false,750,500
267238,Denise O'Sullivan,81,CM,CDM,82,72,72,79,80,78,3,3,5,Jockey | Block | Intercept | Anticipate | Slide Tackle,0,,0,,11,Intro to Evolutions | Intro to Rewards EVOs | Rising Guard | Passing Prodigy | One Shot | Complete Connection | Footwork Phenom | Pinged Pass | Whipped Pass+ | Cornerstones | Iron Will,Gotham FC,NWSL,false,false,750,750
263139,Dominik Greif,81,GK,,78,76,83,82,24,82,1,3,2,Far Throw | Footwork,0,,0,,8,Intro to Training Camp EVOs I | Intro to Training Camp EVOs II | The Debut | Relentless Pressure | Long Ball Pass | Pinged Pass | Whipped Pass+ | Cornerstones,OL,Ligue 1 McDonald's,false,false,750,750
80028,Dudinha,81,LM,LW,71,73,78,81,41,52,4,3,1,Press Proven,0,,0,,13,Intro to Evolutions | Intro to Training Camp EVOs II | Intro to Rewards EVOs | Rising Guard | Passing Prodigy | One Shot | Relentless Pressure | Long Ball Pass | Footwork Phenom | Pinged Pass | Whipped Pass+ | Cornerstones | Iron Will,San Diego Wave,NWSL,false,false,500,
70415,Estéban Lepaul,81,ST,,76,83,61,78,39,71,3,3,2,Precision Header | Gamechanger,0,,0,,15,Intro to Evolutions | Intro to Training Camp EVOs II | Intro to Rewards EVOs | Club Member Reward | Rising Guard | Passing Prodigy | One Shot | Relentless Pressure | Long Ball Pass | Footwork Phenom | Pinged Pass | ST Advanced Forward+ | Whipped Pass+ | Cornerstones | Iron Will,Stade Rennais FC,Ligue 1 McDonald's,false,false,750,
263964,Filippa Angeldahl,81,CM,CDM | CAM,75,70,79,78,72,73,3,3,3,Incisive Pass | Long Ball Pass | Anticipate,0,,0,,15,Intro to Evolutions | Intro to Training Camp EVOs II | Intro to Rewards EVOs | Rising Guard | Cover Athlete | Passing Prodigy | One Shot | Complete Connection | Relentless Pressure | Long Ball Pass | Footwork Phenom | Pinged Pass | Whipped Pass+ | Cornerstones | Iron Will,Real Madrid,Liga F Moeve,true,false,500,500
226456,Fornals,81,CM,CAM | CDM,66,75,83,80,74,72,4,3,3,Incisive Pass | Tiki Taka | Technical,0,,0,,15,Intro to Evolutions | Intro to Training Camp EVOs II | Intro to Rewards EVOs | Rising Guard | Cover Athlete | Passing Prodigy | One Shot | Complete Connection | Relentless Pressure | Long Ball Pass | Footwork Phenom | Pinged Pass | Whipped Pass+ | Cornerstones | Iron Will,Real Betis,LALIGA EA SPORTS,false,false,500,750
270525,Franziska Kett,81,LB,RB | CM,78,68,76,77,79,71,3,4,1,Technical,0,,0,,14,Intro to Evolutions | Intro to Training Camp EVOs II | Intro to Rewards EVOs | Rising Guard | Passing Prodigy | One Shot | Complete Connection | Relentless Pressure | Long Ball Pass | Footwork Phenom | Pinged Pass | Whipped Pass+ | Cornerstones | Iron Will,FC Bayern München,GPFBL,true,false,500,500
200155,Hans Vanaken,81,CAM,CM | CDM,36,80,85,78,60,79,4,4,6,Precision Header | Incisive Pass | Long Ball Pass | Tiki Taka | Aerial Fortress | First Touch,0,,0,,9,Intro to Evolutions | Intro to Rewards EVOs | Rising Guard | Passing Prodigy | One Shot | Footwork Phenom | Whipped Pass+ | Cornerstones | Iron Will,Club Brugge,1A Pro League,false,false,500,500
192883,Henrikh Mkhitaryan,81,CM,CAM,69,77,81,82,72,72,4,5,2,Tiki Taka | Technical,0,,0,,15,Intro to Evolutions | Intro to Training Camp EVOs II | Intro to Rewards EVOs | Rising Guard | Cover Athlete | Passing Prodigy | One Shot | Complete Connection | Relentless Pressure | Long Ball Pass | Footwork Phenom | Pinged Pass | Whipped Pass+ | Cornerstones | Iron Will,Lombardia FC,Serie A Enilive,false,false,750,750
245839,Hina Sugita,81,CDM,CM,74,78,81,83,77,58,4,5,4,Incisive Pass | Anticipate | Press Proven | Relentless,0,,0,,12,Intro to Evolutions | Intro to Rewards EVOs | Rising Guard | Passing Prodigy | One Shot | Complete Connection | Relentless Pressure | Footwork Phenom | Pinged Pass | Whipped Pass+ | Cornerstones | Iron Will,Angel City FC,NWSL,false,false,500,750
261848,Inês Pereira,81,GK,,80,79,79,81,37,77,1,3,2,Footwork | Cross Claimer,0,,0,,8,Intro to Training Camp EVOs I | Intro to Training Camp EVOs II | The Debut | Relentless Pressure | Long Ball Pass | Pinged Pass | Whipped Pass+ | Cornerstones,RC Deportivo,Liga F Moeve,false,false,750,500
233852,Jackie Groenen,81,CM,CDM | CB,80,66,81,82,72,75,4,4,2,Tiki Taka | Press Proven,0,,0,,14,Intro to Evolutions | Intro to Training Camp EVOs II | Intro to Rewards EVOs | Rising Guard | Passing Prodigy | One Shot | Complete Connection | Relentless Pressure | Long Ball Pass | Footwork Phenom | Pinged Pass | Whipped Pass+ | Cornerstones | Iron Will,Paris SG,Arkema PL,true,false,500,750
265247,Jess Carter,81,CB,RB,55,46,69,66,82,82,2,3,3,Block | Long Throw | Bruiser,0,,0,,13,Intro to Evolutions | Intro to Training Camp EVOs II | Intro to Rewards EVOs | Rising Guard | Passing Prodigy | One Shot | Relentless Pressure | Long Ball Pass | Footwork Phenom | Pinged Pass | Whipped Pass+ | Cornerstones | Iron Will,Gotham FC,NWSL,false,false,500,500
267201,Jess Fishlock,81,CAM,CM,73,77,79,82,73,55,4,4,2,Incisive Pass | Technical,0,,0,,15,Intro to Evolutions | Intro to Training Camp EVOs II | Intro to Rewards EVOs | Rising Guard | Cover Athlete | Passing Prodigy | One Shot | Complete Connection | Relentless Pressure | Long Ball Pass | Footwork Phenom | Pinged Pass | Whipped Pass+ | Cornerstones | Iron Will,Seattle Reign,NWSL,false,false,500,750
227387,Jessie Fleming,81,CM,CDM | RM | RW,83,74,78,82,69,56,4,4,4,Tiki Taka | Block | First Touch | Press Proven,0,,0,,12,Intro to Evolutions | Intro to Rewards EVOs | Rising Guard | Passing Prodigy | One Shot | Complete Connection | Relentless Pressure | Footwork Phenom | Pinged Pass | Whipped Pass+ | Cornerstones | Iron Will,Portland Thorns,NWSL,false,false,500,750
239340,Julian Chabot,81,CB,,50,38,52,56,83,85,2,2,3,Long Ball Pass | Intercept | Aerial Fortress,1,Bruiser,0,,13,Intro to Evolutions | Intro to Training Camp EVOs II | Intro to Rewards EVOs | Rising Guard | Passing Prodigy | One Shot | Relentless Pressure | Long Ball Pass | Footwork Phenom | Pinged Pass | Whipped Pass+ | Cornerstones | Iron Will,VfB Stuttgart,Bundesliga,false,false,750,750
228383,Kamil Grabara,81,GK,,82,79,76,85,42,83,1,3,3,Far Throw | Footwork | Far Reach,0,,0,,8,Intro to Training Camp EVOs I | Intro to Training Camp EVOs II | The Debut | Relentless Pressure | Long Ball Pass | Pinged Pass | Whipped Pass+ | Cornerstones,Juventus,Serie A Enilive,false,false,750,750
237386,Kiernan Dewsbury-Hall,81,CAM,CM | CDM,68,77,82,81,70,71,3,3,1,Incisive Pass,0,,0,,15,Intro to Evolutions | Intro to Training Camp EVOs II | Intro to Rewards EVOs | Rising Guard | Cover Athlete | Passing Prodigy | One Shot | Complete Connection | Relentless Pressure | Long Ball Pass | Footwork Phenom | Pinged Pass | Whipped Pass+ | Cornerstones | Iron Will,Everton,Premier League,false,true,750,750
269136,Kobbie Mainoo,81,CDM,CM,66,70,77,83,78,75,3,3,2,Finesse Shot | Press Proven,0,,0,,14,Intro to Evolutions | Intro to Training Camp EVOs II | Intro to Rewards EVOs | Rising Guard | Passing Prodigy | One Shot | Complete Connection | Relentless Pressure | Long Ball Pass | Footwork Phenom | Pinged Pass | Whipped Pass+ | Cornerstones | Iron Will,Man Utd,Premier League,true,true,750,750
207439,Leandro Paredes,81,CM,CDM,70,70,84,79,74,81,4,4,2,Long Ball Pass | Tiki Taka,0,,0,,14,Intro to Evolutions | Intro to Training Camp EVOs II | Intro to Rewards EVOs | Rising Guard | Passing Prodigy | One Shot | Complete Connection | Relentless Pressure | Long Ball Pass | Footwork Phenom | Pinged Pass | Whipped Pass+ | Cornerstones | Iron Will,Boca Juniors,LPF,false,false,500,500
246059,Lizbeth Ovalle,81,RM,RW | LM | LW,72,82,78,81,53,54,3,3,2,Technical | First Touch,0,,0,,13,Intro to Evolutions | Intro to Training Camp EVOs II | Intro to Rewards EVOs | Rising Guard | Passing Prodigy | One Shot | Relentless Pressure | Long Ball Pass | Footwork Phenom | Pinged Pass | Whipped Pass+ | Cornerstones | Iron Will,Orlando Pride,NWSL,false,false,500,500
223959,Lucas Torreira,81,CDM,CM,72,72,78,75,78,76,3,3,6,Long Ball Pass | Tiki Taka | Jockey | Anticipate | Slide Tackle | Relentless,0,,0,,9,Intro to Evolutions | Intro to Rewards EVOs | Rising Guard | Passing Prodigy | One Shot | Footwork Phenom | Whipped Pass+ | Cornerstones | Iron Will,Galatasaray,Trendyol Süper Lig,false,false,750,1000
242201,Luis Milla,81,CM,CDM,68,73,84,78,77,76,3,3,5,Dead Ball | Long Ball Pass | Tiki Taka | Press Proven | Relentless,0,,0,,11,Intro to Evolutions | Intro to Rewards EVOs | Rising Guard | Passing Prodigy | One Shot | Complete Connection | Footwork Phenom | Pinged Pass | Whipped Pass+ | Cornerstones | Iron Will,Como,Serie A Enilive,false,false,500,500
275192,Luka Vušković,81,CB,,54,62,62,65,83,82,2,3,4,Precision Header | Acrobatic | Long Ball Pass | Aerial Fortress,0,,0,,11,Intro to Evolutions | Intro to Rewards EVOs | Rising Guard | Passing Prodigy | One Shot | Relentless Pressure | Footwork Phenom | Pinged Pass | Whipped Pass+ | Cornerstones | Iron Will,Brighton,Premier League,false,true,500,
227925,Mackenzie Arnold,81,GK,,80,77,77,81,51,80,1,2,2,Cross Claimer | Far Reach,0,,0,,8,Intro to Training Camp EVOs I | Intro to Training Camp EVOs II | The Debut | Relentless Pressure | Long Ball Pass | Pinged Pass | Whipped Pass+ | Cornerstones,Portland Thorns,NWSL,false,false,750,500
264862,Maghnes Akliouche,81,CAM,RM | CM | RW,74,72,80,84,48,62,4,3,2,Inventive | Technical,0,,0,,14,Intro to Evolutions | Intro to Training Camp EVOs II | Intro to Rewards EVOs | Rising Guard | Passing Prodigy | One Shot | Complete Connection | Relentless Pressure | Long Ball Pass | Footwork Phenom | Pinged Pass | Whipped Pass+ | Cornerstones | Iron Will,Paris SG,Ligue 1 McDonald's,true,false,500,750
256261,Malick Thiaw,81,CB,,70,47,70,71,82,80,2,4,2,Precision Header | Aerial Fortress,0,,0,,13,Intro to Evolutions | Intro to Training Camp EVOs II | Intro to Rewards EVOs | Rising Guard | Passing Prodigy | One Shot | Relentless Pressure | Long Ball Pass | Footwork Phenom | Pinged Pass | Whipped Pass+ | Cornerstones | Iron Will,Newcastle Utd,Premier League,false,true,750,750
167495,Manuel Neuer,81,GK,,80,80,87,78,31,82,1,4,3,Pinged Pass | Long Ball Pass | Far Reach,1,Far Throw,0,,8,Intro to Training Camp EVOs I | Intro to Training Camp EVOs II | The Debut | Relentless Pressure | Long Ball Pass | Pinged Pass | Whipped Pass+ | Cornerstones,FC Bayern München,Bundesliga,true,false,750,5000
236496,Mattéo Guendouzi,81,CDM,CM,72,73,79,80,77,79,4,3,5,Incisive Pass | Jockey | Block | First Touch | Relentless,0,,0,,11,Intro to Evolutions | Intro to Rewards EVOs | Rising Guard | Passing Prodigy | One Shot | Complete Connection | Footwork Phenom | Pinged Pass | Whipped Pass+ | Cornerstones | Iron Will,Fenerbahçe,Trendyol Süper Lig,false,false,500,750
229236,Matthieu Udol,81,LB,LM,70,61,76,76,79,84,2,3,5,Whipped Pass | Jockey | Intercept | Relentless | Long Throw,0,,0,,10,Intro to Evolutions | Intro to Rewards EVOs | Rising Guard | Passing Prodigy | One Shot | Footwork Phenom | Pinged Pass | Whipped Pass+ | Cornerstones | Iron Will,RC Lens,Ligue 1 McDonald's,false,false,750,1000
199641,Matz Sels,81,GK,,82,79,78,82,44,81,1,2,2,1v1 Close Down | Far Reach,0,,0,,8,Intro to Training Camp EVOs I | Intro to Training Camp EVOs II | The Debut | Relentless Pressure | Long Ball Pass | Pinged Pass | Whipped Pass+ | Cornerstones,Nott'm Forest,Premier League,false,true,750,1000
241509,Mauro Júnior,81,LB,CDM | RB | LM,83,66,76,82,76,60,4,3,5,Tiki Taka | Whipped Pass | Inventive | First Touch | Press Proven,0,,0,,10,Intro to Evolutions | Intro to Rewards EVOs | Rising Guard | Passing Prodigy | One Shot | Footwork Phenom | Pinged Pass | Whipped Pass+ | Cornerstones | Iron Will,PSV,Eredivisie,false,false,500,750
254117,Maximilian Beier,81,CAM,ST | LM | LW,86,80,74,81,56,65,3,3,5,Finesse Shot | First Touch | Quick Step | Relentless | Long Throw,0,,0,,11,Intro to Evolutions | Club Member Reward | Rising Guard | Passing Prodigy | One Shot | Footwork Phenom | Pinged Pass | ST Advanced Forward+ | Whipped Pass+ | Cornerstones | Iron Will,Borussia Dortmund,Bundesliga,false,false,500,750
276825,Melween N'Dongala,81,RB,RM,83,40,67,78,80,75,3,3,2,Intercept | Bruiser,0,,0,,13,Intro to Evolutions | Intro to Training Camp EVOs II | Intro to Rewards EVOs | Rising Guard | Passing Prodigy | One Shot | Relentless Pressure | Long Ball Pass | Footwork Phenom | Pinged Pass | Whipped Pass+ | Cornerstones | Iron Will,Paris FC,Arkema PL,false,false,500,500
277869,Michael Kayode,81,RB,RM,81,49,72,76,78,80,3,3,2,Jockey | Relentless,1,Long Throw,0,,13,Intro to Evolutions | Intro to Training Camp EVOs II | Intro to Rewards EVOs | Rising Guard | Passing Prodigy | One Shot | Relentless Pressure | Long Ball Pass | Footwork Phenom | Pinged Pass | Whipped Pass+ | Cornerstones | Iron Will,Brentford,Premier League,false,true,750,1000
232363,Milan Škriniar,81,CB,,54,52,60,65,83,82,2,2,2,Jockey | Bruiser,0,,0,,13,Intro to Evolutions | Intro to Training Camp EVOs II | Intro to Rewards EVOs | Rising Guard | Passing Prodigy | One Shot | Relentless Pressure | Long Ball Pass | Footwork Phenom | Pinged Pass | Whipped Pass+ | Cornerstones | Iron Will,Fenerbahçe,Trendyol Süper Lig,false,false,500,750
263012,Millie Turner,81,CB,,52,50,63,65,84,77,2,4,2,Block | Aerial Fortress,0,,0,,13,Intro to Evolutions | Intro to Training Camp EVOs II | Intro to Rewards EVOs | Rising Guard | Passing Prodigy | One Shot | Relentless Pressure | Long Ball Pass | Footwork Phenom | Pinged Pass | Whipped Pass+ | Cornerstones | Iron Will,Birmingham City,Barclays WSL,false,false,500,750
245155,Mohammed Kudus,81,RM,RW | ST | CAM,88,76,74,86,60,74,4,3,2,Inventive | First Touch,0,,0,,14,Intro to Evolutions | Intro to Training Camp EVOs II | Club Member Reward | Rising Guard | Passing Prodigy | One Shot | Relentless Pressure | Long Ball Pass | Footwork Phenom | Pinged Pass | ST Advanced Forward+ | Whipped Pass+ | Cornerstones | Iron Will,Spurs,Premier League,false,true,750,1000
225859,Moussa Niakhaté,81,CB,,68,49,65,64,82,81,2,3,4,Jockey | Anticipate | Aerial Fortress | Bruiser,1,Long Throw,0,,11,Intro to Evolutions | Intro to Rewards EVOs | Rising Guard | Passing Prodigy | One Shot | Relentless Pressure | Footwork Phenom | Pinged Pass | Whipped Pass+ | Cornerstones | Iron Will,OL,Ligue 1 McDonald's,false,false,500,500
269701,Nathaniel Brown,81,LB,LM,90,60,76,83,73,59,4,3,4,Inventive | Anticipate | Slide Tackle | Quick Step,0,,0,,10,Intro to Evolutions | Rising Guard | Passing Prodigy | One Shot | Relentless Pressure | Footwork Phenom | Pinged Pass | Whipped Pass+ | Cornerstones | Iron Will,FC Bayern München,Bundesliga,true,false,3200,500
259334,Nerea Eizagirre,81,CM,LM | ST | CDM,81,84,80,82,62,75,4,3,5,Finesse Shot | Dead Ball | Pinged Pass | Inventive | First Touch,0,,0,,13,Intro to Evolutions | Intro to Rewards EVOs | Club Member Reward | Rising Guard | Passing Prodigy | One Shot | Complete Connection | Footwork Phenom | Pinged Pass | ST Advanced Forward+ | Whipped Pass+ | Cornerstones | Iron Will,Real Sociedad,Liga F Moeve,false,false,500,750
255069,Nico González,81,CDM,CM,65,70,79,77,78,77,3,2,0,,0,,0,,14,Intro to Evolutions | Intro to Training Camp EVOs II | Intro to Rewards EVOs | Rising Guard | Passing Prodigy | One Shot | Complete Connection | Relentless Pressure | Long Ball Pass | Footwork Phenom | Pinged Pass | Whipped Pass+ | Cornerstones | Iron Will,Newcastle Utd,Premier League,false,true,750,750
257876,Nicolas Seiwald,81,CDM,CM | CB,78,62,77,74,80,79,2,3,3,Intercept | Anticipate | Press Proven,0,,0,,14,Intro to Evolutions | Intro to Training Camp EVOs II | Intro to Rewards EVOs | Rising Guard | Passing Prodigy | One Shot | Complete Connection | Relentless Pressure | Long Ball Pass | Footwork Phenom | Pinged Pass | Whipped Pass+ | Cornerstones | Iron Will,RB Leipzig,Bundesliga,false,false,500,500
226166,Nordi Mukiele,81,RB,CB | CDM,71,50,71,73,81,80,3,3,1,Long Throw,0,,0,,13,Intro to Evolutions | Intro to Training Camp EVOs II | Intro to Rewards EVOs | Rising Guard | Passing Prodigy | One Shot | Relentless Pressure | Long Ball Pass | Footwork Phenom | Pinged Pass | Whipped Pass+ | Cornerstones | Iron Will,Sunderland,Premier League,false,true,750,500
276552,Olivia Smith,81,RM,LM | RW | LW,84,79,74,83,25,69,4,4,2,Finesse Shot | Technical,0,,0,,13,Intro to Evolutions | Intro to Training Camp EVOs II | Intro to Rewards EVOs | Rising Guard | Passing Prodigy | One Shot | Relentless Pressure | Long Ball Pass | Footwork Phenom | Pinged Pass | Whipped Pass+ | Cornerstones | Iron Will,Arsenal,Barclays WSL,false,false,500,750
240359,Omar Alderete,81,CB,,58,61,63,70,81,80,2,3,2,Long Ball Pass | Aerial Fortress,0,,0,,13,Intro to Evolutions | Intro to Training Camp EVOs II | Intro to Rewards EVOs | Rising Guard | Passing Prodigy | One Shot | Relentless Pressure | Long Ball Pass | Footwork Phenom | Pinged Pass | Whipped Pass+ | Cornerstones | Iron Will,Sunderland,Premier League,false,true,500,500
264884,Paulina Dudek,81,CB,,59,46,62,68,85,75,2,2,4,Long Ball Pass | Intercept | Anticipate | Aerial Fortress,0,,0,,11,Intro to Evolutions | Intro to Rewards EVOs | Rising Guard | Passing Prodigy | One Shot | Relentless Pressure | Footwork Phenom | Pinged Pass | Whipped Pass+ | Cornerstones | Iron Will,Paris SG,Arkema PL,true,false,500,750
246630,Rasheedat Ajibade,81,RM,LM | LW | RW,87,79,73,85,37,76,4,4,3,Rapid | Quick Step | Relentless,0,,0,,12,Intro to Evolutions | Intro to Training Camp EVOs II | Rising Guard | Passing Prodigy | One Shot | Relentless Pressure | Long Ball Pass | Footwork Phenom | Pinged Pass | Whipped Pass+ | Cornerstones | Iron Will,Paris SG,Arkema PL,true,false,1100,
246414,Rebecca Knaak,81,CB,,62,57,68,68,83,77,2,3,1,Precision Header,0,,0,,13,Intro to Evolutions | Intro to Training Camp EVOs II | Intro to Rewards EVOs | Rising Guard | Passing Prodigy | One Shot | Relentless Pressure | Long Ball Pass | Footwork Phenom | Pinged Pass | Whipped Pass+ | Cornerstones | Iron Will,Manchester City,Barclays WSL,true,false,500,750
202024,Remo Freuler,81,CDM,CM,48,72,77,77,78,71,4,3,0,,0,,0,,14,Intro to Evolutions | Intro to Training Camp EVOs II | Intro to Rewards EVOs | Rising Guard | Passing Prodigy | One Shot | Complete Connection | Relentless Pressure | Long Ball Pass | Footwork Phenom | Pinged Pass | Whipped Pass+ | Cornerstones | Iron Will,Olympiacos FC,Hellas Liga,false,false,500,500
233486,Robin Le Normand,81,CB,,66,31,60,63,81,80,2,3,1,Aerial Fortress,0,,0,,13,Intro to Evolutions | Intro to Training Camp EVOs II | Intro to Rewards EVOs | Rising Guard | Passing Prodigy | One Shot | Relentless Pressure | Long Ball Pass | Footwork Phenom | Pinged Pass | Whipped Pass+ | Cornerstones | Iron Will,Atlético de Madrid,LALIGA EA SPORTS,false,false,750,750
263798,Robin Roefs,81,GK,,81,79,77,83,54,81,1,3,1,Footwork,0,,0,,8,Intro to Training Camp EVOs I | Intro to Training Camp EVOs II | The Debut | Relentless Pressure | Long Ball Pass | Pinged Pass | Whipped Pass+ | Cornerstones,Sunderland,Premier League,false,true,1500,4500
268262,Rosemonde Kouassi,81,RM,LM | RW | LW,94,79,73,79,37,59,4,4,1,Rapid,1,Quick Step,0,,12,Intro to Evolutions | Intro to Training Camp EVOs II | Rising Guard | Passing Prodigy | One Shot | Relentless Pressure | Long Ball Pass | Footwork Phenom | Pinged Pass | Whipped Pass+ | Cornerstones | Iron Will,Washington Spirit,NWSL,false,false,2200,1500
227344,Sandie Toletti,81,CM,CDM | CAM | CB,77,76,83,80,71,76,4,3,2,Incisive Pass | Press Proven,0,,0,,14,Intro to Evolutions | Intro to Training Camp EVOs II | Intro to Rewards EVOs | Rising Guard | Passing Prodigy | One Shot | Complete Connection | Relentless Pressure | Long Ball Pass | Footwork Phenom | Pinged Pass | Whipped Pass+ | Cornerstones | Iron Will,Real Madrid,Liga F Moeve,true,false,750,750
264903,Sarah Zadrazil,81,CDM,CM,64,69,73,80,75,82,4,3,4,Incisive Pass | Press Proven | Relentless | Bruiser,0,,0,,12,Intro to Evolutions | Intro to Rewards EVOs | Rising Guard | Passing Prodigy | One Shot | Complete Connection | Relentless Pressure | Footwork Phenom | Pinged Pass | Whipped Pass+ | Cornerstones | Iron Will,FC Bayern München,GPFBL,true,false,500,750
266996,Sofia Cantore,81,ST,CAM,82,80,76,81,42,65,3,3,6,Finesse Shot | Chip Shot | Power Shot | Acrobatic | Tiki Taka | Technical,0,,0,,11,Intro to Evolutions | Intro to Rewards EVOs | Club Member Reward | Rising Guard | Passing Prodigy | One Shot | Footwork Phenom | ST Advanced Forward+ | Whipped Pass+ | Cornerstones | Iron Will,Washington Spirit,NWSL,false,false,500,500
200104,Son Heung Min,81,ST,LW | CAM | LM,81,81,79,80,41,74,4,5,4,Finesse Shot | Dead Ball | Gamechanger | Whipped Pass,0,,0,,13,Intro to Evolutions | Intro to Rewards EVOs | Club Member Reward | Rising Guard | Passing Prodigy | One Shot | Relentless Pressure | Footwork Phenom | Pinged Pass | ST Advanced Forward+ | Whipped Pass+ | Cornerstones | Iron Will,LAFC,MLS,false,false,2200,10000
223710,Vedat Muriqi,81,ST,,62,83,66,71,33,83,3,4,3,Power Shot | Precision Header | Enforcer,0,,0,,15,Intro to Evolutions | Intro to Training Camp EVOs II | Intro to Rewards EVOs | Club Member Reward | Rising Guard | Passing Prodigy | One Shot | Relentless Pressure | Long Ball Pass | Footwork Phenom | Pinged Pass | ST Advanced Forward+ | Whipped Pass+ | Cornerstones | Iron Will,Fenerbahçe,Trendyol Süper Lig,false,false,500,500
186153,Wojciech Szczęsny,81,GK,,78,79,74,81,36,82,1,3,0,,0,,0,,8,Intro to Training Camp EVOs I | Intro to Training Camp EVOs II | The Debut | Relentless Pressure | Long Ball Pass | Pinged Pass | Whipped Pass+ | Cornerstones,FC Barcelona,LALIGA EA SPORTS,true,false,750,3000
243771,Abby Smith,80,GK,,75,79,70,82,39,83,1,2,2,Footwork | 1v1 Close Down,0,,0,,8,Intro to Training Camp EVOs I | Intro to Training Camp EVOs II | The Debut | Relentless Pressure | Long Ball Pass | Pinged Pass | Whipped Pass+ | Cornerstones,Denver Summit FC,NWSL,false,false,500,500
256769,Adrien Truffert,80,LB,LM,83,57,73,75,76,73,3,3,3,Whipped Pass | Intercept | Relentless,0,,0,,13,Intro to Evolutions | Intro to Training Camp EVOs II | Intro to Rewards EVOs | Rising Guard | Passing Prodigy | One Shot | Relentless Pressure | Long Ball Pass | Footwork Phenom | Pinged Pass | Whipped Pass+ | Cornerstones | Iron Will,AFC Bournemouth,Premier League,false,true,500,500
272153,Ainoa,80,CM,CDM | CB,71,76,76,76,74,67,3,2,4,Precision Header | Tiki Taka | Intercept | Aerial Fortress,0,,0,,12,Intro to Evolutions | Intro to Rewards EVOs | Rising Guard | Passing Prodigy | One Shot | Complete Connection | Relentless Pressure | Footwork Phenom | Pinged Pass | Whipped Pass+ | Cornerstones | Iron Will,Real Sociedad,Liga F Moeve,false,false,500,750
260599,Alan Varela,80,CDM,CM,69,65,75,76,77,80,3,3,3,Block | Slide Tackle | Press Proven,0,,0,,14,Intro to Evolutions | Intro to Training Camp EVOs II | Intro to Rewards EVOs | Rising Guard | Passing Prodigy | One Shot | Complete Connection | Relentless Pressure | Long Ball Pass | Footwork Phenom | Pinged Pass | Whipped Pass+ | Cornerstones | Iron Will,FC Porto,Liga Portugal,false,false,500,500
265092,Alice Sombath,80,CB,RB | CM,70,37,64,66,82,72,2,3,2,Long Ball Pass | Intercept,0,,0,,14,Intro to Evolutions | Intro to Training Camp EVOs II | Intro to Rewards EVOs | Rising Guard | Passing Prodigy | One Shot | Complete Connection | Relentless Pressure | Long Ball Pass | Footwork Phenom | Pinged Pass | Whipped Pass+ | Cornerstones | Iron Will,Spurs,Barclays WSL,false,false,500,500
226335,Alyssa Naeher,80,GK,,79,80,83,76,46,86,1,3,1,Deflector,1,Far Throw,0,,8,Intro to Training Camp EVOs I | Intro to Training Camp EVOs II | The Debut | Relentless Pressure | Long Ball Pass | Pinged Pass | Whipped Pass+ | Cornerstones,Chicago Stars FC,NWSL,false,false,750,750
269811,Anaële Le Moguédec,80,CM,CAM | CDM,88,68,77,82,65,70,3,3,1,Intercept,0,,0,,13,Intro to Evolutions | Intro to Training Camp EVOs II | Rising Guard | Passing Prodigy | One Shot | Complete Connection | Relentless Pressure | Long Ball Pass | Footwork Phenom | Pinged Pass | Whipped Pass+ | Cornerstones | Iron Will,Paris FC,Arkema PL,false,false,500,500
258966,Andrea Cambiaso,80,LB,RB | LM | RM,80,72,78,80,74,72,3,4,3,Whipped Pass | Jockey | Quick Step,0,,0,,13,Intro to Evolutions | Intro to Training Camp EVOs II | Intro to Rewards EVOs | Rising Guard | Passing Prodigy | One Shot | Relentless Pressure | Long Ball Pass | Footwork Phenom | Pinged Pass | Whipped Pass+ | Cornerstones | Iron Will,Juventus,Serie A Enilive,false,false,500,500
260952,Andreas Schjelderup,80,LW,LM,81,75,75,82,42,59,3,4,5,Finesse Shot | Incisive Pass | Technical | First Touch | Quick Step,0,,0,,10,Intro to Evolutions | Intro to Rewards EVOs | Rising Guard | Passing Prodigy | One Shot | Footwork Phenom | Pinged Pass | Whipped Pass+ | Cornerstones | Iron Will,SL Benfica,Liga Portugal,false,false,500,1500
246287,Ángela Sosa,80,CM,CDM | RM | RW,77,78,84,82,64,77,4,3,4,Finesse Shot | Dead Ball | Pinged Pass | Long Ball Pass,0,,0,,12,Intro to Evolutions | Intro to Rewards EVOs | Rising Guard | Passing Prodigy | One Shot | Complete Connection | Relentless Pressure | Footwork Phenom | Pinged Pass | Whipped Pass+ | Cornerstones | Iron Will,Madrid CFF,Liga F Moeve,false,false,500,500
279811,Avery Patterson,80,RB,RM | LB | RW,68,66,75,79,79,66,3,3,1,Intercept,0,,0,,13,Intro to Evolutions | Intro to Training Camp EVOs II | Intro to Rewards EVOs | Rising Guard | Passing Prodigy | One Shot | Relentless Pressure | Long Ball Pass | Footwork Phenom | Pinged Pass | Whipped Pass+ | Cornerstones | Iron Will,Houston Dash,NWSL,false,false,500,500
190674,Benjamin André,80,CDM,CM,54,64,73,76,79,83,3,3,4,Precision Header | Long Ball Pass | Intercept | Aerial Fortress,0,,0,,12,Intro to Evolutions | Intro to Rewards EVOs | Rising Guard | Passing Prodigy | One Shot | Complete Connection | Relentless Pressure | Footwork Phenom | Pinged Pass | Whipped Pass+ | Cornerstones | Iron Will,LOSC Lille,Ligue 1 McDonald's,false,false,500,750
240913,Caoimhín Kelleher,80,GK,,80,77,79,82,51,80,1,4,1,Footwork,0,,0,,8,Intro to Training Camp EVOs I | Intro to Training Camp EVOs II | The Debut | Relentless Pressure | Long Ball Pass | Pinged Pass | Whipped Pass+ | Cornerstones,Brentford,Premier League,false,true,750,750
272500,Carlos Baleba,80,CDM,CM,74,70,76,79,78,78,3,3,3,Power Shot | Intercept | Technical,0,,0,,14,Intro to Evolutions | Intro to Training Camp EVOs II | Intro to Rewards EVOs | Rising Guard | Passing Prodigy | One Shot | Complete Connection | Relentless Pressure | Long Ball Pass | Footwork Phenom | Pinged Pass | Whipped Pass+ | Cornerstones | Iron Will,Man Utd,Premier League,true,true,500,750
270728,Carlos Romero,80,LB,LM,81,75,77,80,77,74,3,4,4,Whipped Pass | Jockey | Block | Anticipate,0,,0,,11,Intro to Evolutions | Intro to Rewards EVOs | Rising Guard | Passing Prodigy | One Shot | Relentless Pressure | Footwork Phenom | Pinged Pass | Whipped Pass+ | Cornerstones | Iron Will,Villarreal CF,LALIGA EA SPORTS,false,false,750,500
250954,Chris Richards,80,CB,,65,27,60,66,81,78,2,3,2,Aerial Fortress | Long Throw,0,,0,,13,Intro to Evolutions | Intro to Training Camp EVOs II | Intro to Rewards EVOs | Rising Guard | Passing Prodigy | One Shot | Relentless Pressure | Long Ball Pass | Footwork Phenom | Pinged Pass | Whipped Pass+ | Cornerstones | Iron Will,Crystal Palace,Premier League,false,true,500,500
267200,Claudia Dickey,80,GK,,77,78,75,81,37,83,1,2,0,,0,,0,,8,Intro to Training Camp EVOs I | Intro to Training Camp EVOs II | The Debut | Relentless Pressure | Long Ball Pass | Pinged Pass | Whipped Pass+ | Cornerstones,Seattle Reign,NWSL,false,false,750,500
231736,Danielle Colaprico,80,CM,CDM,81,76,77,81,74,68,3,4,1,Anticipate,0,,0,,14,Intro to Evolutions | Intro to Training Camp EVOs II | Intro to Rewards EVOs | Rising Guard | Passing Prodigy | One Shot | Complete Connection | Relentless Pressure | Long Ball Pass | Footwork Phenom | Pinged Pass | Whipped Pass+ | Cornerstones | Iron Will,Houston Dash,NWSL,false,false,500,750
186146,Danny Welbeck,80,ST,,54,82,73,77,45,77,3,4,3,Tiki Taka | Press Proven | Enforcer,0,,0,,15,Intro to Evolutions | Intro to Training Camp EVOs II | Intro to Rewards EVOs | Club Member Reward | Rising Guard | Passing Prodigy | One Shot | Relentless Pressure | Long Ball Pass | Footwork Phenom | Pinged Pass | ST Advanced Forward+ | Whipped Pass+ | Cornerstones | Iron Will,Chelsea,Premier League,false,true,750,1000
264963,Daphné Corboz,80,CDM,CM,69,75,79,82,75,79,3,4,3,Incisive Pass | Block | Anticipate,0,,0,,14,Intro to Evolutions | Intro to Training Camp EVOs II | Intro to Rewards EVOs | Rising Guard | Passing Prodigy | One Shot | Complete Connection | Relentless Pressure | Long Ball Pass | Footwork Phenom | Pinged Pass | Whipped Pass+ | Cornerstones | Iron Will,Paris FC,Arkema PL,false,false,500,500
239807,Davide Frattesi,80,CM,CAM,80,77,77,80,73,74,3,4,0,,0,,0,,15,Intro to Evolutions | Intro to Training Camp EVOs II | Intro to Rewards EVOs | Rising Guard | Cover Athlete | Passing Prodigy | One Shot | Complete Connection | Relentless Pressure | Long Ball Pass | Footwork Phenom | Pinged Pass | Whipped Pass+ | Cornerstones | Iron Will,Latium,Serie A Enilive,false,false,500,750
272257,Elba Vergés,80,CB,,65,61,67,68,81,78,2,1,4,Precision Header | Long Ball Pass | Block | Aerial Fortress,0,,0,,11,Intro to Evolutions | Intro to Rewards EVOs | Rising Guard | Passing Prodigy | One Shot | Relentless Pressure | Footwork Phenom | Pinged Pass | Whipped Pass+ | Cornerstones | Iron Will,C. Adeje Tenerife,Liga F Moeve,false,false,500,750
255303,Elia Caprile,80,GK,,79,76,76,85,51,80,1,3,1,Footwork,0,,0,,8,Intro to Training Camp EVOs I | Intro to Training Camp EVOs II | The Debut | Relentless Pressure | Long Ball Pass | Pinged Pass | Whipped Pass+ | Cornerstones,Cagliari,Serie A Enilive,false,false,750,500
226162,Emiliano Buendía,80,LM,CAM | LW | CM,65,78,81,84,66,60,4,4,1,Technical,0,,0,,14,Intro to Evolutions | Intro to Training Camp EVOs II | Intro to Rewards EVOs | Rising Guard | Passing Prodigy | One Shot | Complete Connection | Relentless Pressure | Long Ball Pass | Footwork Phenom | Pinged Pass | Whipped Pass+ | Cornerstones | Iron Will,Aston Villa,Premier League,false,true,500,500
71494,Emma Sears,80,RM,RW,89,72,75,78,44,68,3,3,3,Whipped Pass | Aerial Fortress | Rapid,0,,0,,12,Intro to Evolutions | Intro to Training Camp EVOs II | Rising Guard | Passing Prodigy | One Shot | Relentless Pressure | Long Ball Pass | Footwork Phenom | Pinged Pass | Whipped Pass+ | Cornerstones | Iron Will,Rac. Louisville,NWSL,false,false,500,500
246350,Enzo Le Fée,80,CAM,LM | CM | LW,64,72,81,82,69,64,4,3,4,Incisive Pass | Pinged Pass | Technical | First Touch,0,,0,,12,Intro to Evolutions | Intro to Rewards EVOs | Rising Guard | Passing Prodigy | One Shot | Complete Connection | Relentless Pressure | Footwork Phenom | Pinged Pass | Whipped Pass+ | Cornerstones | Iron Will,Sunderland,Premier League,false,true,500,500
76687,Estêvão,80,RM,RW,89,76,75,84,33,57,4,3,4,Finesse Shot | Inventive | Technical | Quick Step,0,,0,,10,Intro to Evolutions | Rising Guard | Passing Prodigy | One Shot | Relentless Pressure | Footwork Phenom | Pinged Pass | Whipped Pass+ | Cornerstones | Iron Will,Chelsea,Premier League,false,true,750,1000
228630,Esther Sullastres,80,GK,,79,79,77,75,48,81,1,3,2,Far Throw | Footwork,0,,0,,8,Intro to Training Camp EVOs I | Intro to Training Camp EVOs II | The Debut | Relentless Pressure | Long Ball Pass | Pinged Pass | Whipped Pass+ | Cornerstones,Sevilla FC,Liga F Moeve,false,false,750,750
235735,Ethan Ampadu,80,CDM,CM,68,55,75,73,78,79,2,4,4,Long Ball Pass | Aerial Fortress | Press Proven | Long Throw,0,,0,,12,Intro to Evolutions | Intro to Rewards EVOs | Rising Guard | Passing Prodigy | One Shot | Complete Connection | Relentless Pressure | Footwork Phenom | Pinged Pass | Whipped Pass+ | Cornerstones | Iron Will,Leeds United,Premier League,false,true,500,500
235805,Federico Chiesa,80,RM,ST | RW,87,79,75,83,44,68,4,4,3,Finesse Shot | Rapid | Quick Step,0,,0,,14,Intro to Evolutions | Intro to Training Camp EVOs II | Club Member Reward | Rising Guard | Passing Prodigy | One Shot | Relentless Pressure | Long Ball Pass | Footwork Phenom | Pinged Pass | ST Advanced Forward+ | Whipped Pass+ | Cornerstones | Iron Will,Liverpool,Premier League,true,true,4400,9500
235152,Ferdi Kadıoğlu,80,LB,RB | CM,79,68,76,80,76,67,3,4,2,Jockey | Relentless,0,,0,,14,Intro to Evolutions | Intro to Training Camp EVOs II | Intro to Rewards EVOs | Rising Guard | Passing Prodigy | One Shot | Complete Connection | Relentless Pressure | Long Ball Pass | Footwork Phenom | Pinged Pass | Whipped Pass+ | Cornerstones | Iron Will,Brighton,Premier League,false,true,750,750
247463,Folarin Balogun,80,ST,,84,80,63,78,24,71,3,4,1,Acrobatic,0,,0,,15,Intro to Evolutions | Intro to Training Camp EVOs II | Intro to Rewards EVOs | Club Member Reward | Rising Guard | Passing Prodigy | One Shot | Relentless Pressure | Long Ball Pass | Footwork Phenom | Pinged Pass | ST Advanced Forward+ | Whipped Pass+ | Cornerstones | Iron Will,AS Monaco,Ligue 1 McDonald's,false,false,750,750
258729,Gabri Veiga,80,CM,CAM,76,77,79,80,62,73,4,4,5,Low Driven Shot | Gamechanger | Incisive Pass | Tiki Taka | First Touch,0,,0,,12,Intro to Evolutions | Intro to Rewards EVOs | Rising Guard | Cover Athlete | Passing Prodigy | One Shot | Complete Connection | Footwork Phenom | Pinged Pass | Whipped Pass+ | Cornerstones | Iron Will,FC Porto,Liga Portugal,false,false,500,500
270571,Gabriel Sara,80,CM,CDM | CAM,79,75,83,81,68,76,4,4,4,Power Shot | Dead Ball | Incisive Pass | Inventive,0,,0,,13,Intro to Evolutions | Intro to Rewards EVOs | Rising Guard | Cover Athlete | Passing Prodigy | One Shot | Complete Connection | Relentless Pressure | Footwork Phenom | Pinged Pass | Whipped Pass+ | Cornerstones | Iron Will,Galatasaray,Trendyol Süper Lig,false,false,500,750
257179,Gonçalo Inácio,80,CB,,76,37,71,73,81,81,2,2,5,Precision Header | Pinged Pass | Long Ball Pass | Jockey | Aerial Fortress,0,,0,,10,Intro to Evolutions | Intro to Rewards EVOs | Rising Guard | Passing Prodigy | One Shot | Footwork Phenom | Pinged Pass | Whipped Pass+ | Cornerstones | Iron Will,Sporting CP,Liga Portugal,false,false,500,750
256903,Gonçalo Ramos,80,ST,,72,79,65,76,47,79,2,4,4,Finesse Shot | Precision Header | Aerial Fortress | Press Proven,0,,0,,13,Intro to Evolutions | Intro to Rewards EVOs | Club Member Reward | Rising Guard | Passing Prodigy | One Shot | Relentless Pressure | Footwork Phenom | Pinged Pass | ST Advanced Forward+ | Whipped Pass+ | Cornerstones | Iron Will,Milano FC,Serie A Enilive,false,false,500,750
224411,Guedes,80,LW,RM | ST | LM,81,82,77,78,37,68,4,4,3,Power Shot | Low Driven Shot | Rapid,0,,0,,15,Intro to Evolutions | Intro to Training Camp EVOs II | Intro to Rewards EVOs | Club Member Reward | Rising Guard | Passing Prodigy | One Shot | Relentless Pressure | Long Ball Pass | Footwork Phenom | Pinged Pass | ST Advanced Forward+ | Whipped Pass+ | Cornerstones | Iron Will,Real Sociedad,LALIGA EA SPORTS,false,false,750,750
273227,Hinata Miyazawa,80,CDM,LM | CM | LW,63,59,78,76,74,74,3,3,1,Technical,0,,0,,14,Intro to Evolutions | Intro to Training Camp EVOs II | Intro to Rewards EVOs | Rising Guard | Passing Prodigy | One Shot | Complete Connection | Relentless Pressure | Long Ball Pass | Footwork Phenom | Pinged Pass | Whipped Pass+ | Cornerstones | Iron Will,Manchester Utd,Barclays WSL,false,false,500,500
275029,Ibrahim Maza,80,CAM,CM | CDM,74,69,77,85,64,66,4,4,5,Incisive Pass | Tiki Taka | Inventive | Technical | Press Proven,0,,0,,12,Intro to Evolutions | Intro to Rewards EVOs | Rising Guard | Cover Athlete | Passing Prodigy | One Shot | Complete Connection | Footwork Phenom | Pinged Pass | Whipped Pass+ | Cornerstones | Iron Will,Leverkusen,Bundesliga,false,false,500,750
258781,Illia Zabarnyi,80,CB,,77,37,65,64,81,80,2,3,3,Long Ball Pass | Jockey | Aerial Fortress,0,,0,,13,Intro to Evolutions | Intro to Training Camp EVOs II | Intro to Rewards EVOs | Rising Guard | Passing Prodigy | One Shot | Relentless Pressure | Long Ball Pass | Footwork Phenom | Pinged Pass | Whipped Pass+ | Cornerstones | Iron Will,Paris SG,Ligue 1 McDonald's,true,false,500,750
232498,Isi,80,CAM,RM | ST | CM,80,77,80,82,40,65,3,3,3,Dead Ball | Rapid | First Touch,0,,0,,16,Intro to Evolutions | Intro to Training Camp EVOs II | Intro to Rewards EVOs | Club Member Reward | Rising Guard | Passing Prodigy | One Shot | Complete Connection | Relentless Pressure | Long Ball Pass | Footwork Phenom | Pinged Pass | ST Advanced Forward+ | Whipped Pass+ | Cornerstones | Iron Will,Rayo Vallecano,LALIGA EA SPORTS,false,false,500,750
276887,Isina Corte,80,CAM,LM | CM | LW,87,78,74,78,36,75,3,2,1,Enforcer,0,,0,,13,Intro to Evolutions | Intro to Training Camp EVOs II | Rising Guard | Passing Prodigy | One Shot | Complete Connection | Relentless Pressure | Long Ball Pass | Footwork Phenom | Pinged Pass | Whipped Pass+ | Cornerstones | Iron Will,DUX Logroño,Liga F Moeve,false,false,500,500
266401,Jaelin Howell,80,CDM,CM,65,64,70,78,76,77,3,4,4,Intercept | Anticipate | Aerial Fortress | Press Proven,0,,0,,12,Intro to Evolutions | Intro to Rewards EVOs | Rising Guard | Passing Prodigy | One Shot | Complete Connection | Relentless Pressure | Footwork Phenom | Pinged Pass | Whipped Pass+ | Cornerstones | Iron Will,Gotham FC,NWSL,false,false,500,750
271568,Jelena Čanković,80,CM,CDM,71,79,76,82,62,71,4,3,3,Chip Shot | Power Shot | Technical,0,,0,,14,Intro to Evolutions | Intro to Training Camp EVOs II | Intro to Rewards EVOs | Rising Guard | Passing Prodigy | One Shot | Complete Connection | Relentless Pressure | Long Ball Pass | Footwork Phenom | Pinged Pass | Whipped Pass+ | Cornerstones | Iron Will,Brighton,Barclays WSL,false,false,500,500
276694,Johan Manzambi,80,CM,CDM | CAM,71,74,73,83,70,71,4,3,1,Power Shot,0,,0,,15,Intro to Evolutions | Intro to Training Camp EVOs II | Intro to Rewards EVOs | Rising Guard | Cover Athlete | Passing Prodigy | One Shot | Complete Connection | Relentless Pressure | Long Ball Pass | Footwork Phenom | Pinged Pass | Whipped Pass+ | Cornerstones | Iron Will,Aston Villa,Premier League,false,true,500,750
259516,Johnny Cardoso,80,CDM,CM,74,67,75,77,79,78,3,2,2,Intercept | Bruiser,0,,0,,14,Intro to Evolutions | Intro to Training Camp EVOs II | Intro to Rewards EVOs | Rising Guard | Passing Prodigy | One Shot | Complete Connection | Relentless Pressure | Long Ball Pass | Footwork Phenom | Pinged Pass | Whipped Pass+ | Cornerstones | Iron Will,Atlético de Madrid,LALIGA EA SPORTS,false,false,750,750
250955,Josip Stanišić,80,RB,CB | LB | RM,76,46,69,71,81,75,2,4,1,Anticipate,0,,0,,13,Intro to Evolutions | Intro to Training Camp EVOs II | Intro to Rewards EVOs | Rising Guard | Passing Prodigy | One Shot | Relentless Pressure | Long Ball Pass | Footwork Phenom | Pinged Pass | Whipped Pass+ | Cornerstones | Iron Will,FC Bayern München,Bundesliga,true,false,500,500
226376,Kaku,80,CAM,ST | CM | CDM,80,74,81,80,54,66,4,2,3,Finesse Shot | Dead Ball | Incisive Pass,0,,0,,16,Intro to Evolutions | Intro to Training Camp EVOs II | Intro to Rewards EVOs | Club Member Reward | Rising Guard | Passing Prodigy | One Shot | Complete Connection | Relentless Pressure | Long Ball Pass | Footwork Phenom | Pinged Pass | ST Advanced Forward+ | Whipped Pass+ | Cornerstones | Iron Will,Al Ain FC,United Emirates League,false,false,500,500
265273,Katie Zelem,80,CDM,CM,65,78,81,79,77,81,4,3,3,Dead Ball | Incisive Pass | Bruiser,0,,0,,14,Intro to Evolutions | Intro to Training Camp EVOs II | Intro to Rewards EVOs | Rising Guard | Passing Prodigy | One Shot | Complete Connection | Relentless Pressure | Long Ball Pass | Footwork Phenom | Pinged Pass | Whipped Pass+ | Cornerstones | Iron Will,West Ham,Barclays WSL,false,false,750,10000
267276,Kayla Sharples,80,CB,,50,45,53,64,83,72,2,2,2,Precision Header | Aerial Fortress,0,,0,,13,Intro to Evolutions | Intro to Training Camp EVOs II | Intro to Rewards EVOs | Rising Guard | Passing Prodigy | One Shot | Relentless Pressure | Long Ball Pass | Footwork Phenom | Pinged Pass | Whipped Pass+ | Cornerstones | Iron Will,KC Current,NWSL,false,false,500,500
193041,Keylor Navas,80,GK,,80,79,74,81,54,80,1,3,2,Far Throw | Far Reach,0,,0,,8,Intro to Training Camp EVOs I | Intro to Training Camp EVOs II | The Debut | Relentless Pressure | Long Ball Pass | Pinged Pass | Whipped Pass+ | Cornerstones,Pumas,Liga BBVA MX,false,false,750,
275138,Lamine Camara,80,CM,CDM,79,69,82,79,71,72,3,3,3,Dead Ball | Tiki Taka | First Touch,0,,0,,14,Intro to Evolutions | Intro to Training Camp EVOs II | Intro to Rewards EVOs | Rising Guard | Passing Prodigy | One Shot | Complete Connection | Relentless Pressure | Long Ball Pass | Footwork Phenom | Pinged Pass | Whipped Pass+ | Cornerstones | Iron Will,AS Monaco,Ligue 1 McDonald's,false,false,750,500
265317,Laura Blindkilde Brown,80,CDM,CM,73,66,72,79,80,54,3,5,0,,0,,0,,14,Intro to Evolutions | Intro to Training Camp EVOs II | Intro to Rewards EVOs | Rising Guard | Passing Prodigy | One Shot | Complete Connection | Relentless Pressure | Long Ball Pass | Footwork Phenom | Pinged Pass | Whipped Pass+ | Cornerstones | Iron Will,Manchester City,Barclays WSL,true,false,500,1000
264995,Laura Dick,80,GK,,79,77,76,82,38,78,1,2,2,Long Ball Pass | Cross Claimer,0,,0,,8,Intro to Training Camp EVOs I | Intro to Training Camp EVOs II | The Debut | Relentless Pressure | Long Ball Pass | Pinged Pass | Whipped Pass+ | Cornerstones,TSG Hoffenheim,GPFBL,false,false,750,500
243780,Lee Kang In,80,RW,CAM | RM | CM,72,76,81,83,52,63,4,3,6,Finesse Shot | Dead Ball | Long Ball Pass | Whipped Pass | Inventive | Technical,0,,0,,9,Intro to Evolutions | Intro to Rewards EVOs | Rising Guard | Passing Prodigy | One Shot | Footwork Phenom | Whipped Pass+ | Cornerstones | Iron Will,Atlético de Madrid,LALIGA EA SPORTS,false,false,500,500
202884,Leonardo Spinazzola,80,LB,LM,84,68,76,79,76,67,4,4,2,Inventive | Quick Step,0,,0,,13,Intro to Evolutions | Intro to Training Camp EVOs II | Intro to Rewards EVOs | Rising Guard | Passing Prodigy | One Shot | Relentless Pressure | Long Ball Pass | Footwork Phenom | Pinged Pass | Whipped Pass+ | Cornerstones | Iron Will,SSC Napoli,Serie A Enilive,false,false,500,750
222492,Leroy Sané,80,RM,LM | RW | LW,84,79,78,83,29,65,4,2,5,Power Shot | Gamechanger | Incisive Pass | Rapid | Quick Step,0,,0,,10,Intro to Evolutions | Intro to Rewards EVOs | Rising Guard | Passing Prodigy | One Shot | Footwork Phenom | Pinged Pass | Whipped Pass+ | Cornerstones | Iron Will,Galatasaray,Trendyol Süper Lig,false,false,750,750
277951,Lily Yohannes,80,CM,CDM | CAM,73,74,75,81,68,68,3,2,1,Incisive Pass,0,,0,,15,Intro to Evolutions | Intro to Training Camp EVOs II | Intro to Rewards EVOs | Rising Guard | Cover Athlete | Passing Prodigy | One Shot | Complete Connection | Relentless Pressure | Long Ball Pass | Footwork Phenom | Pinged Pass | Whipped Pass+ | Cornerstones | Iron Will,OL Lyonnes,Arkema PL,false,false,500,500
264925,Lisanne Gräwe,80,CM,CDM,54,71,75,78,69,70,3,3,3,Power Shot | Intercept | Relentless,0,,0,,14,Intro to Evolutions | Intro to Training Camp EVOs II | Intro to Rewards EVOs | Rising Guard | Passing Prodigy | One Shot | Complete Connection | Relentless Pressure | Long Ball Pass | Footwork Phenom | Pinged Pass | Whipped Pass+ | Cornerstones | Iron Will,Union Berlin,GPFBL,false,false,500,500
269972,Lou Bogaert,80,LB,LM,82,51,71,75,77,69,3,2,2,Intercept | Relentless,0,,0,,13,Intro to Evolutions | Intro to Training Camp EVOs II | Intro to Rewards EVOs | Rising Guard | Passing Prodigy | One Shot | Relentless Pressure | Long Ball Pass | Footwork Phenom | Pinged Pass | Whipped Pass+ | Cornerstones | Iron Will,VfL Wolfsburg,GPFBL,false,false,500,500
251752,Lucas Chevalier,80,GK,,83,75,73,84,50,78,1,3,1,1v1 Close Down,0,,0,,8,Intro to Training Camp EVOs I | Intro to Training Camp EVOs II | The Debut | Relentless Pressure | Long Ball Pass | Pinged Pass | Whipped Pass+ | Cornerstones,Paris SG,Ligue 1 McDonald's,true,false,750,2000
200458,Lucas Digne,80,LB,LM,66,68,79,76,78,73,2,3,2,Whipped Pass | Long Throw,0,,0,,13,Intro to Evolutions | Intro to Training Camp EVOs II | Intro to Rewards EVOs | Rising Guard | Passing Prodigy | One Shot | Relentless Pressure | Long Ball Pass | Footwork Phenom | Pinged Pass | Whipped Pass+ | Cornerstones | Iron Will,Paris SG,Ligue 1 McDonald's,true,false,750,500
215270,Lucas Zelarayán,80,CAM,ST | CM,77,77,78,82,44,68,4,3,5,Dead Ball | Gamechanger | Whipped Pass | Inventive | Technical,0,,0,,14,Intro to Evolutions | Intro to Rewards EVOs | Club Member Reward | Rising Guard | Cover Athlete | Passing Prodigy | One Shot | Complete Connection | Footwork Phenom | Pinged Pass | ST Advanced Forward+ | Whipped Pass+ | Cornerstones | Iron Will,Belgrano,LPF,false,false,500,500
266970,Lucia Di Guglielmo,80,RB,LB,90,41,71,71,75,65,2,3,1,Block,0,,0,,12,Intro to Evolutions | Intro to Training Camp EVOs II | Rising Guard | Passing Prodigy | One Shot | Relentless Pressure | Long Ball Pass | Footwork Phenom | Pinged Pass | Whipped Pass+ | Cornerstones | Iron Will,Washington Spirit,NWSL,false,false,500,750
241023,Ludmila,80,ST,CAM,87,77,71,81,38,81,4,4,4,Power Shot | Gamechanger | Rapid | Enforcer,0,,0,,12,Intro to Evolutions | Club Member Reward | Rising Guard | Passing Prodigy | One Shot | Relentless Pressure | Footwork Phenom | Pinged Pass | ST Advanced Forward+ | Whipped Pass+ | Cornerstones | Iron Will,San Diego Wave,NWSL,false,false,750,
253417,Lynn Wilms,80,RB,CB | RM,79,66,81,74,77,77,3,3,3,Dead Ball | Incisive Pass | Anticipate,0,,0,,13,Intro to Evolutions | Intro to Training Camp EVOs II | Intro to Rewards EVOs | Rising Guard | Passing Prodigy | One Shot | Relentless Pressure | Long Ball Pass | Footwork Phenom | Pinged Pass | Whipped Pass+ | Cornerstones | Iron Will,Aston Villa,Barclays WSL,false,false,500,500
208461,Marten de Roon,80,CM,CDM,52,73,78,76,83,78,3,3,4,Long Ball Pass | Jockey | Intercept | Bruiser,0,,0,,12,Intro to Evolutions | Intro to Rewards EVOs | Rising Guard | Passing Prodigy | One Shot | Complete Connection | Relentless Pressure | Footwork Phenom | Pinged Pass | Whipped Pass+ | Cornerstones | Iron Will,AS Roma,Serie A Enilive,false,false,500,500
248799,Mary Fowler,80,RM,ST | LM | RW,80,77,77,81,60,64,3,5,1,Dead Ball,0,,0,,15,Intro to Evolutions | Intro to Training Camp EVOs II | Intro to Rewards EVOs | Club Member Reward | Rising Guard | Passing Prodigy | One Shot | Relentless Pressure | Long Ball Pass | Footwork Phenom | Pinged Pass | ST Advanced Forward+ | Whipped Pass+ | Cornerstones | Iron Will,Manchester City,Barclays WSL,true,false,500,750
270857,Mateus Fernandes,80,CM,CAM | CDM,67,73,79,80,75,73,4,4,3,Long Ball Pass | Inventive | Anticipate,0,,0,,15,Intro to Evolutions | Intro to Training Camp EVOs II | Intro to Rewards EVOs | Rising Guard | Cover Athlete | Passing Prodigy | One Shot | Complete Connection | Relentless Pressure | Long Ball Pass | Footwork Phenom | Pinged Pass | Whipped Pass+ | Cornerstones | Iron Will,Spurs,Premier League,false,true,500,500
229723,Mathias Jensen,80,CM,CDM | CAM,63,72,82,78,70,72,3,4,1,Long Throw,0,,0,,15,Intro to Evolutions | Intro to Training Camp EVOs II | Intro to Rewards EVOs | Rising Guard | Cover Athlete | Passing Prodigy | One Shot | Complete Connection | Relentless Pressure | Long Ball Pass | Footwork Phenom | Pinged Pass | Whipped Pass+ | Cornerstones | Iron Will,Brentford,Premier League,false,true,500,500
265695,Matías Soulé,80,CAM,ST,82,76,79,81,48,66,4,4,3,Finesse Shot | Low Driven Shot | Technical,0,,0,,16,Intro to Evolutions | Intro to Training Camp EVOs II | Intro to Rewards EVOs | Club Member Reward | Rising Guard | Cover Athlete | Passing Prodigy | One Shot | Relentless Pressure | Long Ball Pass | Footwork Phenom | Pinged Pass | ST Advanced Forward+ | Whipped Pass+ | Cornerstones | Iron Will,AS Roma,Serie A Enilive,false,false,500,500
240277,Matteo Gabbia,80,CB,,55,35,59,66,82,81,2,3,2,Long Ball Pass | Aerial Fortress,0,,0,,13,Intro to Evolutions | Intro to Training Camp EVOs II | Intro to Rewards EVOs | Rising Guard | Passing Prodigy | One Shot | Relentless Pressure | Long Ball Pass | Footwork Phenom | Pinged Pass | Whipped Pass+ | Cornerstones | Iron Will,Milano FC,Serie A Enilive,false,false,500,500
238160,Merih Demiral,80,CB,,72,41,53,61,80,83,2,2,4,Jockey | Anticipate | Slide Tackle | Aerial Fortress,0,,0,,11,Intro to Evolutions | Intro to Rewards EVOs | Rising Guard | Passing Prodigy | One Shot | Relentless Pressure | Footwork Phenom | Pinged Pass | Whipped Pass+ | Cornerstones | Iron Will,Al Ahli,ROSHN Saudi League,false,false,500,750
77050,Merveille Kanjinga,80,ST,RM | CAM | RW,86,78,63,73,29,75,3,3,1,Enforcer,0,,0,,14,Intro to Evolutions | Intro to Training Camp EVOs II | Club Member Reward | Rising Guard | Passing Prodigy | One Shot | Relentless Pressure | Long Ball Pass | Footwork Phenom | Pinged Pass | ST Advanced Forward+ | Whipped Pass+ | Cornerstones | Iron Will,Paris SG,Arkema PL,true,false,500,250
273467,Michelle Cooper,80,RM,RW,74,71,77,79,42,66,3,3,2,Low Driven Shot | Enforcer,0,,0,,13,Intro to Evolutions | Intro to Training Camp EVOs II | Intro to Rewards EVOs | Rising Guard | Passing Prodigy | One Shot | Relentless Pressure | Long Ball Pass | Footwork Phenom | Pinged Pass | Whipped Pass+ | Cornerstones | Iron Will,KC Current,NWSL,false,false,500,500
243769,Midge Purce,80,RM,RB | RW,87,72,76,78,42,62,4,3,2,Jockey | Technical,0,,0,,12,Intro to Evolutions | Intro to Training Camp EVOs II | Rising Guard | Passing Prodigy | One Shot | Relentless Pressure | Long Ball Pass | Footwork Phenom | Pinged Pass | Whipped Pass+ | Cornerstones | Iron Will,Gotham FC,NWSL,false,false,500,750
241508,Mikkel Damsgaard,80,CAM,CM | LM,66,73,82,81,66,65,4,3,6,Incisive Pass | Pinged Pass | Whipped Pass | Inventive | Intercept | Technical,0,,0,,9,Intro to Evolutions | Intro to Rewards EVOs | Rising Guard | Passing Prodigy | One Shot | Footwork Phenom | Whipped Pass+ | Cornerstones | Iron Will,Brentford,Premier League,false,true,500,500
259694,Mingueza,80,RB,LM | RM,78,69,79,77,76,76,3,3,3,Incisive Pass | Long Ball Pass | Long Throw,0,,0,,13,Intro to Evolutions | Intro to Training Camp EVOs II | Intro to Rewards EVOs | Rising Guard | Passing Prodigy | One Shot | Relentless Pressure | Long Ball Pass | Footwork Phenom | Pinged Pass | Whipped Pass+ | Cornerstones | Iron Will,Crystal Palace,Premier League,false,true,500,500
225309,Nadiem Amiri,80,CM,CAM,68,80,83,82,61,73,4,3,6,Finesse Shot | Dead Ball | Incisive Pass | Long Ball Pass | Whipped Pass | Inventive,0,,0,,9,Intro to Evolutions | Intro to Rewards EVOs | Rising Guard | Passing Prodigy | One Shot | Footwork Phenom | Whipped Pass+ | Cornerstones | Iron Will,1. FSV Mainz 05,Bundesliga,false,false,500,750
265900,Naomie Feller,80,LW,ST | RM | LM,87,80,71,82,37,75,3,3,2,Rapid | Quick Step,0,,0,,14,Intro to Evolutions | Intro to Training Camp EVOs II | Club Member Reward | Rising Guard | Passing Prodigy | One Shot | Relentless Pressure | Long Ball Pass | Footwork Phenom | Pinged Pass | ST Advanced Forward+ | Whipped Pass+ | Cornerstones | Iron Will,Paris SG,Arkema PL,true,false,750,500
243057,Neco Williams,80,LB,RB,71,50,73,75,79,72,2,4,2,Intercept | Anticipate,0,,0,,13,Intro to Evolutions | Intro to Training Camp EVOs II | Intro to Rewards EVOs | Rising Guard | Passing Prodigy | One Shot | Relentless Pressure | Long Ball Pass | Footwork Phenom | Pinged Pass | Whipped Pass+ | Cornerstones | Iron Will,Nott'm Forest,Premier League,false,true,500,500
235962,Nichelle Prince,80,RM,ST | RW | CAM,83,73,76,80,40,69,3,3,0,,0,,0,,15,Intro to Evolutions | Intro to Training Camp EVOs II | Intro to Rewards EVOs | Club Member Reward | Rising Guard | Passing Prodigy | One Shot | Relentless Pressure | Long Ball Pass | Footwork Phenom | Pinged Pass | ST Advanced Forward+ | Whipped Pass+ | Cornerstones | Iron Will,Boston Legacy FC,NWSL,false,false,500,500
254022,Nick Woltemade,80,ST,CAM,67,80,72,81,41,77,4,3,4,Low Driven Shot | Gamechanger | Tiki Taka | Press Proven,0,,0,,14,Intro to Evolutions | Intro to Rewards EVOs | Club Member Reward | Rising Guard | Cover Athlete | Passing Prodigy | One Shot | Relentless Pressure | Footwork Phenom | Pinged Pass | ST Advanced Forward+ | Whipped Pass+ | Cornerstones | Iron Will,Juventus,Serie A Enilive,false,false,750,10000
241095,Nikola Vlašić,80,CAM,CM,71,78,78,82,57,71,3,5,2,Intercept | Technical,0,,0,,15,Intro to Evolutions | Intro to Training Camp EVOs II | Intro to Rewards EVOs | Rising Guard | Cover Athlete | Passing Prodigy | One Shot | Complete Connection | Relentless Pressure | Long Ball Pass | Footwork Phenom | Pinged Pass | Whipped Pass+ | Cornerstones | Iron Will,Torino,Serie A Enilive,false,false,500,500
265121,Nina Lührßen,80,LB,LM,75,70,78,76,76,78,3,4,5,Finesse Shot | Dead Ball | Whipped Pass | Technical | Bruiser,0,,0,,10,Intro to Evolutions | Intro to Rewards EVOs | Rising Guard | Passing Prodigy | One Shot | Footwork Phenom | Pinged Pass | Whipped Pass+ | Cornerstones | Iron Will,Frankfurt,GPFBL,false,false,500,500
269230,Noah Sadiki,80,CDM,CM | CAM,79,67,75,80,75,75,3,3,1,Relentless,0,,0,,15,Intro to Evolutions | Intro to Training Camp EVOs II | Intro to Rewards EVOs | Rising Guard | Cover Athlete | Passing Prodigy | One Shot | Complete Connection | Relentless Pressure | Long Ball Pass | Footwork Phenom | Pinged Pass | Whipped Pass+ | Cornerstones | Iron Will,Sunderland,Premier League,false,true,900,3000
272235,Noelia Ramos,80,GK,,79,78,71,84,45,76,1,2,1,1v1 Close Down,0,,0,,8,Intro to Training Camp EVOs I | Intro to Training Camp EVOs II | The Debut | Relentless Pressure | Long Ball Pass | Pinged Pass | Whipped Pass+ | Cornerstones,C. Adeje Tenerife,Liga F Moeve,false,false,750,750
254796,Noni Madueke,80,RW,RM,88,75,74,83,45,69,4,3,3,Low Driven Shot | Rapid | Quick Step,0,,0,,12,Intro to Evolutions | Intro to Training Camp EVOs II | Rising Guard | Passing Prodigy | One Shot | Relentless Pressure | Long Ball Pass | Footwork Phenom | Pinged Pass | Whipped Pass+ | Cornerstones | Iron Will,Arsenal,Premier League,false,true,750,750
264969,Oriane Jean-François,80,CDM,CM,71,68,72,72,79,75,3,4,3,Intercept | Anticipate | Press Proven,0,,0,,14,Intro to Evolutions | Intro to Training Camp EVOs II | Intro to Rewards EVOs | Rising Guard | Passing Prodigy | One Shot | Complete Connection | Relentless Pressure | Long Ball Pass | Footwork Phenom | Pinged Pass | Whipped Pass+ | Cornerstones | Iron Will,Aston Villa,Barclays WSL,false,false,500,750
241707,Pape Gueye,80,CM,CDM,72,73,75,78,78,82,2,3,1,Long Ball Pass,0,,0,,14,Intro to Evolutions | Intro to Training Camp EVOs II | Intro to Rewards EVOs | Rising Guard | Passing Prodigy | One Shot | Complete Connection | Relentless Pressure | Long Ball Pass | Footwork Phenom | Pinged Pass | Whipped Pass+ | Cornerstones | Iron Will,Villarreal CF,LALIGA EA SPORTS,false,false,750,500
213648,Pierre-Emile Højbjerg,80,CDM,CM,49,71,75,74,76,82,3,3,1,Relentless,0,,0,,14,Intro to Evolutions | Intro to Training Camp EVOs II | Intro to Rewards EVOs | Rising Guard | Passing Prodigy | One Shot | Complete Connection | Relentless Pressure | Long Ball Pass | Footwork Phenom | Pinged Pass | Whipped Pass+ | Cornerstones | Iron Will,OM,Ligue 1 McDonald's,false,false,500,750
236045,Reinildo,80,LB,,78,57,69,74,79,77,3,3,1,Block,0,,0,,13,Intro to Evolutions | Intro to Training Camp EVOs II | Intro to Rewards EVOs | Rising Guard | Passing Prodigy | One Shot | Relentless Pressure | Long Ball Pass | Footwork Phenom | Pinged Pass | Whipped Pass+ | Cornerstones | Iron Will,Sunderland,Premier League,false,true,500,750
228789,Robert Sánchez,80,GK,,81,78,78,81,53,79,1,3,2,Footwork | Cross Claimer,0,,0,,8,Intro to Training Camp EVOs I | Intro to Training Camp EVOs II | The Debut | Relentless Pressure | Long Ball Pass | Pinged Pass | Whipped Pass+ | Cornerstones,Como,Serie A Enilive,false,false,2000,1500
267247,Ryan Williams,80,RB,RM | RW,79,50,72,72,78,65,3,3,3,Block | Intercept | Anticipate,0,,0,,13,Intro to Evolutions | Intro to Training Camp EVOs II | Intro to Rewards EVOs | Rising Guard | Passing Prodigy | One Shot | Relentless Pressure | Long Ball Pass | Footwork Phenom | Pinged Pass | Whipped Pass+ | Cornerstones | Iron Will,NC Courage,NWSL,false,false,500,500
277581,Samu,80,ST,,79,80,58,70,36,84,3,3,2,Precision Header | Enforcer,0,,0,,15,Intro to Evolutions | Intro to Training Camp EVOs II | Intro to Rewards EVOs | Club Member Reward | Rising Guard | Passing Prodigy | One Shot | Relentless Pressure | Long Ball Pass | Footwork Phenom | Pinged Pass | ST Advanced Forward+ | Whipped Pass+ | Cornerstones | Iron Will,FC Porto,Liga Portugal,false,false,500,500
265004,Sarai Linder,80,RB,LB | RM | LM,79,52,71,76,77,76,2,3,3,Block | Anticipate | Bruiser,0,,0,,13,Intro to Evolutions | Intro to Training Camp EVOs II | Intro to Rewards EVOs | Rising Guard | Passing Prodigy | One Shot | Relentless Pressure | Long Ball Pass | Footwork Phenom | Pinged Pass | Whipped Pass+ | Cornerstones | Iron Will,VfL Wolfsburg,GPFBL,false,false,500,750
267261,Tara Rudd,80,CB,,65,66,73,73,80,80,2,3,3,Intercept | Slide Tackle | Aerial Fortress,0,,0,,13,Intro to Evolutions | Intro to Training Camp EVOs II | Intro to Rewards EVOs | Rising Guard | Passing Prodigy | One Shot | Relentless Pressure | Long Ball Pass | Footwork Phenom | Pinged Pass | Whipped Pass+ | Cornerstones | Iron Will,Washington Spirit,NWSL,false,false,500,500
241546,Théa Greboval,80,CB,,59,60,72,65,81,82,2,3,4,Long Ball Pass | Jockey | Block | Aerial Fortress,0,,0,,11,Intro to Evolutions | Intro to Rewards EVOs | Rising Guard | Passing Prodigy | One Shot | Relentless Pressure | Footwork Phenom | Pinged Pass | Whipped Pass+ | Cornerstones | Iron Will,Paris FC,Arkema PL,false,false,500,750
244045,Tierna Davidson,80,CB,,60,50,67,66,83,76,2,4,2,Anticipate | Aerial Fortress,0,,0,,13,Intro to Evolutions | Intro to Training Camp EVOs II | Intro to Rewards EVOs | Rising Guard | Passing Prodigy | One Shot | Relentless Pressure | Long Ball Pass | Footwork Phenom | Pinged Pass | Whipped Pass+ | Cornerstones | Iron Will,Gotham FC,NWSL,false,false,500,500
214096,Tim Kleindienst,80,ST,,64,80,62,70,44,86,2,5,3,Precision Header | Aerial Fortress | Relentless,1,Enforcer,0,,15,Intro to Evolutions | Intro to Training Camp EVOs II | Intro to Rewards EVOs | Club Member Reward | Rising Guard | Passing Prodigy | One Shot | Relentless Pressure | Long Ball Pass | Footwork Phenom | Pinged Pass | ST Advanced Forward+ | Whipped Pass+ | Cornerstones | Iron Will,M'gladbach,Bundesliga,false,false,750,750
230918,Trevoh Chalobah,80,CB,,65,53,69,69,81,78,3,3,0,,0,,0,,13,Intro to Evolutions | Intro to Training Camp EVOs II | Intro to Rewards EVOs | Rising Guard | Passing Prodigy | One Shot | Relentless Pressure | Long Ball Pass | Footwork Phenom | Pinged Pass | Whipped Pass+ | Cornerstones | Iron Will,Como,Serie A Enilive,false,false,500,500
223874,Valentin Rongier,80,CDM,CM,60,66,75,78,74,78,3,4,4,Incisive Pass | Intercept | Press Proven | Relentless,0,,0,,12,Intro to Evolutions | Intro to Rewards EVOs | Rising Guard | Passing Prodigy | One Shot | Complete Connection | Relentless Pressure | Footwork Phenom | Pinged Pass | Whipped Pass+ | Cornerstones | Iron Will,Stade Rennais FC,Ligue 1 McDonald's,false,false,500,750
265280,Vilde Bøe Risa,80,CM,CDM | CAM | CB,75,78,76,81,71,80,3,4,2,Dead Ball | Long Ball Pass,0,,0,,14,Intro to Evolutions | Intro to Training Camp EVOs II | Intro to Rewards EVOs | Rising Guard | Passing Prodigy | One Shot | Complete Connection | Relentless Pressure | Long Ball Pass | Footwork Phenom | Pinged Pass | Whipped Pass+ | Cornerstones | Iron Will,NC Courage,NWSL,false,false,500,500
265055,Vivien Endemann,80,RW,RM,87,75,74,79,45,70,4,4,2,Low Driven Shot | Block,0,,0,,12,Intro to Evolutions | Intro to Training Camp EVOs II | Rising Guard | Passing Prodigy | One Shot | Relentless Pressure | Long Ball Pass | Footwork Phenom | Pinged Pass | Whipped Pass+ | Cornerstones | Iron Will,Liverpool,Barclays WSL,true,false,500,500
244470,Vladimír Coufal,80,RB,RM,73,57,74,74,77,78,3,3,4,Whipped Pass | Jockey | Relentless | Long Throw,0,,0,,11,Intro to Evolutions | Intro to Rewards EVOs | Rising Guard | Passing Prodigy | One Shot | Relentless Pressure | Footwork Phenom | Pinged Pass | Whipped Pass+ | Cornerstones | Iron Will,TSG Hoffenheim,Bundesliga,false,false,500,750
271800,Yankuba Minteh,80,RM,LM | RW | LW,93,72,73,84,57,57,4,3,2,Rapid | Quick Step,0,,0,,12,Intro to Evolutions | Intro to Training Camp EVOs II | Rising Guard | Passing Prodigy | One Shot | Relentless Pressure | Long Ball Pass | Footwork Phenom | Pinged Pass | Whipped Pass+ | Cornerstones | Iron Will,Brighton,Premier League,false,true,1900,750
227950,Yeray,80,CB,,64,49,73,66,82,75,2,3,2,Pinged Pass | Slide Tackle,0,,0,,13,Intro to Evolutions | Intro to Training Camp EVOs II | Intro to Rewards EVOs | Rising Guard | Passing Prodigy | One Shot | Relentless Pressure | Long Ball Pass | Footwork Phenom | Pinged Pass | Whipped Pass+ | Cornerstones | Iron Will,Athletic Club,LALIGA EA SPORTS,false,false,750,
235410,Youssef En-Nesyri,80,ST,,78,81,62,70,35,81,3,3,5,Precision Header | Aerial Fortress | Rapid | Quick Step | Relentless,0,,0,,12,Intro to Evolutions | Intro to Rewards EVOs | Club Member Reward | Rising Guard | Passing Prodigy | One Shot | Footwork Phenom | Pinged Pass | ST Advanced Forward+ | Whipped Pass+ | Cornerstones | Iron Will,Al Ittihad,ROSHN Saudi League,false,false,500,750
245630,Youssouf Fofana,80,CM,CAM,75,69,76,79,78,74,3,3,2,Incisive Pass | Press Proven,0,,0,,15,Intro to Evolutions | Intro to Training Camp EVOs II | Intro to Rewards EVOs | Rising Guard | Cover Athlete | Passing Prodigy | One Shot | Complete Connection | Relentless Pressure | Long Ball Pass | Footwork Phenom | Pinged Pass | Whipped Pass+ | Cornerstones | Iron Will,Sevilla FC,LALIGA EA SPORTS,false,false,500,750
229905,Abdülkerim Bardakcı,79,CB,,55,50,70,69,79,85,2,2,5,Long Ball Pass | Intercept | Anticipate | Slide Tackle | Aerial Fortress,0,,0,,10,Intro to Evolutions | Intro to Rewards EVOs | Rising Guard | Passing Prodigy | One Shot | Footwork Phenom | Pinged Pass | Whipped Pass+ | Cornerstones | Iron Will,Galatasaray,Trendyol Süper Lig,false,false,500,750
262925,Adem Zorgane,79,CDM,CM,43,71,78,77,73,84,3,4,7,Pinged Pass | Long Ball Pass | Tiki Taka | Whipped Pass | Anticipate | Press Proven | Relentless,0,,0,,9,Intro to Evolutions | Intro to Rewards EVOs | Rising Guard | Passing Prodigy | One Shot | Footwork Phenom | Whipped Pass+ | Cornerstones | Iron Will,R. Union St.-G.,1A Pro League,false,false,500,750
201143,Aïssa Mandi,79,CB,RB,55,46,71,68,80,75,2,3,2,Long Ball Pass | Slide Tackle,0,,0,,13,Intro to Evolutions | Intro to Training Camp EVOs II | Intro to Rewards EVOs | Rising Guard | Passing Prodigy | One Shot | Relentless Pressure | Long Ball Pass | Footwork Phenom | Pinged Pass | Whipped Pass+ | Cornerstones | Iron Will,Levante UD,LALIGA EA SPORTS,false,false,500,500
246364,Aldana Cometti,79,CB,,62,30,56,63,80,77,2,3,5,Precision Header | Jockey | Intercept | Anticipate | Slide Tackle,0,,0,,10,Intro to Evolutions | Intro to Rewards EVOs | Rising Guard | Passing Prodigy | One Shot | Footwork Phenom | Pinged Pass | Whipped Pass+ | Cornerstones | Iron Will,Bay FC,NWSL,false,false,500,750
235522,Aleix Febas,79,CM,CDM,74,68,78,82,70,71,3,3,4,Incisive Pass | Tiki Taka | Inventive | Press Proven,0,,0,,12,Intro to Evolutions | Intro to Rewards EVOs | Rising Guard | Passing Prodigy | One Shot | Complete Connection | Relentless Pressure | Footwork Phenom | Pinged Pass | Whipped Pass+ | Cornerstones | Iron Will,Celta,LALIGA EA SPORTS,false,false,500,750
254088,Amad,79,RM,RB | RW,83,75,74,83,54,53,4,4,1,Quick Step,0,,0,,13,Intro to Evolutions | Intro to Training Camp EVOs II | Intro to Rewards EVOs | Rising Guard | Passing Prodigy | One Shot | Relentless Pressure | Long Ball Pass | Footwork Phenom | Pinged Pass | Whipped Pass+ | Cornerstones | Iron Will,Man Utd,Premier League,true,true,500,750
267674,Amanda Gutierres,79,ST,,73,78,62,74,37,77,3,4,3,Tiki Taka | Technical | First Touch,0,,0,,15,Intro to Evolutions | Intro to Training Camp EVOs II | Intro to Rewards EVOs | Club Member Reward | Rising Guard | Passing Prodigy | One Shot | Relentless Pressure | Long Ball Pass | Footwork Phenom | Pinged Pass | ST Advanced Forward+ | Whipped Pass+ | Cornerstones | Iron Will,Boston Legacy FC,NWSL,false,false,500,
266939,Amanda Nildén,79,LB,CDM,83,52,73,72,74,75,3,3,0,,0,,0,,13,Intro to Evolutions | Intro to Training Camp EVOs II | Intro to Rewards EVOs | Rising Guard | Passing Prodigy | One Shot | Relentless Pressure | Long Ball Pass | Footwork Phenom | Pinged Pass | Whipped Pass+ | Cornerstones | Iron Will,Spurs,Barclays WSL,false,false,500,500
236918,Anders Dreyer,79,RW,LW | RM | LM,80,80,76,79,41,65,3,3,5,Finesse Shot | Low Driven Shot | Gamechanger | Pinged Pass | Long Ball Pass,0,,0,,10,Intro to Evolutions | Intro to Rewards EVOs | Rising Guard | Passing Prodigy | One Shot | Footwork Phenom | Pinged Pass | Whipped Pass+ | Cornerstones | Iron Will,San Diego FC,MLS,false,false,500,250
243261,Andi Sullivan,79,CDM,CM,63,64,78,75,77,73,3,3,2,Pinged Pass | Intercept,0,,0,,14,Intro to Evolutions | Intro to Training Camp EVOs II | Intro to Rewards EVOs | Rising Guard | Passing Prodigy | One Shot | Complete Connection | Relentless Pressure | Long Ball Pass | Footwork Phenom | Pinged Pass | Whipped Pass+ | Cornerstones | Iron Will,Washington Spirit,NWSL,false,false,500,750
267199,Angelina,79,CM,LM | CDM | LW,72,70,78,79,65,68,4,4,4,Long Ball Pass | Tiki Taka | Inventive | First Touch,0,,0,,12,Intro to Evolutions | Intro to Rewards EVOs | Rising Guard | Passing Prodigy | One Shot | Complete Connection | Relentless Pressure | Footwork Phenom | Pinged Pass | Whipped Pass+ | Cornerstones | Iron Will,Orlando Pride,NWSL,false,false,500,500
234200,Aschraf El Mahdioui,79,CDM,CM,67,55,76,75,73,81,3,4,4,Pinged Pass | Long Ball Pass | Intercept | Press Proven,0,,0,,12,Intro to Evolutions | Intro to Rewards EVOs | Rising Guard | Passing Prodigy | One Shot | Complete Connection | Relentless Pressure | Footwork Phenom | Pinged Pass | Whipped Pass+ | Cornerstones | Iron Will,Al Taawoun,ROSHN Saudi League,false,false,500,500
227186,Augusto Batalla,79,GK,,78,78,81,81,43,77,1,3,2,Far Throw | Deflector,1,Long Ball Pass,0,,8,Intro to Training Camp EVOs I | Intro to Training Camp EVOs II | The Debut | Relentless Pressure | Long Ball Pass | Pinged Pass | Whipped Pass+ | Cornerstones,Rayo Vallecano,LALIGA EA SPORTS,false,false,750,750
255125,Azzedine Ounahi,79,CM,CAM | LM | CDM,77,73,78,82,68,72,4,3,5,Incisive Pass | Tiki Taka | Inventive | Technical | First Touch,0,,0,,11,Intro to Evolutions | Intro to Rewards EVOs | Rising Guard | Passing Prodigy | One Shot | Complete Connection | Footwork Phenom | Pinged Pass | Whipped Pass+ | Cornerstones | Iron Will,Panathinaikos,Hellas Liga,false,false,500,500
246565,Bafodé Diakité,79,CB,,69,46,66,70,80,78,2,4,2,Jockey | Aerial Fortress,0,,0,,13,Intro to Evolutions | Intro to Training Camp EVOs II | Intro to Rewards EVOs | Rising Guard | Passing Prodigy | One Shot | Relentless Pressure | Long Ball Pass | Footwork Phenom | Pinged Pass | Whipped Pass+ | Cornerstones | Iron Will,AFC Bournemouth,Premier League,false,true,500,750
246672,Barrenetxea,79,LW,LM | RM | RW,84,75,74,81,36,72,3,4,1,Rapid,0,,0,,13,Intro to Evolutions | Intro to Training Camp EVOs II | Intro to Rewards EVOs | Rising Guard | Passing Prodigy | One Shot | Relentless Pressure | Long Ball Pass | Footwork Phenom | Pinged Pass | Whipped Pass+ | Cornerstones | Iron Will,Real Sociedad,LALIGA EA SPORTS,false,false,500,750
198141,Bartra,79,CB,,67,59,70,71,80,76,3,3,1,Slide Tackle,0,,0,,13,Intro to Evolutions | Intro to Training Camp EVOs II | Intro to Rewards EVOs | Rising Guard | Passing Prodigy | One Shot | Relentless Pressure | Long Ball Pass | Footwork Phenom | Pinged Pass | Whipped Pass+ | Cornerstones | Iron Will,Real Betis,LALIGA EA SPORTS,false,false,500,750
208165,Berat Djimsiti,79,CB,,58,39,62,54,81,80,2,3,3,Block | Intercept | Aerial Fortress,0,,0,,13,Intro to Evolutions | Intro to Training Camp EVOs II | Intro to Rewards EVOs | Rising Guard | Passing Prodigy | One Shot | Relentless Pressure | Long Ball Pass | Footwork Phenom | Pinged Pass | Whipped Pass+ | Cornerstones | Iron Will,Al Diriyah,ROSHN Saudi League,false,false,500,500
225201,Berenguer,79,RW,LM | CAM | RM,81,78,77,80,67,68,3,4,3,Finesse Shot | Whipped Pass | Rapid,0,,0,,13,Intro to Evolutions | Intro to Training Camp EVOs II | Intro to Rewards EVOs | Rising Guard | Passing Prodigy | One Shot | Relentless Pressure | Long Ball Pass | Footwork Phenom | Pinged Pass | Whipped Pass+ | Cornerstones | Iron Will,Athletic Club,LALIGA EA SPORTS,false,false,500,750
239254,Berke Özer,79,GK,,79,74,72,82,44,79,1,3,1,Footwork,1,Far Reach,0,,8,Intro to Training Camp EVOs I | Intro to Training Camp EVOs II | The Debut | Relentless Pressure | Long Ball Pass | Pinged Pass | Whipped Pass+ | Cornerstones,LOSC Lille,Ligue 1 McDonald's,false,false,750,500
229659,Bryan Heynen,79,CDM,CM,55,73,76,76,74,78,3,4,4,Incisive Pass | Jockey | Intercept | Aerial Fortress,0,,0,,12,Intro to Evolutions | Intro to Rewards EVOs | Rising Guard | Passing Prodigy | One Shot | Complete Connection | Relentless Pressure | Footwork Phenom | Pinged Pass | Whipped Pass+ | Cornerstones | Iron Will,KRC Genk,1A Pro League,false,false,500,500
234153,Carlos Soler,79,CM,CAM | CDM,70,76,80,78,71,70,3,4,0,,0,,0,,15,Intro to Evolutions | Intro to Training Camp EVOs II | Intro to Rewards EVOs | Rising Guard | Cover Athlete | Passing Prodigy | One Shot | Complete Connection | Relentless Pressure | Long Ball Pass | Footwork Phenom | Pinged Pass | Whipped Pass+ | Cornerstones | Iron Will,Real Sociedad,LALIGA EA SPORTS,false,false,500,500
268992,Caroline Møller,79,CAM,ST | CM,76,77,72,78,46,75,3,4,1,Technical,0,,0,,17,Intro to Evolutions | Intro to Training Camp EVOs II | Intro to Rewards EVOs | Club Member Reward | Rising Guard | Cover Athlete | Passing Prodigy | One Shot | Complete Connection | Relentless Pressure | Long Ball Pass | Footwork Phenom | Pinged Pass | ST Advanced Forward+ | Whipped Pass+ | Cornerstones | Iron Will,SL Benfica,Liga Portugal Feminino,false,false,500,
267240,Carson Pickett,79,LB,LM | LW,81,57,74,73,75,77,3,4,4,Whipped Pass | Intercept | Quick Step | Relentless,0,,0,,11,Intro to Evolutions | Intro to Rewards EVOs | Rising Guard | Passing Prodigy | One Shot | Relentless Pressure | Footwork Phenom | Pinged Pass | Whipped Pass+ | Cornerstones | Iron Will,Denver Summit FC,NWSL,false,false,500,750
264896,Celin Bizet,79,RM,RW | RB,83,73,76,79,37,67,4,3,4,Gamechanger | Whipped Pass | Intercept | Rapid,0,,0,,11,Intro to Evolutions | Intro to Rewards EVOs | Rising Guard | Passing Prodigy | One Shot | Relentless Pressure | Footwork Phenom | Pinged Pass | Whipped Pass+ | Cornerstones | Iron Will,Manchester Utd,Barclays WSL,false,false,500,750
210044,Christian Burgess,79,CB,,30,34,55,54,82,82,2,3,4,Precision Header | Long Ball Pass | Block | Aerial Fortress,0,,0,,11,Intro to Evolutions | Intro to Rewards EVOs | Rising Guard | Passing Prodigy | One Shot | Relentless Pressure | Footwork Phenom | Pinged Pass | Whipped Pass+ | Cornerstones | Iron Will,KAA Gent,1A Pro League,false,false,500,500
210697,Christian Nørgaard,79,CDM,CM,44,65,75,71,77,76,3,3,0,,0,,0,,14,Intro to Evolutions | Intro to Training Camp EVOs II | Intro to Rewards EVOs | Rising Guard | Passing Prodigy | One Shot | Complete Connection | Relentless Pressure | Long Ball Pass | Footwork Phenom | Pinged Pass | Whipped Pass+ | Cornerstones | Iron Will,Everton,Premier League,false,true,500,750
78357,Clara Serrajordi,79,CM,CAM | ST,75,68,75,75,56,77,3,3,0,,0,,0,,17,Intro to Evolutions | Intro to Training Camp EVOs II | Intro to Rewards EVOs | Club Member Reward | Rising Guard | Cover Athlete | Passing Prodigy | One Shot | Complete Connection | Relentless Pressure | Long Ball Pass | Footwork Phenom | Pinged Pass | ST Advanced Forward+ | Whipped Pass+ | Cornerstones | Iron Will,FC Barcelona,Liga F Moeve,true,false,500,
274644,Clare Hunt,79,CB,,61,45,61,64,80,76,2,3,2,Block | Aerial Fortress,0,,0,,13,Intro to Evolutions | Intro to Training Camp EVOs II | Intro to Rewards EVOs | Rising Guard | Passing Prodigy | One Shot | Relentless Pressure | Long Ball Pass | Footwork Phenom | Pinged Pass | Whipped Pass+ | Cornerstones | Iron Will,Spurs,Barclays WSL,false,false,500,500
265571,Cloé Lacasse,79,LM,RM | LW | RW,81,76,75,79,26,56,4,5,1,Quick Step,0,,0,,13,Intro to Evolutions | Intro to Training Camp EVOs II | Intro to Rewards EVOs | Rising Guard | Passing Prodigy | One Shot | Relentless Pressure | Long Ball Pass | Footwork Phenom | Pinged Pass | Whipped Pass+ | Cornerstones | Iron Will,Utah Royals FC,NWSL,false,false,500,500
264298,Conor Bradley,79,RB,RM,79,62,71,75,76,73,3,3,0,,0,,0,,13,Intro to Evolutions | Intro to Training Camp EVOs II | Intro to Rewards EVOs | Rising Guard | Passing Prodigy | One Shot | Relentless Pressure | Long Ball Pass | Footwork Phenom | Pinged Pass | Whipped Pass+ | Cornerstones | Iron Will,Liverpool,Premier League,true,true,500,500
237034,Cucho Hernández,79,ST,CAM,81,78,75,81,45,78,4,4,1,Acrobatic,0,,0,,16,Intro to Evolutions | Intro to Training Camp EVOs II | Intro to Rewards EVOs | Club Member Reward | Rising Guard | Cover Athlete | Passing Prodigy | One Shot | Relentless Pressure | Long Ball Pass | Footwork Phenom | Pinged Pass | ST Advanced Forward+ | Whipped Pass+ | Cornerstones | Iron Will,Real Betis,LALIGA EA SPORTS,false,false,500,750
232730,Daichi Kamada,79,CM,CDM,68,75,79,80,67,66,3,3,0,,0,,0,,14,Intro to Evolutions | Intro to Training Camp EVOs II | Intro to Rewards EVOs | Rising Guard | Passing Prodigy | One Shot | Complete Connection | Relentless Pressure | Long Ball Pass | Footwork Phenom | Pinged Pass | Whipped Pass+ | Cornerstones | Iron Will,Crystal Palace,Premier League,false,true,500,500
198032,Dan Burn,79,CB,LB,42,36,66,63,79,84,2,3,3,Precision Header | Long Throw | Bruiser,1,Aerial Fortress,0,,13,Intro to Evolutions | Intro to Training Camp EVOs II | Intro to Rewards EVOs | Rising Guard | Passing Prodigy | One Shot | Relentless Pressure | Long Ball Pass | Footwork Phenom | Pinged Pass | Whipped Pass+ | Cornerstones | Iron Will,Newcastle Utd,Premier League,false,true,500,500
265552,Dango Ouattara,79,RM,LM | ST | RW,85,74,73,80,54,66,4,3,1,Rapid,0,,0,,14,Intro to Evolutions | Intro to Training Camp EVOs II | Club Member Reward | Rising Guard | Passing Prodigy | One Shot | Relentless Pressure | Long Ball Pass | Footwork Phenom | Pinged Pass | ST Advanced Forward+ | Whipped Pass+ | Cornerstones | Iron Will,Brentford,Premier League,false,true,500,500
212197,Daniel Heuer Fernandes,79,GK,,79,77,84,80,41,79,1,4,2,Long Ball Pass | Deflector,0,,0,,8,Intro to Training Camp EVOs I | Intro to Training Camp EVOs II | The Debut | Relentless Pressure | Long Ball Pass | Pinged Pass | Whipped Pass+ | Cornerstones,Hamburger SV,Bundesliga,false,false,750,4000
259716,Daniel Svensson,79,LB,LM | LW,75,60,76,77,75,75,3,4,3,Whipped Pass | Jockey | Relentless,0,,0,,13,Intro to Evolutions | Intro to Training Camp EVOs II | Intro to Rewards EVOs | Rising Guard | Passing Prodigy | One Shot | Relentless Pressure | Long Ball Pass | Footwork Phenom | Pinged Pass | Whipped Pass+ | Cornerstones | Iron Will,Borussia Dortmund,Bundesliga,false,false,500,500
232658,Danilho Doekhi,79,CB,,63,42,58,61,80,85,2,3,3,Intercept | Anticipate | Aerial Fortress,0,,0,,13,Intro to Evolutions | Intro to Training Camp EVOs II | Intro to Rewards EVOs | Rising Guard | Passing Prodigy | One Shot | Relentless Pressure | Long Ball Pass | Footwork Phenom | Pinged Pass | Whipped Pass+ | Cornerstones | Iron Will,Latium,Serie A Enilive,false,false,500,500
216150,Davide Zappacosta,79,RM,LM | RB | LB,73,73,78,77,75,67,3,3,1,Long Throw,0,,0,,13,Intro to Evolutions | Intro to Training Camp EVOs II | Intro to Rewards EVOs | Rising Guard | Passing Prodigy | One Shot | Relentless Pressure | Long Ball Pass | Footwork Phenom | Pinged Pass | Whipped Pass+ | Cornerstones | Iron Will,Bergamo Calcio,Serie A Enilive,false,false,500,500
259583,Destiny Udogie,79,LB,LM,88,64,73,77,75,75,3,3,0,,0,,0,,12,Intro to Evolutions | Intro to Training Camp EVOs II | Rising Guard | Passing Prodigy | One Shot | Relentless Pressure | Long Ball Pass | Footwork Phenom | Pinged Pass | Whipped Pass+ | Cornerstones | Iron Will,Spurs,Premier League,false,true,3100,5000
267368,Didi Haračić,79,GK,,78,77,73,79,43,80,1,2,1,Footwork,0,,0,,8,Intro to Training Camp EVOs I | Intro to Training Camp EVOs II | The Debut | Relentless Pressure | Long Ball Pass | Pinged Pass | Whipped Pass+ | Cornerstones,San Diego Wave,NWSL,false,false,500,500
221479,Dominic Calvert-Lewin,79,ST,,73,77,65,73,39,83,3,2,2,Precision Header | Aerial Fortress,0,,0,,15,Intro to Evolutions | Intro to Training Camp EVOs II | Intro to Rewards EVOs | Club Member Reward | Rising Guard | Passing Prodigy | One Shot | Relentless Pressure | Long Ball Pass | Footwork Phenom | Pinged Pass | ST Advanced Forward+ | Whipped Pass+ | Cornerstones | Iron Will,Leeds United,Premier League,false,true,500,6500
199434,Dušan Tadić,79,CAM,LM | ST | CM,56,75,84,80,43,74,4,3,5,Chip Shot | Whipped Pass | Inventive | First Touch | Press Proven,0,,0,,13,Intro to Evolutions | Intro to Rewards EVOs | Club Member Reward | Rising Guard | Passing Prodigy | One Shot | Complete Connection | Footwork Phenom | Pinged Pass | ST Advanced Forward+ | Whipped Pass+ | Cornerstones | Iron Will,N.E.C. Nijmegen,Eredivisie,false,false,500,
215333,Duván Zapata,79,ST,,70,79,63,76,35,79,3,4,3,Aerial Fortress | Press Proven | Enforcer,0,,0,,15,Intro to Evolutions | Intro to Training Camp EVOs II | Intro to Rewards EVOs | Club Member Reward | Rising Guard | Passing Prodigy | One Shot | Relentless Pressure | Long Ball Pass | Footwork Phenom | Pinged Pass | ST Advanced Forward+ | Whipped Pass+ | Cornerstones | Iron Will,Torino,Serie A Enilive,false,false,500,750
228413,Emil Audero,79,GK,,81,76,74,81,53,78,1,3,1,Cross Claimer,0,,0,,8,Intro to Training Camp EVOs I | Intro to Training Camp EVOs II | The Debut | Relentless Pressure | Long Ball Pass | Pinged Pass | Whipped Pass+ | Cornerstones,Rayo Vallecano,LALIGA EA SPORTS,false,false,750,500
272505,Endrick,79,ST,RW | CAM | RM,87,81,66,80,30,73,4,2,5,Power Shot | Gamechanger | Inventive | Rapid | Quick Step,0,,0,,11,Intro to Evolutions | Club Member Reward | Rising Guard | Passing Prodigy | One Shot | Footwork Phenom | Pinged Pass | ST Advanced Forward+ | Whipped Pass+ | Cornerstones | Iron Will,Real Madrid,LALIGA EA SPORTS,true,false,500,1000
259066,Enzo Boyomo,79,CB,,77,38,59,57,78,86,2,2,1,Block,0,,0,,13,Intro to Evolutions | Intro to Training Camp EVOs II | Intro to Rewards EVOs | Rising Guard | Passing Prodigy | One Shot | Relentless Pressure | Long Ball Pass | Footwork Phenom | Pinged Pass | Whipped Pass+ | Cornerstones | Iron Will,CA Osasuna,LALIGA EA SPORTS,false,false,500,500
234505,Evander,79,CAM,CM | ST | CDM,72,78,79,81,66,71,4,4,5,Power Shot | Dead Ball | Gamechanger | Incisive Pass | Technical,0,,0,,13,Intro to Evolutions | Intro to Rewards EVOs | Club Member Reward | Rising Guard | Passing Prodigy | One Shot | Complete Connection | Footwork Phenom | Pinged Pass | ST Advanced Forward+ | Whipped Pass+ | Cornerstones | Iron Will,FC Cincinnati,MLS,false,false,500,500
236804,Facundo Medina,79,CB,LB,73,44,70,72,79,81,3,3,3,Jockey | Slide Tackle | Bruiser,0,,0,,13,Intro to Evolutions | Intro to Training Camp EVOs II | Intro to Rewards EVOs | Rising Guard | Passing Prodigy | One Shot | Relentless Pressure | Long Ball Pass | Footwork Phenom | Pinged Pass | Whipped Pass+ | Cornerstones | Iron Will,Leverkusen,Bundesliga,false,false,500,750
197948,Florian Lejeune,79,CB,,53,65,72,66,79,81,2,3,6,Power Shot | Dead Ball | Precision Header | Long Ball Pass | Intercept | Aerial Fortress,0,,0,,9,Intro to Evolutions | Intro to Rewards EVOs | Rising Guard | Passing Prodigy | One Shot | Footwork Phenom | Whipped Pass+ | Cornerstones | Iron Will,Rayo Vallecano,LALIGA EA SPORTS,false,false,500,500
266097,Geny Catamo,79,RM,LM | RW | LW,92,74,69,82,64,62,4,3,5,Finesse Shot | Gamechanger | Inventive | Rapid | Quick Step,0,,0,,9,Intro to Evolutions | Rising Guard | Passing Prodigy | One Shot | Footwork Phenom | Pinged Pass | Whipped Pass+ | Cornerstones | Iron Will,Sporting CP,Liga Portugal,false,false,500,750
254551,Georges Mikautadze,79,ST,,83,80,74,82,41,74,4,4,5,Finesse Shot | Chip Shot | Gamechanger | Technical | First Touch,0,,0,,12,Intro to Evolutions | Intro to Rewards EVOs | Club Member Reward | Rising Guard | Passing Prodigy | One Shot | Footwork Phenom | Pinged Pass | ST Advanced Forward+ | Whipped Pass+ | Cornerstones | Iron Will,Villarreal CF,LALIGA EA SPORTS,false,false,500,750
74462,Gerard Martín,79,CB,LB | LM,74,53,75,70,80,79,3,3,2,Jockey | Anticipate,0,,0,,13,Intro to Evolutions | Intro to Training Camp EVOs II | Intro to Rewards EVOs | Rising Guard | Passing Prodigy | One Shot | Relentless Pressure | Long Ball Pass | Footwork Phenom | Pinged Pass | Whipped Pass+ | Cornerstones | Iron Will,FC Barcelona,LALIGA EA SPORTS,true,false,500,3500
264989,Gia Corley,79,CAM,CM | CDM,65,71,76,79,63,61,3,3,2,Chip Shot | Block,0,,0,,15,Intro to Evolutions | Intro to Training Camp EVOs II | Intro to Rewards EVOs | Rising Guard | Cover Athlete | Passing Prodigy | One Shot | Complete Connection | Relentless Pressure | Long Ball Pass | Footwork Phenom | Pinged Pass | Whipped Pass+ | Cornerstones | Iron Will,San Diego Wave,NWSL,false,false,500,500
259633,Giannis Konstantelias,79,CAM,LW | LM | CM,80,69,76,84,38,63,4,4,5,Gamechanger | Incisive Pass | Tiki Taka | First Touch | Trickster,0,,0,,11,Intro to Evolutions | Intro to Rewards EVOs | Rising Guard | Passing Prodigy | One Shot | Complete Connection | Footwork Phenom | Pinged Pass | Whipped Pass+ | Cornerstones | Iron Will,Borussia Dortmund,Bundesliga,false,false,500,250
265188,Giorgio Scalvini,79,CB,,73,36,59,62,80,80,2,3,2,Intercept | Bruiser,0,,0,,13,Intro to Evolutions | Intro to Training Camp EVOs II | Intro to Rewards EVOs | Rising Guard | Passing Prodigy | One Shot | Relentless Pressure | Long Ball Pass | Footwork Phenom | Pinged Pass | Whipped Pass+ | Cornerstones | Iron Will,Bergamo Calcio,Serie A Enilive,false,false,500,500
265059,Giovanna Hoffmann,79,ST,,79,79,71,77,47,75,3,2,1,Power Shot,0,,0,,15,Intro to Evolutions | Intro to Training Camp EVOs II | Intro to Rewards EVOs | Club Member Reward | Rising Guard | Passing Prodigy | One Shot | Relentless Pressure | Long Ball Pass | Footwork Phenom | Pinged Pass | ST Advanced Forward+ | Whipped Pass+ | Cornerstones | Iron Will,VfL Wolfsburg,GPFBL,false,false,500,500
265333,Grace Clinton,79,CAM,LM | CM | LW,73,77,76,77,67,76,3,3,1,Aerial Fortress,0,,0,,14,Intro to Evolutions | Intro to Training Camp EVOs II | Intro to Rewards EVOs | Rising Guard | Passing Prodigy | One Shot | Complete Connection | Relentless Pressure | Long Ball Pass | Footwork Phenom | Pinged Pass | Whipped Pass+ | Cornerstones | Iron Will,Manchester City,Barclays WSL,true,false,500,750
239342,Hervé Koffi,79,GK,,79,80,74,82,56,76,1,3,1,Far Throw,0,,0,,8,Intro to Training Camp EVOs I | Intro to Training Camp EVOs II | The Debut | Relentless Pressure | Long Ball Pass | Pinged Pass | Whipped Pass+ | Cornerstones,R. Union St.-G.,1A Pro League,false,false,500,500
271739,Honoka Hayashi,79,CM,LM | CDM | LW,78,72,78,80,62,55,3,4,0,,0,,0,,14,Intro to Evolutions | Intro to Training Camp EVOs II | Intro to Rewards EVOs | Rising Guard | Passing Prodigy | One Shot | Complete Connection | Relentless Pressure | Long Ball Pass | Footwork Phenom | Pinged Pass | Whipped Pass+ | Cornerstones | Iron Will,Everton,Barclays WSL,false,false,500,500
248465,Ian Maatsen,79,LB,LM,87,65,75,81,73,63,3,2,1,Rapid,0,,0,,12,Intro to Evolutions | Intro to Training Camp EVOs II | Rising Guard | Passing Prodigy | One Shot | Relentless Pressure | Long Ball Pass | Footwork Phenom | Pinged Pass | Whipped Pass+ | Cornerstones | Iron Will,Aston Villa,Premier League,false,true,500,750
193474,Idrissa Gueye,79,CDM,CM,58,60,72,72,80,69,3,3,2,Intercept | Slide Tackle,0,,0,,14,Intro to Evolutions | Intro to Training Camp EVOs II | Intro to Rewards EVOs | Rising Guard | Passing Prodigy | One Shot | Complete Connection | Relentless Pressure | Long Ball Pass | Footwork Phenom | Pinged Pass | Whipped Pass+ | Cornerstones | Iron Will,Al Diriyah,ROSHN Saudi League,false,false,500,500
260697,Isak Hien,79,CB,,65,37,49,59,80,83,2,3,1,Jockey,0,,0,,13,Intro to Evolutions | Intro to Training Camp EVOs II | Intro to Rewards EVOs | Rising Guard | Passing Prodigy | One Shot | Relentless Pressure | Long Ball Pass | Footwork Phenom | Pinged Pass | Whipped Pass+ | Cornerstones | Iron Will,Bergamo Calcio,Serie A Enilive,false,false,500,500
267343,Izzy Rodriguez,79,LB,LM,70,54,75,67,79,63,3,3,1,Whipped Pass,0,,0,,13,Intro to Evolutions | Intro to Training Camp EVOs II | Intro to Rewards EVOs | Rising Guard | Passing Prodigy | One Shot | Relentless Pressure | Long Ball Pass | Footwork Phenom | Pinged Pass | Whipped Pass+ | Cornerstones | Iron Will,KC Current,NWSL,false,false,500,500
86398,Jaimy Ravensbergen,79,ST,,75,80,65,75,33,73,3,3,0,,0,,0,,15,Intro to Evolutions | Intro to Training Camp EVOs II | Intro to Rewards EVOs | Club Member Reward | Rising Guard | Passing Prodigy | One Shot | Relentless Pressure | Long Ball Pass | Footwork Phenom | Pinged Pass | ST Advanced Forward+ | Whipped Pass+ | Cornerstones | Iron Will,FC Twente,Nederland Vrouwen Liga,false,false,500,
263063,James Trafford,79,GK,,79,77,78,80,48,78,1,3,1,Far Throw,0,,0,,8,Intro to Training Camp EVOs I | Intro to Training Camp EVOs II | The Debut | Relentless Pressure | Long Ball Pass | Pinged Pass | Whipped Pass+ | Cornerstones,Leeds United,Premier League,false,true,750,1000
247649,Jarrad Branthwaite,79,CB,,71,40,62,59,80,76,2,5,2,Intercept | Slide Tackle,0,,0,,13,Intro to Evolutions | Intro to Training Camp EVOs II | Intro to Rewards EVOs | Rising Guard | Passing Prodigy | One Shot | Relentless Pressure | Long Ball Pass | Footwork Phenom | Pinged Pass | Whipped Pass+ | Cornerstones | Iron Will,Everton,Premier League,false,true,500,500
279604,Jauregizar,79,CM,CDM,75,72,76,77,78,80,3,4,3,Intercept | Anticipate | Relentless,0,,0,,14,Intro to Evolutions | Intro to Training Camp EVOs II | Intro to Rewards EVOs | Rising Guard | Passing Prodigy | One Shot | Complete Connection | Relentless Pressure | Long Ball Pass | Footwork Phenom | Pinged Pass | Whipped Pass+ | Cornerstones | Iron Will,Athletic Club,LALIGA EA SPORTS,false,false,500,750
246152,Jennifer Falk,79,GK,,78,77,74,78,28,78,1,2,3,Far Throw | Cross Claimer | Deflector,0,,0,,8,Intro to Training Camp EVOs I | Intro to Training Camp EVOs II | The Debut | Relentless Pressure | Long Ball Pass | Pinged Pass | Whipped Pass+ | Cornerstones,BK Hcken,Sverige Liga,false,false,750,
232711,Jens Stage,79,CM,CDM,61,76,74,77,77,80,3,3,2,Precision Header | Relentless,0,,0,,14,Intro to Evolutions | Intro to Training Camp EVOs II | Intro to Rewards EVOs | Rising Guard | Passing Prodigy | One Shot | Complete Connection | Relentless Pressure | Long Ball Pass | Footwork Phenom | Pinged Pass | Whipped Pass+ | Cornerstones | Iron Will,SV Werder Bremen,Bundesliga,false,false,500,500
224221,Joachim Andersen,79,CB,,39,57,71,65,80,83,2,4,4,Long Ball Pass | Intercept | Aerial Fortress | Bruiser,0,,0,,11,Intro to Evolutions | Intro to Rewards EVOs | Rising Guard | Passing Prodigy | One Shot | Relentless Pressure | Footwork Phenom | Pinged Pass | Whipped Pass+ | Cornerstones | Iron Will,Fulham,Premier League,false,true,500,500
273748,Joaquín Panichelli,79,ST,,69,81,63,73,28,82,3,3,2,Precision Header | Press Proven,0,,0,,15,Intro to Evolutions | Intro to Training Camp EVOs II | Intro to Rewards EVOs | Club Member Reward | Rising Guard | Passing Prodigy | One Shot | Relentless Pressure | Long Ball Pass | Footwork Phenom | Pinged Pass | ST Advanced Forward+ | Whipped Pass+ | Cornerstones | Iron Will,Strasbourg,Ligue 1 McDonald's,false,false,500,1000
225100,Joe Gomez,79,CB,RB | LB,70,29,70,71,80,73,3,3,1,Long Throw,0,,0,,13,Intro to Evolutions | Intro to Training Camp EVOs II | Intro to Rewards EVOs | Rising Guard | Passing Prodigy | One Shot | Relentless Pressure | Long Ball Pass | Footwork Phenom | Pinged Pass | Whipped Pass+ | Cornerstones | Iron Will,Liverpool,Premier League,true,true,500,750
263887,Jonas Urbig,79,GK,,79,76,85,79,32,77,1,4,2,Footwork | Cross Claimer,0,,0,,8,Intro to Training Camp EVOs I | Intro to Training Camp EVOs II | The Debut | Relentless Pressure | Long Ball Pass | Pinged Pass | Whipped Pass+ | Cornerstones,FC Bayern München,Bundesliga,true,false,750,4000
264890,Jovana Damnjanović,79,CAM,ST | CM,80,78,72,77,43,78,3,3,1,Rapid,0,,0,,17,Intro to Evolutions | Intro to Training Camp EVOs II | Intro to Rewards EVOs | Club Member Reward | Rising Guard | Cover Athlete | Passing Prodigy | One Shot | Complete Connection | Relentless Pressure | Long Ball Pass | Footwork Phenom | Pinged Pass | ST Advanced Forward+ | Whipped Pass+ | Cornerstones | Iron Will,FC Bayern München,GPFBL,true,false,500,500
237221,Juan Foyth,79,CB,RB,66,47,72,71,80,76,3,3,2,Block | Bruiser,0,,0,,13,Intro to Evolutions | Intro to Training Camp EVOs II | Intro to Rewards EVOs | Rising Guard | Passing Prodigy | One Shot | Relentless Pressure | Long Ball Pass | Footwork Phenom | Pinged Pass | Whipped Pass+ | Cornerstones | Iron Will,Villarreal CF,LALIGA EA SPORTS,false,false,500,750
222028,Julian Weigl,79,CDM,CM,55,64,75,73,75,74,3,3,4,Pinged Pass | Tiki Taka | Intercept | Press Proven,0,,0,,12,Intro to Evolutions | Intro to Rewards EVOs | Rising Guard | Passing Prodigy | One Shot | Complete Connection | Relentless Pressure | Footwork Phenom | Pinged Pass | Whipped Pass+ | Cornerstones | Iron Will,Al Qadsiah,ROSHN Saudi League,false,false,500,500
236920,Justin Kluivert,79,CAM,LM | LW,86,78,77,81,42,60,4,4,1,Rapid,0,,0,,13,Intro to Evolutions | Intro to Training Camp EVOs II | Rising Guard | Cover Athlete | Passing Prodigy | One Shot | Relentless Pressure | Long Ball Pass | Footwork Phenom | Pinged Pass | Whipped Pass+ | Cornerstones | Iron Will,AFC Bournemouth,Premier League,false,true,500,750
237985,Kevin Danso,79,CB,,69,32,57,62,78,81,2,3,3,Aerial Fortress | Long Throw | Bruiser,0,,0,,13,Intro to Evolutions | Intro to Training Camp EVOs II | Intro to Rewards EVOs | Rising Guard | Passing Prodigy | One Shot | Relentless Pressure | Long Ball Pass | Footwork Phenom | Pinged Pass | Whipped Pass+ | Cornerstones | Iron Will,Sunderland,Premier League,false,true,500,750
233230,Kevin Mac Allister,79,CB,,76,49,61,73,79,83,2,3,5,Jockey | Intercept | Aerial Fortress | Long Throw | Bruiser,0,,0,,10,Intro to Evolutions | Intro to Rewards EVOs | Rising Guard | Passing Prodigy | One Shot | Footwork Phenom | Pinged Pass | Whipped Pass+ | Cornerstones | Iron Will,R. Union St.-G.,1A Pro League,false,false,500,750
275787,Laura Pérez,79,RM,CAM | ST | RW,82,72,79,78,58,66,3,3,4,Dead Ball | Acrobatic | Whipped Pass | Technical,0,,0,,13,Intro to Evolutions | Intro to Rewards EVOs | Club Member Reward | Rising Guard | Passing Prodigy | One Shot | Relentless Pressure | Footwork Phenom | Pinged Pass | ST Advanced Forward+ | Whipped Pass+ | Cornerstones | Iron Will,Sevilla FC,Liga F Moeve,false,false,500,500
276969,Leon Avdullahu,79,CDM,CM,69,61,79,78,72,75,2,4,4,Pinged Pass | Long Ball Pass | Press Proven | Relentless,0,,0,,12,Intro to Evolutions | Intro to Rewards EVOs | Rising Guard | Passing Prodigy | One Shot | Complete Connection | Relentless Pressure | Footwork Phenom | Pinged Pass | Whipped Pass+ | Cornerstones | Iron Will,TSG Hoffenheim,Bundesliga,false,false,500,
242835,Leonardo Balerdi,79,CB,,74,46,65,69,80,79,2,3,2,Intercept | Anticipate,0,,0,,13,Intro to Evolutions | Intro to Training Camp EVOs II | Intro to Rewards EVOs | Rising Guard | Passing Prodigy | One Shot | Relentless Pressure | Long Ball Pass | Footwork Phenom | Pinged Pass | Whipped Pass+ | Cornerstones | Iron Will,AS Roma,Serie A Enilive,false,false,500,750
265069,Lisa Karl,79,LB,LM,81,64,69,77,79,75,3,3,3,Whipped Pass | Block | Quick Step,0,,0,,13,Intro to Evolutions | Intro to Training Camp EVOs II | Intro to Rewards EVOs | Rising Guard | Passing Prodigy | One Shot | Relentless Pressure | Long Ball Pass | Footwork Phenom | Pinged Pass | Whipped Pass+ | Cornerstones | Iron Will,SC Freiburg,GPFBL,false,false,500,500
265937,Louise Fleury,79,LM,LB,86,73,74,77,60,66,3,3,1,Rapid,0,,0,,12,Intro to Evolutions | Intro to Training Camp EVOs II | Rising Guard | Passing Prodigy | One Shot | Relentless Pressure | Long Ball Pass | Footwork Phenom | Pinged Pass | Whipped Pass+ | Cornerstones | Iron Will,Marseille,Arkema PL,false,false,500,500
279709,Lucas Beraldo,79,CDM,CB | CM,64,45,71,68,80,75,2,2,2,Pinged Pass | Slide Tackle,0,,0,,14,Intro to Evolutions | Intro to Training Camp EVOs II | Intro to Rewards EVOs | Rising Guard | Passing Prodigy | One Shot | Complete Connection | Relentless Pressure | Long Ball Pass | Footwork Phenom | Pinged Pass | Whipped Pass+ | Cornerstones | Iron Will,Paris SG,Ligue 1 McDonald's,true,false,500,500
253727,Lukáš Provod,79,CAM,LW | RW | CM,77,75,79,78,65,83,3,4,2,Power Shot | Press Proven,0,,0,,14,Intro to Evolutions | Intro to Training Camp EVOs II | Intro to Rewards EVOs | Rising Guard | Passing Prodigy | One Shot | Complete Connection | Relentless Pressure | Long Ball Pass | Footwork Phenom | Pinged Pass | Whipped Pass+ | Cornerstones | Iron Will,Slavia Praha,Česká Liga,false,false,500,500
272203,Maddi Torre,79,CB,,59,56,76,69,82,74,3,4,0,,0,,0,,13,Intro to Evolutions | Intro to Training Camp EVOs II | Intro to Rewards EVOs | Rising Guard | Passing Prodigy | One Shot | Relentless Pressure | Long Ball Pass | Footwork Phenom | Pinged Pass | Whipped Pass+ | Cornerstones | Iron Will,Athletic Club,Liga F Moeve,false,false,500,750
273520,Maika Hamano,79,CAM,CM | CDM,76,72,70,81,51,55,4,4,4,Finesse Shot | Incisive Pass | Technical | First Touch,0,,0,,13,Intro to Evolutions | Intro to Rewards EVOs | Rising Guard | Cover Athlete | Passing Prodigy | One Shot | Complete Connection | Relentless Pressure | Footwork Phenom | Pinged Pass | Whipped Pass+ | Cornerstones | Iron Will,Chelsea,Barclays WSL,false,false,500,500
228628,Maitane,79,CDM,CM,69,68,77,73,78,82,3,3,4,Incisive Pass | Intercept | Press Proven | Bruiser,0,,0,,12,Intro to Evolutions | Intro to Rewards EVOs | Rising Guard | Passing Prodigy | One Shot | Complete Connection | Relentless Pressure | Footwork Phenom | Pinged Pass | Whipped Pass+ | Cornerstones | Iron Will,Chicago Stars FC,NWSL,false,false,500,750
259307,Malo Gusto,79,RB,CM,82,55,75,79,75,73,3,3,2,Jockey | Slide Tackle,0,,0,,14,Intro to Evolutions | Intro to Training Camp EVOs II | Intro to Rewards EVOs | Rising Guard | Passing Prodigy | One Shot | Complete Connection | Relentless Pressure | Long Ball Pass | Footwork Phenom | Pinged Pass | Whipped Pass+ | Cornerstones | Iron Will,Chelsea,Premier League,false,true,2200,2500
192638,Marcos Alonso,79,CB,LB,54,74,81,74,80,77,3,3,2,Long Ball Pass | Aerial Fortress,0,,0,,13,Intro to Evolutions | Intro to Training Camp EVOs II | Intro to Rewards EVOs | Rising Guard | Passing Prodigy | One Shot | Relentless Pressure | Long Ball Pass | Footwork Phenom | Pinged Pass | Whipped Pass+ | Cornerstones | Iron Will,Celta,LALIGA EA SPORTS,false,false,500,750
237477,Marcus Tavernier,79,LM,RM | CAM | LW,80,78,77,79,60,67,3,3,2,Power Shot | Dead Ball,0,,0,,13,Intro to Evolutions | Intro to Training Camp EVOs II | Intro to Rewards EVOs | Rising Guard | Passing Prodigy | One Shot | Relentless Pressure | Long Ball Pass | Footwork Phenom | Pinged Pass | Whipped Pass+ | Cornerstones | Iron Will,AFC Bournemouth,Premier League,false,true,500,500
227290,Marko Dmitrović,79,GK,,78,79,78,80,37,78,1,2,3,Far Throw | Footwork | Cross Claimer,0,,0,,8,Intro to Training Camp EVOs I | Intro to Training Camp EVOs II | The Debut | Relentless Pressure | Long Ball Pass | Pinged Pass | Whipped Pass+ | Cornerstones,RCD Espanyol,LALIGA EA SPORTS,false,false,750,750
262842,Martin Baturina,79,CAM,LM | CM | LW,76,72,79,83,62,58,3,4,4,Dead Ball | Incisive Pass | Inventive | Technical,0,,0,,12,Intro to Evolutions | Intro to Rewards EVOs | Rising Guard | Passing Prodigy | One Shot | Complete Connection | Relentless Pressure | Footwork Phenom | Pinged Pass | Whipped Pass+ | Cornerstones | Iron Will,Como,Serie A Enilive,false,false,500,500
266937,Martina Lenzini,79,CB,RB,74,47,71,68,79,77,2,3,2,Long Ball Pass | Long Throw,0,,0,,13,Intro to Evolutions | Intro to Training Camp EVOs II | Intro to Rewards EVOs | Rising Guard | Passing Prodigy | One Shot | Relentless Pressure | Long Ball Pass | Footwork Phenom | Pinged Pass | Whipped Pass+ | Cornerstones | Iron Will,Juventus,Calcio A Femminile,false,false,500,750
227067,Martina Rosucci,79,CB,CM | CDM,71,68,79,78,80,76,2,3,2,Slide Tackle | Technical,0,,0,,14,Intro to Evolutions | Intro to Training Camp EVOs II | Intro to Rewards EVOs | Rising Guard | Passing Prodigy | One Shot | Complete Connection | Relentless Pressure | Long Ball Pass | Footwork Phenom | Pinged Pass | Whipped Pass+ | Cornerstones | Iron Will,Juventus,Calcio A Femminile,false,false,500,750
248793,Mats Wieffer,79,RB,CDM | CM | RM,67,67,76,75,78,76,3,3,2,Block | Intercept,0,,0,,14,Intro to Evolutions | Intro to Training Camp EVOs II | Intro to Rewards EVOs | Rising Guard | Passing Prodigy | One Shot | Complete Connection | Relentless Pressure | Long Ball Pass | Footwork Phenom | Pinged Pass | Whipped Pass+ | Cornerstones | Iron Will,Brighton,Premier League,false,true,500,500
206511,Maximilian Arnold,79,CDM,CM,62,80,79,76,75,75,3,2,4,Dead Ball | Gamechanger | Long Ball Pass | Tiki Taka,1,Power Shot,0,,12,Intro to Evolutions | Intro to Rewards EVOs | Rising Guard | Passing Prodigy | One Shot | Complete Connection | Relentless Pressure | Footwork Phenom | Pinged Pass | Whipped Pass+ | Cornerstones | Iron Will,VfL Wolfsburg,Bundesliga 2,false,false,500,500
265020,Melissa Kössler,79,ST,,83,78,71,77,45,78,3,2,2,Finesse Shot | Aerial Fortress,0,,0,,15,Intro to Evolutions | Intro to Training Camp EVOs II | Intro to Rewards EVOs | Club Member Reward | Rising Guard | Passing Prodigy | One Shot | Relentless Pressure | Long Ball Pass | Footwork Phenom | Pinged Pass | ST Advanced Forward+ | Whipped Pass+ | Cornerstones | Iron Will,Denver Summit FC,NWSL,false,false,500,500
72221,Millene Cabral,79,ST,CAM,78,79,72,78,32,72,4,3,3,Technical | First Touch | Enforcer,0,,0,,16,Intro to Evolutions | Intro to Training Camp EVOs II | Intro to Rewards EVOs | Club Member Reward | Rising Guard | Cover Athlete | Passing Prodigy | One Shot | Relentless Pressure | Long Ball Pass | Footwork Phenom | Pinged Pass | ST Advanced Forward+ | Whipped Pass+ | Cornerstones | Iron Will,RC Deportivo,Liga F Moeve,false,false,500,1500
245835,Mina Tanaka,79,CAM,CM | ST | CDM,73,74,69,77,52,63,3,3,0,,0,,0,,16,Intro to Evolutions | Intro to Training Camp EVOs II | Intro to Rewards EVOs | Club Member Reward | Rising Guard | Passing Prodigy | One Shot | Complete Connection | Relentless Pressure | Long Ball Pass | Footwork Phenom | Pinged Pass | ST Advanced Forward+ | Whipped Pass+ | Cornerstones | Iron Will,Utah Royals FC,NWSL,false,false,500,500
247805,Moeka Minami,79,CB,,60,56,58,70,81,77,2,3,3,Long Ball Pass | Block | Intercept,0,,0,,13,Intro to Evolutions | Intro to Training Camp EVOs II | Intro to Rewards EVOs | Rising Guard | Passing Prodigy | One Shot | Relentless Pressure | Long Ball Pass | Footwork Phenom | Pinged Pass | Whipped Pass+ | Cornerstones | Iron Will,Brighton,Barclays WSL,false,false,500,750
264697,Mohamed Amoura,79,ST,LW | LM | CAM,87,81,71,86,47,60,4,3,5,Chip Shot | Acrobatic | Gamechanger | Rapid | Quick Step,0,,0,,11,Intro to Evolutions | Club Member Reward | Rising Guard | Passing Prodigy | One Shot | Footwork Phenom | Pinged Pass | ST Advanced Forward+ | Whipped Pass+ | Cornerstones | Iron Will,OGC Nice,Ligue 1 McDonald's,false,false,2200,3000
70145,Momoko Tanikawa,79,CAM,RM | CM | RW,72,76,76,79,56,66,3,5,1,Technical,0,,0,,14,Intro to Evolutions | Intro to Training Camp EVOs II | Intro to Rewards EVOs | Rising Guard | Passing Prodigy | One Shot | Complete Connection | Relentless Pressure | Long Ball Pass | Footwork Phenom | Pinged Pass | Whipped Pass+ | Cornerstones | Iron Will,FC Bayern München,GPFBL,true,false,500,500
235018,Moritz Nicolas,79,GK,,84,80,77,79,21,78,1,2,0,,0,,0,,8,Intro to Training Camp EVOs I | Intro to Training Camp EVOs II | The Debut | Relentless Pressure | Long Ball Pass | Pinged Pass | Whipped Pass+ | Cornerstones,M'gladbach,Bundesliga,false,false,750,500
277537,Natan,79,CB,,66,33,59,66,79,80,2,2,2,Jockey | Aerial Fortress,0,,0,,13,Intro to Evolutions | Intro to Training Camp EVOs II | Intro to Rewards EVOs | Rising Guard | Passing Prodigy | One Shot | Relentless Pressure | Long Ball Pass | Footwork Phenom | Pinged Pass | Whipped Pass+ | Cornerstones | Iron Will,Real Betis,LALIGA EA SPORTS,false,false,500,750
248484,Nathan Collins,79,CB,,54,31,58,64,80,81,2,3,4,Block | Intercept | Anticipate | Aerial Fortress,0,,0,,11,Intro to Evolutions | Intro to Rewards EVOs | Rising Guard | Passing Prodigy | One Shot | Relentless Pressure | Footwork Phenom | Pinged Pass | Whipped Pass+ | Cornerstones | Iron Will,Brentford,Premier League,false,true,500,500
240690,Nico González,79,LM,RM | CAM | LW,85,76,74,79,54,67,4,2,4,Finesse Shot | Precision Header | Aerial Fortress | First Touch,0,,0,,10,Intro to Evolutions | Rising Guard | Passing Prodigy | One Shot | Relentless Pressure | Footwork Phenom | Pinged Pass | Whipped Pass+ | Cornerstones | Iron Will,Juventus,Serie A Enilive,false,false,500,750
239810,Nicolas Raskin,79,CDM,CM,73,69,76,78,75,74,3,4,7,Precision Header | Incisive Pass | Pinged Pass | Long Ball Pass | Tiki Taka | Press Proven | Relentless,0,,0,,9,Intro to Evolutions | Intro to Rewards EVOs | Rising Guard | Passing Prodigy | One Shot | Footwork Phenom | Whipped Pass+ | Cornerstones | Iron Will,Rangers,Scottish Prem,false,false,500,250
262659,Noah Atubolu,79,GK,,79,74,79,80,55,76,1,3,2,Long Ball Pass | Far Reach,0,,0,,8,Intro to Training Camp EVOs I | Intro to Training Camp EVOs II | The Debut | Relentless Pressure | Long Ball Pass | Pinged Pass | Whipped Pass+ | Cornerstones,Frankfurt,Bundesliga,false,false,750,750
211990,Odysseas Vlachodimos,79,GK,,78,78,74,80,44,78,1,3,1,1v1 Close Down,0,,0,,8,Intro to Training Camp EVOs I | Intro to Training Camp EVOs II | The Debut | Relentless Pressure | Long Ball Pass | Pinged Pass | Whipped Pass+ | Cornerstones,Sevilla FC,LALIGA EA SPORTS,false,false,750,1000
271945,Oihane Hernández,79,RB,RM,79,62,75,73,76,74,3,4,2,Tiki Taka | Rapid,0,,0,,13,Intro to Evolutions | Intro to Training Camp EVOs II | Intro to Rewards EVOs | Rising Guard | Passing Prodigy | One Shot | Relentless Pressure | Long Ball Pass | Footwork Phenom | Pinged Pass | Whipped Pass+ | Cornerstones | Iron Will,Orlando Pride,NWSL,false,false,500,500
224656,Ola Aina,79,RB,LB,87,62,71,74,77,75,3,4,1,Long Throw,0,,0,,12,Intro to Evolutions | Intro to Training Camp EVOs II | Rising Guard | Passing Prodigy | One Shot | Relentless Pressure | Long Ball Pass | Footwork Phenom | Pinged Pass | Whipped Pass+ | Cornerstones | Iron Will,Nott'm Forest,Premier League,false,true,3000,3500
273177,Olivia Holdt,79,CAM,LM | CM | LW,74,73,72,78,57,72,4,2,1,Chip Shot,0,,0,,14,Intro to Evolutions | Intro to Training Camp EVOs II | Intro to Rewards EVOs | Rising Guard | Passing Prodigy | One Shot | Complete Connection | Relentless Pressure | Long Ball Pass | Footwork Phenom | Pinged Pass | Whipped Pass+ | Cornerstones | Iron Will,Spurs,Barclays WSL,false,false,500,500
190765,Pascal Groß,79,CDM,CM,37,74,84,78,71,71,3,4,4,Dead Ball | Incisive Pass | Long Ball Pass | Whipped Pass,0,,0,,12,Intro to Evolutions | Intro to Rewards EVOs | Rising Guard | Passing Prodigy | One Shot | Complete Connection | Relentless Pressure | Footwork Phenom | Pinged Pass | Whipped Pass+ | Cornerstones | Iron Will,Brighton,Premier League,false,true,500,500
222227,Patrick Berg,79,CDM,CM,74,69,78,73,74,83,3,3,4,Long Ball Pass | Inventive | Press Proven | Relentless,0,,0,,12,Intro to Evolutions | Intro to Rewards EVOs | Rising Guard | Passing Prodigy | One Shot | Complete Connection | Relentless Pressure | Footwork Phenom | Pinged Pass | Whipped Pass+ | Cornerstones | Iron Will,FK Bodø/Glimt,Eliteserien,false,false,500,250
216531,Paulinho,79,ST,LW,67,78,70,74,44,82,3,3,5,Finesse Shot | Chip Shot | Precision Header | Low Driven Shot | First Touch,0,,0,,12,Intro to Evolutions | Intro to Rewards EVOs | Club Member Reward | Rising Guard | Passing Prodigy | One Shot | Footwork Phenom | Pinged Pass | ST Advanced Forward+ | Whipped Pass+ | Cornerstones | Iron Will,Toluca FC,Liga BBVA MX,false,false,500,
247050,Pavel Šulc,79,CAM,ST,74,77,75,78,47,73,3,3,1,Press Proven,0,,0,,16,Intro to Evolutions | Intro to Training Camp EVOs II | Intro to Rewards EVOs | Club Member Reward | Rising Guard | Cover Athlete | Passing Prodigy | One Shot | Relentless Pressure | Long Ball Pass | Footwork Phenom | Pinged Pass | ST Advanced Forward+ | Whipped Pass+ | Cornerstones | Iron Will,OL,Ligue 1 McDonald's,false,false,500,250
231366,Philipp Lienhart,79,CB,,65,28,59,64,80,77,2,3,4,Anticipate | Aerial Fortress | Long Throw | Bruiser,0,,0,,11,Intro to Evolutions | Intro to Rewards EVOs | Rising Guard | Passing Prodigy | One Shot | Relentless Pressure | Footwork Phenom | Pinged Pass | Whipped Pass+ | Cornerstones | Iron Will,SC Freiburg,Bundesliga,false,false,500,500
188567,Pierre-Emerick Aubameyang,79,ST,,82,81,71,78,36,63,4,4,5,Finesse Shot | Chip Shot | Precision Header | Low Driven Shot | Rapid,0,,0,,12,Intro to Evolutions | Intro to Rewards EVOs | Club Member Reward | Rising Guard | Passing Prodigy | One Shot | Footwork Phenom | Pinged Pass | ST Advanced Forward+ | Whipped Pass+ | Cornerstones | Iron Will,RC Deportivo,LALIGA EA SPORTS,false,false,500,750
235657,Rachel Daly,79,ST,CAM | CM,79,78,76,79,64,74,4,3,1,Finesse Shot,0,,0,,17,Intro to Evolutions | Intro to Training Camp EVOs II | Intro to Rewards EVOs | Club Member Reward | Rising Guard | Cover Athlete | Passing Prodigy | One Shot | Complete Connection | Relentless Pressure | Long Ball Pass | Footwork Phenom | Pinged Pass | ST Advanced Forward+ | Whipped Pass+ | Cornerstones | Iron Will,Aston Villa,Barclays WSL,false,false,500,750
227421,Rafaelle,79,CB,,51,39,68,65,81,80,2,3,3,Jockey | Intercept | Aerial Fortress,0,,0,,13,Intro to Evolutions | Intro to Training Camp EVOs II | Intro to Rewards EVOs | Rising Guard | Passing Prodigy | One Shot | Relentless Pressure | Long Ball Pass | Footwork Phenom | Pinged Pass | Whipped Pass+ | Cornerstones | Iron Will,Orlando Pride,NWSL,false,false,500,500
224196,Ramy Bensebaini,79,CB,LB | LM,73,70,70,77,79,78,3,4,3,Chip Shot | Block | Bruiser,1,Slide Tackle,0,,13,Intro to Evolutions | Intro to Training Camp EVOs II | Intro to Rewards EVOs | Rising Guard | Passing Prodigy | One Shot | Relentless Pressure | Long Ball Pass | Footwork Phenom | Pinged Pass | Whipped Pass+ | Cornerstones | Iron Will,Borussia Dortmund,Bundesliga,false,false,500,750
233301,Rasmus Kristensen,79,RB,CB | RM,68,67,70,72,79,80,2,4,2,Relentless | Bruiser,0,,0,,13,Intro to Evolutions | Intro to Training Camp EVOs II | Intro to Rewards EVOs | Rising Guard | Passing Prodigy | One Shot | Relentless Pressure | Long Ball Pass | Footwork Phenom | Pinged Pass | Whipped Pass+ | Cornerstones | Iron Will,FC Midtjylland,3F Superliga,false,false,500,500
83494,Rayan,79,RM,RW,85,78,74,80,35,74,3,2,3,Power Shot | Low Driven Shot | Enforcer,0,,0,,12,Intro to Evolutions | Intro to Training Camp EVOs II | Rising Guard | Passing Prodigy | One Shot | Relentless Pressure | Long Ball Pass | Footwork Phenom | Pinged Pass | Whipped Pass+ | Cornerstones | Iron Will,AFC Bournemouth,Premier League,false,true,500,
240709,Ridle Baku,79,RB,RM | RW | CM,83,72,75,80,75,76,3,4,1,Rapid,0,,0,,14,Intro to Evolutions | Intro to Training Camp EVOs II | Intro to Rewards EVOs | Rising Guard | Passing Prodigy | One Shot | Complete Connection | Relentless Pressure | Long Ball Pass | Footwork Phenom | Pinged Pass | Whipped Pass+ | Cornerstones | Iron Will,RB Leipzig,Bundesliga,false,false,500,1000
228092,Sander Berge,79,CDM,CM,55,64,75,70,75,84,2,3,2,Pinged Pass | Relentless,0,,0,,14,Intro to Evolutions | Intro to Training Camp EVOs II | Intro to Rewards EVOs | Rising Guard | Passing Prodigy | One Shot | Complete Connection | Relentless Pressure | Long Ball Pass | Footwork Phenom | Pinged Pass | Whipped Pass+ | Cornerstones | Iron Will,Fulham,Premier League,false,true,500,500
235781,Santi Comesaña,79,CM,CDM,59,72,74,75,77,77,3,4,4,Precision Header | Jockey | Slide Tackle | Bruiser,0,,0,,12,Intro to Evolutions | Intro to Rewards EVOs | Rising Guard | Passing Prodigy | One Shot | Complete Connection | Relentless Pressure | Footwork Phenom | Pinged Pass | Whipped Pass+ | Cornerstones | Iron Will,Villarreal CF,LALIGA EA SPORTS,false,false,500,750
255971,Santiago Hezze,79,CDM,CM,71,59,68,73,78,82,3,3,3,Jockey | Intercept | Relentless,0,,0,,14,Intro to Evolutions | Intro to Training Camp EVOs II | Intro to Rewards EVOs | Rising Guard | Passing Prodigy | One Shot | Complete Connection | Relentless Pressure | Long Ball Pass | Footwork Phenom | Pinged Pass | Whipped Pass+ | Cornerstones | Iron Will,Olympiacos FC,Hellas Liga,false,false,500,500
267318,Savannah DeMelo,79,CM,CAM | ST,64,76,80,80,62,70,4,3,1,Dead Ball,0,,0,,17,Intro to Evolutions | Intro to Training Camp EVOs II | Intro to Rewards EVOs | Club Member Reward | Rising Guard | Cover Athlete | Passing Prodigy | One Shot | Complete Connection | Relentless Pressure | Long Ball Pass | Footwork Phenom | Pinged Pass | ST Advanced Forward+ | Whipped Pass+ | Cornerstones | Iron Will,Rac. Louisville,NWSL,false,false,500,500
70004,Senny Mayulu,79,CM,ST | CDM | CAM,75,75,75,79,64,62,3,5,1,Press Proven,0,,0,,16,Intro to Evolutions | Intro to Training Camp EVOs II | Intro to Rewards EVOs | Club Member Reward | Rising Guard | Passing Prodigy | One Shot | Complete Connection | Relentless Pressure | Long Ball Pass | Footwork Phenom | Pinged Pass | ST Advanced Forward+ | Whipped Pass+ | Cornerstones | Iron Will,Paris SG,Ligue 1 McDonald's,true,false,500,500
224003,Sergio Herrera,79,GK,,79,79,75,80,47,77,1,3,2,Long Ball Pass | Far Throw,0,,0,,8,Intro to Training Camp EVOs I | Intro to Training Camp EVOs II | The Debut | Relentless Pressure | Long Ball Pass | Pinged Pass | Whipped Pass+ | Cornerstones,CA Osasuna,LALIGA EA SPORTS,false,false,750,750
272012,Silvia Lloris,79,CB,LB,79,62,71,70,79,76,3,4,1,Bruiser,0,,0,,13,Intro to Evolutions | Intro to Training Camp EVOs II | Intro to Rewards EVOs | Rising Guard | Passing Prodigy | One Shot | Relentless Pressure | Long Ball Pass | Footwork Phenom | Pinged Pass | Whipped Pass+ | Cornerstones | Iron Will,Atlético de Madrid,Liga F Moeve,false,false,500,750
224158,Sofyan Amrabat,79,CDM,CM,73,70,74,76,76,84,3,2,2,Press Proven | Relentless,0,,0,,14,Intro to Evolutions | Intro to Training Camp EVOs II | Intro to Rewards EVOs | Rising Guard | Passing Prodigy | One Shot | Complete Connection | Relentless Pressure | Long Ball Pass | Footwork Phenom | Pinged Pass | Whipped Pass+ | Cornerstones | Iron Will,Ajax,Eredivisie,false,false,500,9500
263765,Tom Bischof,79,CM,CDM | LB,57,72,80,80,67,68,3,3,4,Dead Ball | Low Driven Shot | Whipped Pass | Press Proven,0,,0,,12,Intro to Evolutions | Intro to Rewards EVOs | Rising Guard | Passing Prodigy | One Shot | Complete Connection | Relentless Pressure | Footwork Phenom | Pinged Pass | Whipped Pass+ | Cornerstones | Iron Will,FC Bayern München,Bundesliga,true,false,500,500
232999,Tyler Adams,79,CDM,CM,77,60,73,76,79,75,3,3,0,,0,,0,,14,Intro to Evolutions | Intro to Training Camp EVOs II | Intro to Rewards EVOs | Rising Guard | Passing Prodigy | One Shot | Complete Connection | Relentless Pressure | Long Ball Pass | Footwork Phenom | Pinged Pass | Whipped Pass+ | Cornerstones | Iron Will,AFC Bournemouth,Premier League,false,true,500,750
265459,Tyler Morton,79,CDM,CM,65,65,80,77,74,74,3,3,3,Incisive Pass | Tiki Taka | Press Proven,0,,0,,14,Intro to Evolutions | Intro to Training Camp EVOs II | Intro to Rewards EVOs | Rising Guard | Passing Prodigy | One Shot | Complete Connection | Relentless Pressure | Long Ball Pass | Footwork Phenom | Pinged Pass | Whipped Pass+ | Cornerstones | Iron Will,OL,Ligue 1 McDonald's,false,false,500,1500
240947,Tyrick Mitchell,79,LB,LM,75,54,69,74,77,73,2,3,4,Whipped Pass | Jockey | Block | Anticipate,0,,0,,11,Intro to Evolutions | Intro to Rewards EVOs | Rising Guard | Passing Prodigy | One Shot | Relentless Pressure | Footwork Phenom | Pinged Pass | Whipped Pass+ | Cornerstones | Iron Will,Crystal Palace,Premier League,false,true,500,500
263370,Valentín Barco,79,CM,CDM,77,52,81,80,73,63,3,3,3,Incisive Pass | Slide Tackle | Technical,0,,0,,14,Intro to Evolutions | Intro to Training Camp EVOs II | Intro to Rewards EVOs | Rising Guard | Passing Prodigy | One Shot | Complete Connection | Relentless Pressure | Long Ball Pass | Footwork Phenom | Pinged Pass | Whipped Pass+ | Cornerstones | Iron Will,Chelsea,Premier League,false,true,500,250
272010,Viola Calligaris,79,CB,RB,79,59,71,75,79,80,2,4,3,Jockey | Intercept | Slide Tackle,0,,0,,13,Intro to Evolutions | Intro to Training Camp EVOs II | Intro to Rewards EVOs | Rising Guard | Passing Prodigy | One Shot | Relentless Pressure | Long Ball Pass | Footwork Phenom | Pinged Pass | Whipped Pass+ | Cornerstones | Iron Will,Atlético de Madrid,Liga F Moeve,false,false,500,750
248695,Wesley Fofana,79,CB,,77,41,62,71,80,77,2,3,3,Jockey | Intercept | Aerial Fortress,0,,0,,13,Intro to Evolutions | Intro to Training Camp EVOs II | Intro to Rewards EVOs | Rising Guard | Passing Prodigy | One Shot | Relentless Pressure | Long Ball Pass | Footwork Phenom | Pinged Pass | Whipped Pass+ | Cornerstones | Iron Will,Chelsea,Premier League,false,true,500,750
276285,Wieke Kaptein,79,CAM,CM | CDM,68,71,72,77,69,69,3,3,0,,0,,0,,15,Intro to Evolutions | Intro to Training Camp EVOs II | Intro to Rewards EVOs | Rising Guard | Cover Athlete | Passing Prodigy | One Shot | Complete Connection | Relentless Pressure | Long Ball Pass | Footwork Phenom | Pinged Pass | Whipped Pass+ | Cornerstones | Iron Will,Chelsea,Barclays WSL,false,false,500,500
257400,Yasin Ayari,79,CDM,CM,69,76,77,80,74,64,3,3,2,Power Shot | Incisive Pass,0,,0,,14,Intro to Evolutions | Intro to Training Camp EVOs II | Intro to Rewards EVOs | Rising Guard | Passing Prodigy | One Shot | Complete Connection | Relentless Pressure | Long Ball Pass | Footwork Phenom | Pinged Pass | Whipped Pass+ | Cornerstones | Iron Will,Brighton,Premier League,false,true,500,500
259377,Yeremy Pino,79,LW,RW | LM | RM,75,74,80,81,38,51,3,4,2,Inventive | Technical,0,,0,,13,Intro to Evolutions | Intro to Training Camp EVOs II | Intro to Rewards EVOs | Rising Guard | Passing Prodigy | One Shot | Relentless Pressure | Long Ball Pass | Footwork Phenom | Pinged Pass | Whipped Pass+ | Cornerstones | Iron Will,Crystal Palace,Premier League,false,true,500,9500
239892,Yunus Akgün,79,CAM,RM | LM | RW,85,75,75,81,46,58,4,3,5,Finesse Shot | Gamechanger | Inventive | Rapid | Quick Step,0,,0,,9,Intro to Evolutions | Rising Guard | Passing Prodigy | One Shot | Footwork Phenom | Pinged Pass | Whipped Pass+ | Cornerstones | Iron Will,Galatasaray,Trendyol Süper Lig,false,false,500,750
183512,Yuri Berchiche,79,LB,LM,77,68,75,74,77,81,3,3,2,Slide Tackle | Aerial Fortress,0,,0,,13,Intro to Evolutions | Intro to Training Camp EVOs II | Intro to Rewards EVOs | Rising Guard | Passing Prodigy | One Shot | Relentless Pressure | Long Ball Pass | Footwork Phenom | Pinged Pass | Whipped Pass+ | Cornerstones | Iron Will,Athletic Club,LALIGA EA SPORTS,false,false,500,750
224490,Zeki Çelik,79,RB,CB | RM,74,59,72,73,76,77,3,3,1,Jockey,0,,0,,13,Intro to Evolutions | Intro to Training Camp EVOs II | Intro to Rewards EVOs | Rising Guard | Passing Prodigy | One Shot | Relentless Pressure | Long Ball Pass | Footwork Phenom | Pinged Pass | Whipped Pass+ | Cornerstones | Iron Will,Juventus,Serie A Enilive,false,false,500,500
220383,Aarón Escandell,78,GK,,78,77,73,80,52,75,1,4,4,Pinged Pass | Long Ball Pass | Far Throw | Cross Claimer,0,,0,,6,Intro to Training Camp EVOs I | The Debut | Relentless Pressure | Pinged Pass | Whipped Pass+ | Cornerstones,R. Oviedo,LALIGA HYPERMOTION,false,false,500,750
229880,Aaron Wan-Bissaka,78,RB,RM,79,51,68,73,76,73,3,2,4,Block | Intercept | Anticipate | Rapid,1,Slide Tackle,0,,11,Intro to Evolutions | Intro to Rewards EVOs | Rising Guard | Passing Prodigy | One Shot | Relentless Pressure | Footwork Phenom | Pinged Pass | Whipped Pass+ | Cornerstones | Iron Will,Aston Villa,Premier League,false,true,500,750
224031,Adam Marušić,78,RB,LB | RM | LM,79,66,67,74,74,78,3,4,0,,0,,0,,13,Intro to Evolutions | Intro to Training Camp EVOs II | Intro to Rewards EVOs | Rising Guard | Passing Prodigy | One Shot | Relentless Pressure | Long Ball Pass | Footwork Phenom | Pinged Pass | Whipped Pass+ | Cornerstones | Iron Will,Latium,Serie A Enilive,false,false,500,500
276901,Afonso Moreira,78,LM,LW,89,71,70,78,50,70,3,3,2,Quick Step | Relentless,0,,0,,12,Intro to Evolutions | Intro to Training Camp EVOs II | Rising Guard | Passing Prodigy | One Shot | Relentless Pressure | Long Ball Pass | Footwork Phenom | Pinged Pass | Whipped Pass+ | Cornerstones | Iron Will,Leverkusen,Bundesliga,false,false,500,500
270407,Agnes Beever-Jones,78,ST,LM | CAM | LW,66,81,63,77,37,70,3,3,2,Precision Header | Gamechanger,0,,0,,15,Intro to Evolutions | Intro to Training Camp EVOs II | Intro to Rewards EVOs | Club Member Reward | Rising Guard | Passing Prodigy | One Shot | Relentless Pressure | Long Ball Pass | Footwork Phenom | Pinged Pass | ST Advanced Forward+ | Whipped Pass+ | Cornerstones | Iron Will,Chelsea,Barclays WSL,false,false,500,750
259524,Aitor Paredes,78,CB,,64,42,53,57,79,77,2,3,1,Precision Header,0,,0,,13,Intro to Evolutions | Intro to Training Camp EVOs II | Intro to Rewards EVOs | Rising Guard | Passing Prodigy | One Shot | Relentless Pressure | Long Ball Pass | Footwork Phenom | Pinged Pass | Whipped Pass+ | Cornerstones | Iron Will,Athletic Club,LALIGA EA SPORTS,false,false,500,750
227109,Alanna Kennedy,78,CB,CDM,37,46,70,64,79,72,2,4,3,Long Ball Pass | Slide Tackle | Aerial Fortress,0,,0,,13,Intro to Evolutions | Intro to Training Camp EVOs II | Intro to Rewards EVOs | Rising Guard | Passing Prodigy | One Shot | Relentless Pressure | Long Ball Pass | Footwork Phenom | Pinged Pass | Whipped Pass+ | Cornerstones | Iron Will,London City,Barclays WSL,false,false,500,750
270674,Alberto Costa,78,RB,RM,83,63,73,70,74,76,2,2,2,Intercept | Relentless,0,,0,,13,Intro to Evolutions | Intro to Training Camp EVOs II | Intro to Rewards EVOs | Rising Guard | Passing Prodigy | One Shot | Relentless Pressure | Long Ball Pass | Footwork Phenom | Pinged Pass | Whipped Pass+ | Cornerstones | Iron Will,FC Porto,Liga Portugal,false,false,500,500
226579,Alejandro Zendejas,78,RW,LW | CAM | RM,83,73,75,82,52,63,3,3,2,Low Driven Shot | Technical,0,,0,,13,Intro to Evolutions | Intro to Training Camp EVOs II | Intro to Rewards EVOs | Rising Guard | Passing Prodigy | One Shot | Relentless Pressure | Long Ball Pass | Footwork Phenom | Pinged Pass | Whipped Pass+ | Cornerstones | Iron Will,Club América,Liga BBVA MX,false,false,500,
214092,Aleksey Miranchuk,78,CAM,CM | RM | CDM,71,69,77,81,31,60,3,2,5,Finesse Shot | Incisive Pass | Pinged Pass | Inventive | Technical,0,,0,,11,Intro to Evolutions | Intro to Rewards EVOs | Rising Guard | Passing Prodigy | One Shot | Complete Connection | Footwork Phenom | Pinged Pass | Whipped Pass+ | Cornerstones | Iron Will,Atlanta United,MLS,false,false,500,250
225663,Alexandr Golovin,78,CAM,LM | CM | LW,72,75,78,82,59,66,4,4,4,Finesse Shot | Incisive Pass | Technical | First Touch,0,,0,,12,Intro to Evolutions | Intro to Rewards EVOs | Rising Guard | Passing Prodigy | One Shot | Complete Connection | Relentless Pressure | Footwork Phenom | Pinged Pass | Whipped Pass+ | Cornerstones | Iron Will,AS Monaco,Ligue 1 McDonald's,false,false,500,500
256107,Alistair Johnston,78,RB,RM,82,59,73,72,73,80,2,3,4,Jockey | Anticipate | Relentless | Bruiser,0,,0,,11,Intro to Evolutions | Intro to Rewards EVOs | Rising Guard | Passing Prodigy | One Shot | Relentless Pressure | Footwork Phenom | Pinged Pass | Whipped Pass+ | Cornerstones | Iron Will,Celtic,Scottish Prem,false,false,500,750
71527,Ally Sentnor,78,CAM,ST | CM,72,72,76,80,64,62,3,4,3,Finesse Shot | Power Shot | Technical,0,,0,,17,Intro to Evolutions | Intro to Training Camp EVOs II | Intro to Rewards EVOs | Club Member Reward | Rising Guard | Cover Athlete | Passing Prodigy | One Shot | Complete Connection | Relentless Pressure | Long Ball Pass | Footwork Phenom | Pinged Pass | ST Advanced Forward+ | Whipped Pass+ | Cornerstones | Iron Will,Angel City FC,NWSL,false,false,500,500
272206,Ana Tejada,78,CDM,CB | CM,73,61,70,70,79,78,2,2,2,Block | Slide Tackle,0,,0,,14,Intro to Evolutions | Intro to Training Camp EVOs II | Intro to Rewards EVOs | Rising Guard | Passing Prodigy | One Shot | Complete Connection | Relentless Pressure | Long Ball Pass | Footwork Phenom | Pinged Pass | Whipped Pass+ | Cornerstones | Iron Will,Utah Royals FC,NWSL,false,false,500,500
268940,Ana-Maria Crnogorčević,78,RW,RB | RM,78,76,75,79,73,81,3,3,2,Technical | Bruiser,0,,0,,13,Intro to Evolutions | Intro to Training Camp EVOs II | Intro to Rewards EVOs | Rising Guard | Passing Prodigy | One Shot | Relentless Pressure | Long Ball Pass | Footwork Phenom | Pinged Pass | Whipped Pass+ | Cornerstones | Iron Will,Strasbourg,Arkema PL,false,false,500,750
70888,Anan Khalaili,78,RM,RB | RW,84,72,71,80,66,72,4,4,2,Inventive | Intercept,0,,0,,13,Intro to Evolutions | Intro to Training Camp EVOs II | Intro to Rewards EVOs | Rising Guard | Passing Prodigy | One Shot | Relentless Pressure | Long Ball Pass | Footwork Phenom | Pinged Pass | Whipped Pass+ | Cornerstones | Iron Will,Crystal Palace,Premier League,false,true,500,500
74866,André,78,CDM,CM,57,58,74,77,74,72,2,3,2,Intercept | Press Proven,0,,0,,14,Intro to Evolutions | Intro to Training Camp EVOs II | Intro to Rewards EVOs | Rising Guard | Passing Prodigy | One Shot | Complete Connection | Relentless Pressure | Long Ball Pass | Footwork Phenom | Pinged Pass | Whipped Pass+ | Cornerstones | Iron Will,Wolves,EFL Championship,false,false,500,500
226515,Andrei Girotto,78,CB,,47,65,68,68,78,80,2,3,5,Long Ball Pass | Block | Intercept | Aerial Fortress | Bruiser,0,,0,,10,Intro to Evolutions | Intro to Rewards EVOs | Rising Guard | Passing Prodigy | One Shot | Footwork Phenom | Pinged Pass | Whipped Pass+ | Cornerstones | Iron Will,Al Faisaly,ROSHN Saudi League,false,false,500,500
272125,Ane Elexpuru,78,RB,RM | CB | RW,85,68,75,77,74,64,3,3,3,Finesse Shot | Rapid | First Touch,0,,0,,12,Intro to Evolutions | Intro to Training Camp EVOs II | Rising Guard | Passing Prodigy | One Shot | Relentless Pressure | Long Ball Pass | Footwork Phenom | Pinged Pass | Whipped Pass+ | Cornerstones | Iron Will,Athletic Club,Liga F Moeve,false,false,500,750
220651,Angeliño,78,LB,LM,70,70,79,80,74,65,4,3,0,,0,,0,,13,Intro to Evolutions | Intro to Training Camp EVOs II | Intro to Rewards EVOs | Rising Guard | Passing Prodigy | One Shot | Relentless Pressure | Long Ball Pass | Footwork Phenom | Pinged Pass | Whipped Pass+ | Cornerstones | Iron Will,RC Deportivo,LALIGA EA SPORTS,false,false,500,500
245055,Aníbal Moreno,78,CDM,CM,81,68,73,76,76,77,4,3,2,Long Ball Pass | Jockey,0,,0,,14,Intro to Evolutions | Intro to Training Camp EVOs II | Intro to Rewards EVOs | Rising Guard | Passing Prodigy | One Shot | Complete Connection | Relentless Pressure | Long Ball Pass | Footwork Phenom | Pinged Pass | Whipped Pass+ | Cornerstones | Iron Will,River Plate,LPF,false,false,500,
246153,Anna Anvegård,78,ST,CAM | RM,76,78,63,78,46,69,3,3,0,,0,,0,,16,Intro to Evolutions | Intro to Training Camp EVOs II | Intro to Rewards EVOs | Club Member Reward | Rising Guard | Cover Athlete | Passing Prodigy | One Shot | Relentless Pressure | Long Ball Pass | Footwork Phenom | Pinged Pass | ST Advanced Forward+ | Whipped Pass+ | Cornerstones | Iron Will,BK Hcken,Sverige Liga,false,false,500,
247572,Annamaria Serturini,78,LW,RW | LM,81,71,74,79,31,55,3,4,1,Rapid,0,,0,,13,Intro to Evolutions | Intro to Training Camp EVOs II | Intro to Rewards EVOs | Rising Guard | Passing Prodigy | One Shot | Relentless Pressure | Long Ball Pass | Footwork Phenom | Pinged Pass | Whipped Pass+ | Cornerstones | Iron Will,Juventus,Calcio A Femminile,false,false,500,
265106,Anneke Borbe,78,GK,,75,76,75,78,45,78,1,2,3,Far Throw | Footwork | Cross Claimer,0,,0,,8,Intro to Training Camp EVOs I | Intro to Training Camp EVOs II | The Debut | Relentless Pressure | Long Ball Pass | Pinged Pass | Whipped Pass+ | Cornerstones,Arsenal,Barclays WSL,false,false,750,750
273142,Antonia Canales,78,GK,,77,78,68,79,36,79,1,2,1,Far Reach,0,,0,,8,Intro to Training Camp EVOs I | Intro to Training Camp EVOs II | The Debut | Relentless Pressure | Long Ball Pass | Pinged Pass | Whipped Pass+ | Cornerstones,Badalona Women,Liga F Moeve,false,false,500,500
261987,Antonio Blanco,78,CDM,CM,49,59,74,73,76,68,3,3,4,Long Ball Pass | Jockey | Block | Intercept,0,,0,,12,Intro to Evolutions | Intro to Rewards EVOs | Rising Guard | Passing Prodigy | One Shot | Complete Connection | Relentless Pressure | Footwork Phenom | Pinged Pass | Whipped Pass+ | Cornerstones | Iron Will,D. Alavés,LALIGA EA SPORTS,false,false,500,1000
253444,Arnaud Kalimuendo,78,ST,LM | RM | CAM,79,79,65,79,34,72,3,4,1,Low Driven Shot,0,,0,,15,Intro to Evolutions | Intro to Training Camp EVOs II | Intro to Rewards EVOs | Club Member Reward | Rising Guard | Passing Prodigy | One Shot | Relentless Pressure | Long Ball Pass | Footwork Phenom | Pinged Pass | ST Advanced Forward+ | Whipped Pass+ | Cornerstones | Iron Will,Nott'm Forest,Premier League,false,true,500,500
75605,Asencio,78,CB,RB,84,43,61,72,77,79,2,3,2,Quick Step | Bruiser,0,,0,,13,Intro to Evolutions | Intro to Training Camp EVOs II | Intro to Rewards EVOs | Rising Guard | Passing Prodigy | One Shot | Relentless Pressure | Long Ball Pass | Footwork Phenom | Pinged Pass | Whipped Pass+ | Cornerstones | Iron Will,Real Madrid,LALIGA EA SPORTS,true,false,1400,750
252162,Ayase Ueda,78,ST,,74,78,62,73,30,73,3,4,0,,1,Precision Header,0,,15,Intro to Evolutions | Intro to Training Camp EVOs II | Intro to Rewards EVOs | Club Member Reward | Rising Guard | Passing Prodigy | One Shot | Relentless Pressure | Long Ball Pass | Footwork Phenom | Pinged Pass | ST Advanced Forward+ | Whipped Pass+ | Cornerstones | Iron Will,LOSC Lille,Ligue 1 McDonald's,false,false,500,6000
71418,Bazoumana Touré,78,LW,LM | CAM | CM,91,70,71,82,29,52,4,3,1,Quick Step,0,,0,,13,Intro to Evolutions | Intro to Training Camp EVOs II | Rising Guard | Passing Prodigy | One Shot | Complete Connection | Relentless Pressure | Long Ball Pass | Footwork Phenom | Pinged Pass | Whipped Pass+ | Cornerstones | Iron Will,Newcastle Utd,Premier League,false,true,500,1000
228579,Benjamin Henrichs,78,RB,RM | LB | CM,68,54,75,76,77,70,3,4,4,Incisive Pass | Jockey | Block | Slide Tackle,0,,0,,12,Intro to Evolutions | Intro to Rewards EVOs | Rising Guard | Passing Prodigy | One Shot | Complete Connection | Relentless Pressure | Footwork Phenom | Pinged Pass | Whipped Pass+ | Cornerstones | Iron Will,RB Leipzig,Bundesliga,false,false,500,500
276519,Bernadette Amani,78,CDM,CM,71,53,70,72,78,79,2,3,4,Intercept | Anticipate | Technical | Bruiser,0,,0,,12,Intro to Evolutions | Intro to Rewards EVOs | Rising Guard | Passing Prodigy | One Shot | Complete Connection | Relentless Pressure | Footwork Phenom | Pinged Pass | Whipped Pass+ | Cornerstones | Iron Will,FC Bayern München,GPFBL,true,false,500,750
257504,Bilal El Khannouss,78,CAM,LM | CM | LW,81,66,76,83,38,56,4,3,3,Low Driven Shot | Long Ball Pass | Inventive,1,Trickster,0,,14,Intro to Evolutions | Intro to Training Camp EVOs II | Intro to Rewards EVOs | Rising Guard | Passing Prodigy | One Shot | Complete Connection | Relentless Pressure | Long Ball Pass | Footwork Phenom | Pinged Pass | Whipped Pass+ | Cornerstones | Iron Will,VfB Stuttgart,Bundesliga,false,false,500,500
235944,Brais Méndez,78,CM,CAM | ST,68,78,79,79,66,72,4,3,3,Finesse Shot | Tiki Taka | Technical,0,,0,,17,Intro to Evolutions | Intro to Training Camp EVOs II | Intro to Rewards EVOs | Club Member Reward | Rising Guard | Cover Athlete | Passing Prodigy | One Shot | Complete Connection | Relentless Pressure | Long Ball Pass | Footwork Phenom | Pinged Pass | ST Advanced Forward+ | Whipped Pass+ | Cornerstones | Iron Will,Columbus Crew,MLS,false,false,500,750
212204,Brandon Mechele,78,CB,,39,40,57,59,81,79,2,4,6,Precision Header | Long Ball Pass | Block | Intercept | Anticipate | Aerial Fortress,0,,0,,9,Intro to Evolutions | Intro to Rewards EVOs | Rising Guard | Passing Prodigy | One Shot | Footwork Phenom | Whipped Pass+ | Cornerstones | Iron Will,Club Brugge,1A Pro League,false,false,500,500
251421,Brennan Johnson,78,RW,RM | LW | LM,85,76,73,77,43,58,3,4,1,Rapid,0,,0,,12,Intro to Evolutions | Intro to Training Camp EVOs II | Rising Guard | Passing Prodigy | One Shot | Relentless Pressure | Long Ball Pass | Footwork Phenom | Pinged Pass | Whipped Pass+ | Cornerstones | Iron Will,Everton,Premier League,false,true,500,750
240740,Callum Hudson-Odoi,78,LM,LW,77,75,75,80,50,63,4,3,0,,0,,0,,13,Intro to Evolutions | Intro to Training Camp EVOs II | Intro to Rewards EVOs | Rising Guard | Passing Prodigy | One Shot | Relentless Pressure | Long Ball Pass | Footwork Phenom | Pinged Pass | Whipped Pass+ | Cornerstones | Iron Will,Nott'm Forest,Premier League,false,true,500,500
241436,Calvin Bassey,78,CB,,77,44,63,68,77,85,2,3,1,Bruiser,0,,0,,13,Intro to Evolutions | Intro to Training Camp EVOs II | Intro to Rewards EVOs | Rising Guard | Passing Prodigy | One Shot | Relentless Pressure | Long Ball Pass | Footwork Phenom | Pinged Pass | Whipped Pass+ | Cornerstones | Iron Will,Fulham,Premier League,false,true,1500,2000
228174,Cameron Carter-Vickers,78,CB,,77,33,59,71,77,84,2,2,4,Pinged Pass | Jockey | Aerial Fortress | Bruiser,0,,0,,11,Intro to Evolutions | Intro to Rewards EVOs | Rising Guard | Passing Prodigy | One Shot | Relentless Pressure | Footwork Phenom | Pinged Pass | Whipped Pass+ | Cornerstones | Iron Will,Celtic,Scottish Prem,false,false,500,750
275328,Can Uzun,78,CAM,ST | CM,73,81,72,81,38,64,4,4,4,Finesse Shot | Gamechanger | Technical | First Touch,0,,0,,15,Intro to Evolutions | Intro to Rewards EVOs | Club Member Reward | Rising Guard | Cover Athlete | Passing Prodigy | One Shot | Complete Connection | Relentless Pressure | Footwork Phenom | Pinged Pass | ST Advanced Forward+ | Whipped Pass+ | Cornerstones | Iron Will,Frankfurt,Bundesliga,false,false,500,4000
220821,Carl Starfelt,78,CB,,73,31,58,69,78,80,2,3,1,Aerial Fortress,0,,0,,13,Intro to Evolutions | Intro to Training Camp EVOs II | Intro to Rewards EVOs | Rising Guard | Passing Prodigy | One Shot | Relentless Pressure | Long Ball Pass | Footwork Phenom | Pinged Pass | Whipped Pass+ | Cornerstones | Iron Will,Celta,LALIGA EA SPORTS,false,false,500,500
259356,Carney Chukwuemeka,78,CAM,CM | CDM,74,69,75,83,65,70,4,3,4,Incisive Pass | Inventive | Technical | First Touch,0,,0,,13,Intro to Evolutions | Intro to Rewards EVOs | Rising Guard | Cover Athlete | Passing Prodigy | One Shot | Complete Connection | Relentless Pressure | Footwork Phenom | Pinged Pass | Whipped Pass+ | Cornerstones | Iron Will,Borussia Dortmund,Bundesliga,false,false,500,9500
254121,Charlie Cresswell,78,CB,,56,31,52,59,79,77,2,3,4,Precision Header | Block | Slide Tackle | Aerial Fortress,0,,0,,11,Intro to Evolutions | Intro to Rewards EVOs | Rising Guard | Passing Prodigy | One Shot | Relentless Pressure | Footwork Phenom | Pinged Pass | Whipped Pass+ | Cornerstones | Iron Will,Stade Rennais FC,Ligue 1 McDonald's,false,false,500,750
243686,Chiquinho,78,CM,CAM | RM | CDM,74,75,78,78,69,70,4,3,2,Pinged Pass | Technical,0,,0,,14,Intro to Evolutions | Intro to Training Camp EVOs II | Intro to Rewards EVOs | Rising Guard | Passing Prodigy | One Shot | Complete Connection | Relentless Pressure | Long Ball Pass | Footwork Phenom | Pinged Pass | Whipped Pass+ | Cornerstones | Iron Will,Olympiacos FC,Hellas Liga,false,false,500,500
241925,Chris Führich,78,LM,CAM | LW | CM,86,72,72,82,51,58,4,4,1,Technical,0,,0,,13,Intro to Evolutions | Intro to Training Camp EVOs II | Rising Guard | Passing Prodigy | One Shot | Complete Connection | Relentless Pressure | Long Ball Pass | Footwork Phenom | Pinged Pass | Whipped Pass+ | Cornerstones | Iron Will,VfB Stuttgart,Bundesliga,false,false,500,500
238216,Conor Gallagher,78,CM,CDM | CAM,68,73,77,76,78,79,3,4,2,Block | Intercept,0,,0,,15,Intro to Evolutions | Intro to Training Camp EVOs II | Intro to Rewards EVOs | Rising Guard | Cover Athlete | Passing Prodigy | One Shot | Complete Connection | Relentless Pressure | Long Ball Pass | Footwork Phenom | Pinged Pass | Whipped Pass+ | Cornerstones | Iron Will,Spurs,Premier League,false,true,500,2500
265057,Cora Zicai,78,LW,LM,77,76,74,79,51,66,4,4,2,Finesse Shot | Rapid,0,,0,,13,Intro to Evolutions | Intro to Training Camp EVOs II | Intro to Rewards EVOs | Rising Guard | Passing Prodigy | One Shot | Relentless Pressure | Long Ball Pass | Footwork Phenom | Pinged Pass | Whipped Pass+ | Cornerstones | Iron Will,VfL Wolfsburg,GPFBL,false,false,500,500
73014,Cornelia Kramer,78,ST,,81,80,59,75,48,74,3,2,2,Finesse Shot | Relentless,0,,0,,15,Intro to Evolutions | Intro to Training Camp EVOs II | Intro to Rewards EVOs | Club Member Reward | Rising Guard | Passing Prodigy | One Shot | Relentless Pressure | Long Ball Pass | Footwork Phenom | Pinged Pass | ST Advanced Forward+ | Whipped Pass+ | Cornerstones | Iron Will,Leverkusen,GPFBL,false,false,500,500
264846,Cristhian Mosquera,78,CB,RB,74,48,65,66,79,77,2,3,0,,0,,0,,13,Intro to Evolutions | Intro to Training Camp EVOs II | Intro to Rewards EVOs | Rising Guard | Passing Prodigy | One Shot | Relentless Pressure | Long Ball Pass | Footwork Phenom | Pinged Pass | Whipped Pass+ | Cornerstones | Iron Will,Arsenal,Premier League,false,true,500,1000
251954,Crysencio Summerville,78,LM,RW | LW | RM,89,74,70,82,36,54,3,3,3,Rapid | First Touch | Quick Step,0,,0,,12,Intro to Evolutions | Intro to Training Camp EVOs II | Rising Guard | Passing Prodigy | One Shot | Relentless Pressure | Long Ball Pass | Footwork Phenom | Pinged Pass | Whipped Pass+ | Cornerstones | Iron Will,Al Hilal,ROSHN Saudi League,false,false,500,500
243908,Daniel Ballard,78,CB,,60,43,58,60,78,82,2,3,2,Precision Header | Aerial Fortress,0,,0,,13,Intro to Evolutions | Intro to Training Camp EVOs II | Intro to Rewards EVOs | Rising Guard | Passing Prodigy | One Shot | Relentless Pressure | Long Ball Pass | Footwork Phenom | Pinged Pass | Whipped Pass+ | Cornerstones | Iron Will,Sunderland,Premier League,false,true,500,1500
211361,Danilo Cataldi,78,CM,CDM,65,72,78,78,73,66,3,4,0,,0,,0,,14,Intro to Evolutions | Intro to Training Camp EVOs II | Intro to Rewards EVOs | Rising Guard | Passing Prodigy | One Shot | Complete Connection | Relentless Pressure | Long Ball Pass | Footwork Phenom | Pinged Pass | Whipped Pass+ | Cornerstones | Iron Will,Latium,Serie A Enilive,false,false,500,500
273106,Danilo Santos,78,CM,CDM,72,70,75,77,74,71,3,3,4,Finesse Shot | Pinged Pass | Anticipate | Press Proven,0,,0,,12,Intro to Evolutions | Intro to Rewards EVOs | Rising Guard | Passing Prodigy | One Shot | Complete Connection | Relentless Pressure | Footwork Phenom | Pinged Pass | Whipped Pass+ | Cornerstones | Iron Will,Botafogo,Sudamericana,false,false,500,
219693,Diego Carlos,78,CB,,68,46,63,67,79,69,2,4,0,,0,,0,,13,Intro to Evolutions | Intro to Training Camp EVOs II | Intro to Rewards EVOs | Rising Guard | Passing Prodigy | One Shot | Relentless Pressure | Long Ball Pass | Footwork Phenom | Pinged Pass | Whipped Pass+ | Cornerstones | Iron Will,Parma,Serie A Enilive,false,false,500,500
269278,Diego Gómez,78,CM,CAM | RM | CDM,70,76,76,77,73,76,3,3,0,,0,,0,,14,Intro to Evolutions | Intro to Training Camp EVOs II | Intro to Rewards EVOs | Rising Guard | Passing Prodigy | One Shot | Complete Connection | Relentless Pressure | Long Ball Pass | Footwork Phenom | Pinged Pass | Whipped Pass+ | Cornerstones | Iron Will,Brighton,Premier League,false,true,500,1500
234574,Diogo Dalot,78,RB,LB | RM | LM,78,63,73,74,74,78,4,4,2,Slide Tackle | Long Throw,0,,0,,13,Intro to Evolutions | Intro to Training Camp EVOs II | Intro to Rewards EVOs | Rising Guard | Passing Prodigy | One Shot | Relentless Pressure | Long Ball Pass | Footwork Phenom | Pinged Pass | Whipped Pass+ | Cornerstones | Iron Will,Man Utd,Premier League,true,true,500,1500
271384,Dion Drena Beljo,78,ST,,63,80,55,72,31,76,4,3,1,Press Proven,0,,0,,15,Intro to Evolutions | Intro to Training Camp EVOs II | Intro to Rewards EVOs | Club Member Reward | Rising Guard | Passing Prodigy | One Shot | Relentless Pressure | Long Ball Pass | Footwork Phenom | Pinged Pass | ST Advanced Forward+ | Whipped Pass+ | Cornerstones | Iron Will,Dinamo Zagreb,Liga Hrvatska,false,false,500,500
234112,Dodô,78,RB,RM,85,59,75,79,71,65,3,3,4,Gamechanger | Whipped Pass | Jockey | Rapid,0,,0,,10,Intro to Evolutions | Rising Guard | Passing Prodigy | One Shot | Relentless Pressure | Footwork Phenom | Pinged Pass | Whipped Pass+ | Cornerstones | Iron Will,Fiorentina,Serie A Enilive,false,false,500,500
265246,Drew Spence,78,CDM,CM,35,72,75,74,75,80,3,4,3,Power Shot | Precision Header | Technical,0,,0,,14,Intro to Evolutions | Intro to Training Camp EVOs II | Intro to Rewards EVOs | Rising Guard | Passing Prodigy | One Shot | Complete Connection | Relentless Pressure | Long Ball Pass | Footwork Phenom | Pinged Pass | Whipped Pass+ | Cornerstones | Iron Will,Spurs,Barclays WSL,false,false,500,500
267328,Ebony Salmon,78,ST,CAM,86,78,75,76,41,64,3,3,2,Technical | Quick Step,0,,0,,15,Intro to Evolutions | Intro to Training Camp EVOs II | Club Member Reward | Rising Guard | Cover Athlete | Passing Prodigy | One Shot | Relentless Pressure | Long Ball Pass | Footwork Phenom | Pinged Pass | ST Advanced Forward+ | Whipped Pass+ | Cornerstones | Iron Will,West Ham,Barclays WSL,false,false,500,750
180930,Edin Džeko,78,ST,,47,81,73,76,40,75,3,5,4,Finesse Shot | Low Driven Shot | First Touch | Press Proven,0,,0,,13,Intro to Evolutions | Intro to Rewards EVOs | Club Member Reward | Rising Guard | Passing Prodigy | One Shot | Relentless Pressure | Footwork Phenom | Pinged Pass | ST Advanced Forward+ | Whipped Pass+ | Cornerstones | Iron Will,FC Schalke 04,Bundesliga,false,false,500,500
239763,Edon Zhegrova,78,RM,RW,82,67,75,84,34,58,4,2,1,Technical,0,,0,,13,Intro to Evolutions | Intro to Training Camp EVOs II | Intro to Rewards EVOs | Rising Guard | Passing Prodigy | One Shot | Relentless Pressure | Long Ball Pass | Footwork Phenom | Pinged Pass | Whipped Pass+ | Cornerstones | Iron Will,Juventus,Serie A Enilive,false,false,500,750
252144,Eduardo Quaresma,78,CB,RB,81,54,68,74,78,75,3,3,4,Long Ball Pass | Jockey | Anticipate | Slide Tackle,0,,0,,11,Intro to Evolutions | Intro to Rewards EVOs | Rising Guard | Passing Prodigy | One Shot | Relentless Pressure | Footwork Phenom | Pinged Pass | Whipped Pass+ | Cornerstones | Iron Will,Sporting CP,Liga Portugal,false,false,500,750
274915,El Hadji Malick Diouf,78,LB,,79,67,73,75,74,75,3,2,0,,0,,0,,13,Intro to Evolutions | Intro to Training Camp EVOs II | Intro to Rewards EVOs | Rising Guard | Passing Prodigy | One Shot | Relentless Pressure | Long Ball Pass | Footwork Phenom | Pinged Pass | Whipped Pass+ | Cornerstones | Iron Will,Brentford,Premier League,false,true,500,500
267329,Elizabeth Ball,78,CB,,33,44,59,63,81,73,2,3,1,Jockey,0,,0,,13,Intro to Evolutions | Intro to Training Camp EVOs II | Intro to Rewards EVOs | Rising Guard | Passing Prodigy | One Shot | Relentless Pressure | Long Ball Pass | Footwork Phenom | Pinged Pass | Whipped Pass+ | Cornerstones | Iron Will,KC Current,NWSL,false,false,500,500
247530,Emilie Nautnes,78,ST,,82,76,65,78,24,60,3,3,0,,0,,0,,15,Intro to Evolutions | Intro to Training Camp EVOs II | Intro to Rewards EVOs | Club Member Reward | Rising Guard | Passing Prodigy | One Shot | Relentless Pressure | Long Ball Pass | Footwork Phenom | Pinged Pass | ST Advanced Forward+ | Whipped Pass+ | Cornerstones | Iron Will,Madrid CFF,Liga F Moeve,false,false,500,500
275587,Esperanza Pizarro,78,CM,ST | LW | CAM,74,81,78,78,65,69,3,3,3,Dead Ball | Technical | Enforcer,0,,0,,16,Intro to Evolutions | Intro to Training Camp EVOs II | Intro to Rewards EVOs | Club Member Reward | Rising Guard | Passing Prodigy | One Shot | Complete Connection | Relentless Pressure | Long Ball Pass | Footwork Phenom | Pinged Pass | ST Advanced Forward+ | Whipped Pass+ | Cornerstones | Iron Will,RC Deportivo,Liga F Moeve,false,false,500,500
72705,Eunate Astralaga,78,GK,,78,76,78,77,45,77,1,2,1,Long Ball Pass,0,,0,,8,Intro to Training Camp EVOs I | Intro to Training Camp EVOs II | The Debut | Relentless Pressure | Long Ball Pass | Pinged Pass | Whipped Pass+ | Cornerstones,Athletic Club,Liga F Moeve,false,false,500,750
258444,Evann Guessand,78,RW,RM | ST,78,76,73,78,36,72,3,3,0,,0,,0,,15,Intro to Evolutions | Intro to Training Camp EVOs II | Intro to Rewards EVOs | Club Member Reward | Rising Guard | Passing Prodigy | One Shot | Relentless Pressure | Long Ball Pass | Footwork Phenom | Pinged Pass | ST Advanced Forward+ | Whipped Pass+ | Cornerstones | Iron Will,Crystal Palace,Premier League,false,true,500,500
256958,Fábio Vieira,78,CAM,RW | CM | RM,75,74,79,79,57,57,3,3,2,Dead Ball | Tiki Taka,0,,0,,14,Intro to Evolutions | Intro to Training Camp EVOs II | Intro to Rewards EVOs | Rising Guard | Passing Prodigy | One Shot | Complete Connection | Relentless Pressure | Long Ball Pass | Footwork Phenom | Pinged Pass | Whipped Pass+ | Cornerstones | Iron Will,Hamburger SV,Bundesliga,false,false,500,500
182494,Fernando Muslera,78,GK,,79,74,71,79,43,80,1,2,4,Long Ball Pass | Far Throw | Cross Claimer | 1v1 Close Down,0,,0,,6,Intro to Training Camp EVOs I | The Debut | Relentless Pressure | Pinged Pass | Whipped Pass+ | Cornerstones,Estudiantes,LPF,false,false,500,500
220876,Franck Honorat,78,RM,ST | RW | CAM,82,75,77,76,54,63,4,3,3,Power Shot | Whipped Pass | Technical,0,,0,,15,Intro to Evolutions | Intro to Training Camp EVOs II | Intro to Rewards EVOs | Club Member Reward | Rising Guard | Passing Prodigy | One Shot | Relentless Pressure | Long Ball Pass | Footwork Phenom | Pinged Pass | ST Advanced Forward+ | Whipped Pass+ | Cornerstones | Iron Will,M'gladbach,Bundesliga,false,false,500,500
236822,Gabriel Gudmundsson,78,LB,LM,87,64,73,77,72,75,3,3,2,Rapid | Long Throw,0,,0,,12,Intro to Evolutions | Intro to Training Camp EVOs II | Rising Guard | Passing Prodigy | One Shot | Relentless Pressure | Long Ball Pass | Footwork Phenom | Pinged Pass | Whipped Pass+ | Cornerstones | Iron Will,Leeds United,Premier League,false,true,500,500
209519,Gaëtan Laborde,78,ST,RW | RM,68,78,76,78,40,78,3,4,3,Acrobatic | Press Proven | Relentless,0,,0,,15,Intro to Evolutions | Intro to Training Camp EVOs II | Intro to Rewards EVOs | Club Member Reward | Rising Guard | Passing Prodigy | One Shot | Relentless Pressure | Long Ball Pass | Footwork Phenom | Pinged Pass | ST Advanced Forward+ | Whipped Pass+ | Cornerstones | Iron Will,Al Diriyah,ROSHN Saudi League,false,false,500,
227055,Gelson Martins,78,RM,LM | RW,87,69,71,83,51,64,4,2,2,Rapid | Quick Step,0,,0,,12,Intro to Evolutions | Intro to Training Camp EVOs II | Rising Guard | Passing Prodigy | One Shot | Relentless Pressure | Long Ball Pass | Footwork Phenom | Pinged Pass | Whipped Pass+ | Cornerstones | Iron Will,Olympiacos FC,Hellas Liga,false,false,500,500
241182,Gemma Gili,78,CM,CAM | ST | CDM,64,72,73,75,71,78,3,3,2,Incisive Pass | Inventive,0,,0,,16,Intro to Evolutions | Intro to Training Camp EVOs II | Intro to Rewards EVOs | Club Member Reward | Rising Guard | Passing Prodigy | One Shot | Complete Connection | Relentless Pressure | Long Ball Pass | Footwork Phenom | Pinged Pass | ST Advanced Forward+ | Whipped Pass+ | Cornerstones | Iron Will,Sevilla FC,Liga F Moeve,false,false,500,500
219732,Georges-Kévin Nkoudou,78,LM,LW,92,79,71,81,34,63,5,3,2,Gamechanger | Rapid,0,,0,,12,Intro to Evolutions | Intro to Training Camp EVOs II | Rising Guard | Passing Prodigy | One Shot | Relentless Pressure | Long Ball Pass | Footwork Phenom | Pinged Pass | Whipped Pass+ | Cornerstones | Iron Will,Abha Club,ROSHN Saudi League,false,false,500,
253002,Giacomo Raspadori,78,ST,CAM | LW | LM,79,78,72,83,28,61,4,4,3,Dead Ball | Gamechanger | Technical,0,,0,,15,Intro to Evolutions | Intro to Training Camp EVOs II | Intro to Rewards EVOs | Club Member Reward | Rising Guard | Passing Prodigy | One Shot | Relentless Pressure | Long Ball Pass | Footwork Phenom | Pinged Pass | ST Advanced Forward+ | Whipped Pass+ | Cornerstones | Iron Will,Bergamo Calcio,Serie A Enilive,false,false,500,750
226710,Gianluca Scamacca,78,ST,,60,80,66,73,38,72,3,3,2,Finesse Shot | Enforcer,0,,0,,15,Intro to Evolutions | Intro to Training Camp EVOs II | Intro to Rewards EVOs | Club Member Reward | Rising Guard | Passing Prodigy | One Shot | Relentless Pressure | Long Ball Pass | Footwork Phenom | Pinged Pass | ST Advanced Forward+ | Whipped Pass+ | Cornerstones | Iron Will,Bergamo Calcio,Serie A Enilive,false,false,500,500
271742,Gio Garbelini,78,ST,LM | CAM | LW,87,80,62,80,27,72,3,4,4,Chip Shot | Acrobatic | Gamechanger | Rapid,0,,0,,12,Intro to Evolutions | Club Member Reward | Rising Guard | Passing Prodigy | One Shot | Relentless Pressure | Footwork Phenom | Pinged Pass | ST Advanced Forward+ | Whipped Pass+ | Cornerstones | Iron Will,Atlético de Madrid,Liga F Moeve,false,false,500,750
74091,Gorrotxa,78,CDM,CM,70,60,70,72,75,80,2,3,2,Intercept | Anticipate,0,,0,,14,Intro to Evolutions | Intro to Training Camp EVOs II | Intro to Rewards EVOs | Rising Guard | Passing Prodigy | One Shot | Complete Connection | Relentless Pressure | Long Ball Pass | Footwork Phenom | Pinged Pass | Whipped Pass+ | Cornerstones | Iron Will,Real Sociedad,LALIGA EA SPORTS,false,false,500,1500
275208,Guéla Doué,78,RB,CB | CDM,72,52,71,72,76,78,3,3,1,Aerial Fortress,0,,0,,13,Intro to Evolutions | Intro to Training Camp EVOs II | Intro to Rewards EVOs | Rising Guard | Passing Prodigy | One Shot | Relentless Pressure | Long Ball Pass | Footwork Phenom | Pinged Pass | Whipped Pass+ | Cornerstones | Iron Will,Leverkusen,Bundesliga,false,false,500,500
225659,Guido Rodríguez,78,CDM,CM,42,62,71,69,78,73,2,4,3,Anticipate | Slide Tackle | Bruiser,0,,0,,14,Intro to Evolutions | Intro to Training Camp EVOs II | Intro to Rewards EVOs | Rising Guard | Passing Prodigy | One Shot | Complete Connection | Relentless Pressure | Long Ball Pass | Footwork Phenom | Pinged Pass | Whipped Pass+ | Cornerstones | Iron Will,Valencia CF,LALIGA EA SPORTS,false,false,500,500
265526,Guillaume Restes,78,GK,,79,75,80,80,40,78,1,3,1,Footwork,0,,0,,8,Intro to Training Camp EVOs I | Intro to Training Camp EVOs II | The Debut | Relentless Pressure | Long Ball Pass | Pinged Pass | Whipped Pass+ | Cornerstones,Toulouse FC,Ligue 1 McDonald's,false,false,750,1000
231184,Guruzeta,78,ST,,71,78,73,78,52,79,3,4,1,Acrobatic,0,,0,,15,Intro to Evolutions | Intro to Training Camp EVOs II | Intro to Rewards EVOs | Club Member Reward | Rising Guard | Passing Prodigy | One Shot | Relentless Pressure | Long Ball Pass | Footwork Phenom | Pinged Pass | ST Advanced Forward+ | Whipped Pass+ | Cornerstones | Iron Will,Athletic Club,LALIGA EA SPORTS,false,false,500,1000
235663,Guus Til,78,CAM,ST | CM | CDM,79,77,74,74,65,76,3,3,3,Precision Header | Low Driven Shot | First Touch,0,,0,,16,Intro to Evolutions | Intro to Training Camp EVOs II | Intro to Rewards EVOs | Club Member Reward | Rising Guard | Passing Prodigy | One Shot | Complete Connection | Relentless Pressure | Long Ball Pass | Footwork Phenom | Pinged Pass | ST Advanced Forward+ | Whipped Pass+ | Cornerstones | Iron Will,PSV,Eredivisie,false,false,500,500
262088,Hákon Arnar Haraldsson,78,CAM,LM | CM | LW,77,67,75,81,57,70,3,4,2,Incisive Pass | Technical,0,,0,,14,Intro to Evolutions | Intro to Training Camp EVOs II | Intro to Rewards EVOs | Rising Guard | Passing Prodigy | One Shot | Complete Connection | Relentless Pressure | Long Ball Pass | Footwork Phenom | Pinged Pass | Whipped Pass+ | Cornerstones | Iron Will,LOSC Lille,Ligue 1 McDonald's,false,false,500,500
210021,Hany Mukhtar,78,CAM,ST | CM | CDM,82,74,77,80,44,62,3,5,5,Dead Ball | Inventive | Technical | First Touch | Quick Step,0,,0,,13,Intro to Evolutions | Intro to Rewards EVOs | Club Member Reward | Rising Guard | Passing Prodigy | One Shot | Complete Connection | Footwork Phenom | Pinged Pass | ST Advanced Forward+ | Whipped Pass+ | Cornerstones | Iron Will,Nashville SC,MLS,false,false,500,750
242087,Hidemasa Morita,78,CM,CDM,68,71,75,78,72,78,3,5,5,Incisive Pass | Anticipate | Press Proven | Relentless | Bruiser,0,,0,,11,Intro to Evolutions | Intro to Rewards EVOs | Rising Guard | Passing Prodigy | One Shot | Complete Connection | Footwork Phenom | Pinged Pass | Whipped Pass+ | Cornerstones | Iron Will,Hull City,Premier League,false,true,500,750
234205,Hiroki Ito,78,CB,LB,74,57,71,72,80,72,2,3,2,Jockey | Block,0,,0,,13,Intro to Evolutions | Intro to Training Camp EVOs II | Intro to Rewards EVOs | Rising Guard | Passing Prodigy | One Shot | Relentless Pressure | Long Ball Pass | Footwork Phenom | Pinged Pass | Whipped Pass+ | Cornerstones | Iron Will,FC Bayern München,Bundesliga,true,false,500,500
234906,Houssem Aouar,78,CAM,CM | CDM | ST,68,74,75,81,65,67,4,3,5,Dead Ball | Low Driven Shot | Incisive Pass | Inventive | Technical,0,,0,,13,Intro to Evolutions | Intro to Rewards EVOs | Club Member Reward | Rising Guard | Passing Prodigy | One Shot | Complete Connection | Footwork Phenom | Pinged Pass | ST Advanced Forward+ | Whipped Pass+ | Cornerstones | Iron Will,Al Ittihad,ROSHN Saudi League,false,false,500,250
233630,Hugo Cuypers,78,ST,,75,78,68,71,44,78,3,4,3,Finesse Shot | Low Driven Shot | Gamechanger,0,,0,,15,Intro to Evolutions | Intro to Training Camp EVOs II | Intro to Rewards EVOs | Club Member Reward | Rising Guard | Passing Prodigy | One Shot | Relentless Pressure | Long Ball Pass | Footwork Phenom | Pinged Pass | ST Advanced Forward+ | Whipped Pass+ | Cornerstones | Iron Will,Monterrey,Liga BBVA MX,false,false,500,250
235173,Ibrahim Sangaré,78,CDM,CM,58,66,73,72,77,82,3,4,2,Bruiser | Enforcer,0,,0,,14,Intro to Evolutions | Intro to Training Camp EVOs II | Intro to Rewards EVOs | Rising Guard | Passing Prodigy | One Shot | Complete Connection | Relentless Pressure | Long Ball Pass | Footwork Phenom | Pinged Pass | Whipped Pass+ | Cornerstones | Iron Will,Nott'm Forest,Premier League,false,true,500,500
259233,Ilaix Moriba,78,CM,CDM,72,71,73,76,76,79,4,4,3,Slide Tackle | Press Proven | Bruiser,0,,0,,14,Intro to Evolutions | Intro to Training Camp EVOs II | Intro to Rewards EVOs | Rising Guard | Passing Prodigy | One Shot | Complete Connection | Relentless Pressure | Long Ball Pass | Footwork Phenom | Pinged Pass | Whipped Pass+ | Cornerstones | Iron Will,Celta,LALIGA EA SPORTS,false,false,500,500
272056,Inma Gabarro,78,LM,ST | LW,85,77,73,79,52,69,4,3,2,Low Driven Shot | Technical,0,,0,,14,Intro to Evolutions | Intro to Training Camp EVOs II | Club Member Reward | Rising Guard | Passing Prodigy | One Shot | Relentless Pressure | Long Ball Pass | Footwork Phenom | Pinged Pass | ST Advanced Forward+ | Whipped Pass+ | Cornerstones | Iron Will,Everton,Barclays WSL,false,false,500,500
234102,Ionuț Andrei Radu,78,GK,,79,77,75,80,53,76,1,2,0,,0,,0,,8,Intro to Training Camp EVOs I | Intro to Training Camp EVOs II | The Debut | Relentless Pressure | Long Ball Pass | Pinged Pass | Whipped Pass+ | Cornerstones,Celta,LALIGA EA SPORTS,false,false,750,2000
246923,Jacob Ramsey,78,CM,LW | CAM | LM,78,75,76,81,69,71,3,4,0,,0,,0,,14,Intro to Evolutions | Intro to Training Camp EVOs II | Intro to Rewards EVOs | Rising Guard | Passing Prodigy | One Shot | Complete Connection | Relentless Pressure | Long Ball Pass | Footwork Phenom | Pinged Pass | Whipped Pass+ | Cornerstones | Iron Will,Newcastle Utd,Premier League,false,true,500,500
264905,Jade Le Guilly,78,RB,RM,71,55,72,72,78,73,3,3,1,Rapid,0,,0,,13,Intro to Evolutions | Intro to Training Camp EVOs II | Intro to Rewards EVOs | Rising Guard | Passing Prodigy | One Shot | Relentless Pressure | Long Ball Pass | Footwork Phenom | Pinged Pass | Whipped Pass+ | Cornerstones | Iron Will,Paris SG,Arkema PL,true,false,500,500
248492,James Hill,78,CB,RB,71,40,62,67,78,75,2,3,2,Aerial Fortress | Long Throw,0,,0,,13,Intro to Evolutions | Intro to Training Camp EVOs II | Intro to Rewards EVOs | Rising Guard | Passing Prodigy | One Shot | Relentless Pressure | Long Ball Pass | Footwork Phenom | Pinged Pass | Whipped Pass+ | Cornerstones | Iron Will,AFC Bournemouth,Premier League,false,true,500,1000
252448,Jamie Leweling,78,RM,LM | CAM | RW,83,73,68,81,46,76,4,4,2,Power Shot | Rapid,0,,0,,13,Intro to Evolutions | Intro to Training Camp EVOs II | Intro to Rewards EVOs | Rising Guard | Passing Prodigy | One Shot | Relentless Pressure | Long Ball Pass | Footwork Phenom | Pinged Pass | Whipped Pass+ | Cornerstones | Iron Will,VfB Stuttgart,Bundesliga,false,false,500,750
268941,Jana,78,RB,CB | RM | RW,70,53,71,67,79,74,2,3,2,Slide Tackle | Relentless,0,,0,,13,Intro to Evolutions | Intro to Training Camp EVOs II | Intro to Rewards EVOs | Rising Guard | Passing Prodigy | One Shot | Relentless Pressure | Long Ball Pass | Footwork Phenom | Pinged Pass | Whipped Pass+ | Cornerstones | Iron Will,London City,Barclays WSL,false,false,500,500
227381,Janine Sonis,78,LB,RB | LM | RM,84,73,77,78,71,69,3,3,2,Whipped Pass | Technical,0,,0,,13,Intro to Evolutions | Intro to Training Camp EVOs II | Intro to Rewards EVOs | Rising Guard | Passing Prodigy | One Shot | Relentless Pressure | Long Ball Pass | Footwork Phenom | Pinged Pass | Whipped Pass+ | Cornerstones | Iron Will,Denver Summit FC,NWSL,false,false,500,500
265409,Janou Levels,78,LB,LM | LW,84,63,74,74,72,57,4,4,2,Intercept | Relentless,0,,0,,13,Intro to Evolutions | Intro to Training Camp EVOs II | Intro to Rewards EVOs | Rising Guard | Passing Prodigy | One Shot | Relentless Pressure | Long Ball Pass | Footwork Phenom | Pinged Pass | Whipped Pass+ | Cornerstones | Iron Will,Real Madrid,Liga F Moeve,true,false,500,250
250751,Jayde Riviere,78,RB,RM,74,51,70,71,78,68,2,4,2,Slide Tackle | Long Throw,0,,0,,13,Intro to Evolutions | Intro to Training Camp EVOs II | Intro to Rewards EVOs | Rising Guard | Passing Prodigy | One Shot | Relentless Pressure | Long Ball Pass | Footwork Phenom | Pinged Pass | Whipped Pass+ | Cornerstones | Iron Will,Manchester Utd,Barclays WSL,false,false,500,500
225149,Jean Butez,78,GK,,74,79,84,79,49,76,1,4,3,Far Throw | Footwork | 1v1 Close Down,0,,0,,8,Intro to Training Camp EVOs I | Intro to Training Camp EVOs II | The Debut | Relentless Pressure | Long Ball Pass | Pinged Pass | Whipped Pass+ | Cornerstones,Como,Serie A Enilive,false,false,750,750
224422,Jérémie Boga,78,CAM,ST,85,72,73,84,48,68,4,3,5,Finesse Shot | Acrobatic | Gamechanger | Rapid | Quick Step,0,,0,,12,Intro to Evolutions | Club Member Reward | Rising Guard | Cover Athlete | Passing Prodigy | One Shot | Footwork Phenom | Pinged Pass | ST Advanced Forward+ | Whipped Pass+ | Cornerstones | Iron Will,Juventus,Serie A Enilive,false,false,500,250
247172,Jhon Durán,78,ST,,80,81,62,75,34,80,3,2,1,Precision Header,0,,0,,15,Intro to Evolutions | Intro to Training Camp EVOs II | Intro to Rewards EVOs | Club Member Reward | Rising Guard | Passing Prodigy | One Shot | Relentless Pressure | Long Ball Pass | Footwork Phenom | Pinged Pass | ST Advanced Forward+ | Whipped Pass+ | Cornerstones | Iron Will,SL Benfica,Liga Portugal,false,false,500,500
273463,João Gomes,78,CDM,CM,54,66,74,75,76,76,3,3,0,,0,,0,,14,Intro to Evolutions | Intro to Training Camp EVOs II | Intro to Rewards EVOs | Rising Guard | Passing Prodigy | One Shot | Complete Connection | Relentless Pressure | Long Ball Pass | Footwork Phenom | Pinged Pass | Whipped Pass+ | Cornerstones | Iron Will,Aston Villa,Premier League,false,true,500,500
277225,Jon Martín,78,CB,,68,31,57,67,78,77,2,3,2,Anticipate | Aerial Fortress,0,,0,,13,Intro to Evolutions | Intro to Training Camp EVOs II | Intro to Rewards EVOs | Rising Guard | Passing Prodigy | One Shot | Relentless Pressure | Long Ball Pass | Footwork Phenom | Pinged Pass | Whipped Pass+ | Cornerstones | Iron Will,Real Sociedad,LALIGA EA SPORTS,false,false,500,1000
245211,Jordan Teze,78,RB,RM | CM | RW,76,55,71,73,76,78,2,2,2,Block | Anticipate,0,,0,,14,Intro to Evolutions | Intro to Training Camp EVOs II | Intro to Rewards EVOs | Rising Guard | Passing Prodigy | One Shot | Complete Connection | Relentless Pressure | Long Ball Pass | Footwork Phenom | Pinged Pass | Whipped Pass+ | Cornerstones | Iron Will,AS Monaco,Ligue 1 McDonald's,false,false,500,250
267314,Jordyn Bloomer,78,GK,,77,75,68,80,45,76,1,2,0,,0,,0,,8,Intro to Training Camp EVOs I | Intro to Training Camp EVOs II | The Debut | Relentless Pressure | Long Ball Pass | Pinged Pass | Whipped Pass+ | Cornerstones,Rac. Louisville,NWSL,false,false,500,750
235947,Juan Brunetta,78,CAM,LW | ST | CM,71,75,82,75,50,64,4,3,2,Gamechanger | Long Ball Pass,0,,0,,16,Intro to Evolutions | Intro to Training Camp EVOs II | Intro to Rewards EVOs | Club Member Reward | Rising Guard | Passing Prodigy | One Shot | Complete Connection | Relentless Pressure | Long Ball Pass | Footwork Phenom | Pinged Pass | ST Advanced Forward+ | Whipped Pass+ | Cornerstones | Iron Will,Club Tigres,Liga BBVA MX,false,false,500,
247724,Julia Grosso,78,CM,CAM | CDM,75,67,78,79,70,58,3,4,1,Incisive Pass,0,,0,,15,Intro to Evolutions | Intro to Training Camp EVOs II | Intro to Rewards EVOs | Rising Guard | Cover Athlete | Passing Prodigy | One Shot | Complete Connection | Relentless Pressure | Long Ball Pass | Footwork Phenom | Pinged Pass | Whipped Pass+ | Cornerstones | Iron Will,Chicago Stars FC,NWSL,false,false,500,750
265893,Julie Pasquereau,78,CB,,54,38,64,59,79,81,2,3,2,Block | Intercept,0,,0,,13,Intro to Evolutions | Intro to Training Camp EVOs II | Intro to Rewards EVOs | Rising Guard | Passing Prodigy | One Shot | Relentless Pressure | Long Ball Pass | Footwork Phenom | Pinged Pass | Whipped Pass+ | Cornerstones | Iron Will,FC Nantes,Arkema PL,false,false,500,500
255434,Julio César Enciso,78,CAM,ST,78,74,72,83,33,53,3,3,1,Technical,0,,0,,16,Intro to Evolutions | Intro to Training Camp EVOs II | Intro to Rewards EVOs | Club Member Reward | Rising Guard | Cover Athlete | Passing Prodigy | One Shot | Relentless Pressure | Long Ball Pass | Footwork Phenom | Pinged Pass | ST Advanced Forward+ | Whipped Pass+ | Cornerstones | Iron Will,Ipswich,Premier League,false,true,500,
75178,Justine Rouquet,78,LM,LW,85,75,72,81,54,58,4,2,1,Rapid,0,,0,,12,Intro to Evolutions | Intro to Training Camp EVOs II | Rising Guard | Passing Prodigy | One Shot | Relentless Pressure | Long Ball Pass | Footwork Phenom | Pinged Pass | Whipped Pass+ | Cornerstones | Iron Will,Montpellier,Arkema PL,false,false,500,
267332,Kate Del Fava,78,CB,,72,49,69,71,80,74,3,3,1,Aerial Fortress,0,,0,,13,Intro to Evolutions | Intro to Training Camp EVOs II | Intro to Rewards EVOs | Rising Guard | Passing Prodigy | One Shot | Relentless Pressure | Long Ball Pass | Footwork Phenom | Pinged Pass | Whipped Pass+ | Cornerstones | Iron Will,Utah Royals FC,NWSL,false,false,500,750
265042,Katharina Piljić,78,CM,CDM,46,72,77,75,74,73,3,4,1,Long Throw,0,,0,,14,Intro to Evolutions | Intro to Training Camp EVOs II | Intro to Rewards EVOs | Rising Guard | Passing Prodigy | One Shot | Complete Connection | Relentless Pressure | Long Ball Pass | Footwork Phenom | Pinged Pass | Whipped Pass+ | Cornerstones | Iron Will,VfL Wolfsburg,GPFBL,false,false,500,500
267321,Katie Atkinson,78,GK,,77,77,73,79,40,78,1,2,1,Deflector,0,,0,,8,Intro to Training Camp EVOs I | Intro to Training Camp EVOs II | The Debut | Relentless Pressure | Long Ball Pass | Pinged Pass | Whipped Pass+ | Cornerstones,Chicago Stars FC,NWSL,false,false,500,500
244059,Katja Snoeijs,78,ST,CAM | RM | CM,81,79,66,77,43,67,3,3,0,,0,,0,,16,Intro to Evolutions | Intro to Training Camp EVOs II | Intro to Rewards EVOs | Club Member Reward | Rising Guard | Passing Prodigy | One Shot | Complete Connection | Relentless Pressure | Long Ball Pass | Footwork Phenom | Pinged Pass | ST Advanced Forward+ | Whipped Pass+ | Cornerstones | Iron Will,Ajax,Nederland Vrouwen Liga,false,false,500,500
255009,Kenneth Taylor,78,CM,CDM,69,77,78,80,67,69,3,5,2,Pinged Pass | Tiki Taka,0,,0,,14,Intro to Evolutions | Intro to Training Camp EVOs II | Intro to Rewards EVOs | Rising Guard | Passing Prodigy | One Shot | Complete Connection | Relentless Pressure | Long Ball Pass | Footwork Phenom | Pinged Pass | Whipped Pass+ | Cornerstones | Iron Will,Latium,Serie A Enilive,false,false,500,750
216266,Kenny Tete,78,RB,RM,73,48,69,73,78,75,2,2,2,Jockey | Long Throw,0,,0,,13,Intro to Evolutions | Intro to Training Camp EVOs II | Intro to Rewards EVOs | Rising Guard | Passing Prodigy | One Shot | Relentless Pressure | Long Ball Pass | Footwork Phenom | Pinged Pass | Whipped Pass+ | Cornerstones | Iron Will,Fulham,Premier League,false,true,500,500
206585,Kepa,78,GK,,77,77,82,80,47,76,1,4,0,,0,,0,,8,Intro to Training Camp EVOs I | Intro to Training Camp EVOs II | The Debut | Relentless Pressure | Long Ball Pass | Pinged Pass | Whipped Pass+ | Cornerstones,Arsenal,Premier League,false,true,750,1500
275923,Kiko Seike,78,RM,RW,75,73,76,78,59,67,3,3,3,Finesse Shot | Low Driven Shot | Rapid,0,,0,,13,Intro to Evolutions | Intro to Training Camp EVOs II | Intro to Rewards EVOs | Rising Guard | Passing Prodigy | One Shot | Relentless Pressure | Long Ball Pass | Footwork Phenom | Pinged Pass | Whipped Pass+ | Cornerstones | Iron Will,Brighton,Barclays WSL,false,false,500,500
265274,Kirsty Hanson,78,ST,LM | LW | CAM,81,79,73,78,55,76,4,5,4,Low Driven Shot | Pinged Pass | Anticipate | Rapid,0,,0,,13,Intro to Evolutions | Intro to Rewards EVOs | Club Member Reward | Rising Guard | Passing Prodigy | One Shot | Relentless Pressure | Footwork Phenom | Pinged Pass | ST Advanced Forward+ | Whipped Pass+ | Cornerstones | Iron Will,Spurs,Barclays WSL,false,false,500,500
242000,Konstantinos Mavropanos,78,CB,,71,56,54,58,78,79,2,3,3,Intercept | Aerial Fortress | Bruiser,0,,0,,13,Intro to Evolutions | Intro to Training Camp EVOs II | Intro to Rewards EVOs | Rising Guard | Passing Prodigy | One Shot | Relentless Pressure | Long Ball Pass | Footwork Phenom | Pinged Pass | Whipped Pass+ | Cornerstones | Iron Will,West Ham,EFL Championship,false,false,500,500
267386,Kristen McNabb,78,CB,,77,49,72,74,80,69,2,3,0,,0,,0,,13,Intro to Evolutions | Intro to Training Camp EVOs II | Intro to Rewards EVOs | Rising Guard | Passing Prodigy | One Shot | Relentless Pressure | Long Ball Pass | Footwork Phenom | Pinged Pass | Whipped Pass+ | Cornerstones | Iron Will,San Diego Wave,NWSL,false,false,500,500
252064,Ladislav Krejčí,78,CB,,71,68,68,68,76,84,3,3,2,Pinged Pass | Bruiser,0,,0,,13,Intro to Evolutions | Intro to Training Camp EVOs II | Intro to Rewards EVOs | Rising Guard | Passing Prodigy | One Shot | Relentless Pressure | Long Ball Pass | Footwork Phenom | Pinged Pass | Whipped Pass+ | Cornerstones | Iron Will,Wolves,EFL Championship,false,false,500,10000
73023,Larissa Mühlhaus,78,ST,CAM,78,79,70,73,53,74,2,2,1,Enforcer,0,,0,,16,Intro to Evolutions | Intro to Training Camp EVOs II | Intro to Rewards EVOs | Club Member Reward | Rising Guard | Cover Athlete | Passing Prodigy | One Shot | Relentless Pressure | Long Ball Pass | Footwork Phenom | Pinged Pass | ST Advanced Forward+ | Whipped Pass+ | Cornerstones | Iron Will,Frankfurt,GPFBL,false,false,500,500
256115,Lazar Samardžić,78,CAM,CM,71,74,75,79,61,57,4,3,2,Dead Ball | Tiki Taka,0,,0,,15,Intro to Evolutions | Intro to Training Camp EVOs II | Intro to Rewards EVOs | Rising Guard | Cover Athlete | Passing Prodigy | One Shot | Complete Connection | Relentless Pressure | Long Ball Pass | Footwork Phenom | Pinged Pass | Whipped Pass+ | Cornerstones | Iron Will,Bergamo Calcio,Serie A Enilive,false,false,500,500
269087,Leny Yoro,78,CB,,69,41,60,65,79,73,2,3,1,Slide Tackle,0,,0,,13,Intro to Evolutions | Intro to Training Camp EVOs II | Intro to Rewards EVOs | Rising Guard | Passing Prodigy | One Shot | Relentless Pressure | Long Ball Pass | Footwork Phenom | Pinged Pass | Whipped Pass+ | Cornerstones | Iron Will,Man Utd,Premier League,true,true,500,500
224294,Lewis Cook,78,CDM,RB | CM,68,63,76,77,75,70,3,4,0,,0,,0,,14,Intro to Evolutions | Intro to Training Camp EVOs II | Intro to Rewards EVOs | Rising Guard | Passing Prodigy | One Shot | Complete Connection | Relentless Pressure | Long Ball Pass | Footwork Phenom | Pinged Pass | Whipped Pass+ | Cornerstones | Iron Will,AFC Bournemouth,Premier League,false,true,500,500
76326,Lilly Reale,78,LB,,71,58,73,75,76,76,2,3,3,Whipped Pass | Bruiser | Enforcer,0,,0,,13,Intro to Evolutions | Intro to Training Camp EVOs II | Intro to Rewards EVOs | Rising Guard | Passing Prodigy | One Shot | Relentless Pressure | Long Ball Pass | Footwork Phenom | Pinged Pass | Whipped Pass+ | Cornerstones | Iron Will,Boston Legacy FC,NWSL,false,false,500,500
272926,Lucas Bergvall,78,CM,CAM | CDM,74,68,77,78,72,71,3,3,1,Long Throw,0,,0,,15,Intro to Evolutions | Intro to Training Camp EVOs II | Intro to Rewards EVOs | Rising Guard | Cover Athlete | Passing Prodigy | One Shot | Complete Connection | Relentless Pressure | Long Ball Pass | Footwork Phenom | Pinged Pass | Whipped Pass+ | Cornerstones | Iron Will,Spurs,Premier League,false,true,500,5000
254579,Lucas Da Cunha,78,CDM,CM,77,72,76,81,75,59,3,3,4,Power Shot | Tiki Taka | Jockey | Technical,0,,0,,12,Intro to Evolutions | Intro to Rewards EVOs | Rising Guard | Passing Prodigy | One Shot | Complete Connection | Relentless Pressure | Footwork Phenom | Pinged Pass | Whipped Pass+ | Cornerstones | Iron Will,Como,Serie A Enilive,false,false,500,2500
268470,Lúcia Alves,78,LM,LB | LW,75,62,77,78,68,62,3,3,2,Long Ball Pass | Technical,0,,0,,13,Intro to Evolutions | Intro to Training Camp EVOs II | Intro to Rewards EVOs | Rising Guard | Passing Prodigy | One Shot | Relentless Pressure | Long Ball Pass | Footwork Phenom | Pinged Pass | Whipped Pass+ | Cornerstones | Iron Will,SL Benfica,Liga Portugal Feminino,false,false,500,500
176580,Luis Suárez,78,ST,CAM,51,81,74,76,41,75,3,4,3,Low Driven Shot | Gamechanger | Enforcer,0,,0,,16,Intro to Evolutions | Intro to Training Camp EVOs II | Intro to Rewards EVOs | Club Member Reward | Rising Guard | Cover Athlete | Passing Prodigy | One Shot | Relentless Pressure | Long Ball Pass | Footwork Phenom | Pinged Pass | ST Advanced Forward+ | Whipped Pass+ | Cornerstones | Iron Will,Inter Miami CF,MLS,false,false,500,750
258885,Luiz Júnior,78,GK,,78,77,70,78,30,78,1,3,2,Far Throw | Cross Claimer,0,,0,,8,Intro to Training Camp EVOs I | Intro to Training Camp EVOs II | The Debut | Relentless Pressure | Long Ball Pass | Pinged Pass | Whipped Pass+ | Cornerstones,Villarreal CF,LALIGA EA SPORTS,false,false,750,1000
189908,Łukasz Skorupski,78,GK,,78,74,68,79,51,78,1,3,2,Far Throw | Cross Claimer,0,,0,,8,Intro to Training Camp EVOs I | Intro to Training Camp EVOs II | The Debut | Relentless Pressure | Long Ball Pass | Pinged Pass | Whipped Pass+ | Cornerstones,Bologna,Serie A Enilive,false,false,500,500
241187,Lutsharel Geertruida,78,CB,RB | CDM | RM,70,62,70,75,78,77,2,3,3,Pinged Pass | Jockey | Intercept,0,,0,,13,Intro to Evolutions | Intro to Training Camp EVOs II | Intro to Rewards EVOs | Rising Guard | Passing Prodigy | One Shot | Relentless Pressure | Long Ball Pass | Footwork Phenom | Pinged Pass | Whipped Pass+ | Cornerstones | Iron Will,PSV,Eredivisie,false,false,500,500
242879,Maarten Vandevoordt,78,GK,,80,77,82,78,55,76,1,3,3,Far Throw | Footwork | Cross Claimer,0,,0,,8,Intro to Training Camp EVOs I | Intro to Training Camp EVOs II | The Debut | Relentless Pressure | Long Ball Pass | Pinged Pass | Whipped Pass+ | Cornerstones,RB Leipzig,Bundesliga,false,false,750,500
76332,Maddie Dahlien,78,LM,LW,67,67,76,76,64,72,3,3,0,,0,,0,,13,Intro to Evolutions | Intro to Training Camp EVOs II | Intro to Rewards EVOs | Rising Guard | Passing Prodigy | One Shot | Relentless Pressure | Long Ball Pass | Footwork Phenom | Pinged Pass | Whipped Pass+ | Cornerstones | Iron Will,Seattle Reign,NWSL,false,false,500,250
243830,Mailson,78,GK,,76,78,75,79,35,77,1,2,2,Far Throw | Cross Claimer,0,,0,,8,Intro to Training Camp EVOs I | Intro to Training Camp EVOs II | The Debut | Relentless Pressure | Long Ball Pass | Pinged Pass | Whipped Pass+ | Cornerstones,Al Taawoun,ROSHN Saudi League,false,false,750,2500
272127,Maite Zubieta,78,CM,CB | CDM,68,68,76,78,72,69,3,3,1,Long Ball Pass,0,,0,,14,Intro to Evolutions | Intro to Training Camp EVOs II | Intro to Rewards EVOs | Rising Guard | Passing Prodigy | One Shot | Complete Connection | Relentless Pressure | Long Ball Pass | Footwork Phenom | Pinged Pass | Whipped Pass+ | Cornerstones | Iron Will,Atlético de Madrid,Liga F Moeve,false,false,500,750
74463,Marc Bernal,78,CDM,CM,71,62,73,77,73,79,3,3,3,Tiki Taka | Intercept | First Touch,0,,0,,14,Intro to Evolutions | Intro to Training Camp EVOs II | Intro to Rewards EVOs | Rising Guard | Passing Prodigy | One Shot | Complete Connection | Relentless Pressure | Long Ball Pass | Footwork Phenom | Pinged Pass | Whipped Pass+ | Cornerstones | Iron Will,FC Barcelona,LALIGA EA SPORTS,true,false,500,4000
272600,Marc Casadó,78,CDM,CM,59,64,72,77,76,63,3,4,2,First Touch | Press Proven,0,,0,,14,Intro to Evolutions | Intro to Training Camp EVOs II | Intro to Rewards EVOs | Rising Guard | Passing Prodigy | One Shot | Complete Connection | Relentless Pressure | Long Ball Pass | Footwork Phenom | Pinged Pass | Whipped Pass+ | Cornerstones | Iron Will,RC Deportivo,LALIGA EA SPORTS,false,false,500,500
235945,Marc Roca,78,CDM,CM,55,66,75,74,76,73,3,3,0,,0,,0,,14,Intro to Evolutions | Intro to Training Camp EVOs II | Intro to Rewards EVOs | Rising Guard | Passing Prodigy | One Shot | Complete Connection | Relentless Pressure | Long Ball Pass | Footwork Phenom | Pinged Pass | Whipped Pass+ | Cornerstones | Iron Will,Real Betis,LALIGA EA SPORTS,false,false,500,750
235467,Marcelino Moreno,78,CAM,ST,87,73,75,81,53,67,5,2,5,Low Driven Shot | Gamechanger | Incisive Pass | Technical | Quick Step,0,,0,,11,Intro to Evolutions | Club Member Reward | Rising Guard | Passing Prodigy | One Shot | Footwork Phenom | Pinged Pass | ST Advanced Forward+ | Whipped Pass+ | Cornerstones | Iron Will,Lanús,LPF,false,false,500,750
188350,Marco Reus,78,CAM,CM | CDM,53,81,81,79,52,61,4,4,4,Finesse Shot | Chip Shot | Gamechanger | First Touch,0,,0,,13,Intro to Evolutions | Intro to Rewards EVOs | Rising Guard | Cover Athlete | Passing Prodigy | One Shot | Complete Connection | Relentless Pressure | Footwork Phenom | Pinged Pass | Whipped Pass+ | Cornerstones | Iron Will,LA Galaxy,MLS,false,false,500,500
277797,Marcos Leonardo,78,ST,CAM,77,77,60,73,27,66,3,3,3,Chip Shot | Precision Header | Gamechanger,0,,0,,16,Intro to Evolutions | Intro to Training Camp EVOs II | Intro to Rewards EVOs | Club Member Reward | Rising Guard | Cover Athlete | Passing Prodigy | One Shot | Relentless Pressure | Long Ball Pass | Footwork Phenom | Pinged Pass | ST Advanced Forward+ | Whipped Pass+ | Cornerstones | Iron Will,Ajax,Eredivisie,false,false,500,500
227092,Martina Piemonte,78,ST,,75,79,63,75,41,73,3,3,4,Acrobatic | Low Driven Shot | First Touch | Press Proven,0,,0,,13,Intro to Evolutions | Intro to Rewards EVOs | Club Member Reward | Rising Guard | Passing Prodigy | One Shot | Relentless Pressure | Footwork Phenom | Pinged Pass | ST Advanced Forward+ | Whipped Pass+ | Cornerstones | Iron Will,Roma,Calcio A Femminile,false,false,500,
224041,Marvin Schwäbe,78,GK,,76,74,77,81,47,78,1,3,3,Long Ball Pass | Far Throw | Footwork,0,,0,,8,Intro to Training Camp EVOs I | Intro to Training Camp EVOs II | The Debut | Relentless Pressure | Long Ball Pass | Pinged Pass | Whipped Pass+ | Cornerstones,1. FC Köln,Bundesliga,false,false,750,500
233064,Mason Mount,78,CAM,LM | CM | LW,66,76,80,79,62,61,3,4,0,,0,,0,,14,Intro to Evolutions | Intro to Training Camp EVOs II | Intro to Rewards EVOs | Rising Guard | Passing Prodigy | One Shot | Complete Connection | Relentless Pressure | Long Ball Pass | Footwork Phenom | Pinged Pass | Whipped Pass+ | Cornerstones | Iron Will,Man Utd,Premier League,true,true,500,500
268421,Mathys Tel,78,LM,LW | ST | CAM,86,80,70,79,29,64,4,4,1,Finesse Shot,0,,0,,14,Intro to Evolutions | Intro to Training Camp EVOs II | Club Member Reward | Rising Guard | Passing Prodigy | One Shot | Relentless Pressure | Long Ball Pass | Footwork Phenom | Pinged Pass | ST Advanced Forward+ | Whipped Pass+ | Cornerstones | Iron Will,Spurs,Premier League,false,true,500,1000
276048,Matias Fernandez-Pardo,78,ST,LM | LW,91,77,70,82,43,76,3,3,3,Chip Shot | Press Proven | Quick Step,0,,0,,14,Intro to Evolutions | Intro to Training Camp EVOs II | Club Member Reward | Rising Guard | Passing Prodigy | One Shot | Relentless Pressure | Long Ball Pass | Footwork Phenom | Pinged Pass | ST Advanced Forward+ | Whipped Pass+ | Cornerstones | Iron Will,Newcastle Utd,Premier League,false,true,500,500
228819,Matías Vargas,78,LM,ST | CAM | LW,87,73,71,80,40,68,4,2,2,Finesse Shot | Technical,0,,0,,14,Intro to Evolutions | Intro to Training Camp EVOs II | Club Member Reward | Rising Guard | Passing Prodigy | One Shot | Relentless Pressure | Long Ball Pass | Footwork Phenom | Pinged Pass | ST Advanced Forward+ | Whipped Pass+ | Cornerstones | Iron Will,Club Atlético Gimnasia y Esgrima,LPF,false,false,500,250
259584,Matteo Ruggeri,78,LB,LM,78,61,74,71,73,75,3,2,1,Whipped Pass,0,,0,,13,Intro to Evolutions | Intro to Training Camp EVOs II | Intro to Rewards EVOs | Rising Guard | Passing Prodigy | One Shot | Relentless Pressure | Long Ball Pass | Footwork Phenom | Pinged Pass | Whipped Pass+ | Cornerstones | Iron Will,Aston Villa,Premier League,false,true,500,750
246646,Maxence Caqueret,78,CDM,CM | CAM,72,67,77,80,75,63,3,3,2,Incisive Pass | Pinged Pass,0,,0,,15,Intro to Evolutions | Intro to Training Camp EVOs II | Intro to Rewards EVOs | Rising Guard | Cover Athlete | Passing Prodigy | One Shot | Complete Connection | Relentless Pressure | Long Ball Pass | Footwork Phenom | Pinged Pass | Whipped Pass+ | Cornerstones | Iron Will,Como,Serie A Enilive,false,false,500,500
251479,Maxim De Cuyper,78,LB,LM,76,73,80,77,73,72,2,4,2,Long Ball Pass | Whipped Pass,0,,0,,13,Intro to Evolutions | Intro to Training Camp EVOs II | Intro to Rewards EVOs | Rising Guard | Passing Prodigy | One Shot | Relentless Pressure | Long Ball Pass | Footwork Phenom | Pinged Pass | Whipped Pass+ | Cornerstones | Iron Will,Brighton,Premier League,false,true,500,500
267991,Máximo Perrone,78,CDM,CM,68,55,70,77,75,62,2,3,0,,0,,0,,14,Intro to Evolutions | Intro to Training Camp EVOs II | Intro to Rewards EVOs | Rising Guard | Passing Prodigy | One Shot | Complete Connection | Relentless Pressure | Long Ball Pass | Footwork Phenom | Pinged Pass | Whipped Pass+ | Cornerstones | Iron Will,Como,Serie A Enilive,false,false,500,750
265073,Meret Felde,78,CDM,CM,44,70,75,73,73,74,3,4,1,Bruiser,0,,0,,14,Intro to Evolutions | Intro to Training Camp EVOs II | Intro to Rewards EVOs | Rising Guard | Passing Prodigy | One Shot | Complete Connection | Relentless Pressure | Long Ball Pass | Footwork Phenom | Pinged Pass | Whipped Pass+ | Cornerstones | Iron Will,SC Freiburg,GPFBL,false,false,500,500
258378,Mika Godts,78,LW,LM,83,72,71,84,42,65,4,3,3,Low Driven Shot | Gamechanger | Technical,0,,0,,13,Intro to Evolutions | Intro to Training Camp EVOs II | Intro to Rewards EVOs | Rising Guard | Passing Prodigy | One Shot | Relentless Pressure | Long Ball Pass | Footwork Phenom | Pinged Pass | Whipped Pass+ | Cornerstones | Iron Will,Paris SG,Ligue 1 McDonald's,true,false,500,2500
201153,Morata,78,ST,,77,77,72,76,32,74,3,4,2,Chip Shot | Enforcer,0,,0,,15,Intro to Evolutions | Intro to Training Camp EVOs II | Intro to Rewards EVOs | Club Member Reward | Rising Guard | Passing Prodigy | One Shot | Relentless Pressure | Long Ball Pass | Footwork Phenom | Pinged Pass | ST Advanced Forward+ | Whipped Pass+ | Cornerstones | Iron Will,CD Leganés,LALIGA HYPERMOTION,false,false,500,750
259265,Mourad Batna,78,ST,RM | RW | CAM,78,79,75,78,36,78,4,5,5,Finesse Shot | Power Shot | Whipped Pass | Aerial Fortress | Technical,0,,0,,12,Intro to Evolutions | Intro to Rewards EVOs | Club Member Reward | Rising Guard | Passing Prodigy | One Shot | Footwork Phenom | Pinged Pass | ST Advanced Forward+ | Whipped Pass+ | Cornerstones | Iron Will,Al Fateh,ROSHN Saudi League,false,false,500,
242374,Musa Barrow,78,LW,LM | ST | CAM,84,81,71,78,32,66,4,4,2,Power Shot | Rapid,0,,0,,15,Intro to Evolutions | Intro to Training Camp EVOs II | Intro to Rewards EVOs | Club Member Reward | Rising Guard | Passing Prodigy | One Shot | Relentless Pressure | Long Ball Pass | Footwork Phenom | Pinged Pass | ST Advanced Forward+ | Whipped Pass+ | Cornerstones | Iron Will,Al Khaleej,ROSHN Saudi League,false,false,500,750
263824,Musab Al Juwair,78,CM,CAM | CDM,76,69,82,76,58,75,3,4,1,Long Ball Pass,0,,0,,15,Intro to Evolutions | Intro to Training Camp EVOs II | Intro to Rewards EVOs | Rising Guard | Cover Athlete | Passing Prodigy | One Shot | Complete Connection | Relentless Pressure | Long Ball Pass | Footwork Phenom | Pinged Pass | Whipped Pass+ | Cornerstones | Iron Will,Al Qadsiah,ROSHN Saudi League,false,false,500,250
244374,Mykola Shaparenko,78,CM,CAM | CDM,79,71,79,79,68,71,3,3,1,Rapid,0,,0,,15,Intro to Evolutions | Intro to Training Camp EVOs II | Intro to Rewards EVOs | Rising Guard | Cover Athlete | Passing Prodigy | One Shot | Complete Connection | Relentless Pressure | Long Ball Pass | Footwork Phenom | Pinged Pass | Whipped Pass+ | Cornerstones | Iron Will,Dynamo Kyiv,Ukrayina Liha,false,false,500,500
278773,Myles Lewis-Skelly,78,LB,CDM | CM,71,60,75,77,76,77,3,3,1,Press Proven,0,,0,,14,Intro to Evolutions | Intro to Training Camp EVOs II | Intro to Rewards EVOs | Rising Guard | Passing Prodigy | One Shot | Complete Connection | Relentless Pressure | Long Ball Pass | Footwork Phenom | Pinged Pass | Whipped Pass+ | Cornerstones | Iron Will,Arsenal,Premier League,false,true,500,1000
272338,Natasha Kowalski,78,CAM,ST | CM | CDM,75,78,77,77,45,72,4,5,3,Dead Ball | Incisive Pass | Whipped Pass,0,,0,,16,Intro to Evolutions | Intro to Training Camp EVOs II | Intro to Rewards EVOs | Club Member Reward | Rising Guard | Passing Prodigy | One Shot | Complete Connection | Relentless Pressure | Long Ball Pass | Footwork Phenom | Pinged Pass | ST Advanced Forward+ | Whipped Pass+ | Cornerstones | Iron Will,Leverkusen,GPFBL,false,false,500,500
247461,Nathalie Björn,78,CB,CM | CDM,75,40,70,65,79,77,2,3,1,Intercept,0,,0,,14,Intro to Evolutions | Intro to Training Camp EVOs II | Intro to Rewards EVOs | Rising Guard | Passing Prodigy | One Shot | Complete Connection | Relentless Pressure | Long Ball Pass | Footwork Phenom | Pinged Pass | Whipped Pass+ | Cornerstones | Iron Will,Chelsea,Barclays WSL,false,false,500,750
237328,Nathan Tella,78,RM,ST | CAM | RW,90,74,71,80,46,60,3,3,2,Rapid | Quick Step,0,,0,,14,Intro to Evolutions | Intro to Training Camp EVOs II | Club Member Reward | Rising Guard | Passing Prodigy | One Shot | Relentless Pressure | Long Ball Pass | Footwork Phenom | Pinged Pass | ST Advanced Forward+ | Whipped Pass+ | Cornerstones | Iron Will,Leverkusen,Bundesliga,false,false,1400,500
272236,Nayluisa Cáceres,78,GK,,76,76,71,80,47,75,1,2,1,Cross Claimer,0,,0,,8,Intro to Training Camp EVOs I | Intro to Training Camp EVOs II | The Debut | Relentless Pressure | Long Ball Pass | Pinged Pass | Whipped Pass+ | Cornerstones,C. Adeje Tenerife,Liga F Moeve,false,false,500,500
265853,Nérilia Mondésir,78,CAM,ST | CM,87,75,72,81,40,63,4,3,2,Rapid | Quick Step,0,,0,,15,Intro to Evolutions | Intro to Training Camp EVOs II | Club Member Reward | Rising Guard | Passing Prodigy | One Shot | Complete Connection | Relentless Pressure | Long Ball Pass | Footwork Phenom | Pinged Pass | ST Advanced Forward+ | Whipped Pass+ | Cornerstones | Iron Will,Seattle Reign,NWSL,false,false,500,500
221491,Nico Elvedi,78,CB,,70,39,62,64,79,78,2,3,4,Intercept | Anticipate | Slide Tackle | Aerial Fortress,0,,0,,11,Intro to Evolutions | Intro to Rewards EVOs | Rising Guard | Passing Prodigy | One Shot | Relentless Pressure | Footwork Phenom | Pinged Pass | Whipped Pass+ | Cornerstones | Iron Will,Leeds United,Premier League,false,true,500,500
262113,Nicola Zalewski,78,LM,CAM | LW | CM,88,66,74,78,65,64,3,5,4,Power Shot | Dead Ball | Incisive Pass | Rapid,0,,0,,11,Intro to Evolutions | Rising Guard | Passing Prodigy | One Shot | Complete Connection | Relentless Pressure | Footwork Phenom | Pinged Pass | Whipped Pass+ | Cornerstones | Iron Will,Bergamo Calcio,Serie A Enilive,false,false,500,500
237819,Nicolás Domínguez,78,CDM,CM | LM | LW,67,65,75,76,76,74,3,4,0,,0,,0,,14,Intro to Evolutions | Intro to Training Camp EVOs II | Intro to Rewards EVOs | Rising Guard | Passing Prodigy | One Shot | Complete Connection | Relentless Pressure | Long Ball Pass | Footwork Phenom | Pinged Pass | Whipped Pass+ | Cornerstones | Iron Will,Nott'm Forest,Premier League,false,true,500,500
192366,Nicolás Otamendi,78,CB,,35,57,65,61,79,84,2,3,5,Precision Header | Long Ball Pass | Intercept | Aerial Fortress | Bruiser,0,,0,,10,Intro to Evolutions | Intro to Rewards EVOs | Rising Guard | Passing Prodigy | One Shot | Footwork Phenom | Pinged Pass | Whipped Pass+ | Cornerstones | Iron Will,River Plate,LPF,false,false,500,750
211256,Nicolás Tagliafico,78,LB,LM,68,56,70,75,77,76,3,2,1,Slide Tackle,0,,0,,13,Intro to Evolutions | Intro to Training Camp EVOs II | Intro to Rewards EVOs | Rising Guard | Passing Prodigy | One Shot | Relentless Pressure | Long Ball Pass | Footwork Phenom | Pinged Pass | Whipped Pass+ | Cornerstones | Iron Will,OL,Ligue 1 McDonald's,false,false,500,500
255001,Nicolò Rovella,78,CDM,CM,73,63,77,79,75,66,3,4,3,Incisive Pass | Block | Relentless,0,,0,,14,Intro to Evolutions | Intro to Training Camp EVOs II | Intro to Rewards EVOs | Rising Guard | Passing Prodigy | One Shot | Complete Connection | Relentless Pressure | Long Ball Pass | Footwork Phenom | Pinged Pass | Whipped Pass+ | Cornerstones | Iron Will,Latium,Serie A Enilive,false,false,500,500
265243,Noëlle Maritz,78,LB,LM | CDM,74,47,73,71,78,75,3,4,0,,0,,0,,13,Intro to Evolutions | Intro to Training Camp EVOs II | Intro to Rewards EVOs | Rising Guard | Passing Prodigy | One Shot | Relentless Pressure | Long Ball Pass | Footwork Phenom | Pinged Pass | Whipped Pass+ | Cornerstones | Iron Will,Aston Villa,Barclays WSL,false,false,500,500
233866,Odsonne Édouard,78,ST,,68,77,66,76,45,73,3,4,1,Chip Shot,0,,0,,15,Intro to Evolutions | Intro to Training Camp EVOs II | Intro to Rewards EVOs | Club Member Reward | Rising Guard | Passing Prodigy | One Shot | Relentless Pressure | Long Ball Pass | Footwork Phenom | Pinged Pass | ST Advanced Forward+ | Whipped Pass+ | Cornerstones | Iron Will,1. FC Köln,Bundesliga,false,false,500,
208777,Óliver Torres,78,CM,LM | CAM | LW,68,72,79,80,65,63,3,4,1,Technical,0,,0,,14,Intro to Evolutions | Intro to Training Camp EVOs II | Intro to Rewards EVOs | Rising Guard | Passing Prodigy | One Shot | Complete Connection | Relentless Pressure | Long Ball Pass | Footwork Phenom | Pinged Pass | Whipped Pass+ | Cornerstones | Iron Will,Monterrey,Liga BBVA MX,false,false,500,
225863,Olivier Boscagli,78,CB,,60,53,75,75,78,73,3,3,1,Long Ball Pass,0,,0,,13,Intro to Evolutions | Intro to Training Camp EVOs II | Intro to Rewards EVOs | Rising Guard | Passing Prodigy | One Shot | Relentless Pressure | Long Ball Pass | Footwork Phenom | Pinged Pass | Whipped Pass+ | Cornerstones | Iron Will,Brighton,Premier League,false,true,500,750
224574,Orbelín Pineda,78,CAM,CM,81,73,74,82,73,71,4,4,2,Technical | Relentless,0,,0,,15,Intro to Evolutions | Intro to Training Camp EVOs II | Intro to Rewards EVOs | Rising Guard | Cover Athlete | Passing Prodigy | One Shot | Complete Connection | Relentless Pressure | Long Ball Pass | Footwork Phenom | Pinged Pass | Whipped Pass+ | Cornerstones | Iron Will,Monterrey,Liga BBVA MX,false,false,500,750
272049,Ornella Vignola,78,LM,LW | RM,82,70,74,77,58,77,4,3,2,Whipped Pass | Technical,0,,0,,13,Intro to Evolutions | Intro to Training Camp EVOs II | Intro to Rewards EVOs | Rising Guard | Passing Prodigy | One Shot | Relentless Pressure | Long Ball Pass | Footwork Phenom | Pinged Pass | Whipped Pass+ | Cornerstones | Iron Will,Everton,Barclays WSL,false,false,500,500
242238,Oumar Solet,78,CB,,84,43,62,68,77,81,2,4,3,Long Ball Pass | Jockey | Intercept,0,,0,,13,Intro to Evolutions | Intro to Training Camp EVOs II | Intro to Rewards EVOs | Rising Guard | Passing Prodigy | One Shot | Relentless Pressure | Long Ball Pass | Footwork Phenom | Pinged Pass | Whipped Pass+ | Cornerstones | Iron Will,Udinese,Serie A Enilive,false,false,1200,750
239890,Ozan Kabak,78,CB,,68,37,59,66,76,80,2,3,4,Precision Header | Slide Tackle | Aerial Fortress | Bruiser,0,,0,,11,Intro to Evolutions | Intro to Rewards EVOs | Rising Guard | Passing Prodigy | One Shot | Relentless Pressure | Footwork Phenom | Pinged Pass | Whipped Pass+ | Cornerstones | Iron Will,TSG Hoffenheim,Bundesliga,false,false,500,500
235134,Pablo Rosario,78,CDM,CM | CB,63,64,70,74,76,82,3,3,2,Relentless | Bruiser,0,,0,,14,Intro to Evolutions | Intro to Training Camp EVOs II | Intro to Rewards EVOs | Rising Guard | Passing Prodigy | One Shot | Complete Connection | Relentless Pressure | Long Ball Pass | Footwork Phenom | Pinged Pass | Whipped Pass+ | Cornerstones | Iron Will,FC Porto,Liga Portugal,false,false,500,250
267371,Paige Nielsen,78,CB,,75,48,61,64,78,81,2,2,2,Slide Tackle | Bruiser,0,,0,,13,Intro to Evolutions | Intro to Training Camp EVOs II | Intro to Rewards EVOs | Rising Guard | Passing Prodigy | One Shot | Relentless Pressure | Long Ball Pass | Footwork Phenom | Pinged Pass | Whipped Pass+ | Cornerstones | Iron Will,Houston Dash,NWSL,false,false,500,750
234986,Panagiotis Retsos,78,CB,,73,38,64,64,77,78,2,3,2,Block | Slide Tackle,0,,0,,13,Intro to Evolutions | Intro to Training Camp EVOs II | Intro to Rewards EVOs | Rising Guard | Passing Prodigy | One Shot | Relentless Pressure | Long Ball Pass | Footwork Phenom | Pinged Pass | Whipped Pass+ | Cornerstones | Iron Will,Olympiacos FC,Hellas Liga,false,false,500,500
277432,Patrick Dorgu,78,LM,LB,86,73,72,77,72,73,3,2,0,,0,,0,,12,Intro to Evolutions | Intro to Training Camp EVOs II | Rising Guard | Passing Prodigy | One Shot | Relentless Pressure | Long Ball Pass | Footwork Phenom | Pinged Pass | Whipped Pass+ | Cornerstones | Iron Will,Man Utd,Premier League,true,true,1100,10000
262092,Paulina Krumbiegel,78,RM,RB,84,70,74,78,64,72,3,4,2,Whipped Pass | Rapid,0,,0,,13,Intro to Evolutions | Intro to Training Camp EVOs II | Intro to Rewards EVOs | Rising Guard | Passing Prodigy | One Shot | Relentless Pressure | Long Ball Pass | Footwork Phenom | Pinged Pass | Whipped Pass+ | Cornerstones | Iron Will,Frankfurt,GPFBL,false,false,500,750
241985,Pep Biel,78,CAM,ST | RM | CM,70,74,77,79,48,63,3,3,2,Pinged Pass | Technical,0,,0,,16,Intro to Evolutions | Intro to Training Camp EVOs II | Intro to Rewards EVOs | Club Member Reward | Rising Guard | Passing Prodigy | One Shot | Complete Connection | Relentless Pressure | Long Ball Pass | Footwork Phenom | Pinged Pass | ST Advanced Forward+ | Whipped Pass+ | Cornerstones | Iron Will,Charlotte FC,MLS,false,false,500,500
237942,Pervis Estupiñán,78,LB,LM,73,57,76,78,74,65,3,3,0,,0,,0,,13,Intro to Evolutions | Intro to Training Camp EVOs II | Intro to Rewards EVOs | Rising Guard | Passing Prodigy | One Shot | Relentless Pressure | Long Ball Pass | Footwork Phenom | Pinged Pass | Whipped Pass+ | Cornerstones | Iron Will,Milano FC,Serie A Enilive,false,false,500,500
276278,Petar Sučić,78,CM,CDM,73,71,77,81,64,78,3,4,3,Inventive | Technical | Relentless,0,,0,,14,Intro to Evolutions | Intro to Training Camp EVOs II | Intro to Rewards EVOs | Rising Guard | Passing Prodigy | One Shot | Complete Connection | Relentless Pressure | Long Ball Pass | Footwork Phenom | Pinged Pass | Whipped Pass+ | Cornerstones | Iron Will,Lombardia FC,Serie A Enilive,false,false,500,1000
76334,Pietra Tordin,78,ST,LM | LW,72,72,60,80,44,67,3,3,1,Incisive Pass,0,,0,,15,Intro to Evolutions | Intro to Training Camp EVOs II | Intro to Rewards EVOs | Club Member Reward | Rising Guard | Passing Prodigy | One Shot | Relentless Pressure | Long Ball Pass | Footwork Phenom | Pinged Pass | ST Advanced Forward+ | Whipped Pass+ | Cornerstones | Iron Will,Portland Thorns,NWSL,false,false,500,500
267269,Rachel Hill,78,RM,RW,81,71,76,79,48,64,3,4,0,,0,,0,,13,Intro to Evolutions | Intro to Training Camp EVOs II | Intro to Rewards EVOs | Rising Guard | Passing Prodigy | One Shot | Relentless Pressure | Long Ball Pass | Footwork Phenom | Pinged Pass | Whipped Pass+ | Cornerstones | Iron Will,Rac. Louisville,NWSL,false,false,500,500
228805,Raíllo,78,CB,,35,37,60,61,80,82,2,3,2,Block | Aerial Fortress,0,,0,,13,Intro to Evolutions | Intro to Training Camp EVOs II | Intro to Rewards EVOs | Rising Guard | Passing Prodigy | One Shot | Relentless Pressure | Long Ball Pass | Footwork Phenom | Pinged Pass | Whipped Pass+ | Cornerstones | Iron Will,RCD Mallorca,LALIGA HYPERMOTION,false,false,500,750
247229,Raoul Bellanova,78,RB,RM,85,54,71,75,73,77,3,3,2,Whipped Pass | Rapid,0,,0,,12,Intro to Evolutions | Intro to Training Camp EVOs II | Rising Guard | Passing Prodigy | One Shot | Relentless Pressure | Long Ball Pass | Footwork Phenom | Pinged Pass | Whipped Pass+ | Cornerstones | Iron Will,Bergamo Calcio,Serie A Enilive,false,false,500,500
262880,Raphael Onyedika,78,CDM,CM,73,64,69,72,75,84,2,3,3,Power Shot | Press Proven | Bruiser,0,,0,,14,Intro to Evolutions | Intro to Training Camp EVOs II | Intro to Rewards EVOs | Rising Guard | Passing Prodigy | One Shot | Complete Connection | Relentless Pressure | Long Ball Pass | Footwork Phenom | Pinged Pass | Whipped Pass+ | Cornerstones | Iron Will,Frankfurt,Bundesliga,false,false,500,750
259399,Rasmus Højlund,78,ST,,83,78,65,73,42,79,3,3,3,Low Driven Shot | Rapid | Enforcer,0,,0,,15,Intro to Evolutions | Intro to Training Camp EVOs II | Intro to Rewards EVOs | Club Member Reward | Rising Guard | Passing Prodigy | One Shot | Relentless Pressure | Long Ball Pass | Footwork Phenom | Pinged Pass | ST Advanced Forward+ | Whipped Pass+ | Cornerstones | Iron Will,SSC Napoli,Serie A Enilive,false,false,500,500
204838,Raúl Jiménez,78,ST,,54,79,73,73,46,75,3,3,4,Precision Header | Acrobatic | Gamechanger | Enforcer,0,,0,,13,Intro to Evolutions | Intro to Rewards EVOs | Club Member Reward | Rising Guard | Passing Prodigy | One Shot | Relentless Pressure | Footwork Phenom | Pinged Pass | ST Advanced Forward+ | Whipped Pass+ | Cornerstones | Iron Will,Wolves,EFL Championship,false,false,500,500
71427,Reilyn Turner,78,ST,RM | RW,71,73,60,77,43,68,3,3,0,,0,,0,,15,Intro to Evolutions | Intro to Training Camp EVOs II | Intro to Rewards EVOs | Club Member Reward | Rising Guard | Passing Prodigy | One Shot | Relentless Pressure | Long Ball Pass | Footwork Phenom | Pinged Pass | ST Advanced Forward+ | Whipped Pass+ | Cornerstones | Iron Will,Portland Thorns,NWSL,false,false,500,500
273906,Renato Veiga,78,CB,,78,60,73,72,77,82,2,3,2,Block | Aerial Fortress,0,,0,,13,Intro to Evolutions | Intro to Training Camp EVOs II | Intro to Rewards EVOs | Rising Guard | Passing Prodigy | One Shot | Relentless Pressure | Long Ball Pass | Footwork Phenom | Pinged Pass | Whipped Pass+ | Cornerstones | Iron Will,Villarreal CF,LALIGA EA SPORTS,false,false,1100,750
251223,Ricardo Pepi,78,ST,,71,80,61,73,46,73,3,2,3,Finesse Shot | Precision Header | Gamechanger,0,,0,,15,Intro to Evolutions | Intro to Training Camp EVOs II | Intro to Rewards EVOs | Club Member Reward | Rising Guard | Passing Prodigy | One Shot | Relentless Pressure | Long Ball Pass | Footwork Phenom | Pinged Pass | ST Advanced Forward+ | Whipped Pass+ | Cornerstones | Iron Will,PSV,Eredivisie,false,false,500,250
262881,Richard Ríos,78,CM,CDM | CAM,81,69,76,81,72,85,3,3,5,Block | First Touch | Press Proven | Relentless | Enforcer,0,,0,,12,Intro to Evolutions | Intro to Rewards EVOs | Rising Guard | Cover Athlete | Passing Prodigy | One Shot | Complete Connection | Footwork Phenom | Pinged Pass | Whipped Pass+ | Cornerstones | Iron Will,Al Ittihad,ROSHN Saudi League,false,false,500,750
231943,Richarlison,78,ST,LW | LM,71,78,72,78,53,76,4,4,1,Acrobatic,0,,0,,15,Intro to Evolutions | Intro to Training Camp EVOs II | Intro to Rewards EVOs | Club Member Reward | Rising Guard | Passing Prodigy | One Shot | Relentless Pressure | Long Ball Pass | Footwork Phenom | Pinged Pass | ST Advanced Forward+ | Whipped Pass+ | Cornerstones | Iron Will,Spurs,Premier League,false,true,500,500
245826,Risa Shimizu,78,RB,RM,79,53,71,71,77,54,3,3,1,Intercept,0,,0,,13,Intro to Evolutions | Intro to Training Camp EVOs II | Intro to Rewards EVOs | Rising Guard | Passing Prodigy | One Shot | Relentless Pressure | Long Ball Pass | Footwork Phenom | Pinged Pass | Whipped Pass+ | Cornerstones | Iron Will,Manchester City,Barclays WSL,true,false,500,500
212242,Robert Andrich,78,CB,CDM | CM,57,72,75,67,77,81,2,4,2,Power Shot | Bruiser,0,,0,,14,Intro to Evolutions | Intro to Training Camp EVOs II | Intro to Rewards EVOs | Rising Guard | Passing Prodigy | One Shot | Complete Connection | Relentless Pressure | Long Ball Pass | Footwork Phenom | Pinged Pass | Whipped Pass+ | Cornerstones | Iron Will,Leverkusen,Bundesliga,false,false,500,750
237043,Roberto Alvarado,78,RM,LM | CAM | RW,81,70,78,75,65,68,4,4,2,Incisive Pass | Technical,0,,0,,13,Intro to Evolutions | Intro to Training Camp EVOs II | Intro to Rewards EVOs | Rising Guard | Passing Prodigy | One Shot | Relentless Pressure | Long Ball Pass | Footwork Phenom | Pinged Pass | Whipped Pass+ | Cornerstones | Iron Will,Club Guadalajara,Liga BBVA MX,false,false,500,
223697,Robin Gosens,78,LB,,68,73,72,74,76,75,3,3,0,,0,,0,,13,Intro to Evolutions | Intro to Training Camp EVOs II | Intro to Rewards EVOs | Rising Guard | Passing Prodigy | One Shot | Relentless Pressure | Long Ball Pass | Footwork Phenom | Pinged Pass | Whipped Pass+ | Cornerstones | Iron Will,FC Schalke 04,Bundesliga,false,false,500,500
234171,Roland Sallai,78,RB,RM,80,70,72,76,75,77,4,4,4,Technical | First Touch | Quick Step | Relentless,0,,0,,11,Intro to Evolutions | Intro to Rewards EVOs | Rising Guard | Passing Prodigy | One Shot | Relentless Pressure | Footwork Phenom | Pinged Pass | Whipped Pass+ | Cornerstones | Iron Will,Galatasaray,Trendyol Süper Lig,false,false,500,500
231318,Romain Perraud,78,LB,LM,71,75,78,76,72,72,3,2,1,Power Shot,0,,0,,13,Intro to Evolutions | Intro to Training Camp EVOs II | Intro to Rewards EVOs | Rising Guard | Passing Prodigy | One Shot | Relentless Pressure | Long Ball Pass | Footwork Phenom | Pinged Pass | Whipped Pass+ | Cornerstones | Iron Will,LOSC Lille,Ligue 1 McDonald's,false,false,500,1000
239701,Romano Schmid,78,CAM,LM | CM | LW,81,66,78,83,56,58,3,3,2,Incisive Pass | Tiki Taka,0,,0,,14,Intro to Evolutions | Intro to Training Camp EVOs II | Intro to Rewards EVOs | Rising Guard | Passing Prodigy | One Shot | Complete Connection | Relentless Pressure | Long Ball Pass | Footwork Phenom | Pinged Pass | Whipped Pass+ | Cornerstones | Iron Will,Frosinone,Serie A Enilive,false,false,500,500
263620,Roméo Lavia,78,CDM,CM,66,52,74,78,77,72,3,3,1,Pinged Pass,0,,0,,14,Intro to Evolutions | Intro to Training Camp EVOs II | Intro to Rewards EVOs | Rising Guard | Passing Prodigy | One Shot | Complete Connection | Relentless Pressure | Long Ball Pass | Footwork Phenom | Pinged Pass | Whipped Pass+ | Cornerstones | Iron Will,Chelsea,Premier League,false,true,500,500
73398,Rômulo,78,ST,CAM,72,78,69,77,37,81,3,3,5,Low Driven Shot | Gamechanger | First Touch | Press Proven | Enforcer,0,,0,,13,Intro to Evolutions | Intro to Rewards EVOs | Club Member Reward | Rising Guard | Cover Athlete | Passing Prodigy | One Shot | Footwork Phenom | Pinged Pass | ST Advanced Forward+ | Whipped Pass+ | Cornerstones | Iron Will,RB Leipzig,Bundesliga,false,false,500,500
238581,Rubén Vargas,78,LW,CAM | RW | LM,87,72,73,80,56,67,4,4,2,Technical | Quick Step,0,,0,,12,Intro to Evolutions | Intro to Training Camp EVOs II | Rising Guard | Passing Prodigy | One Shot | Relentless Pressure | Long Ball Pass | Footwork Phenom | Pinged Pass | Whipped Pass+ | Cornerstones | Iron Will,Sevilla FC,LALIGA EA SPORTS,false,false,500,500
213884,Ryan Christie,78,CDM,CM,66,71,76,77,73,74,3,4,0,,0,,0,,14,Intro to Evolutions | Intro to Training Camp EVOs II | Intro to Rewards EVOs | Rising Guard | Passing Prodigy | One Shot | Complete Connection | Relentless Pressure | Long Ball Pass | Footwork Phenom | Pinged Pass | Whipped Pass+ | Cornerstones | Iron Will,AFC Bournemouth,Premier League,false,true,500,500
262394,Sam Beukema,78,CB,,41,55,64,65,80,77,2,3,2,Long Ball Pass | Aerial Fortress,0,,0,,13,Intro to Evolutions | Intro to Training Camp EVOs II | Intro to Rewards EVOs | Rising Guard | Passing Prodigy | One Shot | Relentless Pressure | Long Ball Pass | Footwork Phenom | Pinged Pass | Whipped Pass+ | Cornerstones | Iron Will,SSC Napoli,Serie A Enilive,false,false,500,500
267203,Sam Hiatt,78,CB,,64,39,61,64,79,76,2,2,0,,0,,0,,13,Intro to Evolutions | Intro to Training Camp EVOs II | Intro to Rewards EVOs | Rising Guard | Passing Prodigy | One Shot | Relentless Pressure | Long Ball Pass | Footwork Phenom | Pinged Pass | Whipped Pass+ | Cornerstones | Iron Will,Portland Thorns,NWSL,false,false,500,500
270997,Samson Baidoo,78,CB,,74,26,54,65,77,79,2,3,2,Long Ball Pass | Aerial Fortress,0,,0,,13,Intro to Evolutions | Intro to Training Camp EVOs II | Intro to Rewards EVOs | Rising Guard | Passing Prodigy | One Shot | Relentless Pressure | Long Ball Pass | Footwork Phenom | Pinged Pass | Whipped Pass+ | Cornerstones | Iron Will,RC Lens,Ligue 1 McDonald's,false,false,500,500
255566,Samú Costa,78,CDM,CM,63,66,69,70,77,80,2,2,2,Aerial Fortress | Press Proven,0,,0,,14,Intro to Evolutions | Intro to Training Camp EVOs II | Intro to Rewards EVOs | Rising Guard | Passing Prodigy | One Shot | Complete Connection | Relentless Pressure | Long Ball Pass | Footwork Phenom | Pinged Pass | Whipped Pass+ | Cornerstones | Iron Will,Al Nassr,ROSHN Saudi League,false,false,500,500
246172,Samuel Chukwueze,78,RM,LM | RW | LW,87,73,73,82,36,57,4,2,3,Finesse Shot | Rapid | Quick Step,0,,0,,12,Intro to Evolutions | Intro to Training Camp EVOs II | Rising Guard | Passing Prodigy | One Shot | Relentless Pressure | Long Ball Pass | Footwork Phenom | Pinged Pass | Whipped Pass+ | Cornerstones | Iron Will,Milano FC,Serie A Enilive,false,false,500,10000
253473,Samuele Ricci,78,CM,CDM,75,62,74,80,74,72,3,3,0,,0,,0,,14,Intro to Evolutions | Intro to Training Camp EVOs II | Intro to Rewards EVOs | Rising Guard | Passing Prodigy | One Shot | Complete Connection | Relentless Pressure | Long Ball Pass | Footwork Phenom | Pinged Pass | Whipped Pass+ | Cornerstones | Iron Will,Como,Serie A Enilive,false,false,500,500
276493,Santiago Mouriño,78,RB,CB,78,41,65,73,79,82,2,3,0,,0,,0,,13,Intro to Evolutions | Intro to Training Camp EVOs II | Intro to Rewards EVOs | Rising Guard | Passing Prodigy | One Shot | Relentless Pressure | Long Ball Pass | Footwork Phenom | Pinged Pass | Whipped Pass+ | Cornerstones | Iron Will,Villarreal CF,LALIGA EA SPORTS,false,false,500,1500
265023,Sara Agrež,78,CB,LB | CDM,76,48,68,65,78,80,2,3,0,,0,,0,,13,Intro to Evolutions | Intro to Training Camp EVOs II | Intro to Rewards EVOs | Rising Guard | Passing Prodigy | One Shot | Relentless Pressure | Long Ball Pass | Footwork Phenom | Pinged Pass | Whipped Pass+ | Cornerstones | Iron Will,Liverpool,Barclays WSL,true,false,500,500
265854,Sarah Puntigam,78,CDM,CM,36,60,72,74,74,83,3,3,1,Relentless,0,,0,,14,Intro to Evolutions | Intro to Training Camp EVOs II | Intro to Rewards EVOs | Rising Guard | Passing Prodigy | One Shot | Complete Connection | Relentless Pressure | Long Ball Pass | Footwork Phenom | Pinged Pass | Whipped Pass+ | Cornerstones | Iron Will,Houston Dash,NWSL,false,false,500,500
236699,Saša Lukić,78,CDM,CM,75,65,76,73,75,79,2,3,0,,0,,0,,14,Intro to Evolutions | Intro to Training Camp EVOs II | Intro to Rewards EVOs | Rising Guard | Passing Prodigy | One Shot | Complete Connection | Relentless Pressure | Long Ball Pass | Footwork Phenom | Pinged Pass | Whipped Pass+ | Cornerstones | Iron Will,Ipswich,Premier League,false,true,500,500
207993,Sead Kolašinac,78,CB,,65,62,68,69,78,80,2,2,0,,0,,0,,13,Intro to Evolutions | Intro to Training Camp EVOs II | Intro to Rewards EVOs | Rising Guard | Passing Prodigy | One Shot | Relentless Pressure | Long Ball Pass | Footwork Phenom | Pinged Pass | Whipped Pass+ | Cornerstones | Iron Will,Bergamo Calcio,Serie A Enilive,false,false,500,500
197655,Sebastián Coates,78,CB,,54,49,49,61,82,79,2,3,3,Long Ball Pass | Slide Tackle | Aerial Fortress,0,,0,,13,Intro to Evolutions | Intro to Training Camp EVOs II | Intro to Rewards EVOs | Rising Guard | Passing Prodigy | One Shot | Relentless Pressure | Long Ball Pass | Footwork Phenom | Pinged Pass | Whipped Pass+ | Cornerstones | Iron Will,Nacional,Libertadores,false,false,500,750
265052,Selina Ostermeier,78,CB,,75,50,62,66,78,77,2,3,3,Long Ball Pass | Intercept | Aerial Fortress,0,,0,,13,Intro to Evolutions | Intro to Training Camp EVOs II | Intro to Rewards EVOs | Rising Guard | Passing Prodigy | One Shot | Relentless Pressure | Long Ball Pass | Footwork Phenom | Pinged Pass | Whipped Pass+ | Cornerstones | Iron Will,Leverkusen,GPFBL,false,false,500,500
242453,Sepp van den Berg,78,CB,,72,38,64,67,79,76,2,3,2,Block | Aerial Fortress,0,,0,,13,Intro to Evolutions | Intro to Training Camp EVOs II | Intro to Rewards EVOs | Rising Guard | Passing Prodigy | One Shot | Relentless Pressure | Long Ball Pass | Footwork Phenom | Pinged Pass | Whipped Pass+ | Cornerstones | Iron Will,Brentford,Premier League,false,true,500,500
202648,Sergi Darder,78,CM,CAM | LM | CDM,69,72,80,79,69,73,3,2,5,Dead Ball | Incisive Pass | Pinged Pass | Long Ball Pass | Press Proven,0,,0,,11,Intro to Evolutions | Intro to Rewards EVOs | Rising Guard | Passing Prodigy | One Shot | Complete Connection | Footwork Phenom | Pinged Pass | Whipped Pass+ | Cornerstones | Iron Will,RCD Mallorca,LALIGA HYPERMOTION,false,false,500,750
190286,Sergio Canales,78,RM,CAM | LM | RW,77,76,80,77,63,70,4,3,3,Finesse Shot | Dead Ball | Incisive Pass,0,,0,,13,Intro to Evolutions | Intro to Training Camp EVOs II | Intro to Rewards EVOs | Rising Guard | Passing Prodigy | One Shot | Relentless Pressure | Long Ball Pass | Footwork Phenom | Pinged Pass | Whipped Pass+ | Cornerstones | Iron Will,R. Racing Club,LALIGA EA SPORTS,false,false,500,
241811,Sergio Gómez,78,LB,LM | CM,79,75,79,81,71,67,4,3,3,Dead Ball | Whipped Pass | Long Throw,0,,0,,14,Intro to Evolutions | Intro to Training Camp EVOs II | Intro to Rewards EVOs | Rising Guard | Passing Prodigy | One Shot | Complete Connection | Relentless Pressure | Long Ball Pass | Footwork Phenom | Pinged Pass | Whipped Pass+ | Cornerstones | Iron Will,Real Sociedad,LALIGA EA SPORTS,false,false,500,750
264950,Shekiera Martinez,78,ST,CAM,83,76,69,80,44,73,3,3,2,Technical | Quick Step,0,,0,,16,Intro to Evolutions | Intro to Training Camp EVOs II | Intro to Rewards EVOs | Club Member Reward | Rising Guard | Cover Athlete | Passing Prodigy | One Shot | Relentless Pressure | Long Ball Pass | Footwork Phenom | Pinged Pass | ST Advanced Forward+ | Whipped Pass+ | Cornerstones | Iron Will,Spurs,Barclays WSL,false,false,500,500
272111,Sonia Majarín,78,CB,LB | CDM | CM,73,52,69,65,77,78,2,3,2,Long Ball Pass | Intercept,0,,0,,14,Intro to Evolutions | Intro to Training Camp EVOs II | Intro to Rewards EVOs | Rising Guard | Passing Prodigy | One Shot | Complete Connection | Relentless Pressure | Long Ball Pass | Footwork Phenom | Pinged Pass | Whipped Pass+ | Cornerstones | Iron Will,Badalona Women,Liga F Moeve,false,false,500,1000
265903,Sonia Ouchene,78,CM,CAM | LM | LW,83,68,76,79,62,71,3,3,3,Finesse Shot | Dead Ball | Technical,0,,0,,14,Intro to Evolutions | Intro to Training Camp EVOs II | Intro to Rewards EVOs | Rising Guard | Passing Prodigy | One Shot | Complete Connection | Relentless Pressure | Long Ball Pass | Footwork Phenom | Pinged Pass | Whipped Pass+ | Cornerstones | Iron Will,Marseille,Arkema PL,false,false,500,500
78888,Sonya Keefe,78,ST,,71,79,55,77,19,67,3,3,0,,0,,0,,15,Intro to Evolutions | Intro to Training Camp EVOs II | Intro to Rewards EVOs | Club Member Reward | Rising Guard | Passing Prodigy | One Shot | Relentless Pressure | Long Ball Pass | Footwork Phenom | Pinged Pass | ST Advanced Forward+ | Whipped Pass+ | Cornerstones | Iron Will,Real Sociedad,Liga F Moeve,false,false,500,
227405,Sophie Schmidt,78,CDM,CM,39,74,74,77,76,73,3,4,2,Anticipate | Enforcer,0,,0,,14,Intro to Evolutions | Intro to Training Camp EVOs II | Intro to Rewards EVOs | Rising Guard | Passing Prodigy | One Shot | Complete Connection | Relentless Pressure | Long Ball Pass | Footwork Phenom | Pinged Pass | Whipped Pass+ | Cornerstones | Iron Will,Houston Dash,NWSL,false,false,500,500
264348,Soufiane Rahimi,78,ST,LW | RW | LM,87,78,71,79,38,68,4,4,2,Rapid | Quick Step,0,,0,,14,Intro to Evolutions | Intro to Training Camp EVOs II | Club Member Reward | Rising Guard | Passing Prodigy | One Shot | Relentless Pressure | Long Ball Pass | Footwork Phenom | Pinged Pass | ST Advanced Forward+ | Whipped Pass+ | Cornerstones | Iron Will,Al Ain FC,United Emirates League,false,false,500,500
254840,Strahinja Pavlović,78,CB,,72,50,60,70,76,86,2,3,2,Jockey | Aerial Fortress,0,,0,,13,Intro to Evolutions | Intro to Training Camp EVOs II | Intro to Rewards EVOs | Rising Guard | Passing Prodigy | One Shot | Relentless Pressure | Long Ball Pass | Footwork Phenom | Pinged Pass | Whipped Pass+ | Cornerstones | Iron Will,Milano FC,Serie A Enilive,false,false,500,500
227369,Synne Jensen,78,ST,RW | LM | CAM,79,80,73,79,30,73,3,5,2,Low Driven Shot | Aerial Fortress,0,,0,,15,Intro to Evolutions | Intro to Training Camp EVOs II | Intro to Rewards EVOs | Club Member Reward | Rising Guard | Passing Prodigy | One Shot | Relentless Pressure | Long Ball Pass | Footwork Phenom | Pinged Pass | ST Advanced Forward+ | Whipped Pass+ | Cornerstones | Iron Will,Atlético de Madrid,Liga F Moeve,false,false,500,500
264954,Tanja Pawollek,78,CDM,CM,47,70,73,74,75,79,3,4,3,Long Ball Pass | Press Proven | Relentless,0,,0,,14,Intro to Evolutions | Intro to Training Camp EVOs II | Intro to Rewards EVOs | Rising Guard | Passing Prodigy | One Shot | Complete Connection | Relentless Pressure | Long Ball Pass | Footwork Phenom | Pinged Pass | Whipped Pass+ | Cornerstones | Iron Will,Union Berlin,GPFBL,false,false,500,500
274753,Tarciane,78,CB,RB | CDM,72,39,65,61,76,84,2,2,0,,0,,0,,13,Intro to Evolutions | Intro to Training Camp EVOs II | Intro to Rewards EVOs | Rising Guard | Passing Prodigy | One Shot | Relentless Pressure | Long Ball Pass | Footwork Phenom | Pinged Pass | Whipped Pass+ | Cornerstones | Iron Will,OL Lyonnes,Arkema PL,false,false,500,250
261478,Tasos Douvikas,78,ST,,77,78,67,76,37,70,3,4,1,First Touch,0,,0,,15,Intro to Evolutions | Intro to Training Camp EVOs II | Intro to Rewards EVOs | Club Member Reward | Rising Guard | Passing Prodigy | One Shot | Relentless Pressure | Long Ball Pass | Footwork Phenom | Pinged Pass | ST Advanced Forward+ | Whipped Pass+ | Cornerstones | Iron Will,Como,Serie A Enilive,false,false,500,750
267272,Tatumn Milazzo,78,LB,CB,66,42,69,70,79,82,2,4,1,Bruiser,0,,0,,13,Intro to Evolutions | Intro to Training Camp EVOs II | Intro to Rewards EVOs | Rising Guard | Passing Prodigy | One Shot | Relentless Pressure | Long Ball Pass | Footwork Phenom | Pinged Pass | Whipped Pass+ | Cornerstones | Iron Will,Utah Royals FC,NWSL,false,false,500,500
240679,Teun Koopmeiners,78,CAM,CDM | CB | CM,66,74,82,77,74,71,3,2,0,,0,,0,,14,Intro to Evolutions | Intro to Training Camp EVOs II | Intro to Rewards EVOs | Rising Guard | Passing Prodigy | One Shot | Complete Connection | Relentless Pressure | Long Ball Pass | Footwork Phenom | Pinged Pass | Whipped Pass+ | Cornerstones | Iron Will,Juventus,Serie A Enilive,false,false,500,500
245371,Thiago Almada,78,CAM,LM | RM | CM,79,75,78,81,53,58,4,4,3,Finesse Shot | Incisive Pass | First Touch,0,,0,,14,Intro to Evolutions | Intro to Training Camp EVOs II | Intro to Rewards EVOs | Rising Guard | Passing Prodigy | One Shot | Complete Connection | Relentless Pressure | Long Ball Pass | Footwork Phenom | Pinged Pass | Whipped Pass+ | Cornerstones | Iron Will,River Plate,LPF,false,false,500,750
277866,Thiniba Samoura,78,CB,RB | CM,61,32,59,69,79,74,3,3,0,,0,,0,,14,Intro to Evolutions | Intro to Training Camp EVOs II | Intro to Rewards EVOs | Rising Guard | Passing Prodigy | One Shot | Complete Connection | Relentless Pressure | Long Ball Pass | Footwork Phenom | Pinged Pass | Whipped Pass+ | Cornerstones | Iron Will,Paris SG,Arkema PL,true,false,500,500
202371,Thomas Meunier,78,RB,RM,59,74,73,71,78,82,3,4,0,,0,,0,,13,Intro to Evolutions | Intro to Training Camp EVOs II | Intro to Rewards EVOs | Rising Guard | Passing Prodigy | One Shot | Relentless Pressure | Long Ball Pass | Footwork Phenom | Pinged Pass | Whipped Pass+ | Cornerstones | Iron Will,Sunderland,Premier League,false,true,500,500
241496,Timothy Weah,78,RM,RB,87,75,72,77,68,67,3,3,3,Finesse Shot | Rapid | Quick Step,0,,0,,12,Intro to Evolutions | Intro to Training Camp EVOs II | Rising Guard | Passing Prodigy | One Shot | Relentless Pressure | Long Ball Pass | Footwork Phenom | Pinged Pass | Whipped Pass+ | Cornerstones | Iron Will,OM,Ligue 1 McDonald's,false,false,500,500
79410,Tōko Koga,78,CB,,60,34,58,66,81,72,2,3,0,,0,,0,,13,Intro to Evolutions | Intro to Training Camp EVOs II | Intro to Rewards EVOs | Rising Guard | Passing Prodigy | One Shot | Relentless Pressure | Long Ball Pass | Footwork Phenom | Pinged Pass | Whipped Pass+ | Cornerstones | Iron Will,Spurs,Barclays WSL,false,false,500,250
266096,Tomás Araújo,78,CB,RB,82,30,69,72,77,79,3,2,2,Long Ball Pass | Jockey,0,,0,,13,Intro to Evolutions | Intro to Training Camp EVOs II | Intro to Rewards EVOs | Rising Guard | Passing Prodigy | One Shot | Relentless Pressure | Long Ball Pass | Footwork Phenom | Pinged Pass | Whipped Pass+ | Cornerstones | Iron Will,SL Benfica,Liga Portugal,false,false,500,750
234826,Toni Martínez,78,ST,,75,80,62,72,31,79,3,3,2,Finesse Shot | Enforcer,0,,0,,15,Intro to Evolutions | Intro to Training Camp EVOs II | Intro to Rewards EVOs | Club Member Reward | Rising Guard | Passing Prodigy | One Shot | Relentless Pressure | Long Ball Pass | Footwork Phenom | Pinged Pass | ST Advanced Forward+ | Whipped Pass+ | Cornerstones | Iron Will,D. Alavés,LALIGA EA SPORTS,false,false,500,1500
266400,Trai Hume,78,RB,LB | RM,75,52,67,70,76,76,2,3,3,Intercept | Slide Tackle | Aerial Fortress,0,,0,,13,Intro to Evolutions | Intro to Training Camp EVOs II | Intro to Rewards EVOs | Rising Guard | Passing Prodigy | One Shot | Relentless Pressure | Long Ball Pass | Footwork Phenom | Pinged Pass | Whipped Pass+ | Cornerstones | Iron Will,Sunderland,Premier League,false,true,500,2500
245902,Troy Parrott,78,ST,CAM,74,78,66,77,45,74,3,4,3,Finesse Shot | Precision Header | Low Driven Shot,0,,0,,16,Intro to Evolutions | Intro to Training Camp EVOs II | Intro to Rewards EVOs | Club Member Reward | Rising Guard | Cover Athlete | Passing Prodigy | One Shot | Relentless Pressure | Long Ball Pass | Footwork Phenom | Pinged Pass | ST Advanced Forward+ | Whipped Pass+ | Cornerstones | Iron Will,Real Betis,LALIGA EA SPORTS,false,false,500,2000
246826,Tsuyoshi Watanabe,78,CB,,74,39,53,61,79,78,2,3,5,Precision Header | Long Ball Pass | Jockey | Block | Aerial Fortress,0,,0,,10,Intro to Evolutions | Intro to Rewards EVOs | Rising Guard | Passing Prodigy | One Shot | Footwork Phenom | Pinged Pass | Whipped Pass+ | Cornerstones | Iron Will,Feyenoord,Eredivisie,false,false,500,500
234730,Valentin Rosier,78,RB,RM | RW,80,60,72,77,75,76,3,2,3,Jockey | Intercept | Slide Tackle,0,,0,,13,Intro to Evolutions | Intro to Training Camp EVOs II | Intro to Rewards EVOs | Rising Guard | Passing Prodigy | One Shot | Relentless Pressure | Long Ball Pass | Footwork Phenom | Pinged Pass | Whipped Pass+ | Cornerstones | Iron Will,CA Osasuna,LALIGA EA SPORTS,false,false,500,500
246786,Valentina Bergamaschi,78,LM,LB | LW,84,71,75,75,74,78,3,3,3,Power Shot | Pinged Pass | Rapid,0,,0,,13,Intro to Evolutions | Intro to Training Camp EVOs II | Intro to Rewards EVOs | Rising Guard | Passing Prodigy | One Shot | Relentless Pressure | Long Ball Pass | Footwork Phenom | Pinged Pass | Whipped Pass+ | Cornerstones | Iron Will,Roma,Calcio A Femminile,false,false,500,500
227201,Vicky Losada,78,CM,CDM | CB,61,72,76,78,66,68,3,3,1,Dead Ball,0,,0,,14,Intro to Evolutions | Intro to Training Camp EVOs II | Intro to Rewards EVOs | Rising Guard | Passing Prodigy | One Shot | Complete Connection | Relentless Pressure | Long Ball Pass | Footwork Phenom | Pinged Pass | Whipped Pass+ | Cornerstones | Iron Will,Badalona Women,Liga F Moeve,false,false,500,
245597,Víctor Gómez,78,RB,RM | RW,83,51,75,78,72,75,3,4,4,Whipped Pass | Block | Anticipate | Relentless,0,,0,,11,Intro to Evolutions | Intro to Rewards EVOs | Rising Guard | Passing Prodigy | One Shot | Relentless Pressure | Footwork Phenom | Pinged Pass | Whipped Pass+ | Cornerstones | Iron Will,SC Braga,Liga Portugal,false,false,500,750
244369,Viktor Tsygankov,78,RW,RM | ST,78,77,77,78,43,61,4,4,2,Dead Ball | Technical,0,,0,,15,Intro to Evolutions | Intro to Training Camp EVOs II | Intro to Rewards EVOs | Club Member Reward | Rising Guard | Passing Prodigy | One Shot | Relentless Pressure | Long Ball Pass | Footwork Phenom | Pinged Pass | ST Advanced Forward+ | Whipped Pass+ | Cornerstones | Iron Will,Ajax,Eredivisie,false,false,500,500
235167,Vitaly Janelt,78,CDM,CM,53,70,74,73,76,76,3,3,1,Anticipate,0,,0,,14,Intro to Evolutions | Intro to Training Camp EVOs II | Intro to Rewards EVOs | Rising Guard | Passing Prodigy | One Shot | Complete Connection | Relentless Pressure | Long Ball Pass | Footwork Phenom | Pinged Pass | Whipped Pass+ | Cornerstones | Iron Will,Brentford,Premier League,false,true,500,500
215223,Walter Benítez,78,GK,,78,77,72,79,40,78,1,2,0,,0,,0,,8,Intro to Training Camp EVOs I | Intro to Training Camp EVOs II | The Debut | Relentless Pressure | Long Ball Pass | Pinged Pass | Whipped Pass+ | Cornerstones,Crystal Palace,Premier League,false,true,750,750
270579,Wilson Odobert,78,LM,LW | RM | RW,86,73,72,80,30,51,3,4,1,Technical,0,,0,,12,Intro to Evolutions | Intro to Training Camp EVOs II | Rising Guard | Passing Prodigy | One Shot | Relentless Pressure | Long Ball Pass | Footwork Phenom | Pinged Pass | Whipped Pass+ | Cornerstones | Iron Will,Spurs,Premier League,false,true,500,500
244050,Wouter Burger,78,CM,CDM,71,68,77,75,76,83,3,4,2,Slide Tackle | Relentless,0,,0,,14,Intro to Evolutions | Intro to Training Camp EVOs II | Intro to Rewards EVOs | Rising Guard | Passing Prodigy | One Shot | Complete Connection | Relentless Pressure | Long Ball Pass | Footwork Phenom | Pinged Pass | Whipped Pass+ | Cornerstones | Iron Will,TSG Hoffenheim,Bundesliga,false,false,500,1000
234060,Yangel Herrera,78,CM,CDM,68,75,75,77,78,80,3,3,1,Precision Header,0,,0,,14,Intro to Evolutions | Intro to Training Camp EVOs II | Intro to Rewards EVOs | Rising Guard | Passing Prodigy | One Shot | Complete Connection | Relentless Pressure | Long Ball Pass | Footwork Phenom | Pinged Pass | Whipped Pass+ | Cornerstones | Iron Will,Real Sociedad,LALIGA EA SPORTS,false,false,500,10000
270608,Yehor Yarmoliuk,78,CDM,CM,66,65,75,76,74,73,3,3,0,,0,,0,,14,Intro to Evolutions | Intro to Training Camp EVOs II | Intro to Rewards EVOs | Rising Guard | Passing Prodigy | One Shot | Complete Connection | Relentless Pressure | Long Ball Pass | Footwork Phenom | Pinged Pass | Whipped Pass+ | Cornerstones | Iron Will,Brentford,Premier League,false,true,500,750
259565,Yoan Bonny,78,ST,,87,76,73,78,33,75,4,3,2,First Touch | Enforcer,0,,0,,14,Intro to Evolutions | Intro to Training Camp EVOs II | Club Member Reward | Rising Guard | Passing Prodigy | One Shot | Relentless Pressure | Long Ball Pass | Footwork Phenom | Pinged Pass | ST Advanced Forward+ | Whipped Pass+ | Cornerstones | Iron Will,Lombardia FC,Serie A Enilive,false,false,500,500
264220,Youri Baas,78,CB,LB | CM,73,41,72,74,79,73,2,2,2,Pinged Pass | Intercept,0,,0,,14,Intro to Evolutions | Intro to Training Camp EVOs II | Intro to Rewards EVOs | Rising Guard | Passing Prodigy | One Shot | Complete Connection | Relentless Pressure | Long Ball Pass | Footwork Phenom | Pinged Pass | Whipped Pass+ | Cornerstones | Iron Will,Ajax,Eredivisie,false,false,500,500
275353,Zakaria El Ouahdi,78,RB,RM | CM | RW,82,66,71,78,69,72,3,3,4,Low Driven Shot | Technical | Quick Step | Relentless,0,,0,,12,Intro to Evolutions | Intro to Rewards EVOs | Rising Guard | Passing Prodigy | One Shot | Complete Connection | Relentless Pressure | Footwork Phenom | Pinged Pass | Whipped Pass+ | Cornerstones | Iron Will,Hamburger SV,Bundesliga,false,false,500,250
254262,Zeno Debast,78,CB,CDM | CM,70,56,76,74,78,77,3,4,3,Incisive Pass | Pinged Pass | Long Ball Pass,0,,0,,14,Intro to Evolutions | Intro to Training Camp EVOs II | Intro to Rewards EVOs | Rising Guard | Passing Prodigy | One Shot | Complete Connection | Relentless Pressure | Long Ball Pass | Footwork Phenom | Pinged Pass | Whipped Pass+ | Cornerstones | Iron Will,Sporting CP,Liga Portugal,false,false,500,500
205214,Zlatko Tripić,78,RM,LM | RW | LW,84,76,74,76,57,83,3,4,5,Power Shot | Dead Ball | Whipped Pass | Rapid | Long Throw,0,,0,,10,Intro to Evolutions | Intro to Rewards EVOs | Rising Guard | Passing Prodigy | One Shot | Footwork Phenom | Pinged Pass | Whipped Pass+ | Cornerstones | Iron Will,Viking FK,Eliteserien,false,false,500,250
233934,Aaron Ramsdale,77,GK,,77,76,80,79,54,74,1,3,2,Cross Claimer | Deflector,0,,0,,8,Intro to Training Camp EVOs I | Intro to Training Camp EVOs II | The Debut | Relentless Pressure | Long Ball Pass | Pinged Pass | Whipped Pass+ | Cornerstones,Southampton,EFL Championship,false,false,500,1000
235662,Abdul Mumin,77,CB,,76,56,61,69,77,76,3,4,0,,0,,0,,13,Intro to Evolutions | Intro to Training Camp EVOs II | Intro to Rewards EVOs | Rising Guard | Passing Prodigy | One Shot | Relentless Pressure | Long Ball Pass | Footwork Phenom | Pinged Pass | Whipped Pass+ | Cornerstones | Iron Will,Girona FC,LALIGA HYPERMOTION,false,false,500,500
253242,Adrián Martínez,77,ST,,61,78,59,72,42,84,4,3,5,Chip Shot | Precision Header | Acrobatic | Low Driven Shot | Enforcer,0,,0,,12,Intro to Evolutions | Intro to Rewards EVOs | Club Member Reward | Rising Guard | Passing Prodigy | One Shot | Footwork Phenom | Pinged Pass | ST Advanced Forward+ | Whipped Pass+ | Cornerstones | Iron Will,Racing Club,LPF,false,false,500,500
227397,Adriana Leon,77,ST,LM,80,78,69,80,36,50,4,3,2,Finesse Shot | Low Driven Shot,0,,0,,15,Intro to Evolutions | Intro to Training Camp EVOs II | Intro to Rewards EVOs | Club Member Reward | Rising Guard | Passing Prodigy | One Shot | Relentless Pressure | Long Ball Pass | Footwork Phenom | Pinged Pass | ST Advanced Forward+ | Whipped Pass+ | Cornerstones | Iron Will,San Diego Wave,NWSL,false,false,500,500
225782,Ainsley Maitland-Niles,77,RB,RM | CM | RW,79,65,74,76,72,74,3,3,1,Rapid,0,,0,,14,Intro to Evolutions | Intro to Training Camp EVOs II | Intro to Rewards EVOs | Rising Guard | Passing Prodigy | One Shot | Complete Connection | Relentless Pressure | Long Ball Pass | Footwork Phenom | Pinged Pass | Whipped Pass+ | Cornerstones | Iron Will,Everton,Premier League,false,true,500,500
193314,Aitor Fernández,77,GK,,77,74,68,80,56,76,1,2,0,,0,,0,,8,Intro to Training Camp EVOs I | Intro to Training Camp EVOs II | The Debut | Relentless Pressure | Long Ball Pass | Pinged Pass | Whipped Pass+ | Cornerstones,CA Osasuna,LALIGA EA SPORTS,false,false,500,750
241867,Aitor Ruibal,77,RM,RB | LM | LB,80,76,73,75,69,70,3,3,2,Anticipate | Quick Step,0,,0,,13,Intro to Evolutions | Intro to Training Camp EVOs II | Intro to Rewards EVOs | Rising Guard | Passing Prodigy | One Shot | Relentless Pressure | Long Ball Pass | Footwork Phenom | Pinged Pass | Whipped Pass+ | Cornerstones | Iron Will,Real Betis,LALIGA EA SPORTS,false,false,500,750
272350,Alan Lescano,77,CM,RW | CAM | RM,71,72,74,78,66,75,4,3,2,Dead Ball | Tiki Taka,0,,0,,14,Intro to Evolutions | Intro to Training Camp EVOs II | Intro to Rewards EVOs | Rising Guard | Passing Prodigy | One Shot | Complete Connection | Relentless Pressure | Long Ball Pass | Footwork Phenom | Pinged Pass | Whipped Pass+ | Cornerstones | Iron Will,Vasco da Gama,Sudamericana,false,false,500,500
264011,Alana Cook,77,CB,,36,44,62,60,80,75,2,3,1,Bruiser,0,,0,,13,Intro to Evolutions | Intro to Training Camp EVOs II | Intro to Rewards EVOs | Rising Guard | Passing Prodigy | One Shot | Relentless Pressure | Long Ball Pass | Footwork Phenom | Pinged Pass | Whipped Pass+ | Cornerstones | Iron Will,KC Current,NWSL,false,false,500,500
206467,Alassane Pléa,77,ST,CAM | LW | LM,73,78,80,79,38,69,4,3,6,Finesse Shot | Precision Header | Incisive Pass | Inventive | Technical | First Touch,0,,0,,11,Intro to Evolutions | Intro to Rewards EVOs | Club Member Reward | Rising Guard | Passing Prodigy | One Shot | Footwork Phenom | ST Advanced Forward+ | Whipped Pass+ | Cornerstones | Iron Will,PSV,Eredivisie,false,false,500,500
238004,Albert Guðmundsson,77,ST,LW | CAM | LM,86,77,71,81,37,68,3,4,0,,0,,0,,14,Intro to Evolutions | Intro to Training Camp EVOs II | Club Member Reward | Rising Guard | Passing Prodigy | One Shot | Relentless Pressure | Long Ball Pass | Footwork Phenom | Pinged Pass | ST Advanced Forward+ | Whipped Pass+ | Cornerstones | Iron Will,Latium,Serie A Enilive,false,false,500,750
241928,Albert Sambi Lokonga,77,CM,CDM,67,67,75,77,70,72,3,3,0,,0,,0,,14,Intro to Evolutions | Intro to Training Camp EVOs II | Intro to Rewards EVOs | Rising Guard | Passing Prodigy | One Shot | Complete Connection | Relentless Pressure | Long Ball Pass | Footwork Phenom | Pinged Pass | Whipped Pass+ | Cornerstones | Iron Will,Hamburger SV,Bundesliga,false,false,500,500
268438,Alejandro Garnacho,77,LM,LW,86,77,72,79,37,53,3,4,4,Finesse Shot | Acrobatic | Technical | Quick Step,0,,0,,10,Intro to Evolutions | Rising Guard | Passing Prodigy | One Shot | Relentless Pressure | Footwork Phenom | Pinged Pass | Whipped Pass+ | Cornerstones | Iron Will,Aston Villa,Premier League,false,true,500,10000
236477,Alexis Claude-Maurice,77,CAM,ST,75,73,73,82,68,66,4,3,2,Technical | First Touch,0,,0,,16,Intro to Evolutions | Intro to Training Camp EVOs II | Intro to Rewards EVOs | Club Member Reward | Rising Guard | Cover Athlete | Passing Prodigy | One Shot | Relentless Pressure | Long Ball Pass | Footwork Phenom | Pinged Pass | ST Advanced Forward+ | Whipped Pass+ | Cornerstones | Iron Will,FC Augsburg,Bundesliga,false,false,500,500
233260,Alexis Vega,77,LW,ST | LM | CAM,76,77,75,78,32,72,4,3,2,Finesse Shot | Technical,0,,0,,15,Intro to Evolutions | Intro to Training Camp EVOs II | Intro to Rewards EVOs | Club Member Reward | Rising Guard | Passing Prodigy | One Shot | Relentless Pressure | Long Ball Pass | Footwork Phenom | Pinged Pass | ST Advanced Forward+ | Whipped Pass+ | Cornerstones | Iron Will,Toluca FC,Liga BBVA MX,false,false,500,
276471,Altimira,77,CDM,CM,69,65,71,73,76,77,3,3,0,,0,,0,,14,Intro to Evolutions | Intro to Training Camp EVOs II | Intro to Rewards EVOs | Rising Guard | Passing Prodigy | One Shot | Complete Connection | Relentless Pressure | Long Ball Pass | Footwork Phenom | Pinged Pass | Whipped Pass+ | Cornerstones | Iron Will,Sporting CP,Liga Portugal,false,false,500,750
246657,Álvaro Valles,77,GK,,77,76,77,79,41,77,1,4,3,Far Throw | Footwork | Cross Claimer,0,,0,,8,Intro to Training Camp EVOs I | Intro to Training Camp EVOs II | The Debut | Relentless Pressure | Long Ball Pass | Pinged Pass | Whipped Pass+ | Cornerstones,Real Betis,LALIGA EA SPORTS,false,false,500,750
255223,Amine Adli,77,LM,ST | LW | CAM,78,75,72,81,46,69,4,3,1,Gamechanger,0,,0,,15,Intro to Evolutions | Intro to Training Camp EVOs II | Intro to Rewards EVOs | Club Member Reward | Rising Guard | Passing Prodigy | One Shot | Relentless Pressure | Long Ball Pass | Footwork Phenom | Pinged Pass | ST Advanced Forward+ | Whipped Pass+ | Cornerstones | Iron Will,AFC Bournemouth,Premier League,false,true,500,500
228941,André Silva,77,ST,,71,77,70,77,46,75,4,3,1,Chip Shot,0,,0,,15,Intro to Evolutions | Intro to Training Camp EVOs II | Intro to Rewards EVOs | Club Member Reward | Rising Guard | Passing Prodigy | One Shot | Relentless Pressure | Long Ball Pass | Footwork Phenom | Pinged Pass | ST Advanced Forward+ | Whipped Pass+ | Cornerstones | Iron Will,FC Porto,Liga Portugal,false,false,500,500
275589,Andrea Álvarez,77,ST,CAM,76,80,68,77,41,74,2,3,1,Power Shot,0,,0,,16,Intro to Evolutions | Intro to Training Camp EVOs II | Intro to Rewards EVOs | Club Member Reward | Rising Guard | Cover Athlete | Passing Prodigy | One Shot | Relentless Pressure | Long Ball Pass | Footwork Phenom | Pinged Pass | ST Advanced Forward+ | Whipped Pass+ | Cornerstones | Iron Will,Sevilla FC,Liga F Moeve,false,false,500,750
277073,Andrea Gómez,77,ST,CAM | LM | CM,74,76,72,78,46,70,3,3,0,,0,,0,,16,Intro to Evolutions | Intro to Training Camp EVOs II | Intro to Rewards EVOs | Club Member Reward | Rising Guard | Passing Prodigy | One Shot | Complete Connection | Relentless Pressure | Long Ball Pass | Footwork Phenom | Pinged Pass | ST Advanced Forward+ | Whipped Pass+ | Cornerstones | Iron Will,Deportivo Alavés,Liga F Moeve,false,false,500,750
272020,Andrea Tarazona,77,GK,,77,74,75,81,34,78,1,2,0,,0,,0,,8,Intro to Training Camp EVOs I | Intro to Training Camp EVOs II | The Debut | Relentless Pressure | Long Ball Pass | Pinged Pass | Whipped Pass+ | Cornerstones,RC Deportivo,Liga F Moeve,false,false,500,750
246044,Andrés Martín,77,RW,RM,84,76,74,77,35,73,3,5,5,Finesse Shot | Low Driven Shot | Whipped Pass | Inventive | Rapid,0,,0,,10,Intro to Evolutions | Intro to Rewards EVOs | Rising Guard | Passing Prodigy | One Shot | Footwork Phenom | Pinged Pass | Whipped Pass+ | Cornerstones | Iron Will,R. Racing Club,LALIGA EA SPORTS,false,false,500,750
220746,Andrija Živković,77,RM,RW | LW,80,73,74,80,56,66,4,3,3,Technical | Quick Step | Long Throw,0,,0,,13,Intro to Evolutions | Intro to Training Camp EVOs II | Intro to Rewards EVOs | Rising Guard | Passing Prodigy | One Shot | Relentless Pressure | Long Ball Pass | Footwork Phenom | Pinged Pass | Whipped Pass+ | Cornerstones | Iron Will,PAOK FC,Hellas Liga,false,false,500,500
271942,Ane Azkona,77,ST,RW | RM,80,77,70,78,49,72,3,3,2,Chip Shot | Technical,0,,0,,15,Intro to Evolutions | Intro to Training Camp EVOs II | Intro to Rewards EVOs | Club Member Reward | Rising Guard | Passing Prodigy | One Shot | Relentless Pressure | Long Ball Pass | Footwork Phenom | Pinged Pass | ST Advanced Forward+ | Whipped Pass+ | Cornerstones | Iron Will,Athletic Club,Liga F Moeve,false,false,500,750
70726,Anis Hadj Moussa,77,RW,RM,79,74,69,84,31,61,5,3,6,Low Driven Shot | Gamechanger | Whipped Pass | First Touch | Trickster | Quick Step,0,,0,,9,Intro to Evolutions | Intro to Rewards EVOs | Rising Guard | Passing Prodigy | One Shot | Footwork Phenom | Whipped Pass+ | Cornerstones | Iron Will,Feyenoord,Eredivisie,false,false,500,750
236636,Anthony Caci,77,RB,RM | RW,71,56,72,72,74,75,3,5,0,,0,,0,,13,Intro to Evolutions | Intro to Training Camp EVOs II | Intro to Rewards EVOs | Rising Guard | Passing Prodigy | One Shot | Relentless Pressure | Long Ball Pass | Footwork Phenom | Pinged Pass | Whipped Pass+ | Cornerstones | Iron Will,1. FSV Mainz 05,Bundesliga,false,false,500,500
184167,Anthony Moris,77,GK,,77,74,81,76,47,77,1,3,3,Long Ball Pass | Far Throw | Footwork,0,,0,,8,Intro to Training Camp EVOs I | Intro to Training Camp EVOs II | The Debut | Relentless Pressure | Long Ball Pass | Pinged Pass | Whipped Pass+ | Cornerstones,Al Khaleej,ROSHN Saudi League,false,false,500,250
73580,Antonín Kinský,77,GK,,77,76,76,78,45,76,1,4,0,,0,,0,,8,Intro to Training Camp EVOs I | Intro to Training Camp EVOs II | The Debut | Relentless Pressure | Long Ball Pass | Pinged Pass | Whipped Pass+ | Cornerstones,Spurs,Premier League,false,true,500,750
270086,António Silva,77,CB,,77,37,64,69,77,80,2,2,3,Long Ball Pass | Block | Aerial Fortress,0,,0,,13,Intro to Evolutions | Intro to Training Camp EVOs II | Intro to Rewards EVOs | Rising Guard | Passing Prodigy | One Shot | Relentless Pressure | Long Ball Pass | Footwork Phenom | Pinged Pass | Whipped Pass+ | Cornerstones | Iron Will,AFC Bournemouth,Premier League,false,true,500,750
270208,Archie Gray,77,CDM,CB | RB | CM,68,61,73,75,75,72,2,4,0,,0,,0,,14,Intro to Evolutions | Intro to Training Camp EVOs II | Intro to Rewards EVOs | Rising Guard | Passing Prodigy | One Shot | Complete Connection | Relentless Pressure | Long Ball Pass | Footwork Phenom | Pinged Pass | Whipped Pass+ | Cornerstones | Iron Will,Spurs,Premier League,false,true,500,500
267281,Arin Wright,77,CB,,58,54,67,75,78,78,2,3,1,Block,0,,0,,13,Intro to Evolutions | Intro to Training Camp EVOs II | Intro to Rewards EVOs | Rising Guard | Passing Prodigy | One Shot | Relentless Pressure | Long Ball Pass | Footwork Phenom | Pinged Pass | Whipped Pass+ | Cornerstones | Iron Will,Rac. Louisville,NWSL,false,false,500,500
260815,Arnau Martínez,77,RB,LB | CDM,78,55,72,72,75,72,2,3,2,Jockey | Intercept,0,,0,,13,Intro to Evolutions | Intro to Training Camp EVOs II | Intro to Rewards EVOs | Rising Guard | Passing Prodigy | One Shot | Relentless Pressure | Long Ball Pass | Footwork Phenom | Pinged Pass | Whipped Pass+ | Cornerstones | Iron Will,Valencia CF,LALIGA EA SPORTS,false,false,500,500
258923,Arribas,77,CAM,RM | CM | RW,84,76,74,79,43,64,3,4,6,Power Shot | Precision Header | Low Driven Shot | Pinged Pass | Technical | First Touch,0,,0,,9,Intro to Evolutions | Intro to Rewards EVOs | Rising Guard | Passing Prodigy | One Shot | Footwork Phenom | Whipped Pass+ | Cornerstones | Iron Will,UD Almería,LALIGA HYPERMOTION,false,false,500,750
72100,Arsène Kouassi,77,LB,LM,88,56,73,74,70,74,3,3,1,Whipped Pass,0,,0,,12,Intro to Evolutions | Intro to Training Camp EVOs II | Rising Guard | Passing Prodigy | One Shot | Relentless Pressure | Long Ball Pass | Footwork Phenom | Pinged Pass | Whipped Pass+ | Cornerstones | Iron Will,FC Lorient,Ligue 1 McDonald's,false,false,500,250
255074,Artem Bondarenko,77,CAM,CM | CDM,75,71,76,76,63,64,3,2,2,Pinged Pass | Long Ball Pass,0,,0,,15,Intro to Evolutions | Intro to Training Camp EVOs II | Intro to Rewards EVOs | Rising Guard | Cover Athlete | Passing Prodigy | One Shot | Complete Connection | Relentless Pressure | Long Ball Pass | Footwork Phenom | Pinged Pass | Whipped Pass+ | Cornerstones | Iron Will,Al Ahli,ROSHN Saudi League,false,false,500,250
229942,Axel Disasi,77,CB,RB,52,48,60,58,77,78,2,2,1,Bruiser,0,,0,,13,Intro to Evolutions | Intro to Training Camp EVOs II | Intro to Rewards EVOs | Rising Guard | Passing Prodigy | One Shot | Relentless Pressure | Long Ball Pass | Footwork Phenom | Pinged Pass | Whipped Pass+ | Cornerstones | Iron Will,Crystal Palace,Premier League,false,true,500,500
265040,Barbora Votíková,77,GK,,80,69,70,81,50,79,1,2,1,Cross Claimer,0,,0,,8,Intro to Training Camp EVOs I | Intro to Training Camp EVOs II | The Debut | Relentless Pressure | Long Ball Pass | Pinged Pass | Whipped Pass+ | Cornerstones,Slavia Praha,Ceska Liga Žen,false,false,500,500
236510,Barnabás Varga,77,ST,,71,75,59,72,32,74,3,4,2,Precision Header | Aerial Fortress,0,,0,,15,Intro to Evolutions | Intro to Training Camp EVOs II | Intro to Rewards EVOs | Club Member Reward | Rising Guard | Passing Prodigy | One Shot | Relentless Pressure | Long Ball Pass | Footwork Phenom | Pinged Pass | ST Advanced Forward+ | Whipped Pass+ | Cornerstones | Iron Will,AEK Athens,Hellas Liga,false,false,500,1000
229984,Ben Chilwell,77,LB,LM,68,60,77,74,76,69,3,3,1,Jockey,0,,0,,13,Intro to Evolutions | Intro to Training Camp EVOs II | Intro to Rewards EVOs | Rising Guard | Passing Prodigy | One Shot | Relentless Pressure | Long Ball Pass | Footwork Phenom | Pinged Pass | Whipped Pass+ | Cornerstones | Iron Will,Crystal Palace,Premier League,false,true,500,500
263617,Beñat Prados,77,CDM,CM | CB,67,62,71,75,76,75,2,3,1,Long Ball Pass,0,,0,,14,Intro to Evolutions | Intro to Training Camp EVOs II | Intro to Rewards EVOs | Rising Guard | Passing Prodigy | One Shot | Complete Connection | Relentless Pressure | Long Ball Pass | Footwork Phenom | Pinged Pass | Whipped Pass+ | Cornerstones | Iron Will,Athletic Club,LALIGA EA SPORTS,false,false,500,750
251892,Beto,77,ST,,74,77,60,69,25,83,3,3,1,Precision Header,0,,0,,15,Intro to Evolutions | Intro to Training Camp EVOs II | Intro to Rewards EVOs | Club Member Reward | Rising Guard | Passing Prodigy | One Shot | Relentless Pressure | Long Ball Pass | Footwork Phenom | Pinged Pass | ST Advanced Forward+ | Whipped Pass+ | Cornerstones | Iron Will,Fiorentina,Serie A Enilive,false,false,500,500
272612,Brajan Gruda,77,CAM,RM | CM | RW,83,72,74,82,32,64,4,3,6,Pinged Pass | Inventive | Technical | First Touch | Trickster | Long Throw,0,,0,,9,Intro to Evolutions | Intro to Rewards EVOs | Rising Guard | Passing Prodigy | One Shot | Footwork Phenom | Whipped Pass+ | Cornerstones | Iron Will,RB Leipzig,Bundesliga,false,false,500,2000
222357,Breel Embolo,77,ST,,75,75,70,73,52,80,3,4,0,,0,,0,,15,Intro to Evolutions | Intro to Training Camp EVOs II | Intro to Rewards EVOs | Club Member Reward | Rising Guard | Passing Prodigy | One Shot | Relentless Pressure | Long Ball Pass | Footwork Phenom | Pinged Pass | ST Advanced Forward+ | Whipped Pass+ | Cornerstones | Iron Will,Atlanta United,MLS,false,false,500,500
253061,Brian Rodríguez,77,LW,ST | LM | CAM,85,71,71,79,33,56,3,3,2,Technical | Quick Step,0,,0,,14,Intro to Evolutions | Intro to Training Camp EVOs II | Club Member Reward | Rising Guard | Passing Prodigy | One Shot | Relentless Pressure | Long Ball Pass | Footwork Phenom | Pinged Pass | ST Advanced Forward+ | Whipped Pass+ | Cornerstones | Iron Will,Club América,Liga BBVA MX,false,false,500,
271916,Bryan Zaragoza,77,LM,LW | CAM | CM,82,72,72,82,30,44,4,4,1,Technical,0,,0,,14,Intro to Evolutions | Intro to Training Camp EVOs II | Intro to Rewards EVOs | Rising Guard | Passing Prodigy | One Shot | Complete Connection | Relentless Pressure | Long Ball Pass | Footwork Phenom | Pinged Pass | Whipped Pass+ | Cornerstones | Iron Will,RCD Espanyol,LALIGA EA SPORTS,false,false,500,500
232440,Caio Henrique,77,LB,LM,77,58,77,77,72,66,3,2,3,Dead Ball | Whipped Pass | Long Throw,0,,0,,13,Intro to Evolutions | Intro to Training Camp EVOs II | Intro to Rewards EVOs | Rising Guard | Passing Prodigy | One Shot | Relentless Pressure | Long Ball Pass | Footwork Phenom | Pinged Pass | Whipped Pass+ | Cornerstones | Iron Will,Ajax,Eredivisie,false,false,500,500
211093,Callum McGregor,77,CDM,CM,74,75,75,79,71,77,4,4,5,Power Shot | Incisive Pass | Pinged Pass | Press Proven | Relentless,0,,0,,11,Intro to Evolutions | Intro to Rewards EVOs | Rising Guard | Passing Prodigy | One Shot | Complete Connection | Footwork Phenom | Pinged Pass | Whipped Pass+ | Cornerstones | Iron Will,Celtic,Scottish Prem,false,false,500,500
267350,Caprice Dydasco,77,RB,LB,78,56,71,74,74,60,3,3,4,Jockey | Block | Press Proven | Relentless,0,,0,,11,Intro to Evolutions | Intro to Rewards EVOs | Rising Guard | Passing Prodigy | One Shot | Relentless Pressure | Footwork Phenom | Pinged Pass | Whipped Pass+ | Cornerstones | Iron Will,Bay FC,NWSL,false,false,500,500
274209,Carlos Álvarez,77,RM,CAM | RW | CM,76,73,75,81,40,58,3,3,3,Incisive Pass | Tiki Taka | Press Proven,0,,0,,14,Intro to Evolutions | Intro to Training Camp EVOs II | Intro to Rewards EVOs | Rising Guard | Passing Prodigy | One Shot | Complete Connection | Relentless Pressure | Long Ball Pass | Footwork Phenom | Pinged Pass | Whipped Pass+ | Cornerstones | Iron Will,Club América,Liga BBVA MX,false,false,500,500
70967,Carlos Espí,77,ST,,77,77,60,69,38,80,3,4,2,Precision Header | Enforcer,0,,0,,15,Intro to Evolutions | Intro to Training Camp EVOs II | Intro to Rewards EVOs | Club Member Reward | Rising Guard | Passing Prodigy | One Shot | Relentless Pressure | Long Ball Pass | Footwork Phenom | Pinged Pass | ST Advanced Forward+ | Whipped Pass+ | Cornerstones | Iron Will,Real Madrid,LALIGA EA SPORTS,true,false,500,1000
265034,Carlotta Wamser,77,LB,RB | LM | RM,73,67,72,71,75,74,3,3,0,,0,,0,,13,Intro to Evolutions | Intro to Training Camp EVOs II | Intro to Rewards EVOs | Rising Guard | Passing Prodigy | One Shot | Relentless Pressure | Long Ball Pass | Footwork Phenom | Pinged Pass | Whipped Pass+ | Cornerstones | Iron Will,Manchester City,Barclays WSL,true,false,500,750
243976,Catena,77,CB,,58,39,61,54,77,78,2,3,4,Long Ball Pass | Block | Intercept | Aerial Fortress,0,,0,,11,Intro to Evolutions | Intro to Rewards EVOs | Rising Guard | Passing Prodigy | One Shot | Relentless Pressure | Footwork Phenom | Pinged Pass | Whipped Pass+ | Cornerstones | Iron Will,CA Osasuna,LALIGA EA SPORTS,false,false,500,750
265833,Charlotte Fernandes,77,RB,LB | RM | LM,81,55,68,72,74,72,3,3,2,Whipped Pass | Slide Tackle,0,,0,,13,Intro to Evolutions | Intro to Training Camp EVOs II | Intro to Rewards EVOs | Rising Guard | Passing Prodigy | One Shot | Relentless Pressure | Long Ball Pass | Footwork Phenom | Pinged Pass | Whipped Pass+ | Cornerstones | Iron Will,FC Fleury 91,Arkema PL,false,false,500,500
226093,Ché Adams,77,ST,,79,80,64,79,43,66,3,3,0,,0,,0,,15,Intro to Evolutions | Intro to Training Camp EVOs II | Intro to Rewards EVOs | Club Member Reward | Rising Guard | Passing Prodigy | One Shot | Relentless Pressure | Long Ball Pass | Footwork Phenom | Pinged Pass | ST Advanced Forward+ | Whipped Pass+ | Cornerstones | Iron Will,Torino,Serie A Enilive,false,false,500,500
275048,Chemsdine Talbi,77,RM,LM | RW | LW,88,72,71,80,51,55,3,4,0,,0,,0,,12,Intro to Evolutions | Intro to Training Camp EVOs II | Rising Guard | Passing Prodigy | One Shot | Relentless Pressure | Long Ball Pass | Footwork Phenom | Pinged Pass | Whipped Pass+ | Cornerstones | Iron Will,Sunderland,Premier League,false,true,500,
258432,Chrislain Matsima,77,CB,,80,34,52,58,79,78,2,3,2,Intercept | Aerial Fortress,0,,0,,13,Intro to Evolutions | Intro to Training Camp EVOs II | Intro to Rewards EVOs | Rising Guard | Passing Prodigy | One Shot | Relentless Pressure | Long Ball Pass | Footwork Phenom | Pinged Pass | Whipped Pass+ | Cornerstones | Iron Will,FC Augsburg,Bundesliga,false,false,500,500
190460,Christian Eriksen,77,CAM,CDM | CM,60,74,82,76,53,56,4,5,4,Dead Ball | Incisive Pass | Pinged Pass | Whipped Pass,0,,0,,13,Intro to Evolutions | Intro to Rewards EVOs | Rising Guard | Cover Athlete | Passing Prodigy | One Shot | Complete Connection | Relentless Pressure | Footwork Phenom | Pinged Pass | Whipped Pass+ | Cornerstones | Iron Will,VfL Wolfsburg,Bundesliga 2,false,false,500,
76416,Christian Kofane,77,ST,,81,76,62,73,33,74,3,3,1,Enforcer,0,,0,,15,Intro to Evolutions | Intro to Training Camp EVOs II | Intro to Rewards EVOs | Club Member Reward | Rising Guard | Passing Prodigy | One Shot | Relentless Pressure | Long Ball Pass | Footwork Phenom | Pinged Pass | ST Advanced Forward+ | Whipped Pass+ | Cornerstones | Iron Will,Leverkusen,Bundesliga,false,false,500,750
265968,Cindy Caputo,77,LM,ST | LW | CAM,84,75,72,78,45,68,4,3,2,Gamechanger | Technical,0,,0,,15,Intro to Evolutions | Intro to Training Camp EVOs II | Intro to Rewards EVOs | Club Member Reward | Rising Guard | Passing Prodigy | One Shot | Relentless Pressure | Long Ball Pass | Footwork Phenom | Pinged Pass | ST Advanced Forward+ | Whipped Pass+ | Cornerstones | Iron Will,FC Fleury 91,Arkema PL,false,false,500,500
272113,Cinta Rodríguez,77,CB,,72,46,68,67,77,79,2,2,0,,0,,0,,13,Intro to Evolutions | Intro to Training Camp EVOs II | Intro to Rewards EVOs | Rising Guard | Passing Prodigy | One Shot | Relentless Pressure | Long Ball Pass | Footwork Phenom | Pinged Pass | Whipped Pass+ | Cornerstones | Iron Will,C. Adeje Tenerife,Liga F Moeve,false,false,500,500
243403,Claire Emslie,77,RM,RW,71,71,78,75,45,68,4,4,4,Finesse Shot | Dead Ball | Whipped Pass | First Touch,0,,0,,11,Intro to Evolutions | Intro to Rewards EVOs | Rising Guard | Passing Prodigy | One Shot | Relentless Pressure | Footwork Phenom | Pinged Pass | Whipped Pass+ | Cornerstones | Iron Will,Angel City FC,NWSL,false,false,500,500
272135,Clara Pinedo,77,CAM,CM | LM | CDM,81,76,76,76,63,69,3,3,1,Finesse Shot,0,,0,,14,Intro to Evolutions | Intro to Training Camp EVOs II | Intro to Rewards EVOs | Rising Guard | Passing Prodigy | One Shot | Complete Connection | Relentless Pressure | Long Ball Pass | Footwork Phenom | Pinged Pass | Whipped Pass+ | Cornerstones | Iron Will,Athletic Club,Liga F Moeve,false,false,500,500
208364,Clinton Mata,77,CB,,79,61,68,74,77,78,3,3,2,Block | Intercept,0,,0,,13,Intro to Evolutions | Intro to Training Camp EVOs II | Intro to Rewards EVOs | Rising Guard | Passing Prodigy | One Shot | Relentless Pressure | Long Ball Pass | Footwork Phenom | Pinged Pass | Whipped Pass+ | Cornerstones | Iron Will,OL,Ligue 1 McDonald's,false,false,500,750
269678,Daiana Falfán,77,CM,CDM,72,71,67,78,71,80,2,3,1,Press Proven,0,,0,,14,Intro to Evolutions | Intro to Training Camp EVOs II | Intro to Rewards EVOs | Rising Guard | Passing Prodigy | One Shot | Complete Connection | Relentless Pressure | Long Ball Pass | Footwork Phenom | Pinged Pass | Whipped Pass+ | Cornerstones | Iron Will,DUX Logroño,Liga F Moeve,false,false,500,500
217940,Dakonam Djené,77,CB,RB | CDM | CM,64,43,67,68,77,77,2,4,0,,0,,0,,14,Intro to Evolutions | Intro to Training Camp EVOs II | Intro to Rewards EVOs | Rising Guard | Passing Prodigy | One Shot | Complete Connection | Relentless Pressure | Long Ball Pass | Footwork Phenom | Pinged Pass | Whipped Pass+ | Cornerstones | Iron Will,Getafe CF,LALIGA EA SPORTS,false,false,500,500
257980,Dan Ndoye,77,LM,RM | LW | RW,88,72,70,79,62,65,3,3,2,Gamechanger | Rapid,0,,0,,12,Intro to Evolutions | Intro to Training Camp EVOs II | Rising Guard | Passing Prodigy | One Shot | Relentless Pressure | Long Ball Pass | Footwork Phenom | Pinged Pass | Whipped Pass+ | Cornerstones | Iron Will,Nott'm Forest,Premier League,false,true,500,750
252143,Daniel Bragança,77,CM,CAM | CDM,76,71,76,79,66,63,3,2,5,Finesse Shot | Inventive | Intercept | Technical | First Touch,0,,0,,12,Intro to Evolutions | Intro to Rewards EVOs | Rising Guard | Cover Athlete | Passing Prodigy | One Shot | Complete Connection | Footwork Phenom | Pinged Pass | Whipped Pass+ | Cornerstones | Iron Will,Torino,Serie A Enilive,false,false,500,500
273150,Daniela Caracas,77,RB,RM,78,42,67,68,74,71,3,3,3,Block | Intercept | Long Throw,0,,0,,13,Intro to Evolutions | Intro to Training Camp EVOs II | Intro to Rewards EVOs | Rising Guard | Passing Prodigy | One Shot | Relentless Pressure | Long Ball Pass | Footwork Phenom | Pinged Pass | Whipped Pass+ | Cornerstones | Iron Will,RC Deportivo,Liga F Moeve,false,false,500,500
277815,Danique Tolhoek,77,ST,,74,80,57,72,46,65,2,2,0,,0,,0,,15,Intro to Evolutions | Intro to Training Camp EVOs II | Intro to Rewards EVOs | Club Member Reward | Rising Guard | Passing Prodigy | One Shot | Relentless Pressure | Long Ball Pass | Footwork Phenom | Pinged Pass | ST Advanced Forward+ | Whipped Pass+ | Cornerstones | Iron Will,Frankfurt,GPFBL,false,false,500,250
253072,Darwin Núñez,77,ST,LW | LM,86,76,72,74,49,82,3,3,3,Rapid | Quick Step | Relentless,0,,0,,14,Intro to Evolutions | Intro to Training Camp EVOs II | Club Member Reward | Rising Guard | Passing Prodigy | One Shot | Relentless Pressure | Long Ball Pass | Footwork Phenom | Pinged Pass | ST Advanced Forward+ | Whipped Pass+ | Cornerstones | Iron Will,Al Diriyah,ROSHN Saudi League,false,false,500,750
228881,Davide Calabria,77,RB,CM,77,57,70,73,75,66,3,3,0,,0,,0,,14,Intro to Evolutions | Intro to Training Camp EVOs II | Intro to Rewards EVOs | Rising Guard | Passing Prodigy | One Shot | Complete Connection | Relentless Pressure | Long Ball Pass | Footwork Phenom | Pinged Pass | Whipped Pass+ | Cornerstones | Iron Will,Panathinaikos,Hellas Liga,false,false,500,500
269208,Deja Davis,77,CB,,46,49,55,63,78,82,2,3,3,Long Ball Pass | Block | Aerial Fortress,0,,0,,13,Intro to Evolutions | Intro to Training Camp EVOs II | Intro to Rewards EVOs | Rising Guard | Passing Prodigy | One Shot | Relentless Pressure | Long Ball Pass | Footwork Phenom | Pinged Pass | Whipped Pass+ | Cornerstones | Iron Will,Boston Legacy FC,NWSL,false,false,500,500
221610,Dénes Dibusz,77,GK,,78,75,74,80,27,74,1,3,1,Cross Claimer,0,,0,,8,Intro to Training Camp EVOs I | Intro to Training Camp EVOs II | The Debut | Relentless Pressure | Long Ball Pass | Pinged Pass | Whipped Pass+ | Cornerstones,Ferencvárosi TC,Magyar Liga,false,false,500,500
239978,Dennis Man,77,RW,RM,88,74,71,78,45,72,4,2,2,Rapid | Quick Step,0,,0,,12,Intro to Evolutions | Intro to Training Camp EVOs II | Rising Guard | Passing Prodigy | One Shot | Relentless Pressure | Long Ball Pass | Footwork Phenom | Pinged Pass | Whipped Pass+ | Cornerstones | Iron Will,PSV,Eredivisie,false,false,500,750
264238,Diego López,77,LW,RM | ST | LM,83,74,72,76,37,62,3,4,1,Rapid,0,,0,,15,Intro to Evolutions | Intro to Training Camp EVOs II | Intro to Rewards EVOs | Club Member Reward | Rising Guard | Passing Prodigy | One Shot | Relentless Pressure | Long Ball Pass | Footwork Phenom | Pinged Pass | ST Advanced Forward+ | Whipped Pass+ | Cornerstones | Iron Will,Valencia CF,LALIGA EA SPORTS,false,false,500,500
205377,Donovan Léon,77,GK,,77,76,84,79,47,75,1,2,3,Long Ball Pass | Footwork | 1v1 Close Down,0,,0,,8,Intro to Training Camp EVOs I | Intro to Training Camp EVOs II | The Debut | Relentless Pressure | Long Ball Pass | Pinged Pass | Whipped Pass+ | Cornerstones,Abha Club,ROSHN Saudi League,false,false,500,750
235844,Edson Álvarez,77,CDM,CM | CB,66,58,68,72,78,82,2,2,4,Block | Anticipate | Slide Tackle | Bruiser,0,,0,,12,Intro to Evolutions | Intro to Rewards EVOs | Rising Guard | Passing Prodigy | One Shot | Complete Connection | Relentless Pressure | Footwork Phenom | Pinged Pass | Whipped Pass+ | Cornerstones | Iron Will,West Ham,EFL Championship,false,false,500,500
229862,Edu Expósito,77,CAM,CM | CDM,65,74,80,78,73,69,3,5,4,Power Shot | Dead Ball | Incisive Pass | Whipped Pass,0,,0,,13,Intro to Evolutions | Intro to Rewards EVOs | Rising Guard | Cover Athlete | Passing Prodigy | One Shot | Complete Connection | Relentless Pressure | Footwork Phenom | Pinged Pass | Whipped Pass+ | Cornerstones | Iron Will,RCD Espanyol,LALIGA EA SPORTS,false,false,500,500
226988,Elin Rubensson,77,CDM,CM | RM,83,70,74,77,75,66,3,3,0,,0,,0,,14,Intro to Evolutions | Intro to Training Camp EVOs II | Intro to Rewards EVOs | Rising Guard | Passing Prodigy | One Shot | Complete Connection | Relentless Pressure | Long Ball Pass | Footwork Phenom | Pinged Pass | Whipped Pass+ | Cornerstones | Iron Will,BK Hcken,Sverige Liga,false,false,500,
265086,Elvira Herzog,77,GK,,76,75,73,77,47,76,1,3,3,Far Throw | Footwork | 1v1 Close Down,0,,0,,8,Intro to Training Camp EVOs I | Intro to Training Camp EVOs II | The Debut | Relentless Pressure | Long Ball Pass | Pinged Pass | Whipped Pass+ | Cornerstones,RB Leipzig,GPFBL,false,false,500,500
210736,Emerson Palmieri,77,LB,LM,71,63,75,76,74,71,3,2,0,,0,,0,,13,Intro to Evolutions | Intro to Training Camp EVOs II | Intro to Rewards EVOs | Rising Guard | Passing Prodigy | One Shot | Relentless Pressure | Long Ball Pass | Footwork Phenom | Pinged Pass | Whipped Pass+ | Cornerstones | Iron Will,OM,Ligue 1 McDonald's,false,false,500,500
240273,Emile Smith Rowe,77,CAM,LM | CM | LW,67,73,76,80,53,60,4,4,2,Finesse Shot | Technical,0,,0,,14,Intro to Evolutions | Intro to Training Camp EVOs II | Intro to Rewards EVOs | Rising Guard | Passing Prodigy | One Shot | Complete Connection | Relentless Pressure | Long Ball Pass | Footwork Phenom | Pinged Pass | Whipped Pass+ | Cornerstones | Iron Will,Fulham,Premier League,false,true,500,500
246871,Enzo Barrenechea,77,CDM,CM,57,69,72,74,72,73,3,3,2,Long Ball Pass | Intercept,0,,0,,14,Intro to Evolutions | Intro to Training Camp EVOs II | Intro to Rewards EVOs | Rising Guard | Passing Prodigy | One Shot | Complete Connection | Relentless Pressure | Long Ball Pass | Footwork Phenom | Pinged Pass | Whipped Pass+ | Cornerstones | Iron Will,SL Benfica,Liga Portugal,false,false,500,500
252259,Enzo Millot,77,CAM,CM | CDM,74,69,75,81,61,55,4,2,4,Incisive Pass | Inventive | Technical | First Touch,0,,0,,13,Intro to Evolutions | Intro to Rewards EVOs | Rising Guard | Cover Athlete | Passing Prodigy | One Shot | Complete Connection | Relentless Pressure | Footwork Phenom | Pinged Pass | Whipped Pass+ | Cornerstones | Iron Will,Al Diriyah,ROSHN Saudi League,false,false,500,500
202335,Eric Dier,77,CB,,46,62,66,62,77,80,2,2,2,Precision Header | Bruiser,0,,0,,13,Intro to Evolutions | Intro to Training Camp EVOs II | Intro to Rewards EVOs | Rising Guard | Passing Prodigy | One Shot | Relentless Pressure | Long Ball Pass | Footwork Phenom | Pinged Pass | Whipped Pass+ | Cornerstones | Iron Will,AS Monaco,Ligue 1 McDonald's,false,false,500,500
257784,Erik Lira,77,CDM,CM | CB,79,60,65,70,78,76,2,3,1,Relentless,0,,0,,14,Intro to Evolutions | Intro to Training Camp EVOs II | Intro to Rewards EVOs | Rising Guard | Passing Prodigy | One Shot | Complete Connection | Relentless Pressure | Long Ball Pass | Footwork Phenom | Pinged Pass | Whipped Pass+ | Cornerstones | Iron Will,CF Cruz Azul,Liga BBVA MX,false,false,500,
265339,Esme Morgan,77,CB,,75,34,71,68,77,72,2,3,1,Long Ball Pass,0,,0,,13,Intro to Evolutions | Intro to Training Camp EVOs II | Intro to Rewards EVOs | Rising Guard | Passing Prodigy | One Shot | Relentless Pressure | Long Ball Pass | Footwork Phenom | Pinged Pass | Whipped Pass+ | Cornerstones | Iron Will,Washington Spirit,NWSL,false,false,500,500
70816,Eva Gaetino,77,CB,,55,42,67,65,76,82,2,4,0,,0,,0,,13,Intro to Evolutions | Intro to Training Camp EVOs II | Intro to Rewards EVOs | Rising Guard | Passing Prodigy | One Shot | Relentless Pressure | Long Ball Pass | Footwork Phenom | Pinged Pass | Whipped Pass+ | Cornerstones | Iron Will,Denver Summit FC,NWSL,false,false,500,500
266598,Eveliina Summanen,77,CDM,CM,48,69,75,75,75,81,3,3,3,Dead Ball | Incisive Pass | Bruiser,0,,0,,14,Intro to Evolutions | Intro to Training Camp EVOs II | Intro to Rewards EVOs | Rising Guard | Passing Prodigy | One Shot | Complete Connection | Relentless Pressure | Long Ball Pass | Footwork Phenom | Pinged Pass | Whipped Pass+ | Cornerstones | Iron Will,Spurs,Barclays WSL,false,false,500,500
244391,Fashion Sakala,77,LM,LW | ST | CAM,90,77,65,77,32,67,4,4,3,Power Shot | Rapid | Quick Step,0,,0,,14,Intro to Evolutions | Intro to Training Camp EVOs II | Club Member Reward | Rising Guard | Passing Prodigy | One Shot | Relentless Pressure | Long Ball Pass | Footwork Phenom | Pinged Pass | ST Advanced Forward+ | Whipped Pass+ | Cornerstones | Iron Will,Al Fayha,ROSHN Saudi League,false,false,500,250
226671,Federico Fattori,77,CDM,CM,64,54,69,71,73,86,4,3,3,Pinged Pass | Long Ball Pass | Intercept,0,,0,,14,Intro to Evolutions | Intro to Training Camp EVOs II | Intro to Rewards EVOs | Rising Guard | Passing Prodigy | One Shot | Complete Connection | Relentless Pressure | Long Ball Pass | Footwork Phenom | Pinged Pass | Whipped Pass+ | Cornerstones | Iron Will,Talleres,LPF,false,false,500,500
246608,Fidalgo,77,CM,CAM | CDM,77,67,77,80,60,65,4,4,2,Technical | First Touch,0,,0,,15,Intro to Evolutions | Intro to Training Camp EVOs II | Intro to Rewards EVOs | Rising Guard | Cover Athlete | Passing Prodigy | One Shot | Complete Connection | Relentless Pressure | Long Ball Pass | Footwork Phenom | Pinged Pass | Whipped Pass+ | Cornerstones | Iron Will,Real Betis,LALIGA EA SPORTS,false,false,500,
258485,Filip Jörgensen,77,GK,,77,76,72,78,47,77,1,3,2,Far Throw | Footwork,0,,0,,8,Intro to Training Camp EVOs I | Intro to Training Camp EVOs II | The Debut | Relentless Pressure | Long Ball Pass | Pinged Pass | Whipped Pass+ | Cornerstones,Strasbourg,Ligue 1 McDonald's,false,false,500,750
234569,Florentino,77,CDM,CM,48,53,68,72,78,74,2,3,6,Intercept | Anticipate | Slide Tackle | Aerial Fortress | Press Proven | Bruiser,0,,0,,9,Intro to Evolutions | Intro to Rewards EVOs | Rising Guard | Passing Prodigy | One Shot | Footwork Phenom | Whipped Pass+ | Cornerstones | Iron Will,Ipswich,Premier League,false,true,500,10000
228336,Florian Grillitsch,77,CM,CB | CDM,59,61,75,74,73,72,3,3,1,Intercept,0,,0,,14,Intro to Evolutions | Intro to Training Camp EVOs II | Intro to Rewards EVOs | Rising Guard | Passing Prodigy | One Shot | Complete Connection | Relentless Pressure | Long Ball Pass | Footwork Phenom | Pinged Pass | Whipped Pass+ | Cornerstones | Iron Will,Frosinone,Serie A Enilive,false,false,500,250
235997,Fran Beltrán,77,CM,CDM,55,67,76,76,75,69,3,3,1,Tiki Taka,0,,0,,14,Intro to Evolutions | Intro to Training Camp EVOs II | Intro to Rewards EVOs | Rising Guard | Passing Prodigy | One Shot | Complete Connection | Relentless Pressure | Long Ball Pass | Footwork Phenom | Pinged Pass | Whipped Pass+ | Cornerstones | Iron Will,Girona FC,LALIGA HYPERMOTION,false,false,500,500
246606,Fran García,77,LB,LM,87,50,69,75,71,74,3,3,2,Rapid | Quick Step,0,,0,,12,Intro to Evolutions | Intro to Training Camp EVOs II | Rising Guard | Passing Prodigy | One Shot | Relentless Pressure | Long Ball Pass | Footwork Phenom | Pinged Pass | Whipped Pass+ | Cornerstones | Iron Will,Real Betis,LALIGA EA SPORTS,false,false,500,750
277327,Francesco Pio Esposito,77,ST,,59,78,71,73,38,75,3,3,2,Precision Header | First Touch,0,,0,,15,Intro to Evolutions | Intro to Training Camp EVOs II | Intro to Rewards EVOs | Club Member Reward | Rising Guard | Passing Prodigy | One Shot | Relentless Pressure | Long Ball Pass | Footwork Phenom | Pinged Pass | ST Advanced Forward+ | Whipped Pass+ | Cornerstones | Iron Will,Lombardia FC,Serie A Enilive,false,false,500,4000
279173,Franco Mastantuono,77,RM,RW | CAM,74,71,75,79,50,65,3,3,0,,0,,0,,14,Intro to Evolutions | Intro to Training Camp EVOs II | Intro to Rewards EVOs | Rising Guard | Cover Athlete | Passing Prodigy | One Shot | Relentless Pressure | Long Ball Pass | Footwork Phenom | Pinged Pass | Whipped Pass+ | Cornerstones | Iron Will,Fiorentina,Serie A Enilive,false,false,500,750
276284,Frederikke Thøgersen,77,RB,RM,78,51,71,67,75,69,3,3,3,Pinged Pass | Block | Anticipate,0,,0,,13,Intro to Evolutions | Intro to Training Camp EVOs II | Intro to Rewards EVOs | Rising Guard | Passing Prodigy | One Shot | Relentless Pressure | Long Ball Pass | Footwork Phenom | Pinged Pass | Whipped Pass+ | Cornerstones | Iron Will,Roma,Calcio A Femminile,false,false,500,500
238422,Gabi Nunes,77,ST,,85,75,72,79,39,79,3,4,6,Finesse Shot | Acrobatic | Gamechanger | Rapid | First Touch | Quick Step,0,,0,,10,Intro to Evolutions | Club Member Reward | Rising Guard | Passing Prodigy | One Shot | Footwork Phenom | ST Advanced Forward+ | Whipped Pass+ | Cornerstones | Iron Will,Orlando Pride,NWSL,false,false,500,750
247725,Gabrielle Carle,77,RB,LB | RM | LM,73,49,66,67,76,62,2,5,1,Long Throw,0,,0,,13,Intro to Evolutions | Intro to Training Camp EVOs II | Intro to Rewards EVOs | Rising Guard | Passing Prodigy | One Shot | Relentless Pressure | Long Ball Pass | Footwork Phenom | Pinged Pass | Whipped Pass+ | Cornerstones | Iron Will,Washington Spirit,NWSL,false,false,500,250
237248,Germán Berterame,77,ST,RW | LW,76,77,69,76,34,73,2,3,2,Power Shot | Precision Header,0,,0,,15,Intro to Evolutions | Intro to Training Camp EVOs II | Intro to Rewards EVOs | Club Member Reward | Rising Guard | Passing Prodigy | One Shot | Relentless Pressure | Long Ball Pass | Footwork Phenom | Pinged Pass | ST Advanced Forward+ | Whipped Pass+ | Cornerstones | Iron Will,Inter Miami CF,MLS,false,false,500,
216816,Giovanni Simeone,77,ST,,67,80,63,74,41,72,3,4,0,,0,,0,,15,Intro to Evolutions | Intro to Training Camp EVOs II | Intro to Rewards EVOs | Club Member Reward | Rising Guard | Passing Prodigy | One Shot | Relentless Pressure | Long Ball Pass | Footwork Phenom | Pinged Pass | ST Advanced Forward+ | Whipped Pass+ | Cornerstones | Iron Will,Torino,Serie A Enilive,false,false,500,3000
231340,Gonzalo Montiel,77,RB,RM,78,72,71,74,73,80,3,3,3,Whipped Pass | Slide Tackle | Long Throw,0,,0,,13,Intro to Evolutions | Intro to Training Camp EVOs II | Intro to Rewards EVOs | Rising Guard | Passing Prodigy | One Shot | Relentless Pressure | Long Ball Pass | Footwork Phenom | Pinged Pass | Whipped Pass+ | Cornerstones | Iron Will,River Plate,LPF,false,false,500,750
228595,Grischa Prömel,77,CM,CDM,65,75,72,74,75,79,3,4,2,Precision Header | Relentless,0,,0,,14,Intro to Evolutions | Intro to Training Camp EVOs II | Intro to Rewards EVOs | Rising Guard | Passing Prodigy | One Shot | Complete Connection | Relentless Pressure | Long Ball Pass | Footwork Phenom | Pinged Pass | Whipped Pass+ | Cornerstones | Iron Will,VfB Stuttgart,Bundesliga,false,false,500,500
264293,Habib Diarra,77,CM,CAM,70,70,75,77,71,71,2,2,0,,0,,0,,15,Intro to Evolutions | Intro to Training Camp EVOs II | Intro to Rewards EVOs | Rising Guard | Cover Athlete | Passing Prodigy | One Shot | Complete Connection | Relentless Pressure | Long Ball Pass | Footwork Phenom | Pinged Pass | Whipped Pass+ | Cornerstones | Iron Will,Sunderland,Premier League,false,true,500,500
243262,Haley McCutcheon,77,CM,CDM | CAM,66,65,74,75,74,64,3,3,3,Jockey | Block | Aerial Fortress,0,,0,,15,Intro to Evolutions | Intro to Training Camp EVOs II | Intro to Rewards EVOs | Rising Guard | Cover Athlete | Passing Prodigy | One Shot | Complete Connection | Relentless Pressure | Long Ball Pass | Footwork Phenom | Pinged Pass | Whipped Pass+ | Cornerstones | Iron Will,Orlando Pride,NWSL,false,false,500,500
272114,Hanna Lundkvist,77,RB,RM,75,58,72,71,76,77,3,3,0,,0,,0,,13,Intro to Evolutions | Intro to Training Camp EVOs II | Intro to Rewards EVOs | Rising Guard | Passing Prodigy | One Shot | Relentless Pressure | Long Ball Pass | Footwork Phenom | Pinged Pass | Whipped Pass+ | Cornerstones | Iron Will,Manchester Utd,Barclays WSL,false,false,500,250
228732,Harold Moukoudi,77,CB,CDM | CM,50,35,57,61,77,87,2,3,3,Block | Intercept | Bruiser,0,,0,,14,Intro to Evolutions | Intro to Training Camp EVOs II | Intro to Rewards EVOs | Rising Guard | Passing Prodigy | One Shot | Complete Connection | Relentless Pressure | Long Ball Pass | Footwork Phenom | Pinged Pass | Whipped Pass+ | Cornerstones | Iron Will,AEK Athens,Hellas Liga,false,false,500,750
246174,Harvey Elliott,77,CAM,CM | RW,72,71,76,81,50,44,3,3,1,Finesse Shot,0,,0,,15,Intro to Evolutions | Intro to Training Camp EVOs II | Intro to Rewards EVOs | Rising Guard | Cover Athlete | Passing Prodigy | One Shot | Complete Connection | Relentless Pressure | Long Ball Pass | Footwork Phenom | Pinged Pass | Whipped Pass+ | Cornerstones | Iron Will,Valencia CF,LALIGA EA SPORTS,false,false,500,500
253054,Hayden Hackney,77,CM,CDM | CAM,67,68,74,77,70,74,3,3,5,Finesse Shot | Gamechanger | Incisive Pass | Long Ball Pass | Inventive,0,,0,,12,Intro to Evolutions | Intro to Rewards EVOs | Rising Guard | Cover Athlete | Passing Prodigy | One Shot | Complete Connection | Footwork Phenom | Pinged Pass | Whipped Pass+ | Cornerstones | Iron Will,Everton,Premier League,false,true,500,1500
267017,Henrietta Csiszàr,77,CM,CAM | CDM,67,76,75,74,71,76,3,3,0,,0,,0,,15,Intro to Evolutions | Intro to Training Camp EVOs II | Intro to Rewards EVOs | Rising Guard | Cover Athlete | Passing Prodigy | One Shot | Complete Connection | Relentless Pressure | Long Ball Pass | Footwork Phenom | Pinged Pass | Whipped Pass+ | Cornerstones | Iron Will,Atlético de Madrid,Liga F Moeve,false,false,500,
243032,Hugo Duro,77,ST,,73,78,69,74,50,76,3,4,1,Precision Header,0,,0,,15,Intro to Evolutions | Intro to Training Camp EVOs II | Intro to Rewards EVOs | Club Member Reward | Rising Guard | Passing Prodigy | One Shot | Relentless Pressure | Long Ball Pass | Footwork Phenom | Pinged Pass | ST Advanced Forward+ | Whipped Pass+ | Cornerstones | Iron Will,Valencia CF,LALIGA EA SPORTS,false,false,500,1000
268896,Hugo Larsson,77,CM,CDM,72,72,71,77,71,76,3,3,4,Pinged Pass | Tiki Taka | Press Proven | Relentless,0,,0,,12,Intro to Evolutions | Intro to Rewards EVOs | Rising Guard | Passing Prodigy | One Shot | Complete Connection | Relentless Pressure | Footwork Phenom | Pinged Pass | Whipped Pass+ | Cornerstones | Iron Will,Fulham,Premier League,false,true,500,750
79402,Igor Jesus,77,ST,,68,77,65,72,36,76,3,3,1,Enforcer,0,,0,,15,Intro to Evolutions | Intro to Training Camp EVOs II | Intro to Rewards EVOs | Club Member Reward | Rising Guard | Passing Prodigy | One Shot | Relentless Pressure | Long Ball Pass | Footwork Phenom | Pinged Pass | ST Advanced Forward+ | Whipped Pass+ | Cornerstones | Iron Will,Nott'm Forest,Premier League,false,true,500,500
259750,Igor Matanović,77,ST,,67,74,56,68,35,84,2,4,1,Enforcer,0,,0,,15,Intro to Evolutions | Intro to Training Camp EVOs II | Intro to Rewards EVOs | Club Member Reward | Rising Guard | Passing Prodigy | One Shot | Relentless Pressure | Long Ball Pass | Footwork Phenom | Pinged Pass | ST Advanced Forward+ | Whipped Pass+ | Cornerstones | Iron Will,SC Freiburg,Bundesliga,false,false,500,750
257118,Ilan Kebbal,77,RM,RW | CAM | CM,76,73,74,82,24,53,4,2,6,Incisive Pass | Long Ball Pass | Inventive | Technical | Quick Step | Relentless,0,,0,,9,Intro to Evolutions | Intro to Rewards EVOs | Rising Guard | Passing Prodigy | One Shot | Footwork Phenom | Whipped Pass+ | Cornerstones | Iron Will,Paris FC,Ligue 1 McDonald's,false,false,500,250
243792,Iñigo Vicente,77,LM,CAM | LW | CM,79,71,77,77,47,70,4,4,6,Dead Ball | Incisive Pass | Long Ball Pass | Whipped Pass | Inventive | Rapid,0,,0,,9,Intro to Evolutions | Intro to Rewards EVOs | Rising Guard | Passing Prodigy | One Shot | Footwork Phenom | Whipped Pass+ | Cornerstones | Iron Will,R. Racing Club,LALIGA EA SPORTS,false,false,500,500
81625,Isabela,77,RB,RM | RW,76,56,66,69,76,75,3,3,0,,0,,0,,13,Intro to Evolutions | Intro to Training Camp EVOs II | Intro to Rewards EVOs | Rising Guard | Passing Prodigy | One Shot | Relentless Pressure | Long Ball Pass | Footwork Phenom | Pinged Pass | Whipped Pass+ | Cornerstones | Iron Will,Paris SG,Arkema PL,true,false,500,
257090,Ismaël Doukouré,77,CB,CDM | CM,62,42,63,66,77,77,2,3,0,,0,,0,,14,Intro to Evolutions | Intro to Training Camp EVOs II | Intro to Rewards EVOs | Rising Guard | Passing Prodigy | One Shot | Complete Connection | Relentless Pressure | Long Ball Pass | Footwork Phenom | Pinged Pass | Whipped Pass+ | Cornerstones | Iron Will,Strasbourg,Ligue 1 McDonald's,false,false,500,500
75320,Ismaëlo Ganiou,77,CB,,73,56,61,67,77,80,2,3,0,,0,,0,,13,Intro to Evolutions | Intro to Training Camp EVOs II | Intro to Rewards EVOs | Rising Guard | Passing Prodigy | One Shot | Relentless Pressure | Long Ball Pass | Footwork Phenom | Pinged Pass | Whipped Pass+ | Cornerstones | Iron Will,RC Lens,Ligue 1 McDonald's,false,false,500,500
260466,İsmail Yüksek,77,CDM,CM,74,59,70,75,76,79,3,3,2,Jockey | Slide Tackle,0,,0,,14,Intro to Evolutions | Intro to Training Camp EVOs II | Intro to Rewards EVOs | Rising Guard | Passing Prodigy | One Shot | Complete Connection | Relentless Pressure | Long Ball Pass | Footwork Phenom | Pinged Pass | Whipped Pass+ | Cornerstones | Iron Will,Fenerbahçe,Trendyol Süper Lig,false,false,500,500
246928,Iván Martín,77,CM,CDM | CAM,70,71,78,78,69,63,3,3,1,Technical,0,,0,,15,Intro to Evolutions | Intro to Training Camp EVOs II | Intro to Rewards EVOs | Rising Guard | Cover Athlete | Passing Prodigy | One Shot | Complete Connection | Relentless Pressure | Long Ball Pass | Footwork Phenom | Pinged Pass | Whipped Pass+ | Cornerstones | Iron Will,R. Racing Club,LALIGA EA SPORTS,false,false,500,500
277283,Jack Hinshelwood,77,CDM,CAM | RB | CM,66,71,76,76,74,72,3,4,0,,0,,0,,14,Intro to Evolutions | Intro to Training Camp EVOs II | Intro to Rewards EVOs | Rising Guard | Passing Prodigy | One Shot | Complete Connection | Relentless Pressure | Long Ball Pass | Footwork Phenom | Pinged Pass | Whipped Pass+ | Cornerstones | Iron Will,Brighton,Premier League,false,true,500,500
244238,Jaka Bijol,77,CB,,63,59,64,62,78,81,2,3,2,Long Ball Pass | Aerial Fortress,0,,0,,13,Intro to Evolutions | Intro to Training Camp EVOs II | Intro to Rewards EVOs | Rising Guard | Passing Prodigy | One Shot | Relentless Pressure | Long Ball Pass | Footwork Phenom | Pinged Pass | Whipped Pass+ | Cornerstones | Iron Will,Leeds United,Premier League,false,true,500,500
252495,Jakub Kamiński,77,LM,CAM | RM | LB,84,70,69,79,57,62,3,3,1,Rapid,0,,0,,13,Intro to Evolutions | Intro to Training Camp EVOs II | Intro to Rewards EVOs | Rising Guard | Passing Prodigy | One Shot | Relentless Pressure | Long Ball Pass | Footwork Phenom | Pinged Pass | Whipped Pass+ | Cornerstones | Iron Will,SL Benfica,Liga Portugal,false,false,500,1000
266032,Jamie Gittens,77,LM,LW,92,72,66,82,27,55,4,3,2,Rapid | Quick Step,0,,0,,12,Intro to Evolutions | Intro to Training Camp EVOs II | Rising Guard | Passing Prodigy | One Shot | Relentless Pressure | Long Ball Pass | Footwork Phenom | Pinged Pass | Whipped Pass+ | Cornerstones | Iron Will,Chelsea,Premier League,false,true,500,1500
240451,Jan-Niklas Beste,77,RM,LM | RB | LB,76,67,78,78,61,62,3,3,4,Finesse Shot | Dead Ball | Whipped Pass | First Touch,0,,0,,11,Intro to Evolutions | Intro to Rewards EVOs | Rising Guard | Passing Prodigy | One Shot | Relentless Pressure | Footwork Phenom | Pinged Pass | Whipped Pass+ | Cornerstones | Iron Will,SC Freiburg,Bundesliga,false,false,500,500
273651,Jarell Quansah,77,CB,RB,80,48,62,69,77,76,2,3,3,Slide Tackle | Aerial Fortress | Bruiser,0,,0,,13,Intro to Evolutions | Intro to Training Camp EVOs II | Intro to Rewards EVOs | Rising Guard | Passing Prodigy | One Shot | Relentless Pressure | Long Ball Pass | Footwork Phenom | Pinged Pass | Whipped Pass+ | Cornerstones | Iron Will,Leverkusen,Bundesliga,false,false,500,500
231591,Javi Galán,77,LB,LM,77,57,75,77,74,72,4,2,1,Anticipate,0,,0,,13,Intro to Evolutions | Intro to Training Camp EVOs II | Intro to Rewards EVOs | Rising Guard | Passing Prodigy | One Shot | Relentless Pressure | Long Ball Pass | Footwork Phenom | Pinged Pass | Whipped Pass+ | Cornerstones | Iron Will,Celta,LALIGA EA SPORTS,false,false,500,750
266436,Javi Guerra,77,CM,CDM | CAM,74,73,75,76,74,75,3,4,2,Incisive Pass | Inventive,0,,0,,15,Intro to Evolutions | Intro to Training Camp EVOs II | Intro to Rewards EVOs | Rising Guard | Cover Athlete | Passing Prodigy | One Shot | Complete Connection | Relentless Pressure | Long Ball Pass | Footwork Phenom | Pinged Pass | Whipped Pass+ | Cornerstones | Iron Will,Valencia CF,LALIGA EA SPORTS,false,false,500,500
251217,Jean Lucas,77,CM,CDM,72,71,74,77,73,75,3,3,1,Press Proven,0,,0,,14,Intro to Evolutions | Intro to Training Camp EVOs II | Intro to Rewards EVOs | Rising Guard | Passing Prodigy | One Shot | Complete Connection | Relentless Pressure | Long Ball Pass | Footwork Phenom | Pinged Pass | Whipped Pass+ | Cornerstones | Iron Will,Bahia,Liga do Brasil,false,false,500,
278903,Jérémy Jacquet,77,CB,,64,38,61,62,77,77,2,2,1,Aerial Fortress,0,,0,,13,Intro to Evolutions | Intro to Training Camp EVOs II | Intro to Rewards EVOs | Rising Guard | Passing Prodigy | One Shot | Relentless Pressure | Long Ball Pass | Footwork Phenom | Pinged Pass | Whipped Pass+ | Cornerstones | Iron Will,Liverpool,Premier League,true,true,500,500
226045,Jesús Gallardo,77,LB,LM | LW,83,68,71,76,72,74,3,3,4,Precision Header | Jockey | Anticipate | Rapid,0,,0,,11,Intro to Evolutions | Intro to Rewards EVOs | Rising Guard | Passing Prodigy | One Shot | Relentless Pressure | Footwork Phenom | Pinged Pass | Whipped Pass+ | Cornerstones | Iron Will,Toluca FC,Liga BBVA MX,false,false,500,
268451,Jill Janssens,77,RB,RM | RW,87,72,71,75,70,53,3,3,1,Technical,0,,0,,12,Intro to Evolutions | Intro to Training Camp EVOs II | Rising Guard | Passing Prodigy | One Shot | Relentless Pressure | Long Ball Pass | Footwork Phenom | Pinged Pass | Whipped Pass+ | Cornerstones | Iron Will,Union Berlin,GPFBL,false,false,500,500
162347,João Moutinho,77,CM,CDM,36,67,80,75,70,65,3,4,3,Gamechanger | Inventive | Anticipate,0,,0,,14,Intro to Evolutions | Intro to Training Camp EVOs II | Intro to Rewards EVOs | Rising Guard | Passing Prodigy | One Shot | Complete Connection | Relentless Pressure | Long Ball Pass | Footwork Phenom | Pinged Pass | Whipped Pass+ | Cornerstones | Iron Will,SC Braga,Liga Portugal,false,false,500,500
233092,Joaquín Pereyra,77,CM,LM | RW | CAM,67,70,77,75,64,69,3,3,4,Power Shot | Long Ball Pass | Whipped Pass | Press Proven,0,,0,,12,Intro to Evolutions | Intro to Rewards EVOs | Rising Guard | Passing Prodigy | One Shot | Complete Connection | Relentless Pressure | Footwork Phenom | Pinged Pass | Whipped Pass+ | Cornerstones | Iron Will,Minnesota United,MLS,false,false,500,500
270964,Jobe Bellingham,77,CM,CDM,70,69,73,76,80,83,3,3,4,Pinged Pass | Intercept | Press Proven | Bruiser,0,,0,,12,Intro to Evolutions | Intro to Rewards EVOs | Rising Guard | Passing Prodigy | One Shot | Complete Connection | Relentless Pressure | Footwork Phenom | Pinged Pass | Whipped Pass+ | Cornerstones | Iron Will,Borussia Dortmund,Bundesliga,false,false,500,10000
229266,Joe Rodon,77,CB,,76,40,58,59,77,79,2,3,1,Aerial Fortress,0,,0,,13,Intro to Evolutions | Intro to Training Camp EVOs II | Intro to Rewards EVOs | Rising Guard | Passing Prodigy | One Shot | Relentless Pressure | Long Ball Pass | Footwork Phenom | Pinged Pass | Whipped Pass+ | Cornerstones | Iron Will,Leeds United,Premier League,false,true,500,500
208004,Joël Veltman,77,RB,RM,63,50,68,71,79,75,2,4,0,,0,,0,,13,Intro to Evolutions | Intro to Training Camp EVOs II | Intro to Rewards EVOs | Rising Guard | Passing Prodigy | One Shot | Relentless Pressure | Long Ball Pass | Footwork Phenom | Pinged Pass | Whipped Pass+ | Cornerstones | Iron Will,West Ham,EFL Championship,false,false,500,500
259848,Jon Mikel Aramburu,77,RB,,76,55,71,71,77,75,2,3,3,Intercept | Aerial Fortress | Long Throw,0,,0,,13,Intro to Evolutions | Intro to Training Camp EVOs II | Intro to Rewards EVOs | Rising Guard | Passing Prodigy | One Shot | Relentless Pressure | Long Ball Pass | Footwork Phenom | Pinged Pass | Whipped Pass+ | Cornerstones | Iron Will,Real Sociedad,LALIGA EA SPORTS,false,false,500,750
239093,Jonathan Clauss,77,RB,RM,83,68,75,77,71,69,3,3,5,Dead Ball | Intercept | Anticipate | Relentless | Long Throw,1,Whipped Pass,0,,10,Intro to Evolutions | Intro to Rewards EVOs | Rising Guard | Passing Prodigy | One Shot | Footwork Phenom | Pinged Pass | Whipped Pass+ | Cornerstones | Iron Will,OGC Nice,Ligue 1 McDonald's,false,false,500,750
221284,Jonathan Gradit,77,CB,,64,29,63,69,77,77,2,3,2,Anticipate | Aerial Fortress,0,,0,,13,Intro to Evolutions | Intro to Training Camp EVOs II | Intro to Rewards EVOs | Rising Guard | Passing Prodigy | One Shot | Relentless Pressure | Long Ball Pass | Footwork Phenom | Pinged Pass | Whipped Pass+ | Cornerstones | Iron Will,RC Lens,Ligue 1 McDonald's,false,false,500,500
199422,Jordy Clasie,77,CDM,CM,43,63,79,75,70,67,3,3,3,Intercept | Anticipate | Press Proven,0,,0,,14,Intro to Evolutions | Intro to Training Camp EVOs II | Intro to Rewards EVOs | Rising Guard | Passing Prodigy | One Shot | Complete Connection | Relentless Pressure | Long Ball Pass | Footwork Phenom | Pinged Pass | Whipped Pass+ | Cornerstones | Iron Will,AZ,Eredivisie,false,false,500,500
238756,Jørgen Strand Larsen,77,ST,,73,79,62,70,32,80,3,3,0,,0,,0,,15,Intro to Evolutions | Intro to Training Camp EVOs II | Intro to Rewards EVOs | Club Member Reward | Rising Guard | Passing Prodigy | One Shot | Relentless Pressure | Long Ball Pass | Footwork Phenom | Pinged Pass | ST Advanced Forward+ | Whipped Pass+ | Cornerstones | Iron Will,Crystal Palace,Premier League,false,true,500,500
245354,José Paradela,77,CAM,RW | RM | CM,73,67,78,77,59,63,3,3,2,Finesse Shot | Technical,0,,0,,14,Intro to Evolutions | Intro to Training Camp EVOs II | Intro to Rewards EVOs | Rising Guard | Passing Prodigy | One Shot | Complete Connection | Relentless Pressure | Long Ball Pass | Footwork Phenom | Pinged Pass | Whipped Pass+ | Cornerstones | Iron Will,CF Cruz Azul,Liga BBVA MX,false,false,500,
228151,Josh Cullen,77,CDM,CM,53,63,75,74,74,69,3,3,4,Pinged Pass | Long Ball Pass | First Touch | Relentless,0,,0,,12,Intro to Evolutions | Intro to Rewards EVOs | Rising Guard | Passing Prodigy | One Shot | Complete Connection | Relentless Pressure | Footwork Phenom | Pinged Pass | Whipped Pass+ | Cornerstones | Iron Will,Burnley,EFL Championship,false,false,500,500
250961,Joshua Zirkzee,77,ST,,67,76,73,80,42,75,4,3,2,Technical | First Touch,0,,0,,15,Intro to Evolutions | Intro to Training Camp EVOs II | Intro to Rewards EVOs | Club Member Reward | Rising Guard | Passing Prodigy | One Shot | Relentless Pressure | Long Ball Pass | Footwork Phenom | Pinged Pass | ST Advanced Forward+ | Whipped Pass+ | Cornerstones | Iron Will,Man Utd,Premier League,true,true,500,500
265952,Julie Rabanne,77,RB,LB | RM | LM,68,73,76,76,76,73,3,4,2,Whipped Pass | Long Throw,0,,0,,13,Intro to Evolutions | Intro to Training Camp EVOs II | Intro to Rewards EVOs | Rising Guard | Passing Prodigy | One Shot | Relentless Pressure | Long Ball Pass | Footwork Phenom | Pinged Pass | Whipped Pass+ | Cornerstones | Iron Will,Toulouse FC,Arkema PL,false,false,500,500
277170,Julie Swierot,77,CM,CDM,70,68,70,75,71,71,3,3,1,Jockey,0,,0,,14,Intro to Evolutions | Intro to Training Camp EVOs II | Intro to Rewards EVOs | Rising Guard | Passing Prodigy | One Shot | Complete Connection | Relentless Pressure | Long Ball Pass | Footwork Phenom | Pinged Pass | Whipped Pass+ | Cornerstones | Iron Will,OL Lyonnes,Arkema PL,false,false,500,250
73027,Justine Kielland,77,CDM,CM | CAM,70,71,73,72,75,71,2,2,1,Relentless,0,,0,,15,Intro to Evolutions | Intro to Training Camp EVOs II | Intro to Rewards EVOs | Rising Guard | Cover Athlete | Passing Prodigy | One Shot | Complete Connection | Relentless Pressure | Long Ball Pass | Footwork Phenom | Pinged Pass | Whipped Pass+ | Cornerstones | Iron Will,Aston Villa,Barclays WSL,false,false,500,500
267388,Kaleigh Riehl,77,CB,,42,43,57,66,79,65,2,2,0,,0,,0,,13,Intro to Evolutions | Intro to Training Camp EVOs II | Intro to Rewards EVOs | Rising Guard | Passing Prodigy | One Shot | Relentless Pressure | Long Ball Pass | Footwork Phenom | Pinged Pass | Whipped Pass+ | Cornerstones | Iron Will,Utah Royals FC,NWSL,false,false,500,500
228687,Kasper Dolberg,77,ST,,68,78,66,75,30,67,3,3,2,Finesse Shot | Gamechanger,0,,0,,15,Intro to Evolutions | Intro to Training Camp EVOs II | Intro to Rewards EVOs | Club Member Reward | Rising Guard | Passing Prodigy | One Shot | Relentless Pressure | Long Ball Pass | Footwork Phenom | Pinged Pass | ST Advanced Forward+ | Whipped Pass+ | Cornerstones | Iron Will,Ajax,Eredivisie,false,false,500,250
264967,Katarzyna Kiedrzynek,77,GK,,77,76,73,79,39,77,1,3,0,,0,,0,,8,Intro to Training Camp EVOs I | Intro to Training Camp EVOs II | The Debut | Relentless Pressure | Long Ball Pass | Pinged Pass | Whipped Pass+ | Cornerstones,Paris SG,Arkema PL,true,false,500,500
77548,Katie O'Kane,77,CM,CDM,72,68,76,74,62,61,2,3,0,,0,,0,,14,Intro to Evolutions | Intro to Training Camp EVOs II | Intro to Rewards EVOs | Rising Guard | Passing Prodigy | One Shot | Complete Connection | Relentless Pressure | Long Ball Pass | Footwork Phenom | Pinged Pass | Whipped Pass+ | Cornerstones | Iron Will,Rac. Louisville,NWSL,false,false,500,500
243606,Keane Lewis-Potter,77,LB,LM | RM | LW,77,70,74,78,72,64,3,4,0,,0,,0,,13,Intro to Evolutions | Intro to Training Camp EVOs II | Intro to Rewards EVOs | Rising Guard | Passing Prodigy | One Shot | Relentless Pressure | Long Ball Pass | Footwork Phenom | Pinged Pass | Whipped Pass+ | Cornerstones | Iron Will,Brentford,Premier League,false,true,500,500
267220,Kelli Hubly,77,CB,,47,46,66,61,80,76,2,3,0,,0,,0,,13,Intro to Evolutions | Intro to Training Camp EVOs II | Intro to Rewards EVOs | Rising Guard | Passing Prodigy | One Shot | Relentless Pressure | Long Ball Pass | Footwork Phenom | Pinged Pass | Whipped Pass+ | Cornerstones | Iron Will,Bay FC,NWSL,false,false,500,500
71586,Kennedy Wesley,77,CB,,48,48,63,65,79,70,2,3,1,Precision Header,0,,0,,13,Intro to Evolutions | Intro to Training Camp EVOs II | Intro to Rewards EVOs | Rising Guard | Passing Prodigy | One Shot | Relentless Pressure | Long Ball Pass | Footwork Phenom | Pinged Pass | Whipped Pass+ | Cornerstones | Iron Will,San Diego Wave,NWSL,false,false,500,500
224841,Kevin Diks,77,CB,LB | RB | CM,79,67,70,72,77,78,3,4,3,Long Ball Pass | Jockey | Long Throw,0,,0,,14,Intro to Evolutions | Intro to Training Camp EVOs II | Intro to Rewards EVOs | Rising Guard | Passing Prodigy | One Shot | Complete Connection | Relentless Pressure | Long Ball Pass | Footwork Phenom | Pinged Pass | Whipped Pass+ | Cornerstones | Iron Will,M'gladbach,Bundesliga,false,false,500,1500
226491,Kieran Tierney,77,LB,CB | LM,76,61,75,75,75,72,3,3,2,Jockey | Long Throw,0,,0,,13,Intro to Evolutions | Intro to Training Camp EVOs II | Intro to Rewards EVOs | Rising Guard | Passing Prodigy | One Shot | Relentless Pressure | Long Ball Pass | Footwork Phenom | Pinged Pass | Whipped Pass+ | Cornerstones | Iron Will,Celtic,Scottish Prem,false,false,500,500
71809,Kimmi Ascanio,77,CM,CDM | RM | RW,69,66,68,78,71,58,3,3,0,,0,,0,,14,Intro to Evolutions | Intro to Training Camp EVOs II | Intro to Rewards EVOs | Rising Guard | Passing Prodigy | One Shot | Complete Connection | Relentless Pressure | Long Ball Pass | Footwork Phenom | Pinged Pass | Whipped Pass+ | Cornerstones | Iron Will,San Diego Wave,NWSL,false,false,500,500
272054,Klára Cahynová,77,CDM,CM | CB,70,37,71,73,77,82,2,2,2,Anticipate | Aerial Fortress,0,,0,,14,Intro to Evolutions | Intro to Training Camp EVOs II | Intro to Rewards EVOs | Rising Guard | Passing Prodigy | One Shot | Complete Connection | Relentless Pressure | Long Ball Pass | Footwork Phenom | Pinged Pass | Whipped Pass+ | Cornerstones | Iron Will,Real Sociedad,Liga F Moeve,false,false,500,500
276765,Klaudia Jedlińska,77,RM,LM | RW | LW,83,69,73,78,48,55,3,3,2,Technical | Quick Step,0,,0,,13,Intro to Evolutions | Intro to Training Camp EVOs II | Intro to Rewards EVOs | Rising Guard | Passing Prodigy | One Shot | Relentless Pressure | Long Ball Pass | Footwork Phenom | Pinged Pass | Whipped Pass+ | Cornerstones | Iron Will,Paris FC,Arkema PL,false,false,500,500
224258,Kristoffer Ajer,77,CB,RB | LB,67,56,65,68,76,79,3,3,0,,0,,0,,13,Intro to Evolutions | Intro to Training Camp EVOs II | Intro to Rewards EVOs | Rising Guard | Passing Prodigy | One Shot | Relentless Pressure | Long Ball Pass | Footwork Phenom | Pinged Pass | Whipped Pass+ | Cornerstones | Iron Will,Brentford,Premier League,false,true,500,500
262866,Kyra Cooney-Cross,77,CDM,CM,75,75,77,75,70,72,3,3,0,,0,,0,,14,Intro to Evolutions | Intro to Training Camp EVOs II | Intro to Rewards EVOs | Rising Guard | Passing Prodigy | One Shot | Complete Connection | Relentless Pressure | Long Ball Pass | Footwork Phenom | Pinged Pass | Whipped Pass+ | Cornerstones | Iron Will,Arsenal,Barclays WSL,false,false,500,750
251170,Lassine Sinayoko,77,ST,LW | CAM | LM,76,78,68,76,43,77,3,4,0,,0,,0,,15,Intro to Evolutions | Intro to Training Camp EVOs II | Intro to Rewards EVOs | Club Member Reward | Rising Guard | Passing Prodigy | One Shot | Relentless Pressure | Long Ball Pass | Footwork Phenom | Pinged Pass | ST Advanced Forward+ | Whipped Pass+ | Cornerstones | Iron Will,Paris FC,Ligue 1 McDonald's,false,false,500,500
227330,Laura Benkarth,77,GK,,78,77,79,75,45,76,1,3,0,,0,,0,,8,Intro to Training Camp EVOs I | Intro to Training Camp EVOs II | The Debut | Relentless Pressure | Long Ball Pass | Pinged Pass | Whipped Pass+ | Cornerstones,SC Freiburg,GPFBL,false,false,500,500
264940,Laura Feiersinger,77,CM,CDM | CB,79,66,75,78,66,68,4,3,1,Rapid,0,,0,,14,Intro to Evolutions | Intro to Training Camp EVOs II | Intro to Rewards EVOs | Rising Guard | Passing Prodigy | One Shot | Complete Connection | Relentless Pressure | Long Ball Pass | Footwork Phenom | Pinged Pass | Whipped Pass+ | Cornerstones | Iron Will,1. FC Köln,GPFBL,false,false,500,500
267325,Lauren Milliet,77,RB,RM,77,58,73,77,72,52,3,4,1,Whipped Pass,0,,0,,13,Intro to Evolutions | Intro to Training Camp EVOs II | Intro to Rewards EVOs | Rising Guard | Passing Prodigy | One Shot | Relentless Pressure | Long Ball Pass | Footwork Phenom | Pinged Pass | Whipped Pass+ | Cornerstones | Iron Will,Rac. Louisville,NWSL,false,false,500,500
268640,Laurie Cance,77,CAM,CM | ST | CDM,80,74,72,79,54,78,3,4,5,Incisive Pass | Block | Anticipate | Relentless | Bruiser,0,,0,,13,Intro to Evolutions | Intro to Rewards EVOs | Club Member Reward | Rising Guard | Passing Prodigy | One Shot | Complete Connection | Footwork Phenom | Pinged Pass | ST Advanced Forward+ | Whipped Pass+ | Cornerstones | Iron Will,FC Fleury 91,Arkema PL,false,false,500,500
264900,Laurina Fazer,77,CDM,CM,84,71,73,84,72,63,3,3,0,,0,,0,,14,Intro to Evolutions | Intro to Training Camp EVOs II | Intro to Rewards EVOs | Rising Guard | Passing Prodigy | One Shot | Complete Connection | Relentless Pressure | Long Ball Pass | Footwork Phenom | Pinged Pass | Whipped Pass+ | Cornerstones | Iron Will,San Diego Wave,NWSL,false,false,500,500
216218,Lawrence Shankland,77,ST,CAM,63,78,69,75,28,80,2,4,4,Low Driven Shot | Gamechanger | Incisive Pass | Enforcer,0,,0,,14,Intro to Evolutions | Intro to Rewards EVOs | Club Member Reward | Rising Guard | Cover Athlete | Passing Prodigy | One Shot | Relentless Pressure | Footwork Phenom | Pinged Pass | ST Advanced Forward+ | Whipped Pass+ | Cornerstones | Iron Will,Rangers,Scottish Prem,false,false,500,1500
265878,Léa Declercq,77,CDM,CM | CB,71,70,74,76,73,77,3,3,3,Dead Ball | Long Ball Pass | Intercept,0,,0,,14,Intro to Evolutions | Intro to Training Camp EVOs II | Intro to Rewards EVOs | Rising Guard | Passing Prodigy | One Shot | Complete Connection | Relentless Pressure | Long Ball Pass | Footwork Phenom | Pinged Pass | Whipped Pass+ | Cornerstones | Iron Will,Strasbourg,Arkema PL,false,false,500,500
245253,Leandro Barreiro,77,CM,CDM | CAM,80,70,69,79,73,69,3,3,4,Precision Header | Block | Slide Tackle | Relentless,0,,0,,13,Intro to Evolutions | Intro to Rewards EVOs | Rising Guard | Cover Athlete | Passing Prodigy | One Shot | Complete Connection | Relentless Pressure | Footwork Phenom | Pinged Pass | Whipped Pass+ | Cornerstones | Iron Will,SL Benfica,Liga Portugal,false,false,500,750
272008,Leire Baños,77,CDM,CM | CB | CAM,62,70,72,71,75,75,3,3,3,Jockey | Aerial Fortress | Press Proven,0,,0,,14,Intro to Evolutions | Intro to Training Camp EVOs II | Intro to Rewards EVOs | Rising Guard | Passing Prodigy | One Shot | Complete Connection | Relentless Pressure | Long Ball Pass | Footwork Phenom | Pinged Pass | Whipped Pass+ | Cornerstones | Iron Will,Athletic Club,Liga F Moeve,false,false,500,750
265879,Léna Goetsch,77,RB,RM,80,46,66,67,75,76,3,3,2,Jockey | Intercept,0,,0,,13,Intro to Evolutions | Intro to Training Camp EVOs II | Intro to Rewards EVOs | Rising Guard | Passing Prodigy | One Shot | Relentless Pressure | Long Ball Pass | Footwork Phenom | Pinged Pass | Whipped Pass+ | Cornerstones | Iron Will,FC Fleury 91,Arkema PL,false,false,500,500
78063,Lennart Karl,77,RM,CAM | RW | CM,73,73,73,84,34,43,4,2,3,Finesse Shot | Incisive Pass | Inventive,0,,0,,14,Intro to Evolutions | Intro to Training Camp EVOs II | Intro to Rewards EVOs | Rising Guard | Passing Prodigy | One Shot | Complete Connection | Relentless Pressure | Long Ball Pass | Footwork Phenom | Pinged Pass | Whipped Pass+ | Cornerstones | Iron Will,FC Bayern München,Bundesliga,true,false,500,1500
258466,Leo Román,77,GK,,78,74,73,78,49,75,1,3,1,Footwork,0,,0,,8,Intro to Training Camp EVOs I | Intro to Training Camp EVOs II | The Debut | Relentless Pressure | Long Ball Pass | Pinged Pass | Whipped Pass+ | Cornerstones,RC Deportivo,LALIGA EA SPORTS,false,false,500,1000
229906,Leon Bailey,77,RM,RW,86,73,73,82,38,58,4,2,1,Quick Step,0,,0,,12,Intro to Evolutions | Intro to Training Camp EVOs II | Rising Guard | Passing Prodigy | One Shot | Relentless Pressure | Long Ball Pass | Footwork Phenom | Pinged Pass | Whipped Pass+ | Cornerstones | Iron Will,Olympiacos FC,Hellas Liga,false,false,500,750
265576,Leopold Querfeld,77,CB,,57,50,58,57,78,78,2,3,2,Long Ball Pass | Aerial Fortress,0,,0,,13,Intro to Evolutions | Intro to Training Camp EVOs II | Intro to Rewards EVOs | Rising Guard | Passing Prodigy | One Shot | Relentless Pressure | Long Ball Pass | Footwork Phenom | Pinged Pass | Whipped Pass+ | Cornerstones | Iron Will,Union Berlin,Bundesliga,false,false,500,500
229153,Levi García,77,ST,RW | RM,87,74,70,80,35,79,4,3,4,Precision Header | Aerial Fortress | Technical | Rapid,0,,0,,12,Intro to Evolutions | Club Member Reward | Rising Guard | Passing Prodigy | One Shot | Relentless Pressure | Footwork Phenom | Pinged Pass | ST Advanced Forward+ | Whipped Pass+ | Cornerstones | Iron Will,Panathinaikos,Hellas Liga,false,false,500,
199915,Lewis Dunk,77,CB,,36,52,66,64,78,79,2,2,2,Pinged Pass | Aerial Fortress,0,,0,,13,Intro to Evolutions | Intro to Training Camp EVOs II | Intro to Rewards EVOs | Rising Guard | Passing Prodigy | One Shot | Relentless Pressure | Long Ball Pass | Footwork Phenom | Pinged Pass | Whipped Pass+ | Cornerstones | Iron Will,Brighton,Premier League,false,true,500,500
242280,Lewis Ferguson,77,CDM,CM,68,79,74,77,73,76,3,4,0,,0,,0,,14,Intro to Evolutions | Intro to Training Camp EVOs II | Intro to Rewards EVOs | Rising Guard | Passing Prodigy | One Shot | Complete Connection | Relentless Pressure | Long Ball Pass | Footwork Phenom | Pinged Pass | Whipped Pass+ | Cornerstones | Iron Will,Bologna,Serie A Enilive,false,false,500,750
274246,Lewis Miley,77,CM,RB | CDM | RM,68,66,76,75,76,69,3,4,1,Pinged Pass,0,,0,,14,Intro to Evolutions | Intro to Training Camp EVOs II | Intro to Rewards EVOs | Rising Guard | Passing Prodigy | One Shot | Complete Connection | Relentless Pressure | Long Ball Pass | Footwork Phenom | Pinged Pass | Whipped Pass+ | Cornerstones | Iron Will,Newcastle Utd,Premier League,false,true,500,1500
259031,Liam Delap,77,ST,,76,77,60,75,30,79,3,5,2,Power Shot | Enforcer,0,,0,,15,Intro to Evolutions | Intro to Training Camp EVOs II | Intro to Rewards EVOs | Club Member Reward | Rising Guard | Passing Prodigy | One Shot | Relentless Pressure | Long Ball Pass | Footwork Phenom | Pinged Pass | ST Advanced Forward+ | Whipped Pass+ | Cornerstones | Iron Will,Nott'm Forest,Premier League,false,true,500,1000
265703,Lisa Doorn,77,CB,,53,56,61,60,77,77,2,3,3,Long Ball Pass | Slide Tackle | Aerial Fortress,0,,0,,13,Intro to Evolutions | Intro to Training Camp EVOs II | Intro to Rewards EVOs | Rising Guard | Passing Prodigy | One Shot | Relentless Pressure | Long Ball Pass | Footwork Phenom | Pinged Pass | Whipped Pass+ | Cornerstones | Iron Will,TSG Hoffenheim,GPFBL,false,false,500,500
255106,Loïc Badé,77,CB,,61,45,57,67,77,78,2,3,5,Long Ball Pass | Jockey | Block | Anticipate | Aerial Fortress,0,,0,,10,Intro to Evolutions | Intro to Rewards EVOs | Rising Guard | Passing Prodigy | One Shot | Footwork Phenom | Pinged Pass | Whipped Pass+ | Cornerstones | Iron Will,Leverkusen,Bundesliga,false,false,500,500
257368,Lorenzo Pirola,77,CB,LB,69,45,61,67,77,76,2,3,1,Jockey,0,,0,,13,Intro to Evolutions | Intro to Training Camp EVOs II | Intro to Rewards EVOs | Rising Guard | Passing Prodigy | One Shot | Relentless Pressure | Long Ball Pass | Footwork Phenom | Pinged Pass | Whipped Pass+ | Cornerstones | Iron Will,Olympiacos FC,Hellas Liga,false,false,500,500
253175,Luana,77,CM,CDM,48,72,77,81,66,64,3,4,0,,0,,0,,14,Intro to Evolutions | Intro to Training Camp EVOs II | Intro to Rewards EVOs | Rising Guard | Passing Prodigy | One Shot | Complete Connection | Relentless Pressure | Long Ball Pass | Footwork Phenom | Pinged Pass | Whipped Pass+ | Cornerstones | Iron Will,Orlando Pride,NWSL,false,false,500,500
222041,Lucas Boyé,77,ST,CAM,69,76,67,78,54,81,4,2,3,Power Shot | Gamechanger | First Touch,0,,0,,16,Intro to Evolutions | Intro to Training Camp EVOs II | Intro to Rewards EVOs | Club Member Reward | Rising Guard | Cover Athlete | Passing Prodigy | One Shot | Relentless Pressure | Long Ball Pass | Footwork Phenom | Pinged Pass | ST Advanced Forward+ | Whipped Pass+ | Cornerstones | Iron Will,D. Alavés,LALIGA EA SPORTS,false,false,500,2000
81947,Luciano Juba,77,LB,LM | LW,84,70,73,78,70,62,4,3,2,Whipped Pass | Technical,0,,0,,13,Intro to Evolutions | Intro to Training Camp EVOs II | Intro to Rewards EVOs | Rising Guard | Passing Prodigy | One Shot | Relentless Pressure | Long Ball Pass | Footwork Phenom | Pinged Pass | Whipped Pass+ | Cornerstones | Iron Will,Bahia,Liga do Brasil,false,false,500,
262221,Luciano Valente,77,CM,CAM | CDM,71,67,78,79,62,75,3,3,4,Incisive Pass | Pinged Pass | Inventive | Press Proven,0,,0,,13,Intro to Evolutions | Intro to Rewards EVOs | Rising Guard | Cover Athlete | Passing Prodigy | One Shot | Complete Connection | Relentless Pressure | Footwork Phenom | Pinged Pass | Whipped Pass+ | Cornerstones | Iron Will,Feyenoord,Eredivisie,false,false,500,1000
74083,Lucie Calba,77,ST,LW | CAM | LM,78,77,71,80,27,49,3,3,0,,0,,0,,15,Intro to Evolutions | Intro to Training Camp EVOs II | Intro to Rewards EVOs | Club Member Reward | Rising Guard | Passing Prodigy | One Shot | Relentless Pressure | Long Ball Pass | Footwork Phenom | Pinged Pass | ST Advanced Forward+ | Whipped Pass+ | Cornerstones | Iron Will,FC Fleury 91,Arkema PL,false,false,500,500
219733,Ludovic Ajorque,77,ST,,64,76,62,68,46,85,3,3,6,Finesse Shot | Precision Header | Inventive | Aerial Fortress | Bruiser | Enforcer,0,,0,,11,Intro to Evolutions | Intro to Rewards EVOs | Club Member Reward | Rising Guard | Passing Prodigy | One Shot | Footwork Phenom | ST Advanced Forward+ | Whipped Pass+ | Cornerstones | Iron Will,Stade Brestois 29,Ligue 1 McDonald's,false,false,500,500
224415,Luis Rioja,77,RM,LM | RW | LW,81,73,74,76,53,58,3,4,1,Whipped Pass,0,,0,,13,Intro to Evolutions | Intro to Training Camp EVOs II | Intro to Rewards EVOs | Rising Guard | Passing Prodigy | One Shot | Relentless Pressure | Long Ball Pass | Footwork Phenom | Pinged Pass | Whipped Pass+ | Cornerstones | Iron Will,Valencia CF,LALIGA EA SPORTS,false,false,500,750
232432,Luka Jović,77,ST,,73,78,68,76,33,73,3,4,1,Chip Shot,0,,0,,15,Intro to Evolutions | Intro to Training Camp EVOs II | Intro to Rewards EVOs | Club Member Reward | Rising Guard | Passing Prodigy | One Shot | Relentless Pressure | Long Ball Pass | Footwork Phenom | Pinged Pass | ST Advanced Forward+ | Whipped Pass+ | Cornerstones | Iron Will,AEK Athens,Hellas Liga,false,false,500,250
258936,Lukáš Horníček,77,GK,,76,76,74,78,28,76,1,2,0,,0,,0,,8,Intro to Training Camp EVOs I | Intro to Training Camp EVOs II | The Debut | Relentless Pressure | Long Ball Pass | Pinged Pass | Whipped Pass+ | Cornerstones,Newcastle Utd,Premier League,false,true,500,750
269829,Madeline Roth,77,RM,CM | RB | CDM,80,74,70,78,56,70,3,3,5,Gamechanger | Tiki Taka | Aerial Fortress | Press Proven | Relentless,0,,0,,11,Intro to Evolutions | Intro to Rewards EVOs | Rising Guard | Passing Prodigy | One Shot | Complete Connection | Footwork Phenom | Pinged Pass | Whipped Pass+ | Cornerstones | Iron Will,FC Nantes,Arkema PL,false,false,500,500
276846,Madison Haley,77,ST,RW | LW | RM,77,74,65,73,35,68,3,3,0,,0,,0,,15,Intro to Evolutions | Intro to Training Camp EVOs II | Intro to Rewards EVOs | Club Member Reward | Rising Guard | Passing Prodigy | One Shot | Relentless Pressure | Long Ball Pass | Footwork Phenom | Pinged Pass | ST Advanced Forward+ | Whipped Pass+ | Cornerstones | Iron Will,Brighton,Barclays WSL,false,false,500,500
221342,Maffeo,77,RB,,78,58,70,77,74,73,3,3,2,Whipped Pass | Block,0,,0,,13,Intro to Evolutions | Intro to Training Camp EVOs II | Intro to Rewards EVOs | Rising Guard | Passing Prodigy | One Shot | Relentless Pressure | Long Ball Pass | Footwork Phenom | Pinged Pass | Whipped Pass+ | Cornerstones | Iron Will,Valencia CF,LALIGA EA SPORTS,false,false,500,500
243631,Mahdi Camara,77,CM,CDM | CAM,74,67,73,77,76,78,3,2,0,,0,,0,,15,Intro to Evolutions | Intro to Training Camp EVOs II | Intro to Rewards EVOs | Rising Guard | Cover Athlete | Passing Prodigy | One Shot | Complete Connection | Relentless Pressure | Long Ball Pass | Footwork Phenom | Pinged Pass | Whipped Pass+ | Cornerstones | Iron Will,Stade Rennais FC,Ligue 1 McDonald's,false,false,500,500
262458,Maite Oroz,77,CM,CDM,69,68,75,81,63,66,4,4,3,Incisive Pass | Tiki Taka | Press Proven,0,,0,,14,Intro to Evolutions | Intro to Training Camp EVOs II | Intro to Rewards EVOs | Rising Guard | Passing Prodigy | One Shot | Complete Connection | Relentless Pressure | Long Ball Pass | Footwork Phenom | Pinged Pass | Whipped Pass+ | Cornerstones | Iron Will,Spurs,Barclays WSL,false,false,500,500
267381,Makenzy Robbe,77,LM,ST | LW | CAM,80,76,72,76,40,71,3,4,0,,0,,0,,15,Intro to Evolutions | Intro to Training Camp EVOs II | Intro to Rewards EVOs | Club Member Reward | Rising Guard | Passing Prodigy | One Shot | Relentless Pressure | Long Ball Pass | Footwork Phenom | Pinged Pass | ST Advanced Forward+ | Whipped Pass+ | Cornerstones | Iron Will,Houston Dash,NWSL,false,false,500,500
256420,Malick Fofana,77,LM,LW,85,69,70,83,40,46,4,5,2,Gamechanger | Technical,0,,0,,12,Intro to Evolutions | Intro to Training Camp EVOs II | Rising Guard | Passing Prodigy | One Shot | Relentless Pressure | Long Ball Pass | Footwork Phenom | Pinged Pass | Whipped Pass+ | Cornerstones | Iron Will,Sunderland,Premier League,false,true,500,500
71691,Manon Wahl,77,GK,,75,74,72,77,21,78,1,3,2,Long Ball Pass | Far Throw,0,,0,,8,Intro to Training Camp EVOs I | Intro to Training Camp EVOs II | The Debut | Relentless Pressure | Long Ball Pass | Pinged Pass | Whipped Pass+ | Cornerstones,Strasbourg,Arkema PL,false,false,500,500
253306,Manuel Ugarte,77,CDM,CM,59,64,71,73,76,75,3,3,1,Intercept,0,,0,,14,Intro to Evolutions | Intro to Training Camp EVOs II | Intro to Rewards EVOs | Rising Guard | Passing Prodigy | One Shot | Complete Connection | Relentless Pressure | Long Ball Pass | Footwork Phenom | Pinged Pass | Whipped Pass+ | Cornerstones | Iron Will,Man Utd,Premier League,true,true,500,500
244973,Marcel Ruiz,77,CM,CAM | CDM,76,66,76,76,66,68,3,3,1,Long Ball Pass,0,,0,,15,Intro to Evolutions | Intro to Training Camp EVOs II | Intro to Rewards EVOs | Rising Guard | Cover Athlete | Passing Prodigy | One Shot | Complete Connection | Relentless Pressure | Long Ball Pass | Footwork Phenom | Pinged Pass | Whipped Pass+ | Cornerstones | Iron Will,Toluca FC,Liga BBVA MX,false,false,500,
238186,Marcin Bułka,77,GK,,78,76,71,77,27,79,1,2,0,,0,,0,,8,Intro to Training Camp EVOs I | Intro to Training Camp EVOs II | The Debut | Relentless Pressure | Long Ball Pass | Pinged Pass | Whipped Pass+ | Cornerstones,Neom,ROSHN Saudi League,false,false,500,750
200110,Marco Bizot,77,GK,,77,74,71,77,44,78,1,2,1,Footwork,0,,0,,8,Intro to Training Camp EVOs I | Intro to Training Camp EVOs II | The Debut | Relentless Pressure | Long Ball Pass | Pinged Pass | Whipped Pass+ | Cornerstones,Aston Villa,Premier League,false,true,500,750
237595,Marco Friedl,77,CB,LB,73,44,64,69,79,77,2,2,4,Long Ball Pass | Jockey | Intercept | Slide Tackle,0,,0,,11,Intro to Evolutions | Intro to Rewards EVOs | Rising Guard | Passing Prodigy | One Shot | Relentless Pressure | Footwork Phenom | Pinged Pass | Whipped Pass+ | Cornerstones | Iron Will,SV Werder Bremen,Bundesliga,false,false,500,500
79532,Mariam Toloba,77,ST,,74,77,55,77,21,58,3,2,0,,0,,0,,15,Intro to Evolutions | Intro to Training Camp EVOs II | Intro to Rewards EVOs | Club Member Reward | Rising Guard | Passing Prodigy | One Shot | Relentless Pressure | Long Ball Pass | Footwork Phenom | Pinged Pass | ST Advanced Forward+ | Whipped Pass+ | Cornerstones | Iron Will,Paris FC,Arkema PL,false,false,500,500
211738,Mark Flekken,77,GK,,78,75,81,77,32,76,1,4,2,Long Ball Pass | Footwork,0,,0,,8,Intro to Training Camp EVOs I | Intro to Training Camp EVOs II | The Debut | Relentless Pressure | Long Ball Pass | Pinged Pass | Whipped Pass+ | Cornerstones,Leverkusen,Bundesliga,false,false,500,750
205855,Marko Livaja,77,ST,CAM,63,78,76,76,43,80,4,4,4,First Touch | Press Proven | Bruiser | Enforcer,0,,0,,14,Intro to Evolutions | Intro to Rewards EVOs | Club Member Reward | Rising Guard | Cover Athlete | Passing Prodigy | One Shot | Relentless Pressure | Footwork Phenom | Pinged Pass | ST Advanced Forward+ | Whipped Pass+ | Cornerstones | Iron Will,Hajduk Split,Liga Hrvatska,false,false,500,500
220407,Martin Dúbravka,77,GK,,77,76,76,77,49,77,1,2,1,Far Reach,0,,0,,8,Intro to Training Camp EVOs I | Intro to Training Camp EVOs II | The Debut | Relentless Pressure | Long Ball Pass | Pinged Pass | Whipped Pass+ | Cornerstones,Spurs,Premier League,false,true,500,500
240744,Martín Ojeda,77,CAM,ST | LM | CM,83,75,76,76,34,65,4,3,6,Power Shot | Dead Ball | Low Driven Shot | Gamechanger | Incisive Pass | Inventive,0,,0,,11,Intro to Evolutions | Intro to Rewards EVOs | Club Member Reward | Rising Guard | Passing Prodigy | One Shot | Footwork Phenom | ST Advanced Forward+ | Whipped Pass+ | Cornerstones | Iron Will,Orlando City,MLS,false,false,500,1000
264325,Martín Satriano,77,ST,LW | LM,74,76,66,74,45,79,3,3,0,,0,,0,,15,Intro to Evolutions | Intro to Training Camp EVOs II | Intro to Rewards EVOs | Club Member Reward | Rising Guard | Passing Prodigy | One Shot | Relentless Pressure | Long Ball Pass | Footwork Phenom | Pinged Pass | ST Advanced Forward+ | Whipped Pass+ | Cornerstones | Iron Will,Getafe CF,LALIGA EA SPORTS,false,false,500,
236786,Martin Terrier,77,CAM,LM | ST | LW,73,77,75,78,36,71,3,3,3,Finesse Shot | Acrobatic | Gamechanger,0,,0,,15,Intro to Evolutions | Intro to Training Camp EVOs II | Intro to Rewards EVOs | Club Member Reward | Rising Guard | Passing Prodigy | One Shot | Relentless Pressure | Long Ball Pass | Footwork Phenom | Pinged Pass | ST Advanced Forward+ | Whipped Pass+ | Cornerstones | Iron Will,Leverkusen,Bundesliga,false,false,500,500
219585,Martin Valjent,77,CB,,58,36,59,64,78,83,2,2,1,Block,0,,0,,13,Intro to Evolutions | Intro to Training Camp EVOs II | Intro to Rewards EVOs | Rising Guard | Passing Prodigy | One Shot | Relentless Pressure | Long Ball Pass | Footwork Phenom | Pinged Pass | Whipped Pass+ | Cornerstones | Iron Will,RCD Mallorca,LALIGA HYPERMOTION,false,false,500,500
242948,Matěj Kovář,77,GK,,76,76,78,77,30,77,1,4,0,,0,,0,,8,Intro to Training Camp EVOs I | Intro to Training Camp EVOs II | The Debut | Relentless Pressure | Long Ball Pass | Pinged Pass | Whipped Pass+ | Cornerstones,PSV,Eredivisie,false,false,500,500
240716,Mathías Olivera,77,LB,CB | LM,73,51,69,72,77,70,3,3,0,,0,,0,,13,Intro to Evolutions | Intro to Training Camp EVOs II | Intro to Rewards EVOs | Rising Guard | Passing Prodigy | One Shot | Relentless Pressure | Long Ball Pass | Footwork Phenom | Pinged Pass | Whipped Pass+ | Cornerstones | Iron Will,SSC Napoli,Serie A Enilive,false,false,500,500
240734,Matt O'Riley,77,CAM,CM | CDM,61,77,79,76,67,69,3,4,1,Chip Shot,0,,0,,15,Intro to Evolutions | Intro to Training Camp EVOs II | Intro to Rewards EVOs | Rising Guard | Cover Athlete | Passing Prodigy | One Shot | Complete Connection | Relentless Pressure | Long Ball Pass | Footwork Phenom | Pinged Pass | Whipped Pass+ | Cornerstones | Iron Will,Brighton,Premier League,false,true,500,500
72438,Maureen Cosson,77,CB,CDM | CM,41,38,60,62,79,77,2,3,0,,0,,0,,14,Intro to Evolutions | Intro to Training Camp EVOs II | Intro to Rewards EVOs | Rising Guard | Passing Prodigy | One Shot | Complete Connection | Relentless Pressure | Long Ball Pass | Footwork Phenom | Pinged Pass | Whipped Pass+ | Cornerstones | Iron Will,Marseille,Arkema PL,false,false,500,750
265319,Mayumi Pacheco,77,LB,LM | LW,81,51,72,76,74,76,3,3,4,Pinged Pass | Whipped Pass | Intercept | Anticipate,0,,0,,11,Intro to Evolutions | Intro to Rewards EVOs | Rising Guard | Passing Prodigy | One Shot | Relentless Pressure | Footwork Phenom | Pinged Pass | Whipped Pass+ | Cornerstones | Iron Will,Everton,Barclays WSL,false,false,500,500
212476,Medrán,77,CM,CDM | CAM,56,71,80,76,63,73,3,5,5,Finesse Shot | Dead Ball | Long Ball Pass | Tiki Taka | Technical,0,,0,,12,Intro to Evolutions | Intro to Rewards EVOs | Rising Guard | Cover Athlete | Passing Prodigy | One Shot | Complete Connection | Footwork Phenom | Pinged Pass | Whipped Pass+ | Cornerstones | Iron Will,Al Ettifaq,ROSHN Saudi League,false,false,500,500
241788,Mehdi Taremi,77,ST,,70,77,72,75,39,67,4,4,1,First Touch,0,,0,,15,Intro to Evolutions | Intro to Training Camp EVOs II | Intro to Rewards EVOs | Club Member Reward | Rising Guard | Passing Prodigy | One Shot | Relentless Pressure | Long Ball Pass | Footwork Phenom | Pinged Pass | ST Advanced Forward+ | Whipped Pass+ | Cornerstones | Iron Will,Olympiacos FC,Hellas Liga,false,false,500,500
72074,Mélissa Bethi,77,CM,CDM,74,66,71,76,64,51,3,2,1,Intercept,0,,0,,14,Intro to Evolutions | Intro to Training Camp EVOs II | Intro to Rewards EVOs | Rising Guard | Passing Prodigy | One Shot | Complete Connection | Relentless Pressure | Long Ball Pass | Footwork Phenom | Pinged Pass | Whipped Pass+ | Cornerstones | Iron Will,Washington Spirit,NWSL,false,false,500,
245209,Michal Sadílek,77,CDM,CM,58,61,75,72,73,79,3,2,3,Slide Tackle | Relentless | Bruiser,0,,0,,14,Intro to Evolutions | Intro to Training Camp EVOs II | Intro to Rewards EVOs | Rising Guard | Passing Prodigy | One Shot | Complete Connection | Relentless Pressure | Long Ball Pass | Footwork Phenom | Pinged Pass | Whipped Pass+ | Cornerstones | Iron Will,Slavia Praha,Česká Liga,false,false,500,250
205211,Milan Borjan,77,GK,,74,77,75,75,46,81,1,2,3,Long Ball Pass | Far Throw | Cross Claimer,0,,0,,8,Intro to Training Camp EVOs I | Intro to Training Camp EVOs II | The Debut | Relentless Pressure | Long Ball Pass | Pinged Pass | Whipped Pass+ | Cornerstones,Al Riyadh,ROSHN Saudi League,false,false,500,750
83029,Mimi Van Zanten,77,RB,RM,73,39,62,67,75,59,2,3,0,,0,,0,,13,Intro to Evolutions | Intro to Training Camp EVOs II | Intro to Rewards EVOs | Rising Guard | Passing Prodigy | One Shot | Relentless Pressure | Long Ball Pass | Footwork Phenom | Pinged Pass | Whipped Pass+ | Cornerstones | Iron Will,San Diego Wave,NWSL,false,false,500,
268428,Mio Backhaus,77,GK,,78,71,71,82,23,76,1,4,2,Cross Claimer | 1v1 Close Down,0,,0,,8,Intro to Training Camp EVOs I | Intro to Training Camp EVOs II | The Debut | Relentless Pressure | Long Ball Pass | Pinged Pass | Whipped Pass+ | Cornerstones,SC Freiburg,Bundesliga,false,false,500,1500
206591,Mitchell Weiser,77,RB,RM | CM | RW,72,63,74,80,72,68,4,4,2,Whipped Pass | Jockey,0,,0,,14,Intro to Evolutions | Intro to Training Camp EVOs II | Intro to Rewards EVOs | Rising Guard | Passing Prodigy | One Shot | Complete Connection | Relentless Pressure | Long Ball Pass | Footwork Phenom | Pinged Pass | Whipped Pass+ | Cornerstones | Iron Will,SV Werder Bremen,Bundesliga,false,false,500,500
247495,Moncayola,77,CM,CDM | RM | CAM,63,70,76,76,73,76,3,4,1,Whipped Pass,0,,0,,14,Intro to Evolutions | Intro to Training Camp EVOs II | Intro to Rewards EVOs | Rising Guard | Passing Prodigy | One Shot | Complete Connection | Relentless Pressure | Long Ball Pass | Footwork Phenom | Pinged Pass | Whipped Pass+ | Cornerstones | Iron Will,CA Osasuna,LALIGA EA SPORTS,false,false,500,500
259191,Mousa Al Tamari,77,LM,RM | LW | RW,89,71,68,81,56,70,3,4,3,Finesse Shot | Gamechanger | Technical,0,,0,,12,Intro to Evolutions | Intro to Training Camp EVOs II | Rising Guard | Passing Prodigy | One Shot | Relentless Pressure | Long Ball Pass | Footwork Phenom | Pinged Pass | Whipped Pass+ | Cornerstones | Iron Will,Stade Rennais FC,Ligue 1 McDonald's,false,false,500,750
229528,Mykola Matviienko,77,CB,LB | RB,77,58,71,69,78,76,2,3,1,Long Ball Pass,0,,0,,13,Intro to Evolutions | Intro to Training Camp EVOs II | Intro to Rewards EVOs | Rising Guard | Passing Prodigy | One Shot | Relentless Pressure | Long Ball Pass | Footwork Phenom | Pinged Pass | Whipped Pass+ | Cornerstones | Iron Will,Shakhtar Donetsk,Ukrayina Liha,false,false,500,750
213296,Nabil Bentaleb,77,CDM,CM,50,72,77,79,71,73,4,2,5,Power Shot | Dead Ball | Pinged Pass | Inventive | Technical,0,,0,,11,Intro to Evolutions | Intro to Rewards EVOs | Rising Guard | Passing Prodigy | One Shot | Complete Connection | Footwork Phenom | Pinged Pass | Whipped Pass+ | Cornerstones | Iron Will,LOSC Lille,Ligue 1 McDonald's,false,false,500,250
73677,Nadia Krezyman,77,LM,RM | LW | RW,89,57,71,72,43,64,3,2,0,,0,,0,,12,Intro to Evolutions | Intro to Training Camp EVOs II | Rising Guard | Passing Prodigy | One Shot | Relentless Pressure | Long Ball Pass | Footwork Phenom | Pinged Pass | Whipped Pass+ | Cornerstones | Iron Will,Brighton,Barclays WSL,false,false,500,500
233084,Nahuel Molina,77,RB,RM,80,72,73,74,73,70,3,3,1,Power Shot,0,,0,,13,Intro to Evolutions | Intro to Training Camp EVOs II | Intro to Rewards EVOs | Rising Guard | Passing Prodigy | One Shot | Relentless Pressure | Long Ball Pass | Footwork Phenom | Pinged Pass | Whipped Pass+ | Cornerstones | Iron Will,AS Roma,Serie A Enilive,false,false,500,750
240953,Nahuel Tenaglia,77,CB,RB,69,44,65,74,78,79,3,3,3,Block | Intercept | Bruiser,0,,0,,13,Intro to Evolutions | Intro to Training Camp EVOs II | Intro to Rewards EVOs | Rising Guard | Passing Prodigy | One Shot | Relentless Pressure | Long Ball Pass | Footwork Phenom | Pinged Pass | Whipped Pass+ | Cornerstones | Iron Will,D. Alavés,LALIGA EA SPORTS,false,false,500,500
262071,Nathan Ngoy,77,CB,,79,49,63,71,77,78,2,3,1,Intercept,0,,0,,13,Intro to Evolutions | Intro to Training Camp EVOs II | Intro to Rewards EVOs | Rising Guard | Passing Prodigy | One Shot | Relentless Pressure | Long Ball Pass | Footwork Phenom | Pinged Pass | Whipped Pass+ | Cornerstones | Iron Will,LOSC Lille,Ligue 1 McDonald's,false,false,500,1000
262745,Neil El Aynaoui,77,CM,CDM,64,63,76,76,72,75,3,3,0,,0,,0,,14,Intro to Evolutions | Intro to Training Camp EVOs II | Intro to Rewards EVOs | Rising Guard | Passing Prodigy | One Shot | Complete Connection | Relentless Pressure | Long Ball Pass | Footwork Phenom | Pinged Pass | Whipped Pass+ | Cornerstones | Iron Will,RB Leipzig,Bundesliga,false,false,500,500
227928,Nélson Semedo,77,RB,RM,80,63,71,78,73,73,4,3,2,Whipped Pass | Rapid,0,,0,,13,Intro to Evolutions | Intro to Training Camp EVOs II | Intro to Rewards EVOs | Rising Guard | Passing Prodigy | One Shot | Relentless Pressure | Long Ball Pass | Footwork Phenom | Pinged Pass | Whipped Pass+ | Cornerstones | Iron Will,Fenerbahçe,Trendyol Süper Lig,false,false,500,500
191202,Nemanja Matić,77,CDM,CM,30,66,74,72,76,76,3,3,1,Long Ball Pass,0,,0,,14,Intro to Evolutions | Intro to Training Camp EVOs II | Intro to Rewards EVOs | Rising Guard | Passing Prodigy | One Shot | Complete Connection | Relentless Pressure | Long Ball Pass | Footwork Phenom | Pinged Pass | Whipped Pass+ | Cornerstones | Iron Will,Sassuolo,Serie A Enilive,false,false,500,250
222389,Nikita Haikin,77,GK,,77,72,73,80,48,74,1,2,3,Long Ball Pass | 1v1 Close Down | Far Reach,0,,0,,8,Intro to Training Camp EVOs I | Intro to Training Camp EVOs II | The Debut | Relentless Pressure | Long Ball Pass | Pinged Pass | Whipped Pass+ | Cornerstones,FK Bodø/Glimt,Eliteserien,false,false,500,500
262956,Nikola Vasilj,77,GK,,78,73,65,81,34,76,1,3,0,,0,,0,,8,Intro to Training Camp EVOs I | Intro to Training Camp EVOs II | The Debut | Relentless Pressure | Long Ball Pass | Pinged Pass | Whipped Pass+ | Cornerstones,Al Diriyah,ROSHN Saudi League,false,false,500,500
242530,Noah Okafor,77,LW,ST | LM | CAM,88,76,70,78,32,68,4,4,2,Rapid | Quick Step,0,,0,,14,Intro to Evolutions | Intro to Training Camp EVOs II | Club Member Reward | Rising Guard | Passing Prodigy | One Shot | Relentless Pressure | Long Ball Pass | Footwork Phenom | Pinged Pass | ST Advanced Forward+ | Whipped Pass+ | Cornerstones | Iron Will,Leeds United,Premier League,false,true,500,750
271444,Nuria Rábano,77,LB,,78,60,73,74,77,64,3,3,3,Jockey | Intercept | Anticipate,0,,0,,13,Intro to Evolutions | Intro to Training Camp EVOs II | Intro to Rewards EVOs | Rising Guard | Passing Prodigy | One Shot | Relentless Pressure | Long Ball Pass | Footwork Phenom | Pinged Pass | Whipped Pass+ | Cornerstones | Iron Will,Utah Royals FC,NWSL,false,false,500,500
178509,Olivier Giroud,77,ST,,47,78,70,72,41,76,3,3,5,Precision Header | Acrobatic | Gamechanger | Aerial Fortress | Enforcer,0,,0,,12,Intro to Evolutions | Intro to Rewards EVOs | Club Member Reward | Rising Guard | Passing Prodigy | One Shot | Footwork Phenom | Pinged Pass | ST Advanced Forward+ | Whipped Pass+ | Cornerstones | Iron Will,LOSC Lille,Ligue 1 McDonald's,false,false,500,750
264089,Omorinsola Babajide,77,LW,ST | LM | CAM,84,77,72,78,50,77,4,4,2,Rapid | Quick Step,0,,0,,15,Intro to Evolutions | Intro to Training Camp EVOs II | Intro to Rewards EVOs | Club Member Reward | Rising Guard | Passing Prodigy | One Shot | Relentless Pressure | Long Ball Pass | Footwork Phenom | Pinged Pass | ST Advanced Forward+ | Whipped Pass+ | Cornerstones | Iron Will,Roma,Calcio A Femminile,false,false,500,750
254909,Oscar Dorley,77,CDM,CM | LM,76,57,75,79,75,72,4,3,3,Tiki Taka | Anticipate | Technical,0,,0,,14,Intro to Evolutions | Intro to Training Camp EVOs II | Intro to Rewards EVOs | Rising Guard | Passing Prodigy | One Shot | Complete Connection | Relentless Pressure | Long Ball Pass | Footwork Phenom | Pinged Pass | Whipped Pass+ | Cornerstones | Iron Will,Al Taawoun,ROSHN Saudi League,false,false,500,750
274288,Oscar Gloukh,77,CAM,LW | CM | LM,72,74,73,82,34,49,4,4,5,Gamechanger | Incisive Pass | Inventive | Technical | First Touch,0,,0,,11,Intro to Evolutions | Intro to Rewards EVOs | Rising Guard | Passing Prodigy | One Shot | Complete Connection | Footwork Phenom | Pinged Pass | Whipped Pass+ | Cornerstones | Iron Will,Ajax,Eredivisie,false,false,500,250
243558,Óscar Valentín,77,CDM,CM,64,53,68,68,76,76,2,3,1,Bruiser,0,,0,,14,Intro to Evolutions | Intro to Training Camp EVOs II | Intro to Rewards EVOs | Rising Guard | Passing Prodigy | One Shot | Complete Connection | Relentless Pressure | Long Ball Pass | Footwork Phenom | Pinged Pass | Whipped Pass+ | Cornerstones | Iron Will,Rayo Vallecano,LALIGA EA SPORTS,false,false,500,750
250858,Pathé Ciss,77,CDM,CM | CB,63,57,64,65,76,83,2,3,3,Jockey | Slide Tackle | Bruiser,0,,0,,14,Intro to Evolutions | Intro to Training Camp EVOs II | Intro to Rewards EVOs | Rising Guard | Passing Prodigy | One Shot | Complete Connection | Relentless Pressure | Long Ball Pass | Footwork Phenom | Pinged Pass | Whipped Pass+ | Cornerstones | Iron Will,Rayo Vallecano,LALIGA EA SPORTS,false,false,500,500
254566,Patrick Wimmer,77,LM,CAM | LW | LB,80,69,71,81,49,72,5,4,5,Acrobatic | Inventive | Rapid | First Touch | Relentless,0,,0,,10,Intro to Evolutions | Intro to Rewards EVOs | Rising Guard | Passing Prodigy | One Shot | Footwork Phenom | Pinged Pass | Whipped Pass+ | Cornerstones | Iron Will,TSG Hoffenheim,Bundesliga,false,false,500,750
244791,Patrik Hrošovský,77,CM,CAM | CDM | CB,60,76,76,77,71,71,3,3,0,,0,,0,,14,Intro to Evolutions | Intro to Training Camp EVOs II | Intro to Rewards EVOs | Rising Guard | Passing Prodigy | One Shot | Complete Connection | Relentless Pressure | Long Ball Pass | Footwork Phenom | Pinged Pass | Whipped Pass+ | Cornerstones | Iron Will,Viktoria Plzeň,Česká Liga,false,false,500,250
221087,Pau López,77,GK,,76,76,77,77,48,77,1,3,1,Far Throw,0,,0,,8,Intro to Training Camp EVOs I | Intro to Training Camp EVOs II | The Debut | Relentless Pressure | Long Ball Pass | Pinged Pass | Whipped Pass+ | Cornerstones,FC Andorra,LALIGA HYPERMOTION,false,false,500,750
257075,Paul Nebel,77,CAM,CM,75,74,72,81,49,60,4,4,4,Low Driven Shot | Incisive Pass | Technical | Relentless,0,,0,,13,Intro to Evolutions | Intro to Rewards EVOs | Rising Guard | Cover Athlete | Passing Prodigy | One Shot | Complete Connection | Relentless Pressure | Footwork Phenom | Pinged Pass | Whipped Pass+ | Cornerstones | Iron Will,1. FSV Mainz 05,Bundesliga,false,false,500,500
212382,Paul Onuachu,77,ST,,59,78,61,67,45,84,3,3,4,Precision Header | Gamechanger | Aerial Fortress | Enforcer,0,,0,,13,Intro to Evolutions | Intro to Rewards EVOs | Club Member Reward | Rising Guard | Passing Prodigy | One Shot | Relentless Pressure | Footwork Phenom | Pinged Pass | ST Advanced Forward+ | Whipped Pass+ | Cornerstones | Iron Will,Trabzonspor,Trendyol Süper Lig,false,false,500,2500
244797,Petar Musa,77,ST,CAM,82,76,63,71,41,81,3,3,1,Aerial Fortress,0,,0,,16,Intro to Evolutions | Intro to Training Camp EVOs II | Intro to Rewards EVOs | Club Member Reward | Rising Guard | Cover Athlete | Passing Prodigy | One Shot | Relentless Pressure | Long Ball Pass | Footwork Phenom | Pinged Pass | ST Advanced Forward+ | Whipped Pass+ | Cornerstones | Iron Will,FC Dallas,MLS,false,false,500,250
220714,Philip Billing,77,CM,CDM,63,75,74,74,72,80,3,3,1,Aerial Fortress,0,,0,,14,Intro to Evolutions | Intro to Training Camp EVOs II | Intro to Rewards EVOs | Rising Guard | Passing Prodigy | One Shot | Complete Connection | Relentless Pressure | Long Ball Pass | Footwork Phenom | Pinged Pass | Whipped Pass+ | Cornerstones | Iron Will,FC Midtjylland,3F Superliga,false,false,500,250
215443,Philip Zinckernagel,77,RW,RM | LW | LM,82,74,75,77,50,67,4,4,4,Finesse Shot | Power Shot | Inventive | Technical,0,,0,,11,Intro to Evolutions | Intro to Rewards EVOs | Rising Guard | Passing Prodigy | One Shot | Relentless Pressure | Footwork Phenom | Pinged Pass | Whipped Pass+ | Cornerstones | Iron Will,Chicago Fire FC,MLS,false,false,500,250
239364,Philipp Köhn,77,GK,,77,79,69,78,46,75,1,2,1,Cross Claimer,0,,0,,8,Intro to Training Camp EVOs I | Intro to Training Camp EVOs II | The Debut | Relentless Pressure | Long Ball Pass | Pinged Pass | Whipped Pass+ | Cornerstones,AS Monaco,Ligue 1 McDonald's,false,false,500,750
230020,Pierre Lees-Melou,77,CDM,CM,56,71,77,76,72,70,3,4,3,Pinged Pass | Long Ball Pass | Relentless,0,,0,,14,Intro to Evolutions | Intro to Training Camp EVOs II | Intro to Rewards EVOs | Rising Guard | Passing Prodigy | One Shot | Complete Connection | Relentless Pressure | Long Ball Pass | Footwork Phenom | Pinged Pass | Whipped Pass+ | Cornerstones | Iron Will,Paris FC,Ligue 1 McDonald's,false,false,500,
244622,Puado,77,LW,ST | CAM | LM,78,77,71,77,51,74,4,3,2,Rapid | Relentless,0,,0,,15,Intro to Evolutions | Intro to Training Camp EVOs II | Intro to Rewards EVOs | Club Member Reward | Rising Guard | Passing Prodigy | One Shot | Relentless Pressure | Long Ball Pass | Footwork Phenom | Pinged Pass | ST Advanced Forward+ | Whipped Pass+ | Cornerstones | Iron Will,RCD Espanyol,LALIGA EA SPORTS,false,false,500,750
261616,Quentin Merlin,77,LB,LM,74,59,75,76,72,66,3,2,1,Whipped Pass,0,,0,,13,Intro to Evolutions | Intro to Training Camp EVOs II | Intro to Rewards EVOs | Rising Guard | Passing Prodigy | One Shot | Relentless Pressure | Long Ball Pass | Footwork Phenom | Pinged Pass | Whipped Pass+ | Cornerstones | Iron Will,Stade Rennais FC,Ligue 1 McDonald's,false,false,500,500
237679,Randal Kolo Muani,77,ST,RM | CAM | RW,88,77,68,77,38,63,3,4,3,Finesse Shot | Rapid | Quick Step,0,,0,,14,Intro to Evolutions | Intro to Training Camp EVOs II | Club Member Reward | Rising Guard | Passing Prodigy | One Shot | Relentless Pressure | Long Ball Pass | Footwork Phenom | Pinged Pass | ST Advanced Forward+ | Whipped Pass+ | Cornerstones | Iron Will,Juventus,Serie A Enilive,false,false,1500,30000
234439,Raphael Veiga,77,CAM,CM,78,80,76,78,44,64,3,3,1,Power Shot,0,,0,,15,Intro to Evolutions | Intro to Training Camp EVOs II | Intro to Rewards EVOs | Rising Guard | Cover Athlete | Passing Prodigy | One Shot | Complete Connection | Relentless Pressure | Long Ball Pass | Footwork Phenom | Pinged Pass | Whipped Pass+ | Cornerstones | Iron Will,Club América,Liga BBVA MX,false,false,500,
73325,Raúl Rangel,77,GK,,75,74,75,79,32,78,1,2,0,,0,,0,,8,Intro to Training Camp EVOs I | Intro to Training Camp EVOs II | The Debut | Relentless Pressure | Long Ball Pass | Pinged Pass | Whipped Pass+ | Cornerstones,Club Guadalajara,Liga BBVA MX,false,false,500,
271574,Rico Lewis,77,RB,LB | CM | CDM,75,55,74,79,74,58,3,3,0,,0,,0,,14,Intro to Evolutions | Intro to Training Camp EVOs II | Intro to Rewards EVOs | Rising Guard | Passing Prodigy | One Shot | Complete Connection | Relentless Pressure | Long Ball Pass | Footwork Phenom | Pinged Pass | Whipped Pass+ | Cornerstones | Iron Will,Manchester City,Premier League,true,true,500,750
248728,Riko Ueki,77,ST,,69,77,67,76,46,69,4,3,0,,0,,0,,15,Intro to Evolutions | Intro to Training Camp EVOs II | Intro to Rewards EVOs | Club Member Reward | Rising Guard | Passing Prodigy | One Shot | Relentless Pressure | Long Ball Pass | Footwork Phenom | Pinged Pass | ST Advanced Forward+ | Whipped Pass+ | Cornerstones | Iron Will,West Ham,Barclays WSL,false,false,500,500
77669,Riley Tiernan,77,ST,LM | LW,67,73,65,76,30,65,3,3,0,,0,,0,,15,Intro to Evolutions | Intro to Training Camp EVOs II | Intro to Rewards EVOs | Club Member Reward | Rising Guard | Passing Prodigy | One Shot | Relentless Pressure | Long Ball Pass | Footwork Phenom | Pinged Pass | ST Advanced Forward+ | Whipped Pass+ | Cornerstones | Iron Will,Angel City FC,NWSL,false,false,500,500
239367,Robin Hack,77,LM,ST | LW | CAM,77,76,71,80,33,60,4,4,5,Finesse Shot | Chip Shot | Gamechanger | Pinged Pass | Technical,0,,0,,12,Intro to Evolutions | Intro to Rewards EVOs | Club Member Reward | Rising Guard | Passing Prodigy | One Shot | Footwork Phenom | Pinged Pass | ST Advanced Forward+ | Whipped Pass+ | Cornerstones | Iron Will,M'gladbach,Bundesliga,false,false,500,500
224251,Robin Zentner,77,GK,,80,72,59,82,62,72,1,3,3,Far Throw | Footwork | Cross Claimer,0,,0,,8,Intro to Training Camp EVOs I | Intro to Training Camp EVOs II | The Debut | Relentless Pressure | Long Ball Pass | Pinged Pass | Whipped Pass+ | Cornerstones,1. FSV Mainz 05,Bundesliga,false,false,500,750
257919,Rocco Reitz,77,CM,CDM,72,70,74,78,77,72,3,4,5,Incisive Pass | Jockey | Intercept | Press Proven | Relentless,0,,0,,11,Intro to Evolutions | Intro to Rewards EVOs | Rising Guard | Passing Prodigy | One Shot | Complete Connection | Footwork Phenom | Pinged Pass | Whipped Pass+ | Cornerstones | Iron Will,RB Leipzig,Bundesliga,false,false,500,500
212091,Rodinei,77,RM,RB | RW,78,66,73,79,70,76,3,3,2,Rapid | Long Throw,0,,0,,13,Intro to Evolutions | Intro to Training Camp EVOs II | Intro to Rewards EVOs | Rising Guard | Passing Prodigy | One Shot | Relentless Pressure | Long Ball Pass | Footwork Phenom | Pinged Pass | Whipped Pass+ | Cornerstones | Iron Will,Olympiacos FC,Hellas Liga,false,false,500,750
219797,Roger Martínez,77,ST,CAM,79,79,68,78,41,81,3,4,1,Enforcer,0,,0,,16,Intro to Evolutions | Intro to Training Camp EVOs II | Intro to Rewards EVOs | Club Member Reward | Rising Guard | Cover Athlete | Passing Prodigy | One Shot | Relentless Pressure | Long Ball Pass | Footwork Phenom | Pinged Pass | ST Advanced Forward+ | Whipped Pass+ | Cornerstones | Iron Will,Al Shabab,ROSHN Saudi League,false,false,500,500
225439,Rolando Mandragora,77,CM,CDM,46,74,75,74,76,69,3,3,1,Finesse Shot,0,,0,,14,Intro to Evolutions | Intro to Training Camp EVOs II | Intro to Rewards EVOs | Rising Guard | Passing Prodigy | One Shot | Complete Connection | Relentless Pressure | Long Ball Pass | Footwork Phenom | Pinged Pass | Whipped Pass+ | Cornerstones | Iron Will,Torino,Serie A Enilive,false,false,500,500
272053,Rosa Otermín,77,LB,LM | LW,78,66,74,75,74,83,3,3,3,Whipped Pass | Block | Bruiser,0,,0,,13,Intro to Evolutions | Intro to Training Camp EVOs II | Intro to Rewards EVOs | Rising Guard | Passing Prodigy | One Shot | Relentless Pressure | Long Ball Pass | Footwork Phenom | Pinged Pass | Whipped Pass+ | Cornerstones | Iron Will,Atlético de Madrid,Liga F Moeve,false,false,500,500
199189,Ross Barkley,77,CM,CAM | CDM,53,77,78,77,65,66,4,5,1,Power Shot,0,,0,,15,Intro to Evolutions | Intro to Training Camp EVOs II | Intro to Rewards EVOs | Rising Guard | Cover Athlete | Passing Prodigy | One Shot | Complete Connection | Relentless Pressure | Long Ball Pass | Footwork Phenom | Pinged Pass | Whipped Pass+ | Cornerstones | Iron Will,Aston Villa,Premier League,false,true,500,750
223597,Ruben Aguilar,77,RB,RM,64,53,70,74,75,75,3,2,2,Whipped Pass | Relentless,0,,0,,13,Intro to Evolutions | Intro to Training Camp EVOs II | Intro to Rewards EVOs | Rising Guard | Passing Prodigy | One Shot | Relentless Pressure | Long Ball Pass | Footwork Phenom | Pinged Pass | Whipped Pass+ | Cornerstones | Iron Will,RC Lens,Ligue 1 McDonald's,false,false,500,500
211022,Rubén García,77,RM,RW,73,75,79,77,47,53,4,2,2,Dead Ball | Technical,0,,0,,13,Intro to Evolutions | Intro to Training Camp EVOs II | Intro to Rewards EVOs | Rising Guard | Passing Prodigy | One Shot | Relentless Pressure | Long Ball Pass | Footwork Phenom | Pinged Pass | Whipped Pass+ | Cornerstones | Iron Will,CA Osasuna,LALIGA EA SPORTS,false,false,500,750
235883,Ryan Sessegnon,77,LB,LM,78,68,74,78,73,64,4,3,0,,0,,0,,13,Intro to Evolutions | Intro to Training Camp EVOs II | Intro to Rewards EVOs | Rising Guard | Passing Prodigy | One Shot | Relentless Pressure | Long Ball Pass | Footwork Phenom | Pinged Pass | Whipped Pass+ | Cornerstones | Iron Will,Fulham,Premier League,false,true,500,500
220621,Saïd Benrahma,77,LM,LW | CAM | CM,77,76,74,80,42,63,4,4,3,Finesse Shot | Whipped Pass | Technical,0,,0,,14,Intro to Evolutions | Intro to Training Camp EVOs II | Intro to Rewards EVOs | Rising Guard | Passing Prodigy | One Shot | Complete Connection | Relentless Pressure | Long Ball Pass | Footwork Phenom | Pinged Pass | Whipped Pass+ | Cornerstones | Iron Will,Neom,ROSHN Saudi League,false,false,500,250
267264,Sam Staab,77,CB,,53,52,68,64,78,77,2,3,5,Dead Ball | Long Ball Pass | Slide Tackle | Long Throw | Bruiser,0,,0,,10,Intro to Evolutions | Intro to Rewards EVOs | Rising Guard | Passing Prodigy | One Shot | Footwork Phenom | Pinged Pass | Whipped Pass+ | Cornerstones | Iron Will,Chicago Stars FC,NWSL,false,false,500,500
232244,Santiago Ascacíbar,77,CDM,CM | RM | RW,81,74,72,75,73,76,3,3,5,Power Shot | Pinged Pass | Slide Tackle | First Touch | Relentless,0,,0,,11,Intro to Evolutions | Intro to Rewards EVOs | Rising Guard | Passing Prodigy | One Shot | Complete Connection | Footwork Phenom | Pinged Pass | Whipped Pass+ | Cornerstones | Iron Will,Boca Juniors,LPF,false,false,500,750
246033,Santiago Sosa,77,CDM,CB | CM | CAM,66,58,65,68,77,81,2,3,0,,0,,0,,14,Intro to Evolutions | Intro to Training Camp EVOs II | Intro to Rewards EVOs | Rising Guard | Passing Prodigy | One Shot | Complete Connection | Relentless Pressure | Long Ball Pass | Footwork Phenom | Pinged Pass | Whipped Pass+ | Cornerstones | Iron Will,Vasco da Gama,Sudamericana,false,false,500,500
243264,Savannah McCaskill,77,CDM,CM,64,77,75,78,72,83,3,3,4,Precision Header | Incisive Pass | Bruiser | Enforcer,0,,0,,12,Intro to Evolutions | Intro to Rewards EVOs | Rising Guard | Passing Prodigy | One Shot | Complete Connection | Relentless Pressure | Footwork Phenom | Pinged Pass | Whipped Pass+ | Cornerstones | Iron Will,Gotham FC,NWSL,false,false,500,500
235973,Sebastian Szymański,77,CM,CAM | RM | CDM,77,74,79,76,61,66,3,2,4,Finesse Shot | Dead Ball | Incisive Pass | Technical,0,,0,,12,Intro to Evolutions | Intro to Rewards EVOs | Rising Guard | Passing Prodigy | One Shot | Complete Connection | Relentless Pressure | Footwork Phenom | Pinged Pass | Whipped Pass+ | Cornerstones | Iron Will,Stade Rennais FC,Ligue 1 McDonald's,false,false,500,500
233959,Sebastián Villa,77,ST,LM | LW | CAM,91,78,74,79,34,72,5,4,5,Power Shot | Acrobatic | Gamechanger | Rapid | Quick Step,0,,0,,11,Intro to Evolutions | Club Member Reward | Rising Guard | Passing Prodigy | One Shot | Footwork Phenom | Pinged Pass | ST Advanced Forward+ | Whipped Pass+ | Cornerstones | Iron Will,Boca Juniors,LPF,false,false,500,750
271839,Selina Vobian,77,CAM,RM | LM | CM,78,71,77,78,44,57,3,2,3,Dead Ball | Incisive Pass | Technical,0,,0,,14,Intro to Evolutions | Intro to Training Camp EVOs II | Intro to Rewards EVOs | Rising Guard | Passing Prodigy | One Shot | Complete Connection | Relentless Pressure | Long Ball Pass | Footwork Phenom | Pinged Pass | Whipped Pass+ | Cornerstones | Iron Will,SC Freiburg,GPFBL,false,false,500,500
244728,Sem Steijn,77,CAM,CM | CDM,67,82,74,76,43,70,3,3,4,Finesse Shot | Chip Shot | Acrobatic | Gamechanger,0,,0,,13,Intro to Evolutions | Intro to Rewards EVOs | Rising Guard | Cover Athlete | Passing Prodigy | One Shot | Complete Connection | Relentless Pressure | Footwork Phenom | Pinged Pass | Whipped Pass+ | Cornerstones | Iron Will,Feyenoord,Eredivisie,false,false,500,500
261659,Senne Lynen,77,CDM,CM | CB,67,62,72,67,75,78,2,3,3,Intercept | Relentless | Bruiser,0,,0,,14,Intro to Evolutions | Intro to Training Camp EVOs II | Intro to Rewards EVOs | Rising Guard | Passing Prodigy | One Shot | Complete Connection | Relentless Pressure | Long Ball Pass | Footwork Phenom | Pinged Pass | Whipped Pass+ | Cornerstones | Iron Will,SV Werder Bremen,Bundesliga,false,false,500,500
222464,Sivera,77,GK,,77,76,77,80,57,76,1,3,2,Cross Claimer | Deflector,0,,0,,8,Intro to Training Camp EVOs I | Intro to Training Camp EVOs II | The Debut | Relentless Pressure | Long Ball Pass | Pinged Pass | Whipped Pass+ | Cornerstones,D. Alavés,LALIGA EA SPORTS,false,false,500,750
73456,Štěpán Chaloupek,77,CB,,74,52,59,69,76,80,2,3,1,Slide Tackle,0,,0,,13,Intro to Evolutions | Intro to Training Camp EVOs II | Intro to Rewards EVOs | Rising Guard | Passing Prodigy | One Shot | Relentless Pressure | Long Ball Pass | Footwork Phenom | Pinged Pass | Whipped Pass+ | Cornerstones | Iron Will,Slavia Praha,Česká Liga,false,false,500,500
273168,Stine Ballisager,77,CB,,47,47,64,60,81,72,2,2,0,,0,,0,,13,Intro to Evolutions | Intro to Training Camp EVOs II | Intro to Rewards EVOs | Rising Guard | Passing Prodigy | One Shot | Relentless Pressure | Long Ball Pass | Footwork Phenom | Pinged Pass | Whipped Pass+ | Cornerstones | Iron Will,FC Bayern München,GPFBL,true,false,500,500
211348,Stole Dimitrievski,77,GK,,76,76,73,76,36,76,1,2,2,Far Throw | Footwork,0,,0,,8,Intro to Training Camp EVOs I | Intro to Training Camp EVOs II | The Debut | Relentless Pressure | Long Ball Pass | Pinged Pass | Whipped Pass+ | Cornerstones,Valencia CF,LALIGA EA SPORTS,false,false,500,750
254789,Sven Mijnans,77,CAM,CM | CDM,52,71,77,77,65,73,3,3,4,Incisive Pass | Inventive | First Touch | Relentless,0,,0,,13,Intro to Evolutions | Intro to Rewards EVOs | Rising Guard | Cover Athlete | Passing Prodigy | One Shot | Complete Connection | Relentless Pressure | Footwork Phenom | Pinged Pass | Whipped Pass+ | Cornerstones | Iron Will,PSV,Eredivisie,false,false,500,500
226627,Takumi Minamino,77,LM,CAM | LW | ST,75,73,75,81,40,64,3,4,3,Incisive Pass | First Touch | Press Proven,0,,0,,15,Intro to Evolutions | Intro to Training Camp EVOs II | Intro to Rewards EVOs | Club Member Reward | Rising Guard | Passing Prodigy | One Shot | Relentless Pressure | Long Ball Pass | Footwork Phenom | Pinged Pass | ST Advanced Forward+ | Whipped Pass+ | Cornerstones | Iron Will,AS Monaco,Ligue 1 McDonald's,false,false,500,500
231352,Tammy Abraham,77,ST,,72,76,65,72,36,72,3,3,1,Enforcer,0,,0,,15,Intro to Evolutions | Intro to Training Camp EVOs II | Intro to Rewards EVOs | Club Member Reward | Rising Guard | Passing Prodigy | One Shot | Relentless Pressure | Long Ball Pass | Footwork Phenom | Pinged Pass | ST Advanced Forward+ | Whipped Pass+ | Cornerstones | Iron Will,Aston Villa,Premier League,false,true,500,500
278225,Tara Elimbi Gilbert,77,LB,LM | CM | LW,80,50,68,72,73,55,3,3,1,Rapid,0,,0,,14,Intro to Evolutions | Intro to Training Camp EVOs II | Intro to Rewards EVOs | Rising Guard | Passing Prodigy | One Shot | Complete Connection | Relentless Pressure | Long Ball Pass | Footwork Phenom | Pinged Pass | Whipped Pass+ | Cornerstones | Iron Will,Paris SG,Arkema PL,true,false,500,500
226229,Thilo Kehrer,77,CB,,69,44,65,65,79,77,2,5,4,Precision Header | Intercept | Aerial Fortress | Bruiser,0,,0,,11,Intro to Evolutions | Intro to Rewards EVOs | Rising Guard | Passing Prodigy | One Shot | Relentless Pressure | Footwork Phenom | Pinged Pass | Whipped Pass+ | Cornerstones | Iron Will,Ajax,Eredivisie,false,false,500,500
213565,Thomas Lemar,77,CM,CAM | LM | CDM,72,74,78,79,67,61,4,3,0,,0,,0,,14,Intro to Evolutions | Intro to Training Camp EVOs II | Intro to Rewards EVOs | Rising Guard | Passing Prodigy | One Shot | Complete Connection | Relentless Pressure | Long Ball Pass | Footwork Phenom | Pinged Pass | Whipped Pass+ | Cornerstones | Iron Will,Elche CF,LALIGA EA SPORTS,false,false,500,500
256564,Tim Lemperle,77,ST,RW | RM,81,75,67,76,40,76,3,3,0,,0,,0,,15,Intro to Evolutions | Intro to Training Camp EVOs II | Intro to Rewards EVOs | Club Member Reward | Rising Guard | Passing Prodigy | One Shot | Relentless Pressure | Long Ball Pass | Footwork Phenom | Pinged Pass | ST Advanced Forward+ | Whipped Pass+ | Cornerstones | Iron Will,TSG Hoffenheim,Bundesliga,false,false,500,750
222104,Tosin Adarabioyo,77,CB,,67,46,63,63,77,78,2,3,0,,0,,0,,13,Intro to Evolutions | Intro to Training Camp EVOs II | Intro to Rewards EVOs | Rising Guard | Passing Prodigy | One Shot | Relentless Pressure | Long Ball Pass | Footwork Phenom | Pinged Pass | Whipped Pass+ | Cornerstones | Iron Will,Spurs,Premier League,false,true,500,750
212419,Tyrone Mings,77,CB,,57,44,67,61,76,77,2,2,1,Bruiser,0,,0,,13,Intro to Evolutions | Intro to Training Camp EVOs II | Intro to Rewards EVOs | Rising Guard | Passing Prodigy | One Shot | Relentless Pressure | Long Ball Pass | Footwork Phenom | Pinged Pass | Whipped Pass+ | Cornerstones | Iron Will,Aston Villa,Premier League,false,true,500,750
216860,Václav Černý,77,RM,CAM | CM | RW,85,72,71,77,39,65,4,3,3,Finesse Shot | Low Driven Shot | Rapid,0,,0,,13,Intro to Evolutions | Intro to Training Camp EVOs II | Rising Guard | Passing Prodigy | One Shot | Complete Connection | Relentless Pressure | Long Ball Pass | Footwork Phenom | Pinged Pass | Whipped Pass+ | Cornerstones | Iron Will,Beşiktaş,Trendyol Süper Lig,false,false,500,250
263781,Vanderson,77,RB,RM | CM | RW,78,62,74,77,72,71,3,3,2,Jockey | Technical,0,,0,,14,Intro to Evolutions | Intro to Training Camp EVOs II | Intro to Rewards EVOs | Rising Guard | Passing Prodigy | One Shot | Complete Connection | Relentless Pressure | Long Ball Pass | Footwork Phenom | Pinged Pass | Whipped Pass+ | Cornerstones | Iron Will,AS Monaco,Ligue 1 McDonald's,false,false,500,500
75108,Veerle Buurman,77,CB,,67,35,55,51,79,70,2,3,1,Aerial Fortress,0,,0,,13,Intro to Evolutions | Intro to Training Camp EVOs II | Intro to Rewards EVOs | Rising Guard | Passing Prodigy | One Shot | Relentless Pressure | Long Ball Pass | Footwork Phenom | Pinged Pass | Whipped Pass+ | Cornerstones | Iron Will,Chelsea,Barclays WSL,false,false,500,750
221660,Victor Lindelöf,77,CB,,50,51,71,68,77,71,2,4,0,,0,,0,,13,Intro to Evolutions | Intro to Training Camp EVOs II | Intro to Rewards EVOs | Rising Guard | Passing Prodigy | One Shot | Relentless Pressure | Long Ball Pass | Footwork Phenom | Pinged Pass | Whipped Pass+ | Cornerstones | Iron Will,Aston Villa,Premier League,false,true,500,
244380,Vitaliy Mykolenko,77,LB,LM,73,55,70,71,75,72,2,2,2,Intercept | Long Throw,0,,0,,13,Intro to Evolutions | Intro to Training Camp EVOs II | Intro to Rewards EVOs | Rising Guard | Passing Prodigy | One Shot | Relentless Pressure | Long Ball Pass | Footwork Phenom | Pinged Pass | Whipped Pass+ | Cornerstones | Iron Will,Everton,Premier League,false,true,500,500
271541,Vladyslav Vanat,77,ST,,78,77,64,75,34,71,3,4,0,,0,,0,,15,Intro to Evolutions | Intro to Training Camp EVOs II | Intro to Rewards EVOs | Club Member Reward | Rising Guard | Passing Prodigy | One Shot | Relentless Pressure | Long Ball Pass | Footwork Phenom | Pinged Pass | ST Advanced Forward+ | Whipped Pass+ | Cornerstones | Iron Will,Girona FC,LALIGA HYPERMOTION,false,false,500,500
206516,Will Hughes,77,CDM,CM,36,62,76,75,73,67,3,3,0,,0,,0,,14,Intro to Evolutions | Intro to Training Camp EVOs II | Intro to Rewards EVOs | Rising Guard | Passing Prodigy | One Shot | Complete Connection | Relentless Pressure | Long Ball Pass | Footwork Phenom | Pinged Pass | Whipped Pass+ | Cornerstones | Iron Will,Crystal Palace,Premier League,false,true,500,500
245810,Willer Ditta,77,CB,,65,32,51,61,76,84,2,3,4,Long Ball Pass | Intercept | Slide Tackle | Aerial Fortress,0,,0,,11,Intro to Evolutions | Intro to Rewards EVOs | Rising Guard | Passing Prodigy | One Shot | Relentless Pressure | Footwork Phenom | Pinged Pass | Whipped Pass+ | Cornerstones | Iron Will,CF Cruz Azul,Liga BBVA MX,false,false,500,
77033,William Gomes,77,RW,LW | RM | LM,84,73,73,79,30,56,4,3,3,Finesse Shot | Rapid | Quick Step,0,,0,,13,Intro to Evolutions | Intro to Training Camp EVOs II | Intro to Rewards EVOs | Rising Guard | Passing Prodigy | One Shot | Relentless Pressure | Long Ball Pass | Footwork Phenom | Pinged Pass | Whipped Pass+ | Cornerstones | Iron Will,FC Porto,Liga Portugal,false,false,500,750
223689,Wout Weghorst,77,ST,,54,78,61,62,57,85,2,4,1,Enforcer,0,,0,,15,Intro to Evolutions | Intro to Training Camp EVOs II | Intro to Rewards EVOs | Club Member Reward | Rising Guard | Passing Prodigy | One Shot | Relentless Pressure | Long Ball Pass | Footwork Phenom | Pinged Pass | ST Advanced Forward+ | Whipped Pass+ | Cornerstones | Iron Will,FC Twente,Eredivisie,false,false,500,500
273752,Wouter Goes,77,CB,,60,31,58,67,77,81,2,3,4,Long Ball Pass | Jockey | Block | Anticipate,0,,0,,11,Intro to Evolutions | Intro to Rewards EVOs | Rising Guard | Passing Prodigy | One Shot | Relentless Pressure | Footwork Phenom | Pinged Pass | Whipped Pass+ | Cornerstones | Iron Will,AZ,Eredivisie,false,false,500,500
259075,Yan Couto,77,RB,RM | RW,76,62,78,84,71,59,4,3,4,Whipped Pass | Inventive | Technical | Quick Step,0,,0,,11,Intro to Evolutions | Intro to Rewards EVOs | Rising Guard | Passing Prodigy | One Shot | Relentless Pressure | Footwork Phenom | Pinged Pass | Whipped Pass+ | Cornerstones | Iron Will,Como,Serie A Enilive,false,false,500,500
252937,Yann Gboho,77,LW,CAM | LM | ST,79,70,71,82,36,65,4,3,4,Incisive Pass | Inventive | Technical | First Touch,0,,0,,13,Intro to Evolutions | Intro to Rewards EVOs | Club Member Reward | Rising Guard | Passing Prodigy | One Shot | Relentless Pressure | Footwork Phenom | Pinged Pass | ST Advanced Forward+ | Whipped Pass+ | Cornerstones | Iron Will,Coventry City,Premier League,false,true,500,500
278661,Yarek,77,CB,LB,70,52,65,68,77,76,2,3,1,Aerial Fortress,0,,0,,13,Intro to Evolutions | Intro to Training Camp EVOs II | Intro to Rewards EVOs | Rising Guard | Passing Prodigy | One Shot | Relentless Pressure | Long Ball Pass | Footwork Phenom | Pinged Pass | Whipped Pass+ | Cornerstones | Iron Will,PSV,Eredivisie,false,false,500,1500
264492,Yeremay,77,LM,ST | CAM | LW,86,74,73,80,22,55,4,3,4,Low Driven Shot | Whipped Pass | Inventive | Press Proven,0,,0,,12,Intro to Evolutions | Club Member Reward | Rising Guard | Passing Prodigy | One Shot | Relentless Pressure | Footwork Phenom | Pinged Pass | ST Advanced Forward+ | Whipped Pass+ | Cornerstones | Iron Will,RC Deportivo,LALIGA EA SPORTS,false,false,500,500
255185,Yuito Suzuki,77,CAM,ST,85,68,71,79,48,57,3,4,3,Incisive Pass | Technical | Quick Step,0,,0,,15,Intro to Evolutions | Intro to Training Camp EVOs II | Club Member Reward | Rising Guard | Cover Athlete | Passing Prodigy | One Shot | Relentless Pressure | Long Ball Pass | Footwork Phenom | Pinged Pass | ST Advanced Forward+ | Whipped Pass+ | Cornerstones | Iron Will,SC Freiburg,Bundesliga,false,false,500,750
245834,Yuka Momiki,77,CAM,LM | ST | CM,78,74,74,78,45,53,3,4,0,,0,,0,,16,Intro to Evolutions | Intro to Training Camp EVOs II | Intro to Rewards EVOs | Club Member Reward | Rising Guard | Passing Prodigy | One Shot | Complete Connection | Relentless Pressure | Long Ball Pass | Footwork Phenom | Pinged Pass | ST Advanced Forward+ | Whipped Pass+ | Cornerstones | Iron Will,Everton,Barclays WSL,false,false,500,750
206003,Yvon Mvogo,77,GK,,78,77,74,80,42,73,1,3,3,Long Ball Pass | Footwork | Far Reach,0,,0,,8,Intro to Training Camp EVOs I | Intro to Training Camp EVOs II | The Debut | Relentless Pressure | Long Ball Pass | Pinged Pass | Whipped Pass+ | Cornerstones,FC Lorient,Ligue 1 McDonald's,false,false,500,
236830,Zaydou Youssouf,77,CDM,CM,71,65,73,79,70,82,3,3,3,Long Ball Pass | Intercept | Press Proven,0,,0,,14,Intro to Evolutions | Intro to Training Camp EVOs II | Intro to Rewards EVOs | Rising Guard | Passing Prodigy | One Shot | Complete Connection | Relentless Pressure | Long Ball Pass | Footwork Phenom | Pinged Pass | Whipped Pass+ | Cornerstones | Iron Will,Al Fateh,ROSHN Saudi League,false,false,500,250
233738,Zubeldia,77,CB,,72,63,73,71,77,81,2,3,2,Aerial Fortress | Bruiser,0,,0,,13,Intro to Evolutions | Intro to Training Camp EVOs II | Intro to Rewards EVOs | Rising Guard | Passing Prodigy | One Shot | Relentless Pressure | Long Ball Pass | Footwork Phenom | Pinged Pass | Whipped Pass+ | Cornerstones | Iron Will,Real Sociedad,LALIGA EA SPORTS,false,false,500,750
213761,Abderrazak Hamdallah,76,ST,CAM,54,78,70,74,31,76,3,3,4,Finesse Shot | Chip Shot | Precision Header | Gamechanger,0,,0,,14,Intro to Evolutions | Intro to Rewards EVOs | Club Member Reward | Rising Guard | Cover Athlete | Passing Prodigy | One Shot | Relentless Pressure | Footwork Phenom | Pinged Pass | ST Advanced Forward+ | Whipped Pass+ | Cornerstones | Iron Will,Al Taawoun,ROSHN Saudi League,false,false,500,500
271145,Abel Bretones,76,LB,LM | LW,77,68,71,71,72,80,3,3,3,Whipped Pass | Block | Bruiser,0,,0,,13,Intro to Evolutions | Intro to Training Camp EVOs II | Intro to Rewards EVOs | Rising Guard | Passing Prodigy | One Shot | Relentless Pressure | Long Ball Pass | Footwork Phenom | Pinged Pass | Whipped Pass+ | Cornerstones | Iron Will,CA Osasuna,LALIGA EA SPORTS,false,false,500,750
263815,Abner Vinícius,76,LB,LM | CM,80,60,73,74,71,69,3,2,1,Whipped Pass,0,,0,,14,Intro to Evolutions | Intro to Training Camp EVOs II | Intro to Rewards EVOs | Rising Guard | Passing Prodigy | One Shot | Complete Connection | Relentless Pressure | Long Ball Pass | Footwork Phenom | Pinged Pass | Whipped Pass+ | Cornerstones | Iron Will,OL,Ligue 1 McDonald's,false,false,500,1500
239028,Aboubakary Koita,76,LM,RM | ST | LW,85,77,70,80,58,70,4,4,3,Power Shot | Rapid | Quick Step,0,,0,,14,Intro to Evolutions | Intro to Training Camp EVOs II | Club Member Reward | Rising Guard | Passing Prodigy | One Shot | Relentless Pressure | Long Ball Pass | Footwork Phenom | Pinged Pass | ST Advanced Forward+ | Whipped Pass+ | Cornerstones | Iron Will,AEK Athens,Hellas Liga,false,false,500,500
246618,Adam Hložek,76,ST,RM | CAM | RW,76,77,72,77,30,78,3,4,1,Gamechanger,0,,0,,15,Intro to Evolutions | Intro to Training Camp EVOs II | Intro to Rewards EVOs | Club Member Reward | Rising Guard | Passing Prodigy | One Shot | Relentless Pressure | Long Ball Pass | Footwork Phenom | Pinged Pass | ST Advanced Forward+ | Whipped Pass+ | Cornerstones | Iron Will,TSG Hoffenheim,Bundesliga,false,false,500,500
252794,Adrián Bernabé,76,CM,CAM,74,70,75,79,70,57,3,3,0,,0,,0,,15,Intro to Evolutions | Intro to Training Camp EVOs II | Intro to Rewards EVOs | Rising Guard | Cover Athlete | Passing Prodigy | One Shot | Complete Connection | Relentless Pressure | Long Ball Pass | Footwork Phenom | Pinged Pass | Whipped Pass+ | Cornerstones | Iron Will,Parma,Serie A Enilive,false,false,500,1000
265082,Adriana Achcińska,76,CM,CDM | CAM,40,65,68,71,69,72,3,3,1,Long Ball Pass,0,,0,,15,Intro to Evolutions | Intro to Training Camp EVOs II | Intro to Rewards EVOs | Rising Guard | Cover Athlete | Passing Prodigy | One Shot | Complete Connection | Relentless Pressure | Long Ball Pass | Footwork Phenom | Pinged Pass | Whipped Pass+ | Cornerstones | Iron Will,VfB Stuttgart,GPFBL,false,false,500,500
263880,Agirrezabala,76,GK,,76,75,77,76,35,75,1,3,2,Footwork | Cross Claimer,0,,0,,8,Intro to Training Camp EVOs I | Intro to Training Camp EVOs II | The Debut | Relentless Pressure | Long Ball Pass | Pinged Pass | Whipped Pass+ | Cornerstones,R. Racing Club,LALIGA EA SPORTS,false,false,500,750
258937,Aimar Oroz,76,CAM,CM | LM | LW,67,73,76,78,65,67,3,3,1,Tiki Taka,0,,0,,14,Intro to Evolutions | Intro to Training Camp EVOs II | Intro to Rewards EVOs | Rising Guard | Passing Prodigy | One Shot | Complete Connection | Relentless Pressure | Long Ball Pass | Footwork Phenom | Pinged Pass | Whipped Pass+ | Cornerstones | Iron Will,CA Osasuna,LALIGA EA SPORTS,false,false,500,500
275887,Alayah Pilgrim,76,RW,ST | RM,71,75,73,74,48,68,3,3,1,Rapid,0,,0,,15,Intro to Evolutions | Intro to Training Camp EVOs II | Intro to Rewards EVOs | Club Member Reward | Rising Guard | Passing Prodigy | One Shot | Relentless Pressure | Long Ball Pass | Footwork Phenom | Pinged Pass | ST Advanced Forward+ | Whipped Pass+ | Cornerstones | Iron Will,Roma,Calcio A Femminile,false,false,500,250
210423,Albert Rusnák,76,CAM,CDM | CM,71,74,76,75,49,64,4,5,3,Gamechanger | Incisive Pass | Whipped Pass,0,,0,,15,Intro to Evolutions | Intro to Training Camp EVOs II | Intro to Rewards EVOs | Rising Guard | Cover Athlete | Passing Prodigy | One Shot | Complete Connection | Relentless Pressure | Long Ball Pass | Footwork Phenom | Pinged Pass | Whipped Pass+ | Cornerstones | Iron Will,Sounders FC,MLS,false,false,500,250
259074,Albian Hajdari,76,CB,LB,60,32,56,55,77,79,2,3,4,Long Ball Pass | Block | Intercept | Bruiser,0,,0,,11,Intro to Evolutions | Intro to Rewards EVOs | Rising Guard | Passing Prodigy | One Shot | Relentless Pressure | Footwork Phenom | Pinged Pass | Whipped Pass+ | Cornerstones | Iron Will,TSG Hoffenheim,Bundesliga,false,false,500,
278318,Aleksandar Stanković,76,CDM,CM,65,67,72,70,74,72,3,3,3,Dead Ball | Long Ball Pass | Intercept,0,,0,,14,Intro to Evolutions | Intro to Training Camp EVOs II | Intro to Rewards EVOs | Rising Guard | Passing Prodigy | One Shot | Complete Connection | Relentless Pressure | Long Ball Pass | Footwork Phenom | Pinged Pass | Whipped Pass+ | Cornerstones | Iron Will,Lombardia FC,Serie A Enilive,false,false,500,250
273843,Alex Arce,76,ST,,74,78,51,71,23,74,2,3,5,Precision Header | Acrobatic | Aerial Fortress | Press Proven | Enforcer,0,,0,,12,Intro to Evolutions | Intro to Rewards EVOs | Club Member Reward | Rising Guard | Passing Prodigy | One Shot | Footwork Phenom | Pinged Pass | ST Advanced Forward+ | Whipped Pass+ | Cornerstones | Iron Will,Ind. Rivadavia,LPF,false,false,500,250
217036,Álex Moreno,76,LB,,78,63,73,75,73,68,3,2,0,,0,,0,,13,Intro to Evolutions | Intro to Training Camp EVOs II | Intro to Rewards EVOs | Rising Guard | Passing Prodigy | One Shot | Relentless Pressure | Long Ball Pass | Footwork Phenom | Pinged Pass | Whipped Pass+ | Cornerstones | Iron Will,Girona FC,LALIGA HYPERMOTION,false,false,500,500
212462,Alex Telles,76,LB,LM,73,73,78,75,72,68,3,2,3,Dead Ball | Long Ball Pass | Whipped Pass,0,,0,,13,Intro to Evolutions | Intro to Training Camp EVOs II | Intro to Rewards EVOs | Rising Guard | Passing Prodigy | One Shot | Relentless Pressure | Long Ball Pass | Footwork Phenom | Pinged Pass | Whipped Pass+ | Cornerstones | Iron Will,Botafogo,Sudamericana,false,false,500,
263041,Alexander Prass,76,LB,LM | CM | LW,75,67,74,76,71,76,3,2,2,Power Shot | Incisive Pass,0,,0,,14,Intro to Evolutions | Intro to Training Camp EVOs II | Intro to Rewards EVOs | Rising Guard | Passing Prodigy | One Shot | Complete Connection | Relentless Pressure | Long Ball Pass | Footwork Phenom | Pinged Pass | Whipped Pass+ | Cornerstones | Iron Will,TSG Hoffenheim,Bundesliga,false,false,500,750
193301,Alexandre Lacazette,76,ST,CAM,64,80,73,75,44,73,4,4,3,Finesse Shot | Gamechanger | Technical,0,,0,,16,Intro to Evolutions | Intro to Training Camp EVOs II | Intro to Rewards EVOs | Club Member Reward | Rising Guard | Cover Athlete | Passing Prodigy | One Shot | Relentless Pressure | Long Ball Pass | Footwork Phenom | Pinged Pass | ST Advanced Forward+ | Whipped Pass+ | Cornerstones | Iron Will,Neom,ROSHN Saudi League,false,false,500,500
221714,Alfredo Morelos,76,ST,,70,76,66,72,43,77,2,4,3,Power Shot | Precision Header | Bruiser,0,,0,,15,Intro to Evolutions | Intro to Training Camp EVOs II | Intro to Rewards EVOs | Club Member Reward | Rising Guard | Passing Prodigy | One Shot | Relentless Pressure | Long Ball Pass | Footwork Phenom | Pinged Pass | ST Advanced Forward+ | Whipped Pass+ | Cornerstones | Iron Will,Atl. Nacional,Liga Colombia,false,false,500,250
229541,Álvaro Montero,76,GK,,76,74,72,76,43,75,1,2,1,Footwork,0,,0,,8,Intro to Training Camp EVOs I | Intro to Training Camp EVOs II | The Debut | Relentless Pressure | Long Ball Pass | Pinged Pass | Whipped Pass+ | Cornerstones,Boca Juniors,LPF,false,false,500,500
276745,Álvaro Núñez,76,RB,RM | CB | CM,75,51,75,74,72,74,3,3,0,,0,,0,,14,Intro to Evolutions | Intro to Training Camp EVOs II | Intro to Rewards EVOs | Rising Guard | Passing Prodigy | One Shot | Complete Connection | Relentless Pressure | Long Ball Pass | Footwork Phenom | Pinged Pass | Whipped Pass+ | Cornerstones | Iron Will,Celta,LALIGA EA SPORTS,false,false,500,750
247535,Amalie Eikeland,76,RM,CM | RW,79,68,72,74,41,56,3,3,0,,0,,0,,14,Intro to Evolutions | Intro to Training Camp EVOs II | Intro to Rewards EVOs | Rising Guard | Passing Prodigy | One Shot | Complete Connection | Relentless Pressure | Long Ball Pass | Footwork Phenom | Pinged Pass | Whipped Pass+ | Cornerstones | Iron Will,SK Brann,Norge Kvinner Liga,false,false,500,
257345,Amar Dedić,76,RB,,83,62,72,80,68,78,3,4,3,Technical | Relentless | Bruiser,0,,0,,13,Intro to Evolutions | Intro to Training Camp EVOs II | Intro to Rewards EVOs | Rising Guard | Passing Prodigy | One Shot | Relentless Pressure | Long Ball Pass | Footwork Phenom | Pinged Pass | Whipped Pass+ | Cornerstones | Iron Will,Newcastle Utd,Premier League,false,true,500,2000
246836,Amos Pieper,76,CB,,65,32,54,53,80,73,2,3,2,Block | Aerial Fortress,0,,0,,13,Intro to Evolutions | Intro to Training Camp EVOs II | Intro to Rewards EVOs | Rising Guard | Passing Prodigy | One Shot | Relentless Pressure | Long Ball Pass | Footwork Phenom | Pinged Pass | Whipped Pass+ | Cornerstones | Iron Will,SV Werder Bremen,Bundesliga,false,false,500,500
251988,Andrea Colpani,76,CAM,CM,76,75,75,76,66,63,3,3,1,Dead Ball,0,,0,,15,Intro to Evolutions | Intro to Training Camp EVOs II | Intro to Rewards EVOs | Rising Guard | Cover Athlete | Passing Prodigy | One Shot | Complete Connection | Relentless Pressure | Long Ball Pass | Footwork Phenom | Pinged Pass | Whipped Pass+ | Cornerstones | Iron Will,Monza,Serie A Enilive,false,false,500,500
268534,Andy Diouf,76,CM,CAM,77,71,72,78,67,75,3,3,0,,0,,0,,15,Intro to Evolutions | Intro to Training Camp EVOs II | Intro to Rewards EVOs | Rising Guard | Cover Athlete | Passing Prodigy | One Shot | Complete Connection | Relentless Pressure | Long Ball Pass | Footwork Phenom | Pinged Pass | Whipped Pass+ | Cornerstones | Iron Will,Lombardia FC,Serie A Enilive,false,false,500,500
272829,Ângelo,76,CM,LM | RM | CDM,85,66,74,82,63,63,5,2,1,Technical,0,,0,,13,Intro to Evolutions | Intro to Training Camp EVOs II | Rising Guard | Passing Prodigy | One Shot | Complete Connection | Relentless Pressure | Long Ball Pass | Footwork Phenom | Pinged Pass | Whipped Pass+ | Cornerstones | Iron Will,Al Nassr,ROSHN Saudi League,false,false,500,2000
272101,Anita Marcos,76,ST,,76,77,73,77,51,73,2,4,4,Finesse Shot | Power Shot | Press Proven | Enforcer,0,,0,,13,Intro to Evolutions | Intro to Rewards EVOs | Club Member Reward | Rising Guard | Passing Prodigy | One Shot | Relentless Pressure | Footwork Phenom | Pinged Pass | ST Advanced Forward+ | Whipped Pass+ | Cornerstones | Iron Will,RCD Espanyol,Liga F Moeve,false,false,500,500
257540,Ansgar Knauff,76,LM,CAM | RM | LW,89,71,69,76,57,64,3,3,2,Rapid | Quick Step,0,,0,,12,Intro to Evolutions | Intro to Training Camp EVOs II | Rising Guard | Passing Prodigy | One Shot | Relentless Pressure | Long Ball Pass | Footwork Phenom | Pinged Pass | Whipped Pass+ | Cornerstones | Iron Will,Frankfurt,Bundesliga,false,false,500,750
252512,Anthony Rouault,76,CB,,58,30,61,61,77,74,2,3,3,Block | Anticipate | Aerial Fortress,0,,0,,13,Intro to Evolutions | Intro to Training Camp EVOs II | Intro to Rewards EVOs | Rising Guard | Passing Prodigy | One Shot | Relentless Pressure | Long Ball Pass | Footwork Phenom | Pinged Pass | Whipped Pass+ | Cornerstones | Iron Will,Stade Rennais FC,Ligue 1 McDonald's,false,false,500,500
266433,Anton Kade,76,RM,LM | CAM | RW,81,73,71,75,41,69,3,3,0,,0,,0,,13,Intro to Evolutions | Intro to Training Camp EVOs II | Intro to Rewards EVOs | Rising Guard | Passing Prodigy | One Shot | Relentless Pressure | Long Ball Pass | Footwork Phenom | Pinged Pass | Whipped Pass+ | Cornerstones | Iron Will,FC Augsburg,Bundesliga,false,false,500,
236764,Ao Tanaka,76,CM,CDM,67,70,74,77,72,68,3,3,0,,0,,0,,14,Intro to Evolutions | Intro to Training Camp EVOs II | Intro to Rewards EVOs | Rising Guard | Passing Prodigy | One Shot | Complete Connection | Relentless Pressure | Long Ball Pass | Footwork Phenom | Pinged Pass | Whipped Pass+ | Cornerstones | Iron Will,Leeds United,Premier League,false,true,500,500
256933,Aral Şimşir,76,LW,LM | ST | CAM,82,69,74,78,36,72,5,4,6,Finesse Shot | Whipped Pass | Inventive | Technical | Trickster | Quick Step,0,,0,,11,Intro to Evolutions | Intro to Rewards EVOs | Club Member Reward | Rising Guard | Passing Prodigy | One Shot | Footwork Phenom | ST Advanced Forward+ | Whipped Pass+ | Cornerstones | Iron Will,Trabzonspor,Trendyol Süper Lig,false,false,500,500
239614,Areso,76,RB,RM,80,45,71,74,70,77,3,2,1,Long Throw,0,,0,,13,Intro to Evolutions | Intro to Training Camp EVOs II | Intro to Rewards EVOs | Rising Guard | Passing Prodigy | One Shot | Relentless Pressure | Long Ball Pass | Footwork Phenom | Pinged Pass | Whipped Pass+ | Cornerstones | Iron Will,Athletic Club,LALIGA EA SPORTS,false,false,500,500
277048,Ari Mingueza,76,CM,CDM,72,70,77,74,66,67,3,3,0,,0,,0,,14,Intro to Evolutions | Intro to Training Camp EVOs II | Intro to Rewards EVOs | Rising Guard | Passing Prodigy | One Shot | Complete Connection | Relentless Pressure | Long Ball Pass | Footwork Phenom | Pinged Pass | Whipped Pass+ | Cornerstones | Iron Will,C. Adeje Tenerife,Liga F Moeve,false,false,500,750
205175,Arkadiusz Milik,76,ST,,51,80,71,72,39,63,3,3,1,Power Shot,0,,0,,15,Intro to Evolutions | Intro to Training Camp EVOs II | Intro to Rewards EVOs | Club Member Reward | Rising Guard | Passing Prodigy | One Shot | Relentless Pressure | Long Ball Pass | Footwork Phenom | Pinged Pass | ST Advanced Forward+ | Whipped Pass+ | Cornerstones | Iron Will,Juventus,Serie A Enilive,false,false,500,500
237936,Aron Dønnum,76,RM,LM | RW | LW,81,68,72,77,52,74,4,3,2,Inventive | Technical,0,,0,,13,Intro to Evolutions | Intro to Training Camp EVOs II | Intro to Rewards EVOs | Rising Guard | Passing Prodigy | One Shot | Relentless Pressure | Long Ball Pass | Footwork Phenom | Pinged Pass | Whipped Pass+ | Cornerstones | Iron Will,Toulouse FC,Ligue 1 McDonald's,false,false,500,250
74295,Arseniy Batagov,76,CB,,68,40,60,63,77,74,2,3,1,Long Ball Pass,0,,0,,13,Intro to Evolutions | Intro to Training Camp EVOs II | Intro to Rewards EVOs | Rising Guard | Passing Prodigy | One Shot | Relentless Pressure | Long Ball Pass | Footwork Phenom | Pinged Pass | Whipped Pass+ | Cornerstones | Iron Will,Trabzonspor,Trendyol Süper Lig,false,false,500,500
230658,Arthur,76,CDM,CM,51,65,79,83,70,65,4,3,0,,0,,0,,14,Intro to Evolutions | Intro to Training Camp EVOs II | Intro to Rewards EVOs | Rising Guard | Passing Prodigy | One Shot | Complete Connection | Relentless Pressure | Long Ball Pass | Footwork Phenom | Pinged Pass | Whipped Pass+ | Cornerstones | Iron Will,Juventus,Serie A Enilive,false,false,500,
272783,Arthur Atta,76,CM,CAM,78,70,73,78,64,76,4,3,2,Power Shot | Technical,0,,0,,15,Intro to Evolutions | Intro to Training Camp EVOs II | Intro to Rewards EVOs | Rising Guard | Cover Athlete | Passing Prodigy | One Shot | Complete Connection | Relentless Pressure | Long Ball Pass | Footwork Phenom | Pinged Pass | Whipped Pass+ | Cornerstones | Iron Will,Fiorentina,Serie A Enilive,false,false,500,750
269859,Arthur Vermeeren,76,CM,CDM,66,55,78,77,66,66,3,4,2,Block | Anticipate,0,,0,,14,Intro to Evolutions | Intro to Training Camp EVOs II | Intro to Rewards EVOs | Rising Guard | Passing Prodigy | One Shot | Complete Connection | Relentless Pressure | Long Ball Pass | Footwork Phenom | Pinged Pass | Whipped Pass+ | Cornerstones | Iron Will,Royal Antwerp FC,1A Pro League,false,false,500,500
247792,Ashleigh Weerden,76,LM,LW,80,72,68,80,34,64,4,3,2,Jockey | Technical,0,,0,,13,Intro to Evolutions | Intro to Training Camp EVOs II | Intro to Rewards EVOs | Rising Guard | Passing Prodigy | One Shot | Relentless Pressure | Long Ball Pass | Footwork Phenom | Pinged Pass | Whipped Pass+ | Cornerstones | Iron Will,Crystal Palace,Barclays WSL,false,false,500,
276602,Assan Ouédraogo,76,CM,CAM | CDM,82,72,76,82,59,71,4,4,2,Inventive | Technical,0,,0,,15,Intro to Evolutions | Intro to Training Camp EVOs II | Intro to Rewards EVOs | Rising Guard | Cover Athlete | Passing Prodigy | One Shot | Complete Connection | Relentless Pressure | Long Ball Pass | Footwork Phenom | Pinged Pass | Whipped Pass+ | Cornerstones | Iron Will,RB Leipzig,Bundesliga,false,false,500,1000
275324,Assane Diao,76,RM,LM | RW | LW,90,74,67,77,38,67,4,4,3,Low Driven Shot | Rapid | Quick Step,0,,0,,12,Intro to Evolutions | Intro to Training Camp EVOs II | Rising Guard | Passing Prodigy | One Shot | Relentless Pressure | Long Ball Pass | Footwork Phenom | Pinged Pass | Whipped Pass+ | Cornerstones | Iron Will,Como,Serie A Enilive,false,false,500,500
239096,Atakan Karazor,76,CDM,CM,45,36,63,68,77,73,2,3,1,Anticipate,0,,0,,14,Intro to Evolutions | Intro to Training Camp EVOs II | Intro to Rewards EVOs | Rising Guard | Passing Prodigy | One Shot | Complete Connection | Relentless Pressure | Long Ball Pass | Footwork Phenom | Pinged Pass | Whipped Pass+ | Cornerstones | Iron Will,VfB Stuttgart,Bundesliga,false,false,500,500
245443,Aurora Galli,76,CM,CDM | CB,71,72,75,77,66,57,3,3,0,,0,,0,,14,Intro to Evolutions | Intro to Training Camp EVOs II | Intro to Rewards EVOs | Rising Guard | Passing Prodigy | One Shot | Complete Connection | Relentless Pressure | Long Ball Pass | Footwork Phenom | Pinged Pass | Whipped Pass+ | Cornerstones | Iron Will,Everton,Barclays WSL,false,false,500,500
177413,Axel Witsel,76,CDM,CM | CB,34,64,74,73,76,73,3,4,1,Bruiser,0,,0,,14,Intro to Evolutions | Intro to Training Camp EVOs II | Intro to Rewards EVOs | Rising Guard | Passing Prodigy | One Shot | Complete Connection | Relentless Pressure | Long Ball Pass | Footwork Phenom | Pinged Pass | Whipped Pass+ | Cornerstones | Iron Will,OGC Nice,Ligue 1 McDonald's,false,false,500,500
262311,Bart van Rooij,76,RB,CM,87,51,68,71,69,77,2,3,4,Long Ball Pass | Whipped Pass | Block | Long Throw,0,,0,,11,Intro to Evolutions | Rising Guard | Passing Prodigy | One Shot | Complete Connection | Relentless Pressure | Footwork Phenom | Pinged Pass | Whipped Pass+ | Cornerstones | Iron Will,FC Twente,Eredivisie,false,false,500,750
80230,Bella Andersson,76,CB,,66,24,50,57,75,78,2,2,0,,0,,0,,13,Intro to Evolutions | Intro to Training Camp EVOs II | Intro to Rewards EVOs | Rising Guard | Passing Prodigy | One Shot | Relentless Pressure | Long Ball Pass | Footwork Phenom | Pinged Pass | Whipped Pass+ | Cornerstones | Iron Will,Real Madrid,Liga F Moeve,true,false,500,750
242578,Benoît Badiashile,76,CB,,59,45,64,62,76,74,2,2,0,,0,,0,,13,Intro to Evolutions | Intro to Training Camp EVOs II | Intro to Rewards EVOs | Rising Guard | Passing Prodigy | One Shot | Relentless Pressure | Long Ball Pass | Footwork Phenom | Pinged Pass | Whipped Pass+ | Cornerstones | Iron Will,SSC Napoli,Serie A Enilive,false,false,500,500
206222,Bigas,76,CB,,57,54,66,65,76,79,2,4,3,Long Ball Pass | Aerial Fortress | Bruiser,0,,0,,13,Intro to Evolutions | Intro to Training Camp EVOs II | Intro to Rewards EVOs | Rising Guard | Passing Prodigy | One Shot | Relentless Pressure | Long Ball Pass | Footwork Phenom | Pinged Pass | Whipped Pass+ | Cornerstones | Iron Will,Elche CF,LALIGA EA SPORTS,false,false,500,1000
228635,Borja Mayoral,76,ST,,62,77,70,75,39,64,3,4,1,Precision Header,0,,0,,15,Intro to Evolutions | Intro to Training Camp EVOs II | Intro to Rewards EVOs | Club Member Reward | Rising Guard | Passing Prodigy | One Shot | Relentless Pressure | Long Ball Pass | Footwork Phenom | Pinged Pass | ST Advanced Forward+ | Whipped Pass+ | Cornerstones | Iron Will,Getafe CF,LALIGA EA SPORTS,false,false,500,750
252929,Borja Sainz,76,LW,LM,82,76,73,76,55,70,3,3,3,Low Driven Shot | Gamechanger | Technical,0,,0,,13,Intro to Evolutions | Intro to Training Camp EVOs II | Intro to Rewards EVOs | Rising Guard | Passing Prodigy | One Shot | Relentless Pressure | Long Ball Pass | Footwork Phenom | Pinged Pass | Whipped Pass+ | Cornerstones | Iron Will,FC Porto,Liga Portugal,false,false,500,500
215410,Brendan Chardonnet,76,CB,,41,45,54,60,78,76,2,3,2,Block | Aerial Fortress,0,,0,,13,Intro to Evolutions | Intro to Training Camp EVOs II | Intro to Rewards EVOs | Rising Guard | Passing Prodigy | One Shot | Relentless Pressure | Long Ball Pass | Footwork Phenom | Pinged Pass | Whipped Pass+ | Cornerstones | Iron Will,Stade Brestois 29,Ligue 1 McDonald's,false,false,500,500
247361,Brenden Aaronson,76,RW,CAM | RM | CM,78,71,74,77,60,62,3,3,2,Low Driven Shot | Relentless,0,,0,,14,Intro to Evolutions | Intro to Training Camp EVOs II | Intro to Rewards EVOs | Rising Guard | Passing Prodigy | One Shot | Complete Connection | Relentless Pressure | Long Ball Pass | Footwork Phenom | Pinged Pass | Whipped Pass+ | Cornerstones | Iron Will,Leeds United,Premier League,false,true,500,2500
265408,Caitlin Dijkstra,76,CB,,59,30,57,47,77,73,2,3,0,,0,,0,,13,Intro to Evolutions | Intro to Training Camp EVOs II | Intro to Rewards EVOs | Rising Guard | Passing Prodigy | One Shot | Relentless Pressure | Long Ball Pass | Footwork Phenom | Pinged Pass | Whipped Pass+ | Cornerstones | Iron Will,Spurs,Barclays WSL,false,false,500,500
196978,Callum Wilson,76,ST,,65,78,66,75,42,62,3,3,0,,0,,0,,15,Intro to Evolutions | Intro to Training Camp EVOs II | Intro to Rewards EVOs | Club Member Reward | Rising Guard | Passing Prodigy | One Shot | Relentless Pressure | Long Ball Pass | Footwork Phenom | Pinged Pass | ST Advanced Forward+ | Whipped Pass+ | Cornerstones | Iron Will,Brentford,Premier League,false,true,500,750
236593,Calvin Stengs,76,CAM,CM | RW | CDM,64,68,77,77,50,67,4,3,1,Technical,0,,0,,14,Intro to Evolutions | Intro to Training Camp EVOs II | Intro to Rewards EVOs | Rising Guard | Passing Prodigy | One Shot | Complete Connection | Relentless Pressure | Long Ball Pass | Footwork Phenom | Pinged Pass | Whipped Pass+ | Cornerstones | Iron Will,AZ,Eredivisie,false,false,500,250
264934,Camilla Küver,76,CB,,69,53,70,62,77,76,3,4,1,Long Throw,0,,0,,13,Intro to Evolutions | Intro to Training Camp EVOs II | Intro to Rewards EVOs | Rising Guard | Passing Prodigy | One Shot | Relentless Pressure | Long Ball Pass | Footwork Phenom | Pinged Pass | Whipped Pass+ | Cornerstones | Iron Will,VfL Wolfsburg,GPFBL,false,false,500,500
212067,Camilo Vargas,76,GK,,73,74,76,72,46,78,1,3,2,Cross Claimer | 1v1 Close Down,0,,0,,8,Intro to Training Camp EVOs I | Intro to Training Camp EVOs II | The Debut | Relentless Pressure | Long Ball Pass | Pinged Pass | Whipped Pass+ | Cornerstones,Atlas FC,Liga BBVA MX,false,false,500,
263339,Carl Rushworth,76,GK,,76,75,75,77,55,75,1,2,2,Far Throw | 1v1 Close Down,0,,0,,8,Intro to Training Camp EVOs I | Intro to Training Camp EVOs II | The Debut | Relentless Pressure | Long Ball Pass | Pinged Pass | Whipped Pass+ | Cornerstones,Coventry City,Premier League,false,true,500,1500
275579,Carla Andrés,76,CB,CDM | CM,76,58,69,69,77,75,2,2,1,Aerial Fortress,0,,0,,14,Intro to Evolutions | Intro to Training Camp EVOs II | Intro to Rewards EVOs | Rising Guard | Passing Prodigy | One Shot | Complete Connection | Relentless Pressure | Long Ball Pass | Footwork Phenom | Pinged Pass | Whipped Pass+ | Cornerstones | Iron Will,SD Eibar,Liga F Moeve,false,false,500,500
235389,Carlos Rodríguez,76,CM,CDM | CAM,77,67,73,78,65,69,3,3,3,Incisive Pass | Long Ball Pass | Technical,0,,0,,15,Intro to Evolutions | Intro to Training Camp EVOs II | Intro to Rewards EVOs | Rising Guard | Cover Athlete | Passing Prodigy | One Shot | Complete Connection | Relentless Pressure | Long Ball Pass | Footwork Phenom | Pinged Pass | Whipped Pass+ | Cornerstones | Iron Will,CF Cruz Azul,Liga BBVA MX,false,false,500,
244767,Carlos Vicente,76,RM,RW,79,72,74,75,40,64,3,3,2,Technical | First Touch,0,,0,,13,Intro to Evolutions | Intro to Training Camp EVOs II | Intro to Rewards EVOs | Rising Guard | Passing Prodigy | One Shot | Relentless Pressure | Long Ball Pass | Footwork Phenom | Pinged Pass | Whipped Pass+ | Cornerstones | Iron Will,Birmingham City,EFL Championship,false,false,500,500
252866,Carreira,76,RB,RM | LM | LB,76,58,73,76,71,66,3,3,0,,0,,0,,13,Intro to Evolutions | Intro to Training Camp EVOs II | Intro to Rewards EVOs | Rising Guard | Passing Prodigy | One Shot | Relentless Pressure | Long Ball Pass | Footwork Phenom | Pinged Pass | Whipped Pass+ | Cornerstones | Iron Will,Celta,LALIGA EA SPORTS,false,false,500,500
236642,Casey Krueger,76,LB,LM,73,56,71,73,74,78,3,3,4,Jockey | Aerial Fortress | Press Proven | Bruiser,0,,0,,11,Intro to Evolutions | Intro to Rewards EVOs | Rising Guard | Passing Prodigy | One Shot | Relentless Pressure | Footwork Phenom | Pinged Pass | Whipped Pass+ | Cornerstones | Iron Will,Washington Spirit,NWSL,false,false,500,500
267320,CeCe Delzer,76,RM,CAM | RW | CM,73,72,73,77,46,68,3,4,2,Incisive Pass | Press Proven,0,,0,,14,Intro to Evolutions | Intro to Training Camp EVOs II | Intro to Rewards EVOs | Rising Guard | Passing Prodigy | One Shot | Complete Connection | Relentless Pressure | Long Ball Pass | Footwork Phenom | Pinged Pass | Whipped Pass+ | Cornerstones | Iron Will,Utah Royals FC,NWSL,false,false,500,500
264959,Célina Ould Hocine,76,CB,RB | CDM,58,53,65,68,78,73,3,3,1,Long Ball Pass,0,,0,,13,Intro to Evolutions | Intro to Training Camp EVOs II | Intro to Rewards EVOs | Rising Guard | Passing Prodigy | One Shot | Relentless Pressure | Long Ball Pass | Footwork Phenom | Pinged Pass | Whipped Pass+ | Cornerstones | Iron Will,Paris FC,Arkema PL,false,false,500,500
273205,Chasity Grant,76,RM,RW,71,67,72,74,37,70,4,3,2,Whipped Pass | Bruiser,0,,0,,13,Intro to Evolutions | Intro to Training Camp EVOs II | Intro to Rewards EVOs | Rising Guard | Passing Prodigy | One Shot | Relentless Pressure | Long Ball Pass | Footwork Phenom | Pinged Pass | Whipped Pass+ | Cornerstones | Iron Will,Aston Villa,Barclays WSL,false,false,500,500
242619,Cheick Doucouré,76,CDM,CM,54,55,72,74,74,70,3,3,1,Anticipate,0,,0,,14,Intro to Evolutions | Intro to Training Camp EVOs II | Intro to Rewards EVOs | Rising Guard | Passing Prodigy | One Shot | Complete Connection | Relentless Pressure | Long Ball Pass | Footwork Phenom | Pinged Pass | Whipped Pass+ | Cornerstones | Iron Will,Crystal Palace,Premier League,false,true,500,500
74554,Chupe,76,ST,,80,76,60,73,24,75,2,3,1,Low Driven Shot,0,,0,,15,Intro to Evolutions | Intro to Training Camp EVOs II | Intro to Rewards EVOs | Club Member Reward | Rising Guard | Passing Prodigy | One Shot | Relentless Pressure | Long Ball Pass | Footwork Phenom | Pinged Pass | ST Advanced Forward+ | Whipped Pass+ | Cornerstones | Iron Will,Málaga CF,LALIGA EA SPORTS,false,false,500,750
192387,Ciro Immobile,76,ST,CAM,63,78,66,75,39,70,3,4,0,,0,,0,,16,Intro to Evolutions | Intro to Training Camp EVOs II | Intro to Rewards EVOs | Club Member Reward | Rising Guard | Cover Athlete | Passing Prodigy | One Shot | Relentless Pressure | Long Ball Pass | Footwork Phenom | Pinged Pass | ST Advanced Forward+ | Whipped Pass+ | Cornerstones | Iron Will,Paris FC,Ligue 1 McDonald's,false,false,500,500
79274,Cláudio Braga,76,ST,CAM | LM | LW,74,76,68,76,47,70,3,3,2,Precision Header | Relentless,0,,0,,15,Intro to Evolutions | Intro to Training Camp EVOs II | Intro to Rewards EVOs | Club Member Reward | Rising Guard | Passing Prodigy | One Shot | Relentless Pressure | Long Ball Pass | Footwork Phenom | Pinged Pass | ST Advanced Forward+ | Whipped Pass+ | Cornerstones | Iron Will,Hearts,Scottish Prem,false,false,500,750
200059,Colin Coosemans,76,GK,,77,74,74,79,44,76,1,4,2,Long Ball Pass | Footwork,0,,0,,8,Intro to Training Camp EVOs I | Intro to Training Camp EVOs II | The Debut | Relentless Pressure | Long Ball Pass | Pinged Pass | Whipped Pass+ | Cornerstones,RSC Anderlecht,1A Pro League,false,false,500,500
217998,Cristian Arango,76,ST,CAM | LW | LM,68,78,69,74,35,70,3,3,2,Chip Shot | Technical,0,,0,,15,Intro to Evolutions | Intro to Training Camp EVOs II | Intro to Rewards EVOs | Club Member Reward | Rising Guard | Passing Prodigy | One Shot | Relentless Pressure | Long Ball Pass | Footwork Phenom | Pinged Pass | ST Advanced Forward+ | Whipped Pass+ | Cornerstones | Iron Will,Atl. Nacional,Liga Colombia,false,false,500,500
242534,Cristian Cásseres Jr,76,CDM,CM,77,64,69,73,76,77,3,4,1,Intercept,0,,0,,14,Intro to Evolutions | Intro to Training Camp EVOs II | Intro to Rewards EVOs | Rising Guard | Passing Prodigy | One Shot | Complete Connection | Relentless Pressure | Long Ball Pass | Footwork Phenom | Pinged Pass | Whipped Pass+ | Cornerstones | Iron Will,Toulouse FC,Ligue 1 McDonald's,false,false,500,500
226385,Cristian Espinoza,76,RM,RW | CAM | CM,82,70,73,76,48,65,4,5,3,Pinged Pass | Whipped Pass | Rapid,0,,0,,14,Intro to Evolutions | Intro to Training Camp EVOs II | Intro to Rewards EVOs | Rising Guard | Passing Prodigy | One Shot | Complete Connection | Relentless Pressure | Long Ball Pass | Footwork Phenom | Pinged Pass | Whipped Pass+ | Cornerstones | Iron Will,Nashville SC,MLS,false,false,500,250
272140,Cristina Cubedo,76,CB,,54,50,62,65,75,81,2,3,1,Aerial Fortress,0,,0,,13,Intro to Evolutions | Intro to Training Camp EVOs II | Intro to Rewards EVOs | Rising Guard | Passing Prodigy | One Shot | Relentless Pressure | Long Ball Pass | Footwork Phenom | Pinged Pass | Whipped Pass+ | Cornerstones | Iron Will,Badalona Women,Liga F Moeve,false,false,500,500
226766,Daniel Podence,76,LM,RM | LW | RW,76,69,73,82,33,51,4,4,4,Inventive | Technical | Trickster | Quick Step,0,,0,,11,Intro to Evolutions | Intro to Rewards EVOs | Rising Guard | Passing Prodigy | One Shot | Relentless Pressure | Footwork Phenom | Pinged Pass | Whipped Pass+ | Cornerstones | Iron Will,Al Shabab,ROSHN Saudi League,false,false,500,500
75061,Daniela Agote,76,LM,RW | LW | RM,85,69,68,79,37,71,3,4,0,,0,,0,,12,Intro to Evolutions | Intro to Training Camp EVOs II | Rising Guard | Passing Prodigy | One Shot | Relentless Pressure | Long Ball Pass | Footwork Phenom | Pinged Pass | Whipped Pass+ | Cornerstones | Iron Will,Athletic Club,Liga F Moeve,false,false,500,750
262580,Darko Nejašmić,76,CDM,CM,60,49,65,69,71,78,2,4,3,Jockey | Intercept | Bruiser,0,,0,,14,Intro to Evolutions | Intro to Training Camp EVOs II | Intro to Rewards EVOs | Rising Guard | Passing Prodigy | One Shot | Complete Connection | Relentless Pressure | Long Ball Pass | Footwork Phenom | Pinged Pass | Whipped Pass+ | Cornerstones | Iron Will,N.E.C. Nijmegen,Eredivisie,false,false,500,
261264,David Affengruber,76,CB,,73,43,57,69,76,83,2,3,4,Long Ball Pass | Intercept | Slide Tackle | Aerial Fortress,0,,0,,11,Intro to Evolutions | Intro to Rewards EVOs | Rising Guard | Passing Prodigy | One Shot | Relentless Pressure | Footwork Phenom | Pinged Pass | Whipped Pass+ | Cornerstones | Iron Will,Fulham,Premier League,false,true,500,750
220196,David Brooks,76,RM,RW,70,71,77,78,49,57,4,3,0,,0,,0,,13,Intro to Evolutions | Intro to Training Camp EVOs II | Intro to Rewards EVOs | Rising Guard | Passing Prodigy | One Shot | Relentless Pressure | Long Ball Pass | Footwork Phenom | Pinged Pass | Whipped Pass+ | Cornerstones | Iron Will,AFC Bournemouth,Premier League,false,true,500,500
255687,David Zima,76,CB,,76,39,56,67,77,75,2,4,1,Jockey,0,,0,,13,Intro to Evolutions | Intro to Training Camp EVOs II | Intro to Rewards EVOs | Rising Guard | Passing Prodigy | One Shot | Relentless Pressure | Long Ball Pass | Footwork Phenom | Pinged Pass | Whipped Pass+ | Cornerstones | Iron Will,Slavia Praha,Česká Liga,false,false,500,750
203483,Davy Klaassen,76,CM,CDM,41,77,72,70,74,75,3,3,2,Precision Header | First Touch,0,,0,,14,Intro to Evolutions | Intro to Training Camp EVOs II | Intro to Rewards EVOs | Rising Guard | Passing Prodigy | One Shot | Complete Connection | Relentless Pressure | Long Ball Pass | Footwork Phenom | Pinged Pass | Whipped Pass+ | Cornerstones | Iron Will,Ajax,Eredivisie,false,false,500,500
204549,Davy Roef,76,GK,,76,73,73,75,51,77,1,3,3,Long Ball Pass | Footwork | Cross Claimer,0,,0,,8,Intro to Training Camp EVOs I | Intro to Training Camp EVOs II | The Debut | Relentless Pressure | Long Ball Pass | Pinged Pass | Whipped Pass+ | Cornerstones,KAA Gent,1A Pro League,false,false,500,500
240988,Denis Vavro,76,CB,,68,59,58,57,76,81,2,2,4,Power Shot | Long Ball Pass | Slide Tackle | Aerial Fortress,0,,0,,11,Intro to Evolutions | Intro to Rewards EVOs | Rising Guard | Passing Prodigy | One Shot | Relentless Pressure | Footwork Phenom | Pinged Pass | Whipped Pass+ | Cornerstones | Iron Will,Viktoria Plzeň,Česká Liga,false,false,500,500
258534,Diego Conde,76,GK,,74,74,68,77,43,75,1,3,0,,0,,0,,8,Intro to Training Camp EVOs I | Intro to Training Camp EVOs II | The Debut | Relentless Pressure | Long Ball Pass | Pinged Pass | Whipped Pass+ | Cornerstones,Real Betis,LALIGA EA SPORTS,false,false,500,1000
237995,Diego Lainez,76,RW,CAM | RM | CM,86,67,69,81,50,55,4,2,2,Technical | Quick Step,0,,0,,13,Intro to Evolutions | Intro to Training Camp EVOs II | Rising Guard | Passing Prodigy | One Shot | Complete Connection | Relentless Pressure | Long Ball Pass | Footwork Phenom | Pinged Pass | Whipped Pass+ | Cornerstones | Iron Will,Club Tigres,Liga BBVA MX,false,false,500,
220414,Diego Rico,76,LB,CB,69,57,76,71,75,76,2,2,1,Long Throw,0,,0,,13,Intro to Evolutions | Intro to Training Camp EVOs II | Intro to Rewards EVOs | Rising Guard | Passing Prodigy | One Shot | Relentless Pressure | Long Ball Pass | Footwork Phenom | Pinged Pass | Whipped Pass+ | Cornerstones | Iron Will,CA Osasuna,LALIGA EA SPORTS,false,false,500,500
250789,Dilane Bakwa,76,RM,RW,87,72,72,77,30,64,4,2,1,Gamechanger,0,,0,,12,Intro to Evolutions | Intro to Training Camp EVOs II | Rising Guard | Passing Prodigy | One Shot | Relentless Pressure | Long Ball Pass | Footwork Phenom | Pinged Pass | Whipped Pass+ | Cornerstones | Iron Will,LOSC Lille,Ligue 1 McDonald's,false,false,500,500
236457,Dimitris Giannoulis,76,LB,LM,85,55,69,73,70,64,3,2,0,,0,,0,,12,Intro to Evolutions | Intro to Training Camp EVOs II | Rising Guard | Passing Prodigy | One Shot | Relentless Pressure | Long Ball Pass | Footwork Phenom | Pinged Pass | Whipped Pass+ | Cornerstones | Iron Will,PAOK FC,Hellas Liga,false,false,500,500
201042,Djibril Sidibé,76,RB,RM | CB,61,57,71,68,78,74,3,4,2,Jockey | Anticipate,0,,0,,13,Intro to Evolutions | Intro to Training Camp EVOs II | Intro to Rewards EVOs | Rising Guard | Passing Prodigy | One Shot | Relentless Pressure | Long Ball Pass | Footwork Phenom | Pinged Pass | Whipped Pass+ | Cornerstones | Iron Will,Le Mans FC,Ligue 1 McDonald's,false,false,500,750
229752,Djibril Sow,76,CM,CDM,76,73,73,75,74,78,3,4,1,Relentless,0,,0,,14,Intro to Evolutions | Intro to Training Camp EVOs II | Intro to Rewards EVOs | Rising Guard | Passing Prodigy | One Shot | Complete Connection | Relentless Pressure | Long Ball Pass | Footwork Phenom | Pinged Pass | Whipped Pass+ | Cornerstones | Iron Will,Genoa,Serie A Enilive,false,false,500,750
235661,Doğucan Haspolat,76,CDM,CM,60,56,73,72,70,71,3,3,3,Dead Ball | Long Ball Pass | Intercept,0,,0,,14,Intro to Evolutions | Intro to Training Camp EVOs II | Intro to Rewards EVOs | Rising Guard | Passing Prodigy | One Shot | Complete Connection | Relentless Pressure | Long Ball Pass | Footwork Phenom | Pinged Pass | Whipped Pass+ | Cornerstones | Iron Will,KVC Westerlo,1A Pro League,false,false,500,500
243282,Dwight McNeil,76,RM,LM | CAM,67,76,77,77,55,65,3,2,2,Incisive Pass | Whipped Pass,0,,0,,14,Intro to Evolutions | Intro to Training Camp EVOs II | Intro to Rewards EVOs | Rising Guard | Cover Athlete | Passing Prodigy | One Shot | Relentless Pressure | Long Ball Pass | Footwork Phenom | Pinged Pass | Whipped Pass+ | Cornerstones | Iron Will,Crystal Palace,Premier League,false,true,500,500
239964,Eldor Shomurodov,76,ST,CAM,79,75,68,76,40,72,3,4,2,Chip Shot | Enforcer,0,,0,,16,Intro to Evolutions | Intro to Training Camp EVOs II | Intro to Rewards EVOs | Club Member Reward | Rising Guard | Cover Athlete | Passing Prodigy | One Shot | Relentless Pressure | Long Ball Pass | Footwork Phenom | Pinged Pass | ST Advanced Forward+ | Whipped Pass+ | Cornerstones | Iron Will,Başakşehir,Trendyol Süper Lig,false,false,500,500
272213,Elene Lete,76,GK,,79,74,70,76,54,75,1,2,0,,0,,0,,8,Intro to Training Camp EVOs I | Intro to Training Camp EVOs II | The Debut | Relentless Pressure | Long Ball Pass | Pinged Pass | Whipped Pass+ | Cornerstones,London City,Barclays WSL,false,false,500,750
241390,Eljif Elmas,76,CAM,CM,68,70,73,79,65,69,4,4,0,,0,,0,,15,Intro to Evolutions | Intro to Training Camp EVOs II | Intro to Rewards EVOs | Rising Guard | Cover Athlete | Passing Prodigy | One Shot | Complete Connection | Relentless Pressure | Long Ball Pass | Footwork Phenom | Pinged Pass | Whipped Pass+ | Cornerstones | Iron Will,Bergamo Calcio,Serie A Enilive,false,false,500,500
267278,Ella Stevens,76,ST,LM | CAM | LW,77,72,68,79,43,66,4,3,3,Incisive Pass | Technical | Trickster,0,,0,,15,Intro to Evolutions | Intro to Training Camp EVOs II | Intro to Rewards EVOs | Club Member Reward | Rising Guard | Passing Prodigy | One Shot | Relentless Pressure | Long Ball Pass | Footwork Phenom | Pinged Pass | ST Advanced Forward+ | Whipped Pass+ | Cornerstones | Iron Will,Boston Legacy FC,NWSL,false,false,500,500
260407,Elye Wahi,76,ST,,89,75,64,76,31,65,4,4,2,Acrobatic | Technical,0,,0,,14,Intro to Evolutions | Intro to Training Camp EVOs II | Club Member Reward | Rising Guard | Passing Prodigy | One Shot | Relentless Pressure | Long Ball Pass | Footwork Phenom | Pinged Pass | ST Advanced Forward+ | Whipped Pass+ | Cornerstones | Iron Will,OGC Nice,Ligue 1 McDonald's,false,false,500,750
246177,Emelyne Laurent,76,RM,ST | RW | CAM,80,73,69,79,47,44,3,4,0,,0,,0,,15,Intro to Evolutions | Intro to Training Camp EVOs II | Intro to Rewards EVOs | Club Member Reward | Rising Guard | Passing Prodigy | One Shot | Relentless Pressure | Long Ball Pass | Footwork Phenom | Pinged Pass | ST Advanced Forward+ | Whipped Pass+ | Cornerstones | Iron Will,FC Fleury 91,Arkema PL,false,false,500,500
208448,Emil Forsberg,76,CAM,CM | CDM,61,75,79,76,35,61,4,4,4,Incisive Pass | Inventive | Technical | First Touch,0,,0,,13,Intro to Evolutions | Intro to Rewards EVOs | Rising Guard | Cover Athlete | Passing Prodigy | One Shot | Complete Connection | Relentless Pressure | Footwork Phenom | Pinged Pass | Whipped Pass+ | Cornerstones | Iron Will,Red Bulls,MLS,false,false,500,500
265970,Emily Burns,76,GK,,74,72,69,79,43,77,1,2,2,Footwork | Cross Claimer,0,,0,,8,Intro to Training Camp EVOs I | Intro to Training Camp EVOs II | The Debut | Relentless Pressure | Long Ball Pass | Pinged Pass | Whipped Pass+ | Cornerstones,Marseille,Arkema PL,false,false,500,500
273468,Emily Sams,76,CB,RB,60,46,59,63,79,71,2,3,2,Long Ball Pass | Block,0,,0,,13,Intro to Evolutions | Intro to Training Camp EVOs II | Intro to Rewards EVOs | Rising Guard | Passing Prodigy | One Shot | Relentless Pressure | Long Ball Pass | Footwork Phenom | Pinged Pass | Whipped Pass+ | Cornerstones | Iron Will,Angel City FC,NWSL,false,false,500,500
227113,Emily van Egmond,76,CDM,CM,56,64,74,70,75,80,3,3,1,Press Proven,0,,0,,14,Intro to Evolutions | Intro to Training Camp EVOs II | Intro to Rewards EVOs | Rising Guard | Passing Prodigy | One Shot | Complete Connection | Relentless Pressure | Long Ball Pass | Footwork Phenom | Pinged Pass | Whipped Pass+ | Cornerstones | Iron Will,Charlton Athletic,Barclays WSL,false,false,500,
256942,Eric Martel,76,CDM,CB | CM,58,51,64,70,76,82,2,3,5,Block | Intercept | Aerial Fortress | Relentless | Bruiser,0,,0,,11,Intro to Evolutions | Intro to Rewards EVOs | Rising Guard | Passing Prodigy | One Shot | Complete Connection | Footwork Phenom | Pinged Pass | Whipped Pass+ | Cornerstones | Iron Will,1. FSV Mainz 05,Bundesliga,false,false,500,500
264219,Ernest Poku,76,RM,RW | LM | LW,90,67,68,77,40,64,3,5,3,Power Shot | Rapid | Quick Step,0,,0,,12,Intro to Evolutions | Intro to Training Camp EVOs II | Rising Guard | Passing Prodigy | One Shot | Relentless Pressure | Long Ball Pass | Footwork Phenom | Pinged Pass | Whipped Pass+ | Cornerstones | Iron Will,Beşiktaş,Trendyol Süper Lig,false,false,500,4000
272015,Estela Carbonell,76,LB,LM | LW | RM,83,51,71,73,74,73,3,4,1,Long Throw,0,,0,,13,Intro to Evolutions | Intro to Training Camp EVOs II | Intro to Rewards EVOs | Rising Guard | Passing Prodigy | One Shot | Relentless Pressure | Long Ball Pass | Footwork Phenom | Pinged Pass | Whipped Pass+ | Cornerstones | Iron Will,Juventus,Calcio A Femminile,false,false,500,500
256094,Estelle Cascarino,76,CB,,66,45,65,65,77,70,2,2,0,,0,,0,,13,Intro to Evolutions | Intro to Training Camp EVOs II | Intro to Rewards EVOs | Rising Guard | Passing Prodigy | One Shot | Relentless Pressure | Long Ball Pass | Footwork Phenom | Pinged Pass | Whipped Pass+ | Cornerstones | Iron Will,West Ham,Barclays WSL,false,false,500,500
178562,Éver Banega,76,CM,CDM | CAM | CB,52,72,79,77,70,72,4,4,5,Incisive Pass | Long Ball Pass | Whipped Pass | Inventive | Press Proven,0,,0,,11,Intro to Evolutions | Intro to Rewards EVOs | Rising Guard | Passing Prodigy | One Shot | Complete Connection | Footwork Phenom | Pinged Pass | Whipped Pass+ | Cornerstones | Iron Will,Defensa,LPF,false,false,500,500
181019,Éverton Ribeiro,76,CM,CAM | CDM,69,75,79,77,52,51,4,3,2,Finesse Shot | Technical,0,,0,,15,Intro to Evolutions | Intro to Training Camp EVOs II | Intro to Rewards EVOs | Rising Guard | Cover Athlete | Passing Prodigy | One Shot | Complete Connection | Relentless Pressure | Long Ball Pass | Footwork Phenom | Pinged Pass | Whipped Pass+ | Cornerstones | Iron Will,Bahia,Liga do Brasil,false,false,500,
259306,Fabian Rieder,76,CAM,CM | RM | CDM,75,71,73,76,55,67,3,3,5,Dead Ball | Incisive Pass | Whipped Pass | First Touch | Relentless,0,,0,,11,Intro to Evolutions | Intro to Rewards EVOs | Rising Guard | Passing Prodigy | One Shot | Complete Connection | Footwork Phenom | Pinged Pass | Whipped Pass+ | Cornerstones | Iron Will,FC Augsburg,Bundesliga,false,false,500,
246568,Falone Meffometou,76,CB,LB,65,56,67,72,78,78,3,4,6,Intercept | Anticipate | Aerial Fortress | Press Proven | Long Throw | Bruiser,0,,0,,9,Intro to Evolutions | Intro to Rewards EVOs | Rising Guard | Passing Prodigy | One Shot | Footwork Phenom | Whipped Pass+ | Cornerstones | Iron Will,FC Fleury 91,Arkema PL,false,false,500,250
253385,Federico Viñas,76,ST,RM | LM | RW,77,73,64,76,47,85,3,3,3,Precision Header | Relentless | Enforcer,0,,0,,15,Intro to Evolutions | Intro to Training Camp EVOs II | Intro to Rewards EVOs | Club Member Reward | Rising Guard | Passing Prodigy | One Shot | Relentless Pressure | Long Ball Pass | Footwork Phenom | Pinged Pass | ST Advanced Forward+ | Whipped Pass+ | Cornerstones | Iron Will,Toluca FC,Liga BBVA MX,false,false,500,1000
240471,Fernando Gorriarán,76,CDM,CM,74,69,74,76,73,71,3,4,1,Technical,0,,0,,14,Intro to Evolutions | Intro to Training Camp EVOs II | Intro to Rewards EVOs | Rising Guard | Passing Prodigy | One Shot | Complete Connection | Relentless Pressure | Long Ball Pass | Footwork Phenom | Pinged Pass | Whipped Pass+ | Cornerstones | Iron Will,Club Tigres,Liga BBVA MX,false,false,500,
263897,Filipe Relvas,76,CB,,63,44,68,60,76,80,2,2,3,Intercept | Anticipate | Aerial Fortress,0,,0,,13,Intro to Evolutions | Intro to Training Camp EVOs II | Intro to Rewards EVOs | Rising Guard | Passing Prodigy | One Shot | Relentless Pressure | Long Ball Pass | Footwork Phenom | Pinged Pass | Whipped Pass+ | Cornerstones | Iron Will,AEK Athens,Hellas Liga,false,false,500,500
242818,Finn Dahmen,76,GK,,76,70,80,79,52,75,1,3,1,Footwork,0,,0,,8,Intro to Training Camp EVOs I | Intro to Training Camp EVOs II | The Debut | Relentless Pressure | Long Ball Pass | Pinged Pass | Whipped Pass+ | Cornerstones,FC Augsburg,Bundesliga,false,false,500,500
258015,Fotis Ioannidis,76,ST,,77,75,62,77,35,77,3,4,4,Finesse Shot | Chip Shot | Technical | First Touch,0,,0,,13,Intro to Evolutions | Intro to Rewards EVOs | Club Member Reward | Rising Guard | Passing Prodigy | One Shot | Relentless Pressure | Footwork Phenom | Pinged Pass | ST Advanced Forward+ | Whipped Pass+ | Cornerstones | Iron Will,Sporting CP,Liga Portugal,false,false,500,500
251615,Francisco Moura,76,LB,LM,74,63,75,75,71,74,3,2,2,Whipped Pass | Relentless,0,,0,,13,Intro to Evolutions | Intro to Training Camp EVOs II | Intro to Rewards EVOs | Rising Guard | Passing Prodigy | One Shot | Relentless Pressure | Long Ball Pass | Footwork Phenom | Pinged Pass | Whipped Pass+ | Cornerstones | Iron Will,FC Porto,Liga Portugal,false,false,500,500
223097,Franco Cristaldo,76,CAM,CM | LM | CDM,78,72,73,76,65,73,4,3,2,Dead Ball | Technical,0,,0,,14,Intro to Evolutions | Intro to Training Camp EVOs II | Intro to Rewards EVOs | Rising Guard | Passing Prodigy | One Shot | Complete Connection | Relentless Pressure | Long Ball Pass | Footwork Phenom | Pinged Pass | Whipped Pass+ | Cornerstones | Iron Will,Talleres,LPF,false,false,500,
266253,Fresneda,76,RB,RM,81,51,61,75,72,72,3,4,2,Block | First Touch,0,,0,,13,Intro to Evolutions | Intro to Training Camp EVOs II | Intro to Rewards EVOs | Rising Guard | Passing Prodigy | One Shot | Relentless Pressure | Long Ball Pass | Footwork Phenom | Pinged Pass | Whipped Pass+ | Cornerstones | Iron Will,Sporting CP,Liga Portugal,false,false,500,1000
276297,Freya Godfrey,76,RM,RW,64,68,76,74,34,70,3,3,0,,0,,0,,13,Intro to Evolutions | Intro to Training Camp EVOs II | Intro to Rewards EVOs | Rising Guard | Passing Prodigy | One Shot | Relentless Pressure | Long Ball Pass | Footwork Phenom | Pinged Pass | Whipped Pass+ | Cornerstones | Iron Will,London City,Barclays WSL,false,false,500,500
226286,Gabriel Ávalos,76,ST,,68,75,64,74,45,85,3,4,3,Precision Header | Aerial Fortress | First Touch,0,,0,,15,Intro to Evolutions | Intro to Training Camp EVOs II | Intro to Rewards EVOs | Club Member Reward | Rising Guard | Passing Prodigy | One Shot | Relentless Pressure | Long Ball Pass | Footwork Phenom | Pinged Pass | ST Advanced Forward+ | Whipped Pass+ | Cornerstones | Iron Will,Olimpia,Sudamericana,false,false,500,250
235949,Gabriel Strefezza,76,RM,ST | RW | CAM,84,68,73,77,32,45,3,3,2,Inventive | Quick Step,0,,0,,15,Intro to Evolutions | Intro to Training Camp EVOs II | Intro to Rewards EVOs | Club Member Reward | Rising Guard | Passing Prodigy | One Shot | Relentless Pressure | Long Ball Pass | Footwork Phenom | Pinged Pass | ST Advanced Forward+ | Whipped Pass+ | Cornerstones | Iron Will,Palermo,Serie BKT,false,false,500,500
255878,Gastón Martirena,76,RM,RB,90,73,71,72,70,65,3,2,0,,0,,0,,12,Intro to Evolutions | Intro to Training Camp EVOs II | Rising Guard | Passing Prodigy | One Shot | Relentless Pressure | Long Ball Pass | Footwork Phenom | Pinged Pass | Whipped Pass+ | Cornerstones | Iron Will,Racing Club,LPF,false,false,500,250
234239,Gauthier Hein,76,CAM,RM | ST | CM,76,76,74,79,36,57,4,3,5,Finesse Shot | Dead Ball | Long Ball Pass | Whipped Pass | Technical,0,,0,,13,Intro to Evolutions | Intro to Rewards EVOs | Club Member Reward | Rising Guard | Passing Prodigy | One Shot | Complete Connection | Footwork Phenom | Pinged Pass | ST Advanced Forward+ | Whipped Pass+ | Cornerstones | Iron Will,OGC Nice,Ligue 1 McDonald's,false,false,500,500
201455,Geoffrey Kondogbia,76,CDM,CB | CM,58,66,70,70,77,80,3,3,4,Power Shot | Jockey | Anticipate | Bruiser,0,,0,,12,Intro to Evolutions | Intro to Rewards EVOs | Rising Guard | Passing Prodigy | One Shot | Complete Connection | Relentless Pressure | Footwork Phenom | Pinged Pass | Whipped Pass+ | Cornerstones | Iron Will,OM,Ligue 1 McDonald's,false,false,500,500
239842,Georgios Giakoumakis,76,ST,,74,75,55,68,29,79,2,3,3,Precision Header | Acrobatic | Enforcer,0,,0,,15,Intro to Evolutions | Intro to Training Camp EVOs II | Intro to Rewards EVOs | Club Member Reward | Rising Guard | Passing Prodigy | One Shot | Relentless Pressure | Long Ball Pass | Footwork Phenom | Pinged Pass | ST Advanced Forward+ | Whipped Pass+ | Cornerstones | Iron Will,Al Ain FC,United Emirates League,false,false,500,250
279044,Geovany Quenda,76,RM,LM | CAM | RW,86,64,72,79,41,68,4,4,3,Incisive Pass | Whipped Pass | Inventive,0,,0,,12,Intro to Evolutions | Intro to Training Camp EVOs II | Rising Guard | Passing Prodigy | One Shot | Relentless Pressure | Long Ball Pass | Footwork Phenom | Pinged Pass | Whipped Pass+ | Cornerstones | Iron Will,Chelsea,Premier League,false,true,500,500
253409,Gift Links,76,LM,RM | LB | LW,94,64,72,74,68,71,4,3,5,Dead Ball | Whipped Pass | Inventive | Technical | Trickster,0,,0,,9,Intro to Evolutions | Rising Guard | Passing Prodigy | One Shot | Footwork Phenom | Pinged Pass | Whipped Pass+ | Cornerstones | Iron Will,AGF,3F Superliga,false,false,500,500
271266,Givairo Read,76,RB,RM,79,56,70,73,71,75,3,3,1,Quick Step,0,,0,,13,Intro to Evolutions | Intro to Training Camp EVOs II | Intro to Rewards EVOs | Rising Guard | Passing Prodigy | One Shot | Relentless Pressure | Long Ball Pass | Footwork Phenom | Pinged Pass | Whipped Pass+ | Cornerstones | Iron Will,Feyenoord,Eredivisie,false,false,500,500
241049,Gorosabel,76,RB,,76,51,70,72,74,68,2,2,0,,0,,0,,13,Intro to Evolutions | Intro to Training Camp EVOs II | Intro to Rewards EVOs | Rising Guard | Passing Prodigy | One Shot | Relentless Pressure | Long Ball Pass | Footwork Phenom | Pinged Pass | Whipped Pass+ | Cornerstones | Iron Will,RCD Espanyol,LALIGA EA SPORTS,false,false,500,500
215334,Guido Carrillo,76,ST,,50,77,65,73,45,79,4,3,4,Precision Header | Acrobatic | Aerial Fortress | Enforcer,0,,0,,13,Intro to Evolutions | Intro to Rewards EVOs | Club Member Reward | Rising Guard | Passing Prodigy | One Shot | Relentless Pressure | Footwork Phenom | Pinged Pass | ST Advanced Forward+ | Whipped Pass+ | Cornerstones | Iron Will,Estudiantes,LPF,false,false,500,750
248729,Gustav Isaksen,76,RW,RM,88,72,69,77,41,54,3,4,2,Chip Shot | Rapid,0,,0,,12,Intro to Evolutions | Intro to Training Camp EVOs II | Rising Guard | Passing Prodigy | One Shot | Relentless Pressure | Long Ball Pass | Footwork Phenom | Pinged Pass | Whipped Pass+ | Cornerstones | Iron Will,Latium,Serie A Enilive,false,false,500,500
271057,Gustavo Sá,76,CAM,CM | CDM,75,70,75,75,70,76,3,3,3,Incisive Pass | Long Ball Pass | Aerial Fortress,0,,0,,15,Intro to Evolutions | Intro to Training Camp EVOs II | Intro to Rewards EVOs | Rising Guard | Cover Athlete | Passing Prodigy | One Shot | Complete Connection | Relentless Pressure | Long Ball Pass | Footwork Phenom | Pinged Pass | Whipped Pass+ | Cornerstones | Iron Will,Olympiacos FC,Hellas Liga,false,false,500,750
242162,Håkon Evjen,76,RM,CM | RW | CDM,87,66,71,76,63,66,4,2,3,Inventive | Technical | Trickster,0,,0,,13,Intro to Evolutions | Intro to Training Camp EVOs II | Rising Guard | Passing Prodigy | One Shot | Complete Connection | Relentless Pressure | Long Ball Pass | Footwork Phenom | Pinged Pass | Whipped Pass+ | Cornerstones | Iron Will,FK Bodø/Glimt,Eliteserien,false,false,500,500
71560,Hal Hershfelt,76,CDM,CM,70,58,68,73,75,70,3,3,0,,0,,0,,14,Intro to Evolutions | Intro to Training Camp EVOs II | Intro to Rewards EVOs | Rising Guard | Passing Prodigy | One Shot | Complete Connection | Relentless Pressure | Long Ball Pass | Footwork Phenom | Pinged Pass | Whipped Pass+ | Cornerstones | Iron Will,Washington Spirit,NWSL,false,false,500,750
73449,Hamza Igamane,76,ST,CAM,79,74,63,78,34,76,4,4,6,Finesse Shot | Power Shot | Low Driven Shot | Gamechanger | First Touch | Press Proven,0,,0,,11,Intro to Evolutions | Intro to Rewards EVOs | Club Member Reward | Rising Guard | Passing Prodigy | One Shot | Footwork Phenom | ST Advanced Forward+ | Whipped Pass+ | Cornerstones | Iron Will,LOSC Lille,Ligue 1 McDonald's,false,false,500,
246594,Han-Noah Massengo,76,CDM,CM,69,53,70,75,73,75,3,3,1,Pinged Pass,0,,0,,14,Intro to Evolutions | Intro to Training Camp EVOs II | Intro to Rewards EVOs | Rising Guard | Passing Prodigy | One Shot | Complete Connection | Relentless Pressure | Long Ball Pass | Footwork Phenom | Pinged Pass | Whipped Pass+ | Cornerstones | Iron Will,FC Augsburg,Bundesliga,false,false,500,1000
263966,Hanna Bennison,76,CM,CAM,75,71,77,79,55,76,4,3,2,Technical | First Touch,0,,0,,15,Intro to Evolutions | Intro to Training Camp EVOs II | Intro to Rewards EVOs | Rising Guard | Cover Athlete | Passing Prodigy | One Shot | Complete Connection | Relentless Pressure | Long Ball Pass | Footwork Phenom | Pinged Pass | Whipped Pass+ | Cornerstones | Iron Will,Frankfurt,GPFBL,false,false,500,500
212002,Haris Tabaković,76,ST,,66,74,52,67,33,81,2,2,5,Precision Header | Acrobatic | Aerial Fortress | Press Proven | Enforcer,0,,0,,12,Intro to Evolutions | Intro to Rewards EVOs | Club Member Reward | Rising Guard | Passing Prodigy | One Shot | Footwork Phenom | Pinged Pass | ST Advanced Forward+ | Whipped Pass+ | Cornerstones | Iron Will,RB Salzburg,Ö. Bundesliga,false,false,500,1000
203747,Héctor Bellerín,76,RB,RM,78,54,70,74,72,65,3,2,0,,0,,0,,13,Intro to Evolutions | Intro to Training Camp EVOs II | Intro to Rewards EVOs | Rising Guard | Passing Prodigy | One Shot | Relentless Pressure | Long Ball Pass | Footwork Phenom | Pinged Pass | Whipped Pass+ | Cornerstones | Iron Will,Real Betis,LALIGA EA SPORTS,false,false,500,1500
244480,Hugo Magnetti,76,CDM,CM,40,59,69,75,70,77,3,3,1,Press Proven,0,,0,,14,Intro to Evolutions | Intro to Training Camp EVOs II | Intro to Rewards EVOs | Rising Guard | Passing Prodigy | One Shot | Complete Connection | Relentless Pressure | Long Ball Pass | Footwork Phenom | Pinged Pass | Whipped Pass+ | Cornerstones | Iron Will,Stade Brestois 29,Ligue 1 McDonald's,false,false,500,500
228010,Hwang In Beom,76,CM,CDM | CAM,62,70,76,77,63,65,4,5,3,Pinged Pass | Inventive | Press Proven,0,,0,,15,Intro to Evolutions | Intro to Training Camp EVOs II | Intro to Rewards EVOs | Rising Guard | Cover Athlete | Passing Prodigy | One Shot | Complete Connection | Relentless Pressure | Long Ball Pass | Footwork Phenom | Pinged Pass | Whipped Pass+ | Cornerstones | Iron Will,FC Porto,Liga Portugal,false,false,500,500
74449,Ibrahim Mbaye,76,RW,LW | RM | LM,90,70,64,80,28,52,3,3,2,Technical | Quick Step,0,,0,,12,Intro to Evolutions | Intro to Training Camp EVOs II | Rising Guard | Passing Prodigy | One Shot | Relentless Pressure | Long Ball Pass | Footwork Phenom | Pinged Pass | Whipped Pass+ | Cornerstones | Iron Will,Aston Villa,Premier League,false,true,500,1500
265845,Inès Belloumou,76,LB,LM,81,52,67,71,73,70,3,2,3,Anticipate | Technical | Long Throw,0,,0,,13,Intro to Evolutions | Intro to Training Camp EVOs II | Intro to Rewards EVOs | Rising Guard | Passing Prodigy | One Shot | Relentless Pressure | Long Ball Pass | Footwork Phenom | Pinged Pass | Whipped Pass+ | Cornerstones | Iron Will,West Ham,Barclays WSL,false,false,500,500
275961,Isa Kardinaal,76,CB,,63,48,50,59,79,68,2,2,0,,0,,0,,13,Intro to Evolutions | Intro to Training Camp EVOs II | Intro to Rewards EVOs | Rising Guard | Passing Prodigy | One Shot | Relentless Pressure | Long Ball Pass | Footwork Phenom | Pinged Pass | Whipped Pass+ | Cornerstones | Iron Will,London City,Barclays WSL,false,false,500,500
252008,Israel Reyes,76,RB,CB | CDM,82,65,66,70,76,77,2,4,4,Long Ball Pass | Intercept | Slide Tackle | Aerial Fortress,0,,0,,11,Intro to Evolutions | Intro to Rewards EVOs | Rising Guard | Passing Prodigy | One Shot | Relentless Pressure | Footwork Phenom | Pinged Pass | Whipped Pass+ | Cornerstones | Iron Will,Club América,Liga BBVA MX,false,false,500,
272064,Itziar Pinillos,76,RB,LB | RM | LM,73,58,73,78,72,73,3,3,4,Jockey | Block | Relentless | Long Throw,0,,0,,11,Intro to Evolutions | Intro to Rewards EVOs | Rising Guard | Passing Prodigy | One Shot | Relentless Pressure | Footwork Phenom | Pinged Pass | Whipped Pass+ | Cornerstones | Iron Will,Badalona Women,Liga F Moeve,false,false,500,500
70966,Jacobo Ramón,76,CB,,69,41,54,59,78,73,2,3,1,Aerial Fortress,0,,0,,13,Intro to Evolutions | Intro to Training Camp EVOs II | Intro to Rewards EVOs | Rising Guard | Passing Prodigy | One Shot | Relentless Pressure | Long Ball Pass | Footwork Phenom | Pinged Pass | Whipped Pass+ | Cornerstones | Iron Will,Como,Serie A Enilive,false,false,500,500
261336,Jaden Philogene,76,LM,RM | LW | RW,84,73,71,79,41,66,4,5,2,Gamechanger | Technical,0,,0,,13,Intro to Evolutions | Intro to Training Camp EVOs II | Intro to Rewards EVOs | Rising Guard | Passing Prodigy | One Shot | Relentless Pressure | Long Ball Pass | Footwork Phenom | Pinged Pass | Whipped Pass+ | Cornerstones | Iron Will,Ipswich,Premier League,false,true,500,5000
243669,Jaidon Anthony,76,LM,RM | LW | RW,78,72,70,76,39,67,3,3,1,Finesse Shot,0,,0,,13,Intro to Evolutions | Intro to Training Camp EVOs II | Intro to Rewards EVOs | Rising Guard | Passing Prodigy | One Shot | Relentless Pressure | Long Ball Pass | Footwork Phenom | Pinged Pass | Whipped Pass+ | Cornerstones | Iron Will,Brentford,Premier League,false,true,500,1500
253510,Jake O'Brien,76,RB,CB | RM,75,50,67,62,76,80,2,3,1,Aerial Fortress,0,,0,,13,Intro to Evolutions | Intro to Training Camp EVOs II | Intro to Rewards EVOs | Rising Guard | Passing Prodigy | One Shot | Relentless Pressure | Long Ball Pass | Footwork Phenom | Pinged Pass | Whipped Pass+ | Cornerstones | Iron Will,Everton,Premier League,false,true,500,500
231554,James Justin,76,RB,LB | CB,75,53,70,72,73,72,3,4,2,Block | Intercept,0,,0,,13,Intro to Evolutions | Intro to Training Camp EVOs II | Intro to Rewards EVOs | Rising Guard | Passing Prodigy | One Shot | Relentless Pressure | Long Ball Pass | Footwork Phenom | Pinged Pass | Whipped Pass+ | Cornerstones | Iron Will,Leeds United,Premier League,false,true,500,
238230,Jaminton Campaz,76,LM,CAM | LW | CM,82,73,73,76,30,59,3,2,1,Rapid,0,,0,,14,Intro to Evolutions | Intro to Training Camp EVOs II | Intro to Rewards EVOs | Rising Guard | Passing Prodigy | One Shot | Complete Connection | Relentless Pressure | Long Ball Pass | Footwork Phenom | Pinged Pass | Whipped Pass+ | Cornerstones | Iron Will,Rosario Central ,LPF,false,false,500,250
80915,Jan Virgili,76,LW,LM | RM | RW,86,67,69,79,39,51,4,3,0,,0,,0,,12,Intro to Evolutions | Intro to Training Camp EVOs II | Rising Guard | Passing Prodigy | One Shot | Relentless Pressure | Long Ball Pass | Footwork Phenom | Pinged Pass | Whipped Pass+ | Cornerstones | Iron Will,Club Brugge,1A Pro League,false,false,500,
260570,Jarne Steuckers,76,RM,RW,68,74,77,75,40,67,3,3,3,Dead Ball | Long Ball Pass | Press Proven,0,,0,,13,Intro to Evolutions | Intro to Training Camp EVOs II | Intro to Rewards EVOs | Rising Guard | Passing Prodigy | One Shot | Relentless Pressure | Long Ball Pass | Footwork Phenom | Pinged Pass | Whipped Pass+ | Cornerstones | Iron Will,VfL Bochum 1848,Bundesliga 2,false,false,500,500
279027,Javi Rodríguez,76,CB,RB,73,50,68,71,76,76,3,3,0,,0,,0,,13,Intro to Evolutions | Intro to Training Camp EVOs II | Intro to Rewards EVOs | Rising Guard | Passing Prodigy | One Shot | Relentless Pressure | Long Ball Pass | Footwork Phenom | Pinged Pass | Whipped Pass+ | Cornerstones | Iron Will,Celta,LALIGA EA SPORTS,false,false,500,500
72426,Javi Rueda,76,RB,RM | RW,88,64,71,74,70,67,2,2,1,Quick Step,0,,0,,12,Intro to Evolutions | Intro to Training Camp EVOs II | Rising Guard | Passing Prodigy | One Shot | Relentless Pressure | Long Ball Pass | Footwork Phenom | Pinged Pass | Whipped Pass+ | Cornerstones | Iron Will,Celta,LALIGA EA SPORTS,false,false,500,1000
74133,Jaydee Canvot,76,CB,,75,32,62,68,76,76,2,3,1,Bruiser,0,,0,,13,Intro to Evolutions | Intro to Training Camp EVOs II | Intro to Rewards EVOs | Rising Guard | Passing Prodigy | One Shot | Relentless Pressure | Long Ball Pass | Footwork Phenom | Pinged Pass | Whipped Pass+ | Cornerstones | Iron Will,Crystal Palace,Premier League,false,true,500,
244591,Jayden Bogle,76,RB,RM,77,56,70,75,71,72,3,3,0,,0,,0,,13,Intro to Evolutions | Intro to Training Camp EVOs II | Intro to Rewards EVOs | Rising Guard | Passing Prodigy | One Shot | Relentless Pressure | Long Ball Pass | Footwork Phenom | Pinged Pass | Whipped Pass+ | Cornerstones | Iron Will,Leeds United,Premier League,false,true,500,500
245388,Jean-Clair Todibo,76,CB,,74,47,62,66,76,75,3,2,2,Jockey | Anticipate,0,,0,,13,Intro to Evolutions | Intro to Training Camp EVOs II | Intro to Rewards EVOs | Rising Guard | Passing Prodigy | One Shot | Relentless Pressure | Long Ball Pass | Footwork Phenom | Pinged Pass | Whipped Pass+ | Cornerstones | Iron Will,RC Lens,Ligue 1 McDonald's,false,false,500,500
269728,Jean-Mattéo Bahoya,76,LM,CAM | LW | CM,94,67,68,78,46,59,4,3,2,Rapid | Quick Step,0,,0,,13,Intro to Evolutions | Intro to Training Camp EVOs II | Rising Guard | Passing Prodigy | One Shot | Complete Connection | Relentless Pressure | Long Ball Pass | Footwork Phenom | Pinged Pass | Whipped Pass+ | Cornerstones | Iron Will,Leeds United,Premier League,false,true,500,500
213991,Jefferson Lerma,76,CDM,CM | CB,66,70,69,73,76,76,3,3,2,Intercept | Long Throw,0,,0,,14,Intro to Evolutions | Intro to Training Camp EVOs II | Intro to Rewards EVOs | Rising Guard | Passing Prodigy | One Shot | Complete Connection | Relentless Pressure | Long Ball Pass | Footwork Phenom | Pinged Pass | Whipped Pass+ | Cornerstones | Iron Will,Crystal Palace,Premier League,false,true,500,500
202201,Jeffrey Gouweleeuw,76,CB,,68,58,66,64,78,73,2,2,0,,0,,0,,13,Intro to Evolutions | Intro to Training Camp EVOs II | Intro to Rewards EVOs | Rising Guard | Passing Prodigy | One Shot | Relentless Pressure | Long Ball Pass | Footwork Phenom | Pinged Pass | Whipped Pass+ | Cornerstones | Iron Will,FC Augsburg,Bundesliga,false,false,500,500
234671,Jens Odgaard,76,CAM,CM,70,78,72,74,50,74,3,3,0,,0,,0,,15,Intro to Evolutions | Intro to Training Camp EVOs II | Intro to Rewards EVOs | Rising Guard | Cover Athlete | Passing Prodigy | One Shot | Complete Connection | Relentless Pressure | Long Ball Pass | Footwork Phenom | Pinged Pass | Whipped Pass+ | Cornerstones | Iron Will,Bologna,Serie A Enilive,false,false,500,500
233848,Jens Petter Hauge,76,LW,RW | LM | RM,84,72,72,77,44,65,4,4,3,Finesse Shot | Gamechanger | Technical,0,,0,,13,Intro to Evolutions | Intro to Training Camp EVOs II | Intro to Rewards EVOs | Rising Guard | Passing Prodigy | One Shot | Relentless Pressure | Long Ball Pass | Footwork Phenom | Pinged Pass | Whipped Pass+ | Cornerstones | Iron Will,FK Bodø/Glimt,Eliteserien,false,false,500,500
224067,Jeppe Tverskov,76,CDM,CM | CB,49,52,66,68,71,83,2,4,6,Long Ball Pass | Jockey | Intercept | Anticipate | Aerial Fortress | Bruiser,0,,0,,9,Intro to Evolutions | Intro to Rewards EVOs | Rising Guard | Passing Prodigy | One Shot | Footwork Phenom | Whipped Pass+ | Cornerstones | Iron Will,San Diego FC,MLS,false,false,500,500
75055,Jesús Rodríguez,76,LM,LW,79,69,72,78,35,52,3,3,1,Technical,0,,0,,13,Intro to Evolutions | Intro to Training Camp EVOs II | Intro to Rewards EVOs | Rising Guard | Passing Prodigy | One Shot | Relentless Pressure | Long Ball Pass | Footwork Phenom | Pinged Pass | Whipped Pass+ | Cornerstones | Iron Will,Como,Serie A Enilive,false,false,500,1000
231207,Jhon Lucumí,76,CB,,74,39,64,61,76,82,2,3,1,Long Ball Pass,0,,0,,13,Intro to Evolutions | Intro to Training Camp EVOs II | Intro to Rewards EVOs | Rising Guard | Passing Prodigy | One Shot | Relentless Pressure | Long Ball Pass | Footwork Phenom | Pinged Pass | Whipped Pass+ | Cornerstones | Iron Will,Juventus,Serie A Enilive,false,false,500,500
234678,Joakim Mæhle,76,LB,RB | LM | CM,80,56,69,73,72,75,3,3,1,Anticipate,0,,0,,14,Intro to Evolutions | Intro to Training Camp EVOs II | Intro to Rewards EVOs | Rising Guard | Passing Prodigy | One Shot | Complete Connection | Relentless Pressure | Long Ball Pass | Footwork Phenom | Pinged Pass | Whipped Pass+ | Cornerstones | Iron Will,VfL Wolfsburg,Bundesliga 2,false,false,500,500
257290,João Mário,76,RB,RM,77,63,72,76,72,55,3,4,1,Inventive,0,,0,,13,Intro to Evolutions | Intro to Training Camp EVOs II | Intro to Rewards EVOs | Rising Guard | Passing Prodigy | One Shot | Relentless Pressure | Long Ball Pass | Footwork Phenom | Pinged Pass | Whipped Pass+ | Cornerstones | Iron Will,Fiorentina,Serie A Enilive,false,false,500,500
254142,Joe Bell,76,CDM,CM,68,65,73,70,71,81,3,3,3,Tiki Taka | Press Proven | Relentless,0,,0,,14,Intro to Evolutions | Intro to Training Camp EVOs II | Intro to Rewards EVOs | Rising Guard | Passing Prodigy | One Shot | Complete Connection | Relentless Pressure | Long Ball Pass | Footwork Phenom | Pinged Pass | Whipped Pass+ | Cornerstones | Iron Will,Viking FK,Eliteserien,false,false,500,500
237329,Joe Willock,76,CM,CAM,75,72,74,78,72,68,3,3,0,,0,,0,,15,Intro to Evolutions | Intro to Training Camp EVOs II | Intro to Rewards EVOs | Rising Guard | Cover Athlete | Passing Prodigy | One Shot | Complete Connection | Relentless Pressure | Long Ball Pass | Footwork Phenom | Pinged Pass | Whipped Pass+ | Cornerstones | Iron Will,Newcastle Utd,Premier League,false,true,500,750
268611,Joel Ordoñez,76,CB,,72,26,55,57,75,80,2,3,2,Jockey | Aerial Fortress,0,,0,,13,Intro to Evolutions | Intro to Training Camp EVOs II | Intro to Rewards EVOs | Rising Guard | Passing Prodigy | One Shot | Relentless Pressure | Long Ball Pass | Footwork Phenom | Pinged Pass | Whipped Pass+ | Cornerstones | Iron Will,Club Brugge,1A Pro League,false,false,500,250
220165,Joel Pohjanpalo,76,ST,,72,77,66,73,42,83,3,3,4,Precision Header | Aerial Fortress | Press Proven | Enforcer,0,,0,,13,Intro to Evolutions | Intro to Rewards EVOs | Club Member Reward | Rising Guard | Passing Prodigy | One Shot | Relentless Pressure | Footwork Phenom | Pinged Pass | ST Advanced Forward+ | Whipped Pass+ | Cornerstones | Iron Will,Palermo,Serie BKT,false,false,500,500
241847,Joelle Wedemeyer,76,RB,CB | RM,73,38,60,64,78,77,2,3,1,Slide Tackle,0,,0,,13,Intro to Evolutions | Intro to Training Camp EVOs II | Intro to Rewards EVOs | Rising Guard | Passing Prodigy | One Shot | Relentless Pressure | Long Ball Pass | Footwork Phenom | Pinged Pass | Whipped Pass+ | Cornerstones | Iron Will,VfL Wolfsburg,GPFBL,false,false,500,500
265450,Johan Bakayoko,76,RW,RM,80,72,69,80,33,63,4,3,3,Whipped Pass | Trickster | Quick Step,0,,0,,13,Intro to Evolutions | Intro to Training Camp EVOs II | Intro to Rewards EVOs | Rising Guard | Passing Prodigy | One Shot | Relentless Pressure | Long Ball Pass | Footwork Phenom | Pinged Pass | Whipped Pass+ | Cornerstones | Iron Will,RB Leipzig,Bundesliga,false,false,500,500
214026,Johan Mojica,76,LB,LM,86,65,74,74,70,72,3,2,3,Whipped Pass | Rapid | Quick Step,0,,0,,12,Intro to Evolutions | Intro to Training Camp EVOs II | Rising Guard | Passing Prodigy | One Shot | Relentless Pressure | Long Ball Pass | Footwork Phenom | Pinged Pass | Whipped Pass+ | Cornerstones | Iron Will,Getafe CF,LALIGA EA SPORTS,false,false,500,750
210324,Jonas Hofmann,76,CAM,CM,61,75,77,78,64,68,3,4,1,Incisive Pass,0,,0,,15,Intro to Evolutions | Intro to Training Camp EVOs II | Intro to Rewards EVOs | Rising Guard | Cover Athlete | Passing Prodigy | One Shot | Complete Connection | Relentless Pressure | Long Ball Pass | Footwork Phenom | Pinged Pass | Whipped Pass+ | Cornerstones | Iron Will,Leverkusen,Bundesliga,false,false,500,500
266500,Jonathan Rowe,76,LM,RM | LW | RW,83,73,69,78,48,60,3,4,2,Rapid | Quick Step,0,,0,,13,Intro to Evolutions | Intro to Training Camp EVOs II | Intro to Rewards EVOs | Rising Guard | Passing Prodigy | One Shot | Relentless Pressure | Long Ball Pass | Footwork Phenom | Pinged Pass | Whipped Pass+ | Cornerstones | Iron Will,Bergamo Calcio,Serie A Enilive,false,false,500,500
210455,Jonny,76,RB,LB | CB | RM,72,53,72,74,76,69,3,4,4,Jockey | Block | Slide Tackle | Bruiser,0,,0,,11,Intro to Evolutions | Intro to Rewards EVOs | Rising Guard | Passing Prodigy | One Shot | Relentless Pressure | Footwork Phenom | Pinged Pass | Whipped Pass+ | Cornerstones | Iron Will,D. Alavés,LALIGA EA SPORTS,false,false,500,750
260521,Jordan Bos,76,LB,LW | LM,90,65,68,75,69,80,3,4,1,Rapid,0,,0,,12,Intro to Evolutions | Intro to Training Camp EVOs II | Rising Guard | Passing Prodigy | One Shot | Relentless Pressure | Long Ball Pass | Footwork Phenom | Pinged Pass | Whipped Pass+ | Cornerstones | Iron Will,Feyenoord,Eredivisie,false,false,500,2000
234515,Jordan Lefort,76,CB,,65,26,65,66,77,77,2,3,5,Long Ball Pass | Jockey | Block | Intercept | Aerial Fortress,0,,0,,10,Intro to Evolutions | Intro to Rewards EVOs | Rising Guard | Passing Prodigy | One Shot | Footwork Phenom | Pinged Pass | Whipped Pass+ | Cornerstones | Iron Will,Angers SCO,Ligue 1 McDonald's,false,false,500,500
247512,Jordyn Huitema,76,ST,,77,72,66,72,42,62,4,3,2,Precision Header | Aerial Fortress,0,,0,,15,Intro to Evolutions | Intro to Training Camp EVOs II | Intro to Rewards EVOs | Club Member Reward | Rising Guard | Passing Prodigy | One Shot | Relentless Pressure | Long Ball Pass | Footwork Phenom | Pinged Pass | ST Advanced Forward+ | Whipped Pass+ | Cornerstones | Iron Will,Chicago Stars FC,NWSL,false,false,500,250
237522,Jorge Cuenca,76,CB,,60,37,60,60,77,73,2,3,1,Precision Header,0,,0,,13,Intro to Evolutions | Intro to Training Camp EVOs II | Intro to Rewards EVOs | Rising Guard | Passing Prodigy | One Shot | Relentless Pressure | Long Ball Pass | Footwork Phenom | Pinged Pass | Whipped Pass+ | Cornerstones | Iron Will,Fulham,Premier League,false,true,500,2000
76998,Josefine Rybrink,76,RB,,58,48,65,67,77,72,2,3,0,,0,,0,,13,Intro to Evolutions | Intro to Training Camp EVOs II | Intro to Rewards EVOs | Rising Guard | Passing Prodigy | One Shot | Relentless Pressure | Long Ball Pass | Footwork Phenom | Pinged Pass | Whipped Pass+ | Cornerstones | Iron Will,BK Hcken,Sverige Liga,false,false,500,1000
243311,Josep Martínez,76,GK,,78,72,69,77,26,75,1,3,0,,0,,0,,8,Intro to Training Camp EVOs I | Intro to Training Camp EVOs II | The Debut | Relentless Pressure | Long Ball Pass | Pinged Pass | Whipped Pass+ | Cornerstones,Lombardia FC,Serie A Enilive,false,false,500,750
256325,Josip Šutalo,76,CB,,72,32,63,71,75,78,2,3,2,Intercept | Aerial Fortress,0,,0,,13,Intro to Evolutions | Intro to Training Camp EVOs II | Intro to Rewards EVOs | Rising Guard | Passing Prodigy | One Shot | Relentless Pressure | Long Ball Pass | Footwork Phenom | Pinged Pass | Whipped Pass+ | Cornerstones | Iron Will,Latium,Serie A Enilive,false,false,500,750
234570,Jota,76,LW,RW | LM | RM,83,72,72,80,37,57,5,4,6,Power Shot | Gamechanger | Inventive | Technical | First Touch | Trickster,0,,0,,9,Intro to Evolutions | Intro to Rewards EVOs | Rising Guard | Passing Prodigy | One Shot | Footwork Phenom | Whipped Pass+ | Cornerstones | Iron Will,Celtic,Scottish Prem,false,false,500,750
260178,Juan Iglesias,76,RB,LB | RM | RW,83,39,62,68,73,72,3,4,3,Block | Slide Tackle | Long Throw,0,,0,,13,Intro to Evolutions | Intro to Training Camp EVOs II | Intro to Rewards EVOs | Rising Guard | Passing Prodigy | One Shot | Relentless Pressure | Long Ball Pass | Footwork Phenom | Pinged Pass | Whipped Pass+ | Cornerstones | Iron Will,Sevilla FC,LALIGA EA SPORTS,false,false,500,750
240915,Juan Miranda,76,LB,LM,78,62,74,71,72,70,3,2,3,Long Ball Pass | Whipped Pass | Long Throw,0,,0,,13,Intro to Evolutions | Intro to Training Camp EVOs II | Intro to Rewards EVOs | Rising Guard | Passing Prodigy | One Shot | Relentless Pressure | Long Ball Pass | Footwork Phenom | Pinged Pass | Whipped Pass+ | Cornerstones | Iron Will,Bologna,Serie A Enilive,false,false,500,500
264174,Juanlu Sánchez,76,RB,RM | RW,80,68,73,75,71,73,3,3,0,,0,,0,,13,Intro to Evolutions | Intro to Training Camp EVOs II | Intro to Rewards EVOs | Rising Guard | Passing Prodigy | One Shot | Relentless Pressure | Long Ball Pass | Footwork Phenom | Pinged Pass | Whipped Pass+ | Cornerstones | Iron Will,AFC Bournemouth,Premier League,false,true,500,500
248278,Justin de Haas,76,CB,,62,37,46,59,75,81,2,3,3,Long Ball Pass | Intercept | Aerial Fortress,0,,0,,13,Intro to Evolutions | Intro to Training Camp EVOs II | Intro to Rewards EVOs | Rising Guard | Passing Prodigy | One Shot | Relentless Pressure | Long Ball Pass | Footwork Phenom | Pinged Pass | Whipped Pass+ | Cornerstones | Iron Will,Valencia CF,LALIGA EA SPORTS,false,false,500,500
232446,Kaan Kairinen,76,CM,CDM,64,63,77,74,69,73,3,3,3,Incisive Pass | Long Ball Pass | Technical,0,,0,,14,Intro to Evolutions | Intro to Training Camp EVOs II | Intro to Rewards EVOs | Rising Guard | Passing Prodigy | One Shot | Complete Connection | Relentless Pressure | Long Ball Pass | Footwork Phenom | Pinged Pass | Whipped Pass+ | Cornerstones | Iron Will,AEK Athens,Hellas Liga,false,false,500,250
276862,Kaja Korošec,76,CDM,CM,67,75,71,76,73,79,3,2,1,Aerial Fortress,0,,0,,14,Intro to Evolutions | Intro to Training Camp EVOs II | Intro to Rewards EVOs | Rising Guard | Passing Prodigy | One Shot | Complete Connection | Relentless Pressure | Long Ball Pass | Footwork Phenom | Pinged Pass | Whipped Pass+ | Cornerstones | Iron Will,Paris FC,Arkema PL,false,false,500,250
267235,Kaleigh Kurtz,76,CB,,58,50,57,58,80,73,2,3,4,Long Ball Pass | Tiki Taka | Block | Aerial Fortress,0,,0,,11,Intro to Evolutions | Intro to Rewards EVOs | Rising Guard | Passing Prodigy | One Shot | Relentless Pressure | Footwork Phenom | Pinged Pass | Whipped Pass+ | Cornerstones | Iron Will,Denver Summit FC,NWSL,false,false,500,500
193331,Karl Darlow,76,GK,,76,74,70,77,47,75,1,2,0,,0,,0,,8,Intro to Training Camp EVOs I | Intro to Training Camp EVOs II | The Debut | Relentless Pressure | Long Ball Pass | Pinged Pass | Whipped Pass+ | Cornerstones,Man Utd,Premier League,true,true,500,1500
265304,Kateřina Svitková,76,LM,CAM | LW | CM,73,78,73,78,71,69,4,5,2,Power Shot | Technical,0,,0,,14,Intro to Evolutions | Intro to Training Camp EVOs II | Intro to Rewards EVOs | Rising Guard | Passing Prodigy | One Shot | Complete Connection | Relentless Pressure | Long Ball Pass | Footwork Phenom | Pinged Pass | Whipped Pass+ | Cornerstones | Iron Will,Slavia Praha,Ceska Liga Žen,false,false,500,500
231743,Keinan Davis,76,ST,,79,76,56,75,40,68,3,3,2,Press Proven | Enforcer,0,,0,,15,Intro to Evolutions | Intro to Training Camp EVOs II | Intro to Rewards EVOs | Club Member Reward | Rising Guard | Passing Prodigy | One Shot | Relentless Pressure | Long Ball Pass | Footwork Phenom | Pinged Pass | ST Advanced Forward+ | Whipped Pass+ | Cornerstones | Iron Will,Udinese,Serie A Enilive,false,false,500,750
267519,Kerry Abello,76,LB,LM,68,64,74,76,73,62,2,3,3,Anticipate | Slide Tackle | First Touch,0,,0,,13,Intro to Evolutions | Intro to Training Camp EVOs II | Intro to Rewards EVOs | Rising Guard | Passing Prodigy | One Shot | Relentless Pressure | Long Ball Pass | Footwork Phenom | Pinged Pass | Whipped Pass+ | Cornerstones | Iron Will,Orlando Pride,NWSL,false,false,500,500
244068,Keven Schlotterbeck,76,CB,,62,30,53,56,77,73,2,3,4,Block | Intercept | Slide Tackle | Aerial Fortress,0,,0,,11,Intro to Evolutions | Intro to Rewards EVOs | Rising Guard | Passing Prodigy | One Shot | Relentless Pressure | Footwork Phenom | Pinged Pass | Whipped Pass+ | Cornerstones | Iron Will,Southampton,EFL Championship,false,false,500,500
70571,Kevin,76,LM,LW,82,70,70,82,33,58,4,3,3,Inventive | Technical | Trickster,0,,0,,13,Intro to Evolutions | Intro to Training Camp EVOs II | Intro to Rewards EVOs | Rising Guard | Passing Prodigy | One Shot | Relentless Pressure | Long Ball Pass | Footwork Phenom | Pinged Pass | Whipped Pass+ | Cornerstones | Iron Will,Fulham,Premier League,false,true,500,10000
237254,Kévin Denkey,76,ST,,75,78,55,73,29,83,3,3,4,Finesse Shot | Low Driven Shot | Aerial Fortress | Technical,0,,0,,13,Intro to Evolutions | Intro to Rewards EVOs | Club Member Reward | Rising Guard | Passing Prodigy | One Shot | Relentless Pressure | Footwork Phenom | Pinged Pass | ST Advanced Forward+ | Whipped Pass+ | Cornerstones | Iron Will,FC Cincinnati,MLS,false,false,500,250
271755,Kike Salas,76,CB,LB | CDM,67,51,62,62,76,77,2,3,1,Aerial Fortress,0,,0,,13,Intro to Evolutions | Intro to Training Camp EVOs II | Intro to Rewards EVOs | Rising Guard | Passing Prodigy | One Shot | Relentless Pressure | Long Ball Pass | Footwork Phenom | Pinged Pass | Whipped Pass+ | Cornerstones | Iron Will,Sevilla FC,LALIGA EA SPORTS,false,false,500,750
233152,Ko Itakura,76,CB,CDM | CM,65,56,62,73,76,75,3,4,1,Aerial Fortress,0,,0,,14,Intro to Evolutions | Intro to Training Camp EVOs II | Intro to Rewards EVOs | Rising Guard | Passing Prodigy | One Shot | Complete Connection | Relentless Pressure | Long Ball Pass | Footwork Phenom | Pinged Pass | Whipped Pass+ | Cornerstones | Iron Will,M'gladbach,Bundesliga,false,false,500,500
270077,Konstantinos Koulierakis,76,CB,,66,44,57,65,76,78,2,2,4,Precision Header | Long Ball Pass | Jockey | Aerial Fortress,0,,0,,11,Intro to Evolutions | Intro to Rewards EVOs | Rising Guard | Passing Prodigy | One Shot | Relentless Pressure | Footwork Phenom | Pinged Pass | Whipped Pass+ | Cornerstones | Iron Will,AS Roma,Serie A Enilive,false,false,500,500
232223,Kostas Tsimikas,76,LB,LM,78,56,73,73,74,72,3,3,0,,0,,0,,13,Intro to Evolutions | Intro to Training Camp EVOs II | Intro to Rewards EVOs | Rising Guard | Passing Prodigy | One Shot | Relentless Pressure | Long Ball Pass | Footwork Phenom | Pinged Pass | Whipped Pass+ | Cornerstones | Iron Will,Liverpool,Premier League,true,true,500,500
242725,Kristian Thorstvedt,76,CM,CDM,57,72,74,73,68,83,3,4,1,Jockey,0,,0,,14,Intro to Evolutions | Intro to Training Camp EVOs II | Intro to Rewards EVOs | Rising Guard | Passing Prodigy | One Shot | Complete Connection | Relentless Pressure | Long Ball Pass | Footwork Phenom | Pinged Pass | Whipped Pass+ | Cornerstones | Iron Will,Sassuolo,Serie A Enilive,false,false,500,250
188377,Kyle Walker,76,RB,,81,63,72,71,73,76,3,2,4,Power Shot | Jockey | Rapid | Long Throw,0,,0,,11,Intro to Evolutions | Intro to Rewards EVOs | Rising Guard | Passing Prodigy | One Shot | Relentless Pressure | Footwork Phenom | Pinged Pass | Whipped Pass+ | Cornerstones | Iron Will,Burnley,EFL Championship,false,false,500,750
227927,Kyle Walker-Peters,76,RB,RM,76,47,68,76,73,64,3,4,0,,0,,0,,13,Intro to Evolutions | Intro to Training Camp EVOs II | Intro to Rewards EVOs | Rising Guard | Passing Prodigy | One Shot | Relentless Pressure | Long Ball Pass | Footwork Phenom | Pinged Pass | Whipped Pass+ | Cornerstones | Iron Will,West Ham,EFL Championship,false,false,500,500
227349,Laëtitia Philippe,76,GK,,79,73,67,77,47,77,1,3,1,Footwork,0,,0,,8,Intro to Training Camp EVOs I | Intro to Training Camp EVOs II | The Debut | Relentless Pressure | Long Ball Pass | Pinged Pass | Whipped Pass+ | Cornerstones,Strasbourg,Arkema PL,false,false,500,500
272119,Landaluze,76,CB,RB,64,33,65,61,78,71,2,2,1,Intercept,0,,0,,13,Intro to Evolutions | Intro to Training Camp EVOs II | Intro to Rewards EVOs | Rising Guard | Passing Prodigy | One Shot | Relentless Pressure | Long Ball Pass | Footwork Phenom | Pinged Pass | Whipped Pass+ | Cornerstones | Iron Will,Athletic Club,Liga F Moeve,false,false,500,500
243134,Largie Ramazani,76,LW,LM | RM | RW,91,70,69,79,41,65,3,4,3,Finesse Shot | Acrobatic | Quick Step,0,,0,,12,Intro to Evolutions | Intro to Training Camp EVOs II | Rising Guard | Passing Prodigy | One Shot | Relentless Pressure | Long Ball Pass | Footwork Phenom | Pinged Pass | Whipped Pass+ | Cornerstones | Iron Will,Burnley,EFL Championship,false,false,500,
199833,Lars Unnerstall,76,GK,,76,75,65,79,32,76,1,1,1,Footwork,0,,0,,8,Intro to Training Camp EVOs I | Intro to Training Camp EVOs II | The Debut | Relentless Pressure | Long Ball Pass | Pinged Pass | Whipped Pass+ | Cornerstones,FC Twente,Eredivisie,false,false,500,750
74395,Laura Sánchez,76,GK,,74,75,73,72,31,76,1,2,1,Cross Claimer,0,,0,,8,Intro to Training Camp EVOs I | Intro to Training Camp EVOs II | The Debut | Relentless Pressure | Long Ball Pass | Pinged Pass | Whipped Pass+ | Cornerstones,Granada CF,Liga F Moeve,false,false,500,750
213367,Laurent Abergel,76,CM,CDM,57,56,74,74,71,75,3,3,4,Incisive Pass | Long Ball Pass | Intercept | Press Proven,0,,0,,12,Intro to Evolutions | Intro to Rewards EVOs | Rising Guard | Passing Prodigy | One Shot | Complete Connection | Relentless Pressure | Footwork Phenom | Pinged Pass | Whipped Pass+ | Cornerstones | Iron Will,OGC Nice,Ligue 1 McDonald's,false,false,500,500
257185,Lautaro Blanco,76,LB,LM,86,54,74,73,69,77,3,2,2,Whipped Pass | Long Throw,0,,0,,12,Intro to Evolutions | Intro to Training Camp EVOs II | Rising Guard | Passing Prodigy | One Shot | Relentless Pressure | Long Ball Pass | Footwork Phenom | Pinged Pass | Whipped Pass+ | Cornerstones | Iron Will,Boca Juniors,LPF,false,false,500,500
272723,Lautaro Di Lollo,76,CB,,79,31,45,48,76,85,2,3,2,Precision Header | Aerial Fortress,0,,0,,13,Intro to Evolutions | Intro to Training Camp EVOs II | Intro to Rewards EVOs | Rising Guard | Passing Prodigy | One Shot | Relentless Pressure | Long Ball Pass | Footwork Phenom | Pinged Pass | Whipped Pass+ | Cornerstones | Iron Will,Boca Juniors,LPF,false,false,500,500
240834,Lazar Carević,76,GK,,75,75,73,75,25,74,1,3,1,Footwork,0,,0,,8,Intro to Training Camp EVOs I | Intro to Training Camp EVOs II | The Debut | Relentless Pressure | Long Ball Pass | Pinged Pass | Whipped Pass+ | Cornerstones,FC Famalicão,Liga Portugal,false,false,500,250
255541,Lazaros Rota,76,RB,,81,47,66,70,72,76,3,3,2,Relentless | Long Throw,0,,0,,13,Intro to Evolutions | Intro to Training Camp EVOs II | Intro to Rewards EVOs | Rising Guard | Passing Prodigy | One Shot | Relentless Pressure | Long Ball Pass | Footwork Phenom | Pinged Pass | Whipped Pass+ | Cornerstones | Iron Will,AEK Athens,Hellas Liga,false,false,500,500
264904,Léa Khelifi,76,CM,ST | CDM,81,68,75,81,68,68,4,2,4,Precision Header | Incisive Pass | Technical | Trickster,0,,0,,14,Intro to Evolutions | Intro to Rewards EVOs | Club Member Reward | Rising Guard | Passing Prodigy | One Shot | Complete Connection | Relentless Pressure | Footwork Phenom | Pinged Pass | ST Advanced Forward+ | Whipped Pass+ | Cornerstones | Iron Will,Juventus,Calcio A Femminile,false,false,500,500
192816,Leandro Cabrera,76,CB,,46,45,60,55,77,81,2,2,6,Precision Header | Long Ball Pass | Anticipate | Slide Tackle | Aerial Fortress | Bruiser,0,,0,,9,Intro to Evolutions | Intro to Rewards EVOs | Rising Guard | Passing Prodigy | One Shot | Footwork Phenom | Whipped Pass+ | Cornerstones | Iron Will,RCD Espanyol,LALIGA EA SPORTS,false,false,500,500
221671,Lee Jae Sung,76,CM,CAM | CDM,65,71,73,78,66,66,3,3,3,Finesse Shot | Precision Header | Tiki Taka,0,,0,,15,Intro to Evolutions | Intro to Training Camp EVOs II | Intro to Rewards EVOs | Rising Guard | Cover Athlete | Passing Prodigy | One Shot | Complete Connection | Relentless Pressure | Long Ball Pass | Footwork Phenom | Pinged Pass | Whipped Pass+ | Cornerstones | Iron Will,1. FSV Mainz 05,Bundesliga,false,false,500,500
238516,Leo Østigård,76,CB,,50,37,53,62,75,80,2,3,1,Precision Header,0,,0,,13,Intro to Evolutions | Intro to Training Camp EVOs II | Intro to Rewards EVOs | Rising Guard | Passing Prodigy | One Shot | Relentless Pressure | Long Ball Pass | Footwork Phenom | Pinged Pass | Whipped Pass+ | Cornerstones | Iron Will,Genoa,Serie A Enilive,false,false,500,500
269420,Leonardo Lelo,76,LM,LB,81,59,73,75,71,73,3,3,2,Dead Ball | Relentless,0,,0,,13,Intro to Evolutions | Intro to Training Camp EVOs II | Intro to Rewards EVOs | Rising Guard | Passing Prodigy | One Shot | Relentless Pressure | Long Ball Pass | Footwork Phenom | Pinged Pass | Whipped Pass+ | Cornerstones | Iron Will,UD Almería,LALIGA HYPERMOTION,false,false,500,500
257084,Lesley Ugochukwu,76,CDM,CM | CAM,65,62,70,72,74,76,3,3,1,Press Proven,0,,0,,15,Intro to Evolutions | Intro to Training Camp EVOs II | Intro to Rewards EVOs | Rising Guard | Cover Athlete | Passing Prodigy | One Shot | Complete Connection | Relentless Pressure | Long Ball Pass | Footwork Phenom | Pinged Pass | Whipped Pass+ | Cornerstones | Iron Will,Galatasaray,Trendyol Süper Lig,false,false,500,1500
83026,Lia Godfrey,76,CAM,CM,73,67,69,77,55,56,3,3,0,,0,,0,,15,Intro to Evolutions | Intro to Training Camp EVOs II | Intro to Rewards EVOs | Rising Guard | Cover Athlete | Passing Prodigy | One Shot | Complete Connection | Relentless Pressure | Long Ball Pass | Footwork Phenom | Pinged Pass | Whipped Pass+ | Cornerstones | Iron Will,San Diego Wave,NWSL,false,false,500,
251380,Lilian Brassier,76,CB,,67,37,63,69,76,76,2,2,2,Block | Aerial Fortress,0,,0,,13,Intro to Evolutions | Intro to Training Camp EVOs II | Intro to Rewards EVOs | Rising Guard | Passing Prodigy | One Shot | Relentless Pressure | Long Ball Pass | Footwork Phenom | Pinged Pass | Whipped Pass+ | Cornerstones | Iron Will,Frankfurt,Bundesliga,false,false,500,500
273411,Livia Peng,76,GK,,75,72,78,77,22,77,1,2,2,Footwork | Far Reach,0,,0,,8,Intro to Training Camp EVOs I | Intro to Training Camp EVOs II | The Debut | Relentless Pressure | Long Ball Pass | Pinged Pass | Whipped Pass+ | Cornerstones,Chelsea,Barclays WSL,false,false,500,500
243923,Logan Costa,76,CB,,56,40,59,67,77,77,2,3,0,,0,,0,,13,Intro to Evolutions | Intro to Training Camp EVOs II | Intro to Rewards EVOs | Rising Guard | Passing Prodigy | One Shot | Relentless Pressure | Long Ball Pass | Footwork Phenom | Pinged Pass | Whipped Pass+ | Cornerstones | Iron Will,Villarreal CF,LALIGA EA SPORTS,false,false,500,500
276507,Loreen Bender,76,RM,RW,75,70,71,79,50,57,4,3,2,Inventive | Press Proven,0,,0,,13,Intro to Evolutions | Intro to Training Camp EVOs II | Intro to Rewards EVOs | Rising Guard | Passing Prodigy | One Shot | Relentless Pressure | Long Ball Pass | Footwork Phenom | Pinged Pass | Whipped Pass+ | Cornerstones | Iron Will,Leverkusen,GPFBL,false,false,500,750
215363,Lorenzo Montipò,76,GK,,74,72,70,79,42,74,1,3,3,Far Throw | Footwork | Far Reach,0,,0,,8,Intro to Training Camp EVOs I | Intro to Training Camp EVOs II | The Debut | Relentless Pressure | Long Ball Pass | Pinged Pass | Whipped Pass+ | Cornerstones,Venezia,Serie A Enilive,false,false,500,500
244261,Lovro Majer,76,CAM,CM | RM | RW,70,71,77,78,60,69,4,3,4,Inventive | Technical | First Touch | Relentless,0,,0,,12,Intro to Evolutions | Intro to Rewards EVOs | Rising Guard | Passing Prodigy | One Shot | Complete Connection | Relentless Pressure | Footwork Phenom | Pinged Pass | Whipped Pass+ | Cornerstones | Iron Will,AEK Athens,Hellas Liga,false,false,500,500
228708,Lucas Martínez Quarta,76,CB,,74,67,70,70,75,83,2,3,4,Precision Header | Long Ball Pass | Block | Aerial Fortress,0,,0,,11,Intro to Evolutions | Intro to Rewards EVOs | Rising Guard | Passing Prodigy | One Shot | Relentless Pressure | Footwork Phenom | Pinged Pass | Whipped Pass+ | Cornerstones | Iron Will,River Plate,LPF,false,false,500,750
205632,Lucas Ocampos,76,LW,ST | LM | CAM,75,76,75,77,57,81,4,3,3,Power Shot | Rapid | Relentless,0,,0,,15,Intro to Evolutions | Intro to Training Camp EVOs II | Intro to Rewards EVOs | Club Member Reward | Rising Guard | Passing Prodigy | One Shot | Relentless Pressure | Long Ball Pass | Footwork Phenom | Pinged Pass | ST Advanced Forward+ | Whipped Pass+ | Cornerstones | Iron Will,Monterrey,Liga BBVA MX,false,false,500,
208137,Lucas Torró,76,CDM,CM,45,64,68,67,75,76,2,3,2,Aerial Fortress | Press Proven,0,,0,,14,Intro to Evolutions | Intro to Training Camp EVOs II | Intro to Rewards EVOs | Rising Guard | Passing Prodigy | One Shot | Complete Connection | Relentless Pressure | Long Ball Pass | Footwork Phenom | Pinged Pass | Whipped Pass+ | Cornerstones | Iron Will,CA Osasuna,LALIGA EA SPORTS,false,false,500,750
268993,Lucía Rodríguez,76,RB,LB | CB | CDM,76,52,74,76,73,70,3,3,0,,0,,0,,13,Intro to Evolutions | Intro to Training Camp EVOs II | Intro to Rewards EVOs | Rising Guard | Passing Prodigy | One Shot | Relentless Pressure | Long Ball Pass | Footwork Phenom | Pinged Pass | Whipped Pass+ | Cornerstones | Iron Will,Atlético de Madrid,Liga F Moeve,false,false,500,500
246683,Lucien Agoumé,76,CDM,CM | CAM,71,62,71,74,74,79,3,3,1,Intercept,0,,0,,15,Intro to Evolutions | Intro to Training Camp EVOs II | Intro to Rewards EVOs | Rising Guard | Cover Athlete | Passing Prodigy | One Shot | Complete Connection | Relentless Pressure | Long Ball Pass | Footwork Phenom | Pinged Pass | Whipped Pass+ | Cornerstones | Iron Will,Sevilla FC,LALIGA EA SPORTS,false,false,500,500
231102,Ludovic Blas,76,RM,CAM | RW | CM,70,77,76,79,58,63,4,2,6,Power Shot | Dead Ball | Gamechanger | Pinged Pass | Technical | First Touch,0,,0,,9,Intro to Evolutions | Intro to Rewards EVOs | Rising Guard | Passing Prodigy | One Shot | Footwork Phenom | Whipped Pass+ | Cornerstones | Iron Will,Stade Rennais FC,Ligue 1 McDonald's,false,false,500,500
267633,Luís Esteves,76,CM,CAM | CDM,76,70,76,79,59,60,3,3,1,Long Ball Pass,0,,0,,15,Intro to Evolutions | Intro to Training Camp EVOs II | Intro to Rewards EVOs | Rising Guard | Cover Athlete | Passing Prodigy | One Shot | Complete Connection | Relentless Pressure | Long Ball Pass | Footwork Phenom | Pinged Pass | Whipped Pass+ | Cornerstones | Iron Will,Atlas FC,Liga BBVA MX,false,false,500,500
243015,Luis Romo,76,CDM,CM | CB,68,66,71,67,71,82,3,4,4,Long Ball Pass | Tiki Taka | Intercept | Aerial Fortress,0,,0,,12,Intro to Evolutions | Intro to Rewards EVOs | Rising Guard | Passing Prodigy | One Shot | Complete Connection | Relentless Pressure | Footwork Phenom | Pinged Pass | Whipped Pass+ | Cornerstones | Iron Will,Club Guadalajara,Liga BBVA MX,false,false,500,
258775,Luka Sučić,76,CM,CAM | ST,77,74,75,77,68,72,4,3,2,Power Shot | Technical,0,,0,,17,Intro to Evolutions | Intro to Training Camp EVOs II | Intro to Rewards EVOs | Club Member Reward | Rising Guard | Cover Athlete | Passing Prodigy | One Shot | Complete Connection | Relentless Pressure | Long Ball Pass | Footwork Phenom | Pinged Pass | ST Advanced Forward+ | Whipped Pass+ | Cornerstones | Iron Will,Real Sociedad,LALIGA EA SPORTS,false,false,500,750
230084,Lukas Nmecha,76,ST,,77,76,66,73,40,74,3,4,0,,0,,0,,15,Intro to Evolutions | Intro to Training Camp EVOs II | Intro to Rewards EVOs | Club Member Reward | Rising Guard | Passing Prodigy | One Shot | Relentless Pressure | Long Ball Pass | Footwork Phenom | Pinged Pass | ST Advanced Forward+ | Whipped Pass+ | Cornerstones | Iron Will,Leeds United,Premier League,false,true,500,500
234472,Mads Bech Sørensen,76,CB,,76,42,62,60,75,84,2,3,4,Long Ball Pass | Aerial Fortress | Long Throw | Bruiser,0,,0,,11,Intro to Evolutions | Intro to Rewards EVOs | Rising Guard | Passing Prodigy | One Shot | Relentless Pressure | Footwork Phenom | Pinged Pass | Whipped Pass+ | Cornerstones | Iron Will,FC Midtjylland,3F Superliga,false,false,500,500
257288,Maduka Okoye,76,GK,,75,76,72,78,24,74,1,3,1,Cross Claimer,0,,0,,8,Intro to Training Camp EVOs I | Intro to Training Camp EVOs II | The Debut | Relentless Pressure | Long Ball Pass | Pinged Pass | Whipped Pass+ | Cornerstones,Udinese,Serie A Enilive,false,false,500,1000
276771,Malou Marcetto,76,CM,ST | CDM | CAM,69,74,74,76,70,69,3,3,0,,0,,0,,16,Intro to Evolutions | Intro to Training Camp EVOs II | Intro to Rewards EVOs | Club Member Reward | Rising Guard | Passing Prodigy | One Shot | Complete Connection | Relentless Pressure | Long Ball Pass | Footwork Phenom | Pinged Pass | ST Advanced Forward+ | Whipped Pass+ | Cornerstones | Iron Will,London City,Barclays WSL,false,false,500,500
246791,Manor Solomon,76,LM,LW,84,72,72,79,43,41,4,4,0,,0,,0,,13,Intro to Evolutions | Intro to Training Camp EVOs II | Intro to Rewards EVOs | Rising Guard | Passing Prodigy | One Shot | Relentless Pressure | Long Ball Pass | Footwork Phenom | Pinged Pass | Whipped Pass+ | Cornerstones | Iron Will,West Ham,EFL Championship,false,false,500,10000
252327,Manu Sánchez,76,LB,,78,45,67,70,72,67,3,3,1,Jockey,0,,0,,13,Intro to Evolutions | Intro to Training Camp EVOs II | Intro to Rewards EVOs | Rising Guard | Passing Prodigy | One Shot | Relentless Pressure | Long Ball Pass | Footwork Phenom | Pinged Pass | Whipped Pass+ | Cornerstones | Iron Will,Levante UD,LALIGA EA SPORTS,false,false,500,500
188988,Manuel Lanzini,76,CAM,LM | CM | LW,70,72,76,79,51,50,4,3,0,,0,,0,,14,Intro to Evolutions | Intro to Training Camp EVOs II | Intro to Rewards EVOs | Rising Guard | Passing Prodigy | One Shot | Complete Connection | Relentless Pressure | Long Ball Pass | Footwork Phenom | Pinged Pass | Whipped Pass+ | Cornerstones | Iron Will,Vélez Sarsfield,LPF,false,false,500,750
210719,Marc-Oliver Kempf,76,CB,,69,46,61,66,76,79,2,4,2,Precision Header | Aerial Fortress,0,,0,,13,Intro to Evolutions | Intro to Training Camp EVOs II | Intro to Rewards EVOs | Rising Guard | Passing Prodigy | One Shot | Relentless Pressure | Long Ball Pass | Footwork Phenom | Pinged Pass | Whipped Pass+ | Cornerstones | Iron Will,Como,Serie A Enilive,false,false,500,750
233125,Marcel Hartel,76,CAM,CM | LW | CDM,72,73,74,76,59,65,3,4,5,Power Shot | Tiki Taka | Inventive | Press Proven | Relentless,0,,0,,11,Intro to Evolutions | Intro to Rewards EVOs | Rising Guard | Passing Prodigy | One Shot | Complete Connection | Footwork Phenom | Pinged Pass | Whipped Pass+ | Cornerstones | Iron Will,Hannover 96,Bundesliga 2,false,false,500,250
216065,Marco Sportiello,76,GK,,75,72,74,76,44,79,1,2,0,,0,,0,,8,Intro to Training Camp EVOs I | Intro to Training Camp EVOs II | The Debut | Relentless Pressure | Long Ball Pass | Pinged Pass | Whipped Pass+ | Cornerstones,Bergamo Calcio,Serie A Enilive,false,false,500,750
224334,Marcos Acuña,76,LB,LM,72,71,77,80,69,85,3,3,5,Power Shot | Inventive | Anticipate | Relentless | Bruiser,0,,0,,10,Intro to Evolutions | Intro to Rewards EVOs | Rising Guard | Passing Prodigy | One Shot | Footwork Phenom | Pinged Pass | Whipped Pass+ | Cornerstones | Iron Will,River Plate,LPF,false,false,500,500
272148,María Llompart,76,CM,CAM | CDM,85,73,73,78,67,76,4,3,2,Gamechanger | Technical,0,,0,,14,Intro to Evolutions | Intro to Training Camp EVOs II | Rising Guard | Cover Athlete | Passing Prodigy | One Shot | Complete Connection | Relentless Pressure | Long Ball Pass | Footwork Phenom | Pinged Pass | Whipped Pass+ | Cornerstones | Iron Will,Badalona Women,Liga F Moeve,false,false,500,500
264807,Marie Levasseur,76,RB,,77,64,65,72,73,80,3,4,4,Intercept | Anticipate | Long Throw | Bruiser,0,,0,,11,Intro to Evolutions | Intro to Rewards EVOs | Rising Guard | Passing Prodigy | One Shot | Relentless Pressure | Footwork Phenom | Pinged Pass | Whipped Pass+ | Cornerstones | Iron Will,Birmingham City,Barclays WSL,false,false,500,500
231347,Marion Torrent,76,CM,CDM,71,62,71,77,76,76,3,3,3,Intercept | Slide Tackle | Bruiser,0,,0,,14,Intro to Evolutions | Intro to Training Camp EVOs II | Intro to Rewards EVOs | Rising Guard | Passing Prodigy | One Shot | Complete Connection | Relentless Pressure | Long Ball Pass | Footwork Phenom | Pinged Pass | Whipped Pass+ | Cornerstones | Iron Will,Montpellier,Arkema PL,false,false,500,750
235432,Marshall Munetsi,76,CM,CDM | CAM,65,71,70,70,74,78,3,3,1,Relentless,0,,0,,15,Intro to Evolutions | Intro to Training Camp EVOs II | Intro to Rewards EVOs | Rising Guard | Cover Athlete | Passing Prodigy | One Shot | Complete Connection | Relentless Pressure | Long Ball Pass | Footwork Phenom | Pinged Pass | Whipped Pass+ | Cornerstones | Iron Will,Wolves,EFL Championship,false,false,500,500
227191,Marta Torrejón,76,CB,RB | CM,51,53,73,68,77,75,2,3,0,,0,,0,,14,Intro to Evolutions | Intro to Training Camp EVOs II | Intro to Rewards EVOs | Rising Guard | Passing Prodigy | One Shot | Complete Connection | Relentless Pressure | Long Ball Pass | Footwork Phenom | Pinged Pass | Whipped Pass+ | Cornerstones | Iron Will,FC Barcelona,Liga F Moeve,true,false,500,500
271940,Martial Godo,76,LM,LW,85,66,68,81,37,58,3,4,2,Technical | Quick Step,0,,0,,12,Intro to Evolutions | Intro to Training Camp EVOs II | Rising Guard | Passing Prodigy | One Shot | Relentless Pressure | Long Ball Pass | Footwork Phenom | Pinged Pass | Whipped Pass+ | Cornerstones | Iron Will,Strasbourg,Ligue 1 McDonald's,false,false,500,
72093,Martim Fernandes,76,RB,LB | RM | LM,82,56,70,75,71,67,2,2,1,Whipped Pass,0,,0,,13,Intro to Evolutions | Intro to Training Camp EVOs II | Intro to Rewards EVOs | Rising Guard | Passing Prodigy | One Shot | Relentless Pressure | Long Ball Pass | Footwork Phenom | Pinged Pass | Whipped Pass+ | Cornerstones | Iron Will,FC Porto,Liga Portugal,false,false,500,250
267375,Mary Alice Vignola,76,LB,LM,66,53,64,70,75,77,2,3,4,Block | Slide Tackle | Press Proven | Long Throw,0,,0,,11,Intro to Evolutions | Intro to Rewards EVOs | Rising Guard | Passing Prodigy | One Shot | Relentless Pressure | Footwork Phenom | Pinged Pass | Whipped Pass+ | Cornerstones | Iron Will,Portland Thorns,NWSL,false,false,500,500
207935,Matías Dituro,76,GK,,75,73,78,77,38,74,1,3,3,Long Ball Pass | Far Throw | Footwork,0,,0,,8,Intro to Training Camp EVOs I | Intro to Training Camp EVOs II | The Debut | Relentless Pressure | Long Ball Pass | Pinged Pass | Whipped Pass+ | Cornerstones,Elche CF,LALIGA EA SPORTS,false,false,500,750
219985,Matías Vecino,76,CM,CDM | CAM,53,73,74,76,77,73,3,3,2,Power Shot | Aerial Fortress,0,,0,,15,Intro to Evolutions | Intro to Training Camp EVOs II | Intro to Rewards EVOs | Rising Guard | Cover Athlete | Passing Prodigy | One Shot | Complete Connection | Relentless Pressure | Long Ball Pass | Footwork Phenom | Pinged Pass | Whipped Pass+ | Cornerstones | Iron Will,Celta,LALIGA EA SPORTS,false,false,500,500
212118,Matt Grimes,76,CDM,CM,56,61,77,75,70,71,3,4,4,Long Ball Pass | Anticipate | First Touch | Relentless,0,,0,,12,Intro to Evolutions | Intro to Rewards EVOs | Rising Guard | Passing Prodigy | One Shot | Complete Connection | Relentless Pressure | Footwork Phenom | Pinged Pass | Whipped Pass+ | Cornerstones | Iron Will,Coventry City,Premier League,false,true,500,1500
271032,Matte Smets,76,CB,,63,33,69,67,77,75,2,3,5,Long Ball Pass | Jockey | Intercept | Slide Tackle | Aerial Fortress,0,,0,,10,Intro to Evolutions | Intro to Rewards EVOs | Rising Guard | Passing Prodigy | One Shot | Footwork Phenom | Pinged Pass | Whipped Pass+ | Cornerstones | Iron Will,KRC Genk,1A Pro League,false,false,500,500
239613,Matteo Pessina,76,CM,CDM,67,70,74,75,73,74,3,3,1,Jockey,0,,0,,14,Intro to Evolutions | Intro to Training Camp EVOs II | Intro to Rewards EVOs | Rising Guard | Passing Prodigy | One Shot | Complete Connection | Relentless Pressure | Long Ball Pass | Footwork Phenom | Pinged Pass | Whipped Pass+ | Cornerstones | Iron Will,Monza,Serie A Enilive,false,false,500,250
264422,Matthis Abline,76,ST,LW | RW | LM,86,76,67,81,33,65,3,3,1,Gamechanger,0,,0,,14,Intro to Evolutions | Intro to Training Camp EVOs II | Club Member Reward | Rising Guard | Passing Prodigy | One Shot | Relentless Pressure | Long Ball Pass | Footwork Phenom | Pinged Pass | ST Advanced Forward+ | Whipped Pass+ | Cornerstones | Iron Will,AS Monaco,Ligue 1 McDonald's,false,false,500,500
198009,Mattia Perin,76,GK,,75,76,71,76,57,77,1,3,0,,0,,0,,8,Intro to Training Camp EVOs I | Intro to Training Camp EVOs II | The Debut | Relentless Pressure | Long Ball Pass | Pinged Pass | Whipped Pass+ | Cornerstones,Palermo,Serie BKT,false,false,500,750
228946,Mattias Svanberg,76,CM,CDM,75,70,74,76,66,73,3,3,1,Acrobatic,0,,0,,14,Intro to Evolutions | Intro to Training Camp EVOs II | Intro to Rewards EVOs | Rising Guard | Passing Prodigy | One Shot | Complete Connection | Relentless Pressure | Long Ball Pass | Footwork Phenom | Pinged Pass | Whipped Pass+ | Cornerstones | Iron Will,VfL Wolfsburg,Bundesliga 2,false,false,500,500
264901,Maxi Rall,76,RB,RM,70,67,74,74,75,75,3,5,1,Whipped Pass,0,,0,,13,Intro to Evolutions | Intro to Training Camp EVOs II | Intro to Rewards EVOs | Rising Guard | Passing Prodigy | One Shot | Relentless Pressure | Long Ball Pass | Footwork Phenom | Pinged Pass | Whipped Pass+ | Cornerstones | Iron Will,VfB Stuttgart,GPFBL,false,false,500,
262042,Maxime Estève,76,CB,,74,40,57,63,76,79,2,3,3,Jockey | Anticipate | Aerial Fortress,0,,0,,13,Intro to Evolutions | Intro to Training Camp EVOs II | Intro to Rewards EVOs | Rising Guard | Passing Prodigy | One Shot | Relentless Pressure | Long Ball Pass | Footwork Phenom | Pinged Pass | Whipped Pass+ | Cornerstones | Iron Will,RB Leipzig,Bundesliga,false,false,500,500
226168,Maximilian Eggestein,76,CDM,CM,61,62,69,71,73,79,3,4,1,Anticipate,0,,0,,14,Intro to Evolutions | Intro to Training Camp EVOs II | Intro to Rewards EVOs | Rising Guard | Passing Prodigy | One Shot | Complete Connection | Relentless Pressure | Long Ball Pass | Footwork Phenom | Pinged Pass | Whipped Pass+ | Cornerstones | Iron Will,SC Freiburg,Bundesliga,false,false,500,500
268908,Megan Reid,76,CB,,51,40,49,59,78,74,2,2,0,,0,,0,,13,Intro to Evolutions | Intro to Training Camp EVOs II | Intro to Rewards EVOs | Rising Guard | Passing Prodigy | One Shot | Relentless Pressure | Long Ball Pass | Footwork Phenom | Pinged Pass | Whipped Pass+ | Cornerstones | Iron Will,Denver Summit FC,NWSL,false,false,500,500
254548,Melvin Bard,76,LB,LM | CB | CDM,83,52,68,73,72,75,3,3,3,Whipped Pass | Slide Tackle | Long Throw,0,,0,,13,Intro to Evolutions | Intro to Training Camp EVOs II | Intro to Rewards EVOs | Rising Guard | Passing Prodigy | One Shot | Relentless Pressure | Long Ball Pass | Footwork Phenom | Pinged Pass | Whipped Pass+ | Cornerstones | Iron Will,Leeds United,Premier League,false,true,500,500
228349,Mërgim Vojvoda,76,RB,RM,62,54,76,76,75,67,3,4,0,,0,,0,,13,Intro to Evolutions | Intro to Training Camp EVOs II | Intro to Rewards EVOs | Rising Guard | Passing Prodigy | One Shot | Relentless Pressure | Long Ball Pass | Footwork Phenom | Pinged Pass | Whipped Pass+ | Cornerstones | Iron Will,Udinese,Serie A Enilive,false,false,500,500
199439,Michael Gregoritsch,76,ST,,51,78,68,69,42,75,3,3,2,Finesse Shot | Precision Header,0,,0,,15,Intro to Evolutions | Intro to Training Camp EVOs II | Intro to Rewards EVOs | Club Member Reward | Rising Guard | Passing Prodigy | One Shot | Relentless Pressure | Long Ball Pass | Footwork Phenom | Pinged Pass | ST Advanced Forward+ | Whipped Pass+ | Cornerstones | Iron Will,FC Augsburg,Bundesliga,false,false,500,250
207599,Michael Keane,76,CB,,42,58,62,59,77,76,2,3,1,Aerial Fortress,0,,0,,13,Intro to Evolutions | Intro to Training Camp EVOs II | Intro to Rewards EVOs | Rising Guard | Passing Prodigy | One Shot | Relentless Pressure | Long Ball Pass | Footwork Phenom | Pinged Pass | Whipped Pass+ | Cornerstones | Iron Will,Everton,Premier League,false,true,500,1500
276299,Michelle Agyemang,76,ST,,69,77,59,75,60,73,3,3,1,Enforcer,0,,0,,15,Intro to Evolutions | Intro to Training Camp EVOs II | Intro to Rewards EVOs | Club Member Reward | Rising Guard | Passing Prodigy | One Shot | Relentless Pressure | Long Ball Pass | Footwork Phenom | Pinged Pass | ST Advanced Forward+ | Whipped Pass+ | Cornerstones | Iron Will,Arsenal,Barclays WSL,false,false,500,500
265119,Michelle Ulbrich,76,CB,,42,57,68,68,77,79,2,3,2,Long Ball Pass | Bruiser,0,,0,,13,Intro to Evolutions | Intro to Training Camp EVOs II | Intro to Rewards EVOs | Rising Guard | Passing Prodigy | One Shot | Relentless Pressure | Long Ball Pass | Footwork Phenom | Pinged Pass | Whipped Pass+ | Cornerstones | Iron Will,SV Werder Bremen,GPFBL,false,false,500,500
240663,Miguel Ángel Merentiel,76,ST,,77,75,61,73,37,76,3,3,2,Power Shot | First Touch,0,,0,,15,Intro to Evolutions | Intro to Training Camp EVOs II | Intro to Rewards EVOs | Club Member Reward | Rising Guard | Passing Prodigy | One Shot | Relentless Pressure | Long Ball Pass | Footwork Phenom | Pinged Pass | ST Advanced Forward+ | Whipped Pass+ | Cornerstones | Iron Will,Boca Juniors,LPF,false,false,500,250
270050,Mika Biereth,76,ST,,75,76,63,71,31,76,3,3,0,,0,,0,,15,Intro to Evolutions | Intro to Training Camp EVOs II | Intro to Rewards EVOs | Club Member Reward | Rising Guard | Passing Prodigy | One Shot | Relentless Pressure | Long Ball Pass | Footwork Phenom | Pinged Pass | ST Advanced Forward+ | Whipped Pass+ | Cornerstones | Iron Will,AS Monaco,Ligue 1 McDonald's,false,false,500,500
244915,Mohammed Salisu,76,CB,,57,36,50,55,77,80,2,3,1,Aerial Fortress,0,,0,,13,Intro to Evolutions | Intro to Training Camp EVOs II | Intro to Rewards EVOs | Rising Guard | Passing Prodigy | One Shot | Relentless Pressure | Long Ball Pass | Footwork Phenom | Pinged Pass | Whipped Pass+ | Cornerstones | Iron Will,AS Monaco,Ligue 1 McDonald's,false,false,500,250
206590,Moi Gómez,76,CM,CDM,59,71,78,77,66,62,4,5,1,Press Proven,0,,0,,14,Intro to Evolutions | Intro to Training Camp EVOs II | Intro to Rewards EVOs | Rising Guard | Passing Prodigy | One Shot | Complete Connection | Relentless Pressure | Long Ball Pass | Footwork Phenom | Pinged Pass | Whipped Pass+ | Cornerstones | Iron Will,CA Osasuna,LALIGA EA SPORTS,false,false,500,500
265262,Molly Bartrip,76,CB,,65,56,68,67,78,70,2,3,2,Block | Anticipate,0,,0,,13,Intro to Evolutions | Intro to Training Camp EVOs II | Intro to Rewards EVOs | Rising Guard | Passing Prodigy | One Shot | Relentless Pressure | Long Ball Pass | Footwork Phenom | Pinged Pass | Whipped Pass+ | Cornerstones | Iron Will,Crystal Palace,Barclays WSL,false,false,500,500
85271,Monica Jusu Bah,76,LM,LW,73,64,73,76,26,59,3,3,0,,0,,0,,13,Intro to Evolutions | Intro to Training Camp EVOs II | Intro to Rewards EVOs | Rising Guard | Passing Prodigy | One Shot | Relentless Pressure | Long Ball Pass | Footwork Phenom | Pinged Pass | Whipped Pass+ | Cornerstones | Iron Will,Manchester Utd,Barclays WSL,false,false,500,
266093,Morgan Weaver,76,LW,LM,78,75,75,76,45,75,3,4,2,Chip Shot | Precision Header,0,,0,,13,Intro to Evolutions | Intro to Training Camp EVOs II | Intro to Rewards EVOs | Rising Guard | Passing Prodigy | One Shot | Relentless Pressure | Long Ball Pass | Footwork Phenom | Pinged Pass | Whipped Pass+ | Cornerstones | Iron Will,Portland Thorns,NWSL,false,false,500,500
242633,Morten Frendrup,76,CDM,CM,76,61,66,75,74,69,3,3,2,Jockey | Intercept,0,,0,,14,Intro to Evolutions | Intro to Training Camp EVOs II | Intro to Rewards EVOs | Rising Guard | Passing Prodigy | One Shot | Complete Connection | Relentless Pressure | Long Ball Pass | Footwork Phenom | Pinged Pass | Whipped Pass+ | Cornerstones | Iron Will,Genoa,Serie A Enilive,false,false,500,500
230578,Mouctar Diakhaby,76,CB,,59,39,55,59,77,75,2,3,0,,0,,0,,13,Intro to Evolutions | Intro to Training Camp EVOs II | Intro to Rewards EVOs | Rising Guard | Passing Prodigy | One Shot | Relentless Pressure | Long Ball Pass | Footwork Phenom | Pinged Pass | Whipped Pass+ | Cornerstones | Iron Will,Valencia CF,LALIGA EA SPORTS,false,false,500,500
276711,Nahia Aparicio,76,CB,,64,39,64,60,76,73,2,2,0,,0,,0,,13,Intro to Evolutions | Intro to Training Camp EVOs II | Intro to Rewards EVOs | Rising Guard | Passing Prodigy | One Shot | Relentless Pressure | Long Ball Pass | Footwork Phenom | Pinged Pass | Whipped Pass+ | Cornerstones | Iron Will,Real Sociedad,Liga F Moeve,false,false,500,500
176919,Nahuel Guzmán,76,GK,,73,75,71,75,47,80,1,3,4,Long Ball Pass | Far Throw | Footwork | Cross Claimer,0,,0,,6,Intro to Training Camp EVOs I | The Debut | Relentless Pressure | Pinged Pass | Whipped Pass+ | Cornerstones,Club Tigres,Liga BBVA MX,false,false,500,
222418,Nahuel Losada,76,GK,,77,74,72,76,53,76,1,2,2,Far Throw | Cross Claimer,0,,0,,8,Intro to Training Camp EVOs I | Intro to Training Camp EVOs II | The Debut | Relentless Pressure | Long Ball Pass | Pinged Pass | Whipped Pass+ | Cornerstones,Lanús,LPF,false,false,500,500
245833,Narumi Miura,76,CDM,CM,61,71,76,75,73,53,3,3,2,Tiki Taka | Anticipate,0,,0,,14,Intro to Evolutions | Intro to Training Camp EVOs II | Intro to Rewards EVOs | Rising Guard | Passing Prodigy | One Shot | Complete Connection | Relentless Pressure | Long Ball Pass | Footwork Phenom | Pinged Pass | Whipped Pass+ | Cornerstones | Iron Will,Utah Royals FC,NWSL,false,false,500,250
267221,Natalia Kuikka,76,RB,LB | CB | CDM,76,53,70,74,75,80,2,4,3,Tiki Taka | Anticipate | Enforcer,0,,0,,13,Intro to Evolutions | Intro to Training Camp EVOs II | Intro to Rewards EVOs | Rising Guard | Passing Prodigy | One Shot | Relentless Pressure | Long Ball Pass | Footwork Phenom | Pinged Pass | Whipped Pass+ | Cornerstones | Iron Will,Chicago Stars FC,NWSL,false,false,500,500
244206,Nehuén Pérez,76,CB,,55,37,54,55,78,76,2,3,2,Block | Slide Tackle,0,,0,,13,Intro to Evolutions | Intro to Training Camp EVOs II | Intro to Rewards EVOs | Rising Guard | Passing Prodigy | One Shot | Relentless Pressure | Long Ball Pass | Footwork Phenom | Pinged Pass | Whipped Pass+ | Cornerstones | Iron Will,FC Porto,Liga Portugal,false,false,500,500
205431,Niclas Füllkrug,76,ST,,46,79,70,71,43,73,3,4,2,Precision Header | Enforcer,0,,0,,15,Intro to Evolutions | Intro to Training Camp EVOs II | Intro to Rewards EVOs | Club Member Reward | Rising Guard | Passing Prodigy | One Shot | Relentless Pressure | Long Ball Pass | Footwork Phenom | Pinged Pass | ST Advanced Forward+ | Whipped Pass+ | Cornerstones | Iron Will,SV Werder Bremen,Bundesliga,false,false,500,500
239977,Nicolas Kühn,76,RM,RW,90,71,68,80,47,63,4,4,1,Quick Step,0,,0,,12,Intro to Evolutions | Intro to Training Camp EVOs II | Rising Guard | Passing Prodigy | One Shot | Relentless Pressure | Long Ball Pass | Footwork Phenom | Pinged Pass | Whipped Pass+ | Cornerstones | Iron Will,M'gladbach,Bundesliga,false,false,500,1000
265001,Nicole Billa,76,ST,,78,75,69,75,42,79,3,3,1,Precision Header,0,,0,,15,Intro to Evolutions | Intro to Training Camp EVOs II | Intro to Rewards EVOs | Club Member Reward | Rising Guard | Passing Prodigy | One Shot | Relentless Pressure | Long Ball Pass | Footwork Phenom | Pinged Pass | ST Advanced Forward+ | Whipped Pass+ | Cornerstones | Iron Will,VfB Stuttgart,GPFBL,false,false,500,
268703,Nicolò Cambiaghi,76,LM,LW,73,74,72,79,43,60,3,5,2,Gamechanger | Whipped Pass,0,,0,,13,Intro to Evolutions | Intro to Training Camp EVOs II | Intro to Rewards EVOs | Rising Guard | Passing Prodigy | One Shot | Relentless Pressure | Long Ball Pass | Footwork Phenom | Pinged Pass | Whipped Pass+ | Cornerstones | Iron Will,Bologna,Serie A Enilive,false,false,500,1000
260823,Nicolò Fagioli,76,CDM,CM,78,65,79,80,71,60,3,4,0,,0,,0,,14,Intro to Evolutions | Intro to Training Camp EVOs II | Intro to Rewards EVOs | Rising Guard | Passing Prodigy | One Shot | Complete Connection | Relentless Pressure | Long Ball Pass | Footwork Phenom | Pinged Pass | Whipped Pass+ | Cornerstones | Iron Will,Fiorentina,Serie A Enilive,false,false,500,500
238067,Nicolò Zaniolo,76,ST,CAM,74,77,73,75,47,75,4,2,3,Dead Ball | Rapid | First Touch,0,,0,,16,Intro to Evolutions | Intro to Training Camp EVOs II | Intro to Rewards EVOs | Club Member Reward | Rising Guard | Cover Athlete | Passing Prodigy | One Shot | Relentless Pressure | Long Ball Pass | Footwork Phenom | Pinged Pass | ST Advanced Forward+ | Whipped Pass+ | Cornerstones | Iron Will,Udinese,Serie A Enilive,false,false,500,500
277839,Nikola Krstović,76,ST,,60,78,58,72,27,73,2,4,1,Enforcer,0,,0,,15,Intro to Evolutions | Intro to Training Camp EVOs II | Intro to Rewards EVOs | Club Member Reward | Rising Guard | Passing Prodigy | One Shot | Relentless Pressure | Long Ball Pass | Footwork Phenom | Pinged Pass | ST Advanced Forward+ | Whipped Pass+ | Cornerstones | Iron Will,Bergamo Calcio,Serie A Enilive,false,false,500,250
251530,Nuno Tavares,76,LB,LM,83,67,72,79,68,72,3,4,4,Whipped Pass | Rapid | Quick Step | Relentless,0,,0,,11,Intro to Evolutions | Intro to Rewards EVOs | Rising Guard | Passing Prodigy | One Shot | Relentless Pressure | Footwork Phenom | Pinged Pass | Whipped Pass+ | Cornerstones | Iron Will,Latium,Serie A Enilive,false,false,500,750
275927,Nycole Raysla,76,LW,RW | ST | LM,80,77,74,76,33,67,3,2,2,Inventive | Technical,0,,0,,15,Intro to Evolutions | Intro to Training Camp EVOs II | Intro to Rewards EVOs | Club Member Reward | Rising Guard | Passing Prodigy | One Shot | Relentless Pressure | Long Ball Pass | Footwork Phenom | Pinged Pass | ST Advanced Forward+ | Whipped Pass+ | Cornerstones | Iron Will,SL Benfica,Liga Portugal Feminino,false,false,500,500
237055,Oleksandr Zubkov,76,RM,LM | RW | LW,83,75,73,76,30,70,4,4,3,Long Ball Pass | Inventive | Technical,0,,0,,13,Intro to Evolutions | Intro to Training Camp EVOs II | Intro to Rewards EVOs | Rising Guard | Passing Prodigy | One Shot | Relentless Pressure | Long Ball Pass | Footwork Phenom | Pinged Pass | Whipped Pass+ | Cornerstones | Iron Will,AEK Athens,Hellas Liga,false,false,500,500
260145,Omari Hutchinson,76,RM,CAM | RW,79,73,72,79,55,58,3,3,1,Gamechanger,0,,0,,14,Intro to Evolutions | Intro to Training Camp EVOs II | Intro to Rewards EVOs | Rising Guard | Cover Athlete | Passing Prodigy | One Shot | Relentless Pressure | Long Ball Pass | Footwork Phenom | Pinged Pass | Whipped Pass+ | Cornerstones | Iron Will,Milano FC,Serie A Enilive,false,false,500,500
277295,Oscar Bobb,76,RM,LM | RW | LW,81,66,73,81,35,43,4,3,0,,0,,0,,13,Intro to Evolutions | Intro to Training Camp EVOs II | Intro to Rewards EVOs | Rising Guard | Passing Prodigy | One Shot | Relentless Pressure | Long Ball Pass | Footwork Phenom | Pinged Pass | Whipped Pass+ | Cornerstones | Iron Will,Fulham,Premier League,false,true,500,3000
228747,Oussama Idrissi,76,LW,LM,75,76,74,78,35,72,4,2,2,Long Ball Pass | Technical,0,,0,,13,Intro to Evolutions | Intro to Training Camp EVOs II | Intro to Rewards EVOs | Rising Guard | Passing Prodigy | One Shot | Relentless Pressure | Long Ball Pass | Footwork Phenom | Pinged Pass | Whipped Pass+ | Cornerstones | Iron Will,Club Pachuca,Liga BBVA MX,false,false,500,
263603,Oussama Targhalline,76,CDM,CM,64,64,72,76,74,68,3,3,2,Intercept | Anticipate,0,,0,,14,Intro to Evolutions | Intro to Training Camp EVOs II | Intro to Rewards EVOs | Rising Guard | Passing Prodigy | One Shot | Complete Connection | Relentless Pressure | Long Ball Pass | Footwork Phenom | Pinged Pass | Whipped Pass+ | Cornerstones | Iron Will,Feyenoord,Eredivisie,false,false,500,750
243312,Pablo Martínez,76,CM,LM | CDM | CAM,69,72,76,76,65,72,3,3,1,Press Proven,0,,0,,14,Intro to Evolutions | Intro to Training Camp EVOs II | Intro to Rewards EVOs | Rising Guard | Passing Prodigy | One Shot | Complete Connection | Relentless Pressure | Long Ball Pass | Footwork Phenom | Pinged Pass | Whipped Pass+ | Cornerstones | Iron Will,Málaga CF,LALIGA EA SPORTS,false,false,500,750
266099,Pablo Pagis,76,CAM,LM | CM | LW,68,78,73,78,32,61,3,3,3,Dead Ball | Acrobatic | Gamechanger,0,,0,,14,Intro to Evolutions | Intro to Training Camp EVOs II | Intro to Rewards EVOs | Rising Guard | Passing Prodigy | One Shot | Complete Connection | Relentless Pressure | Long Ball Pass | Footwork Phenom | Pinged Pass | Whipped Pass+ | Cornerstones | Iron Will,Paris FC,Ligue 1 McDonald's,false,false,500,750
267358,Paige Cronin,76,RM,RW,71,70,73,76,47,71,3,3,0,,0,,0,,13,Intro to Evolutions | Intro to Training Camp EVOs II | Intro to Rewards EVOs | Rising Guard | Passing Prodigy | One Shot | Relentless Pressure | Long Ball Pass | Footwork Phenom | Pinged Pass | Whipped Pass+ | Cornerstones | Iron Will,Utah Royals FC,NWSL,false,false,500,500
239360,Pascal Struijk,76,CB,,60,46,61,64,76,79,2,4,2,Precision Header | Aerial Fortress,0,,0,,13,Intro to Evolutions | Intro to Training Camp EVOs II | Intro to Rewards EVOs | Rising Guard | Passing Prodigy | One Shot | Relentless Pressure | Long Ball Pass | Footwork Phenom | Pinged Pass | Whipped Pass+ | Cornerstones | Iron Will,Brighton,Premier League,false,true,500,500
216199,Patrick Mainka,76,CB,,51,44,51,53,78,82,2,3,3,Intercept | Anticipate | Aerial Fortress,1,Block,0,,13,Intro to Evolutions | Intro to Training Camp EVOs II | Intro to Rewards EVOs | Rising Guard | Passing Prodigy | One Shot | Relentless Pressure | Long Ball Pass | Footwork Phenom | Pinged Pass | Whipped Pass+ | Cornerstones | Iron Will,Heidenheim,Bundesliga 2,false,false,500,500
224252,Patrick Pflücke,76,RM,LM | CAM | RW,78,67,74,78,51,54,4,3,5,Finesse Shot | Dead Ball | Whipped Pass | Inventive | Technical,0,,0,,10,Intro to Evolutions | Intro to Rewards EVOs | Rising Guard | Passing Prodigy | One Shot | Footwork Phenom | Pinged Pass | Whipped Pass+ | Cornerstones | Iron Will,Sp. Charleroi,1A Pro League,false,false,500,
195864,Paul Pogba,76,CM,CDM | CAM,62,75,80,81,58,76,5,4,0,,0,,0,,15,Intro to Evolutions | Intro to Training Camp EVOs II | Intro to Rewards EVOs | Rising Guard | Cover Athlete | Passing Prodigy | One Shot | Complete Connection | Relentless Pressure | Long Ball Pass | Footwork Phenom | Pinged Pass | Whipped Pass+ | Cornerstones | Iron Will,AS Monaco,Ligue 1 McDonald's,false,false,500,3500
266237,Paul Wanner,76,CAM,CM | RW | CDM,72,66,74,77,57,66,4,3,3,Finesse Shot | Inventive | Technical,0,,0,,14,Intro to Evolutions | Intro to Training Camp EVOs II | Intro to Rewards EVOs | Rising Guard | Passing Prodigy | One Shot | Complete Connection | Relentless Pressure | Long Ball Pass | Footwork Phenom | Pinged Pass | Whipped Pass+ | Cornerstones | Iron Will,PSV,Eredivisie,false,false,500,500
228302,Pedraza,76,LB,LM,77,71,72,73,73,71,3,2,1,Anticipate,0,,0,,13,Intro to Evolutions | Intro to Training Camp EVOs II | Intro to Rewards EVOs | Rising Guard | Passing Prodigy | One Shot | Relentless Pressure | Long Ball Pass | Footwork Phenom | Pinged Pass | Whipped Pass+ | Cornerstones | Iron Will,Latium,Serie A Enilive,false,false,500,500
261222,Pedro Vite,76,CM,CDM | CAM,80,61,73,75,73,67,3,4,2,Anticipate | Relentless,0,,0,,15,Intro to Evolutions | Intro to Training Camp EVOs II | Intro to Rewards EVOs | Rising Guard | Cover Athlete | Passing Prodigy | One Shot | Complete Connection | Relentless Pressure | Long Ball Pass | Footwork Phenom | Pinged Pass | Whipped Pass+ | Cornerstones | Iron Will,Pumas,Liga BBVA MX,false,false,500,
230786,Pepelu,76,CM,CDM | CB,64,70,77,74,73,76,3,3,2,Finesse Shot | Long Ball Pass,0,,0,,14,Intro to Evolutions | Intro to Training Camp EVOs II | Intro to Rewards EVOs | Rising Guard | Passing Prodigy | One Shot | Complete Connection | Relentless Pressure | Long Ball Pass | Footwork Phenom | Pinged Pass | Whipped Pass+ | Cornerstones | Iron Will,Valencia CF,LALIGA EA SPORTS,false,false,500,500
241854,Perr Schuurs,76,CB,,68,64,71,66,78,68,2,3,0,,0,,0,,13,Intro to Evolutions | Intro to Training Camp EVOs II | Intro to Rewards EVOs | Rising Guard | Passing Prodigy | One Shot | Relentless Pressure | Long Ball Pass | Footwork Phenom | Pinged Pass | Whipped Pass+ | Cornerstones | Iron Will,N.E.C. Nijmegen,Eredivisie,false,false,500,500
262666,Philipp Treu,76,RB,LB | RM | CM,78,46,68,78,68,67,3,3,1,Relentless,0,,0,,14,Intro to Evolutions | Intro to Training Camp EVOs II | Intro to Rewards EVOs | Rising Guard | Passing Prodigy | One Shot | Complete Connection | Relentless Pressure | Long Ball Pass | Footwork Phenom | Pinged Pass | Whipped Pass+ | Cornerstones | Iron Will,SC Freiburg,Bundesliga,false,false,500,1000
205812,Pietro Terracciano,76,GK,,76,74,72,78,41,78,1,2,0,,0,,0,,8,Intro to Training Camp EVOs I | Intro to Training Camp EVOs II | The Debut | Relentless Pressure | Long Ball Pass | Pinged Pass | Whipped Pass+ | Cornerstones,Milano FC,Serie A Enilive,false,false,500,750
212138,Przemysław Frankowski,76,RB,RM,87,70,74,75,69,71,3,3,4,Whipped Pass | Rapid | Quick Step | Long Throw,0,,0,,10,Intro to Evolutions | Rising Guard | Passing Prodigy | One Shot | Relentless Pressure | Footwork Phenom | Pinged Pass | Whipped Pass+ | Cornerstones | Iron Will,Stade Rennais FC,Ligue 1 McDonald's,false,false,500,750
256688,Puertas,76,CAM,CM | RM | CDM,71,75,77,78,69,77,4,4,3,Dead Ball | Inventive | Rapid,0,,0,,14,Intro to Evolutions | Intro to Training Camp EVOs II | Intro to Rewards EVOs | Rising Guard | Passing Prodigy | One Shot | Complete Connection | Relentless Pressure | Long Ball Pass | Footwork Phenom | Pinged Pass | Whipped Pass+ | Cornerstones | Iron Will,Al Qadsiah,ROSHN Saudi League,false,false,500,10000
277244,Rafa Marín,76,CB,,70,28,63,63,77,76,2,3,0,,0,,0,,13,Intro to Evolutions | Intro to Training Camp EVOs II | Intro to Rewards EVOs | Rising Guard | Passing Prodigy | One Shot | Relentless Pressure | Long Ball Pass | Footwork Phenom | Pinged Pass | Whipped Pass+ | Cornerstones | Iron Will,SSC Napoli,Serie A Enilive,false,false,500,1000
235360,Ragnar Ache,76,ST,,77,75,53,68,29,78,3,3,3,Precision Header | Acrobatic | Aerial Fortress,0,,0,,15,Intro to Evolutions | Intro to Training Camp EVOs II | Intro to Rewards EVOs | Club Member Reward | Rising Guard | Passing Prodigy | One Shot | Relentless Pressure | Long Ball Pass | Footwork Phenom | Pinged Pass | ST Advanced Forward+ | Whipped Pass+ | Cornerstones | Iron Will,1. FC Köln,Bundesliga,false,false,500,3000
251829,Ramon Hendriks,76,CB,LB | LM,82,33,59,66,77,76,2,4,2,Jockey | Long Throw,0,,0,,13,Intro to Evolutions | Intro to Training Camp EVOs II | Intro to Rewards EVOs | Rising Guard | Passing Prodigy | One Shot | Relentless Pressure | Long Ball Pass | Footwork Phenom | Pinged Pass | Whipped Pass+ | Cornerstones | Iron Will,VfB Stuttgart,Bundesliga,false,false,500,1500
211999,Rani Khedira,76,CDM,CM,63,44,58,62,79,83,2,3,2,Intercept | Bruiser,0,,0,,14,Intro to Evolutions | Intro to Training Camp EVOs II | Intro to Rewards EVOs | Rising Guard | Passing Prodigy | One Shot | Complete Connection | Relentless Pressure | Long Ball Pass | Footwork Phenom | Pinged Pass | Whipped Pass+ | Cornerstones | Iron Will,Union Berlin,Bundesliga,false,false,500,500
235244,Rasmus Nicolaisen,76,CB,,46,41,56,60,76,80,2,3,3,Block | Aerial Fortress | Bruiser,0,,0,,13,Intro to Evolutions | Intro to Training Camp EVOs II | Intro to Rewards EVOs | Rising Guard | Passing Prodigy | One Shot | Relentless Pressure | Long Ball Pass | Footwork Phenom | Pinged Pass | Whipped Pass+ | Cornerstones | Iron Will,Toulouse FC,Ligue 1 McDonald's,false,false,500,250
235813,Răzvan Marin,76,CM,CDM,65,74,78,75,67,74,3,4,3,Power Shot | Dead Ball | Tiki Taka,0,,0,,14,Intro to Evolutions | Intro to Training Camp EVOs II | Intro to Rewards EVOs | Rising Guard | Passing Prodigy | One Shot | Complete Connection | Relentless Pressure | Long Ball Pass | Footwork Phenom | Pinged Pass | Whipped Pass+ | Cornerstones | Iron Will,AEK Athens,Hellas Liga,false,false,500,500
264058,Rebecka Blomqvist,76,ST,RW | CAM | RM,77,76,72,78,46,67,3,3,0,,0,,0,,15,Intro to Evolutions | Intro to Training Camp EVOs II | Intro to Rewards EVOs | Club Member Reward | Rising Guard | Passing Prodigy | One Shot | Relentless Pressure | Long Ball Pass | Footwork Phenom | Pinged Pass | ST Advanced Forward+ | Whipped Pass+ | Cornerstones | Iron Will,Frankfurt,GPFBL,false,false,500,750
273470,Reyna Reyes,76,LB,RB,65,49,70,70,75,63,2,3,2,Intercept | Aerial Fortress,0,,0,,13,Intro to Evolutions | Intro to Training Camp EVOs II | Intro to Rewards EVOs | Rising Guard | Passing Prodigy | One Shot | Relentless Pressure | Long Ball Pass | Footwork Phenom | Pinged Pass | Whipped Pass+ | Cornerstones | Iron Will,Portland Thorns,NWSL,false,false,500,500
224494,Rico Henry,76,LB,LM,80,45,66,75,74,62,3,2,0,,0,,0,,13,Intro to Evolutions | Intro to Training Camp EVOs II | Intro to Rewards EVOs | Rising Guard | Passing Prodigy | One Shot | Relentless Pressure | Long Ball Pass | Footwork Phenom | Pinged Pass | Whipped Pass+ | Cornerstones | Iron Will,Brentford,Premier League,false,true,500,750
252324,Riquelme,76,LM,CAM | RM | LW,80,72,73,76,50,58,3,3,1,Technical,0,,0,,13,Intro to Evolutions | Intro to Training Camp EVOs II | Intro to Rewards EVOs | Rising Guard | Passing Prodigy | One Shot | Relentless Pressure | Long Ball Pass | Footwork Phenom | Pinged Pass | Whipped Pass+ | Cornerstones | Iron Will,Real Betis,LALIGA EA SPORTS,false,false,500,500
205369,Rob Schoofs,76,CM,CDM | CAM,47,72,76,74,67,69,3,4,5,Long Ball Pass | Inventive | Slide Tackle | Press Proven | Relentless,0,,0,,12,Intro to Evolutions | Intro to Rewards EVOs | Rising Guard | Cover Athlete | Passing Prodigy | One Shot | Complete Connection | Footwork Phenom | Pinged Pass | Whipped Pass+ | Cornerstones | Iron Will,R. Union St.-G.,1A Pro League,false,false,500,500
253130,Robert Navarro,76,RW,RM | LW | LM,84,71,70,78,45,66,4,3,3,Gamechanger | Technical | Quick Step,0,,0,,13,Intro to Evolutions | Intro to Training Camp EVOs II | Intro to Rewards EVOs | Rising Guard | Passing Prodigy | One Shot | Relentless Pressure | Long Ball Pass | Footwork Phenom | Pinged Pass | Whipped Pass+ | Cornerstones | Iron Will,Athletic Club,LALIGA EA SPORTS,false,false,500,1500
276646,Robin Hranáč,76,CB,,70,38,52,53,76,78,2,2,1,Long Ball Pass,0,,0,,13,Intro to Evolutions | Intro to Training Camp EVOs II | Intro to Rewards EVOs | Rising Guard | Passing Prodigy | One Shot | Relentless Pressure | Long Ball Pass | Footwork Phenom | Pinged Pass | Whipped Pass+ | Cornerstones | Iron Will,TSG Hoffenheim,Bundesliga,false,false,500,750
264337,Rodrigo Muniz,76,ST,,67,77,60,73,42,76,3,3,0,,1,Acrobatic,0,,15,Intro to Evolutions | Intro to Training Camp EVOs II | Intro to Rewards EVOs | Club Member Reward | Rising Guard | Passing Prodigy | One Shot | Relentless Pressure | Long Ball Pass | Footwork Phenom | Pinged Pass | ST Advanced Forward+ | Whipped Pass+ | Cornerstones | Iron Will,Fulham,Premier League,false,true,500,500
231612,Romain Del Castillo,76,RM,RW,82,72,75,79,41,66,3,3,5,Dead Ball | Gamechanger | Incisive Pass | Whipped Pass | Technical,0,,0,,10,Intro to Evolutions | Intro to Rewards EVOs | Rising Guard | Passing Prodigy | One Shot | Footwork Phenom | Pinged Pass | Whipped Pass+ | Cornerstones | Iron Will,CA Osasuna,LALIGA EA SPORTS,false,false,500,1000
269921,Romane Salvador,76,GK,,77,76,74,72,47,76,1,3,2,Long Ball Pass | Far Reach,0,,0,,8,Intro to Training Camp EVOs I | Intro to Training Camp EVOs II | The Debut | Relentless Pressure | Long Ball Pass | Pinged Pass | Whipped Pass+ | Cornerstones,RCD Espanyol,Liga F Moeve,false,false,500,1000
270633,Ryan Flamingo,76,CB,,61,63,66,67,75,78,3,4,4,Long Ball Pass | Anticipate | Aerial Fortress | Bruiser,0,,0,,11,Intro to Evolutions | Intro to Rewards EVOs | Rising Guard | Passing Prodigy | One Shot | Relentless Pressure | Footwork Phenom | Pinged Pass | Whipped Pass+ | Cornerstones | Iron Will,PSV,Eredivisie,false,false,500,500
265079,Samantha Steuerwald,76,CB,,53,50,62,65,76,80,2,2,3,Aerial Fortress | Long Throw | Bruiser,0,,0,,13,Intro to Evolutions | Intro to Training Camp EVOs II | Intro to Rewards EVOs | Rising Guard | Passing Prodigy | One Shot | Relentless Pressure | Long Ball Pass | Footwork Phenom | Pinged Pass | Whipped Pass+ | Cornerstones | Iron Will,Union Berlin,GPFBL,false,false,500,500
279523,Sandra Maria Jessen,76,ST,,78,77,70,74,53,67,3,2,1,Precision Header,0,,0,,15,Intro to Evolutions | Intro to Training Camp EVOs II | Intro to Rewards EVOs | Club Member Reward | Rising Guard | Passing Prodigy | One Shot | Relentless Pressure | Long Ball Pass | Footwork Phenom | Pinged Pass | ST Advanced Forward+ | Whipped Pass+ | Cornerstones | Iron Will,1. FC Köln,GPFBL,false,false,500,
272082,Sandra Villafañe,76,CB,,72,25,56,60,79,65,2,2,1,Block,0,,0,,13,Intro to Evolutions | Intro to Training Camp EVOs II | Intro to Rewards EVOs | Rising Guard | Passing Prodigy | One Shot | Relentless Pressure | Long Ball Pass | Footwork Phenom | Pinged Pass | Whipped Pass+ | Cornerstones | Iron Will,Madrid CFF,Liga F Moeve,false,false,500,750
258979,Sandy MacIver,76,GK,,72,74,75,75,35,78,1,3,0,,0,,0,,8,Intro to Training Camp EVOs I | Intro to Training Camp EVOs II | The Debut | Relentless Pressure | Long Ball Pass | Pinged Pass | Whipped Pass+ | Cornerstones,Washington Spirit,NWSL,false,false,500,750
237658,Santiago Bueno,76,CB,,50,31,56,56,77,77,2,3,0,,0,,0,,13,Intro to Evolutions | Intro to Training Camp EVOs II | Intro to Rewards EVOs | Rising Guard | Passing Prodigy | One Shot | Relentless Pressure | Long Ball Pass | Footwork Phenom | Pinged Pass | Whipped Pass+ | Cornerstones | Iron Will,Wolves,EFL Championship,false,false,500,500
267367,Sarah Gorden,76,CB,,85,54,55,67,77,77,2,3,1,Long Ball Pass,0,,0,,12,Intro to Evolutions | Intro to Training Camp EVOs II | Rising Guard | Passing Prodigy | One Shot | Relentless Pressure | Long Ball Pass | Footwork Phenom | Pinged Pass | Whipped Pass+ | Cornerstones | Iron Will,Angel City FC,NWSL,false,false,500,750
265650,Saúl Coco,76,CB,,84,56,58,61,77,82,2,3,3,Block | Intercept | Aerial Fortress,0,,0,,13,Intro to Evolutions | Intro to Training Camp EVOs II | Intro to Rewards EVOs | Rising Guard | Passing Prodigy | One Shot | Relentless Pressure | Long Ball Pass | Footwork Phenom | Pinged Pass | Whipped Pass+ | Cornerstones | Iron Will,Torino,Serie A Enilive,false,false,500,750
237161,Sean Longstaff,76,CM,CDM,55,69,77,73,72,67,2,4,0,,0,,0,,14,Intro to Evolutions | Intro to Training Camp EVOs II | Intro to Rewards EVOs | Rising Guard | Passing Prodigy | One Shot | Complete Connection | Relentless Pressure | Long Ball Pass | Footwork Phenom | Pinged Pass | Whipped Pass+ | Cornerstones | Iron Will,Leeds United,Premier League,false,true,500,750
255205,Sebastian Berhalter,76,CDM,CM,71,65,77,70,69,78,3,3,5,Power Shot | Dead Ball | Long Ball Pass | Whipped Pass | Relentless,0,,0,,11,Intro to Evolutions | Intro to Rewards EVOs | Rising Guard | Passing Prodigy | One Shot | Complete Connection | Footwork Phenom | Pinged Pass | Whipped Pass+ | Cornerstones | Iron Will,Middlesbrough,EFL Championship,false,false,500,500
221125,Sebastián Driussi,76,ST,CAM,82,74,72,78,45,72,3,3,5,Acrobatic | Incisive Pass | Tiki Taka | Inventive | Press Proven,0,,0,,13,Intro to Evolutions | Intro to Rewards EVOs | Club Member Reward | Rising Guard | Cover Athlete | Passing Prodigy | One Shot | Footwork Phenom | Pinged Pass | ST Advanced Forward+ | Whipped Pass+ | Cornerstones | Iron Will,River Plate,LPF,false,false,500,750
247888,Sebastiano Esposito,76,ST,CAM,78,78,78,77,50,72,4,5,3,Dead Ball | Incisive Pass | Inventive,0,,0,,16,Intro to Evolutions | Intro to Training Camp EVOs II | Intro to Rewards EVOs | Club Member Reward | Rising Guard | Cover Athlete | Passing Prodigy | One Shot | Relentless Pressure | Long Ball Pass | Footwork Phenom | Pinged Pass | ST Advanced Forward+ | Whipped Pass+ | Cornerstones | Iron Will,Sassuolo,Serie A Enilive,false,false,500,500
216320,Seko Fofana,76,CM,CDM,68,76,73,75,71,79,3,4,3,Power Shot | Incisive Pass | Relentless,0,,0,,14,Intro to Evolutions | Intro to Training Camp EVOs II | Intro to Rewards EVOs | Rising Guard | Passing Prodigy | One Shot | Complete Connection | Relentless Pressure | Long Ball Pass | Footwork Phenom | Pinged Pass | Whipped Pass+ | Cornerstones | Iron Will,FC Porto,Liga Portugal,false,false,500,500
267219,Shelby Hogan,76,GK,,76,72,77,76,44,74,1,2,1,Deflector,0,,0,,8,Intro to Training Camp EVOs I | Intro to Training Camp EVOs II | The Debut | Relentless Pressure | Long Ball Pass | Pinged Pass | Whipped Pass+ | Cornerstones,Gotham FC,NWSL,false,false,500,500
260779,Simon Adingra,76,LM,RM | LW | RW,87,70,70,80,30,54,3,3,0,,0,,0,,12,Intro to Evolutions | Intro to Training Camp EVOs II | Rising Guard | Passing Prodigy | One Shot | Relentless Pressure | Long Ball Pass | Footwork Phenom | Pinged Pass | Whipped Pass+ | Cornerstones | Iron Will,Ajax,Eredivisie,false,false,500,500
244892,Sofiane Diop,76,LW,LM | CAM | CM,77,71,75,80,54,52,4,3,4,Finesse Shot | Incisive Pass | Inventive | Technical,0,,0,,12,Intro to Evolutions | Intro to Rewards EVOs | Rising Guard | Passing Prodigy | One Shot | Complete Connection | Relentless Pressure | Footwork Phenom | Pinged Pass | Whipped Pass+ | Cornerstones | Iron Will,OGC Nice,Ligue 1 McDonald's,false,false,500,250
262473,Souffian El Karouani,76,LB,LM,70,58,77,74,70,72,3,3,3,Dead Ball | Whipped Pass | Block,0,,0,,13,Intro to Evolutions | Intro to Training Camp EVOs II | Intro to Rewards EVOs | Rising Guard | Passing Prodigy | One Shot | Relentless Pressure | Long Ball Pass | Footwork Phenom | Pinged Pass | Whipped Pass+ | Cornerstones | Iron Will,SL Benfica,Liga Portugal,false,false,500,250
204639,Stefan Savić,76,CB,,54,35,56,56,78,75,2,3,1,Precision Header,0,,0,,13,Intro to Evolutions | Intro to Training Camp EVOs II | Intro to Rewards EVOs | Rising Guard | Passing Prodigy | One Shot | Relentless Pressure | Long Ball Pass | Footwork Phenom | Pinged Pass | Whipped Pass+ | Cornerstones | Iron Will,Trabzonspor,Trendyol Süper Lig,false,false,500,500
200260,Steven Berghuis,76,RW,CAM | RM | CM,62,75,84,76,42,66,3,2,6,Incisive Pass | Pinged Pass | Long Ball Pass | Whipped Pass | Inventive | First Touch,0,,0,,9,Intro to Evolutions | Intro to Rewards EVOs | Rising Guard | Passing Prodigy | One Shot | Footwork Phenom | Whipped Pass+ | Cornerstones | Iron Will,Ajax,Eredivisie,false,false,500,500
265080,Svenja Fölmli,76,ST,,77,74,70,75,53,67,4,3,1,Technical,0,,0,,15,Intro to Evolutions | Intro to Training Camp EVOs II | Intro to Rewards EVOs | Club Member Reward | Rising Guard | Passing Prodigy | One Shot | Relentless Pressure | Long Ball Pass | Footwork Phenom | Pinged Pass | ST Advanced Forward+ | Whipped Pass+ | Cornerstones | Iron Will,TSG Hoffenheim,GPFBL,false,false,500,250
277699,Sydney Schertenleib,76,CM,LW | CAM | CDM,77,64,73,80,60,67,3,3,1,Technical,0,,0,,14,Intro to Evolutions | Intro to Training Camp EVOs II | Intro to Rewards EVOs | Rising Guard | Passing Prodigy | One Shot | Complete Connection | Relentless Pressure | Long Ball Pass | Footwork Phenom | Pinged Pass | Whipped Pass+ | Cornerstones | Iron Will,FC Barcelona,Liga F Moeve,true,false,500,3000
188803,Taison,76,LM,LW | CAM,82,75,73,81,44,64,4,3,2,Finesse Shot | Rapid,0,,0,,14,Intro to Evolutions | Intro to Training Camp EVOs II | Intro to Rewards EVOs | Rising Guard | Cover Athlete | Passing Prodigy | One Shot | Relentless Pressure | Long Ball Pass | Footwork Phenom | Pinged Pass | Whipped Pass+ | Cornerstones | Iron Will,PAOK FC,Hellas Liga,false,false,500,250
232938,Takehiro Tomiyasu,76,LB,RB | CB | CM,67,33,67,71,78,76,2,5,1,Anticipate,0,,0,,14,Intro to Evolutions | Intro to Training Camp EVOs II | Intro to Rewards EVOs | Rising Guard | Passing Prodigy | One Shot | Complete Connection | Relentless Pressure | Long Ball Pass | Footwork Phenom | Pinged Pass | Whipped Pass+ | Cornerstones | Iron Will,Crystal Palace,Premier League,false,true,500,
261835,Tatiana Pinto,76,CM,CAM | CDM,74,71,73,74,67,65,3,4,3,Tiki Taka | First Touch | Press Proven,0,,0,,15,Intro to Evolutions | Intro to Training Camp EVOs II | Intro to Rewards EVOs | Rising Guard | Cover Athlete | Passing Prodigy | One Shot | Complete Connection | Relentless Pressure | Long Ball Pass | Footwork Phenom | Pinged Pass | Whipped Pass+ | Cornerstones | Iron Will,Juventus,Calcio A Femminile,false,false,500,
266915,Taylor Hinds,76,LB,CM,77,61,71,74,71,64,3,4,0,,0,,0,,14,Intro to Evolutions | Intro to Training Camp EVOs II | Intro to Rewards EVOs | Rising Guard | Passing Prodigy | One Shot | Complete Connection | Relentless Pressure | Long Ball Pass | Footwork Phenom | Pinged Pass | Whipped Pass+ | Cornerstones | Iron Will,Arsenal,Barclays WSL,false,false,500,750
248751,Teagan Micah,76,GK,,74,72,76,78,30,75,1,3,0,,0,,0,,8,Intro to Training Camp EVOs I | Intro to Training Camp EVOs II | The Debut | Relentless Pressure | Long Ball Pass | Pinged Pass | Whipped Pass+ | Cornerstones,OL Lyonnes,Arkema PL,false,false,500,500
276295,Thierno Barry,76,ST,,80,75,65,73,25,73,3,4,1,Enforcer,0,,0,,15,Intro to Evolutions | Intro to Training Camp EVOs II | Intro to Rewards EVOs | Club Member Reward | Rising Guard | Passing Prodigy | One Shot | Relentless Pressure | Long Ball Pass | Footwork Phenom | Pinged Pass | ST Advanced Forward+ | Whipped Pass+ | Cornerstones | Iron Will,Everton,Premier League,false,true,500,500
257073,Tiago Tomás,76,LM,ST | LW | CAM,85,74,67,79,39,68,4,3,1,Technical,0,,0,,14,Intro to Evolutions | Intro to Training Camp EVOs II | Club Member Reward | Rising Guard | Passing Prodigy | One Shot | Relentless Pressure | Long Ball Pass | Footwork Phenom | Pinged Pass | ST Advanced Forward+ | Whipped Pass+ | Cornerstones | Iron Will,VfB Stuttgart,Bundesliga,false,false,500,500
266609,Tim Iroegbunam,76,CDM,CM,65,58,68,74,75,72,3,4,0,,0,,0,,14,Intro to Evolutions | Intro to Training Camp EVOs II | Intro to Rewards EVOs | Rising Guard | Passing Prodigy | One Shot | Complete Connection | Relentless Pressure | Long Ball Pass | Footwork Phenom | Pinged Pass | Whipped Pass+ | Cornerstones | Iron Will,Hull City,Premier League,false,true,500,2000
223686,Timon Wellenreuther,76,GK,,77,74,69,76,52,73,1,4,2,Cross Claimer | Deflector,0,,0,,8,Intro to Training Camp EVOs I | Intro to Training Camp EVOs II | The Debut | Relentless Pressure | Long Ball Pass | Pinged Pass | Whipped Pass+ | Cornerstones,VfL Wolfsburg,Bundesliga 2,false,false,500,500
262240,Tomás Galván,76,CAM,LM | CM | LW,85,68,73,77,64,69,4,3,0,,0,,0,,13,Intro to Evolutions | Intro to Training Camp EVOs II | Rising Guard | Passing Prodigy | One Shot | Complete Connection | Relentless Pressure | Long Ball Pass | Footwork Phenom | Pinged Pass | Whipped Pass+ | Cornerstones | Iron Will,River Plate,LPF,false,false,500,500
251116,Tomáš Holeš,76,CB,CDM,74,58,69,69,75,80,2,4,2,Long Ball Pass | Slide Tackle,0,,0,,13,Intro to Evolutions | Intro to Training Camp EVOs II | Intro to Rewards EVOs | Rising Guard | Passing Prodigy | One Shot | Relentless Pressure | Long Ball Pass | Footwork Phenom | Pinged Pass | Whipped Pass+ | Cornerstones | Iron Will,Slavia Praha,Česká Liga,false,false,500,500
236792,Tomáš Souček,76,CDM,CM,38,72,69,65,77,78,3,3,2,Precision Header | Aerial Fortress,0,,0,,14,Intro to Evolutions | Intro to Training Camp EVOs II | Intro to Rewards EVOs | Rising Guard | Passing Prodigy | One Shot | Complete Connection | Relentless Pressure | Long Ball Pass | Footwork Phenom | Pinged Pass | Whipped Pass+ | Cornerstones | Iron Will,West Ham,EFL Championship,false,false,500,500
262510,Turrientes,76,CDM,CM,65,67,74,76,73,71,2,3,0,,0,,0,,14,Intro to Evolutions | Intro to Training Camp EVOs II | Intro to Rewards EVOs | Rising Guard | Passing Prodigy | One Shot | Complete Connection | Relentless Pressure | Long Ball Pass | Footwork Phenom | Pinged Pass | Whipped Pass+ | Cornerstones | Iron Will,Real Sociedad,LALIGA EA SPORTS,false,false,500,1000
231627,Umar Sadiq,76,ST,,80,76,62,71,36,75,3,3,2,Rapid | Quick Step,0,,0,,15,Intro to Evolutions | Intro to Training Camp EVOs II | Intro to Rewards EVOs | Club Member Reward | Rising Guard | Passing Prodigy | One Shot | Relentless Pressure | Long Ball Pass | Footwork Phenom | Pinged Pass | ST Advanced Forward+ | Whipped Pass+ | Cornerstones | Iron Will,Valencia CF,LALIGA EA SPORTS,false,false,500,750
222390,Unai López,76,CM,CDM,67,72,77,77,70,70,3,3,2,Slide Tackle | Press Proven,0,,0,,14,Intro to Evolutions | Intro to Training Camp EVOs II | Intro to Rewards EVOs | Rising Guard | Passing Prodigy | One Shot | Complete Connection | Relentless Pressure | Long Ball Pass | Footwork Phenom | Pinged Pass | Whipped Pass+ | Cornerstones | Iron Will,Rayo Vallecano,LALIGA EA SPORTS,false,false,500,500
260546,Urko González,76,CDM,CM,63,45,67,68,76,75,2,3,0,,0,,0,,14,Intro to Evolutions | Intro to Training Camp EVOs II | Intro to Rewards EVOs | Rising Guard | Passing Prodigy | One Shot | Complete Connection | Relentless Pressure | Long Ball Pass | Footwork Phenom | Pinged Pass | Whipped Pass+ | Cornerstones | Iron Will,RCD Espanyol,LALIGA EA SPORTS,false,false,500,
259188,Václav Jemelka,76,CB,LB,66,49,65,68,76,78,2,2,0,,0,,0,,13,Intro to Evolutions | Intro to Training Camp EVOs II | Intro to Rewards EVOs | Rising Guard | Passing Prodigy | One Shot | Relentless Pressure | Long Ball Pass | Footwork Phenom | Pinged Pass | Whipped Pass+ | Cornerstones | Iron Will,Viktoria Plzeň,Česká Liga,false,false,500,500
272122,Valdezate,76,CB,CDM,74,50,61,65,76,75,2,2,3,Long Ball Pass | Anticipate | Aerial Fortress,0,,0,,13,Intro to Evolutions | Intro to Training Camp EVOs II | Intro to Rewards EVOs | Rising Guard | Passing Prodigy | One Shot | Relentless Pressure | Long Ball Pass | Footwork Phenom | Pinged Pass | Whipped Pass+ | Cornerstones | Iron Will,Chicago Stars FC,NWSL,false,false,500,500
267860,Valentín Gómez,76,CB,LB,78,33,64,71,76,76,2,2,1,Aerial Fortress,0,,0,,13,Intro to Evolutions | Intro to Training Camp EVOs II | Intro to Rewards EVOs | Rising Guard | Passing Prodigy | One Shot | Relentless Pressure | Long Ball Pass | Footwork Phenom | Pinged Pass | Whipped Pass+ | Cornerstones | Iron Will,Real Betis,LALIGA EA SPORTS,false,false,500,750
254860,Valera,76,LM,LB | RM | LW,88,67,72,76,66,62,3,3,3,Whipped Pass | Slide Tackle | Quick Step,0,,0,,12,Intro to Evolutions | Intro to Training Camp EVOs II | Rising Guard | Passing Prodigy | One Shot | Relentless Pressure | Long Ball Pass | Footwork Phenom | Pinged Pass | Whipped Pass+ | Cornerstones | Iron Will,Elche CF,LALIGA EA SPORTS,false,false,500,750
274847,Vanessa Diehm,76,CB,CDM | CM,67,60,68,72,78,71,2,2,1,Intercept,0,,0,,14,Intro to Evolutions | Intro to Training Camp EVOs II | Intro to Rewards EVOs | Rising Guard | Passing Prodigy | One Shot | Complete Connection | Relentless Pressure | Long Ball Pass | Footwork Phenom | Pinged Pass | Whipped Pass+ | Cornerstones | Iron Will,TSG Hoffenheim,GPFBL,false,false,500,500
247679,Victor Boniface,76,ST,CAM,55,78,65,77,38,76,4,3,2,Power Shot | Enforcer,0,,0,,16,Intro to Evolutions | Intro to Training Camp EVOs II | Intro to Rewards EVOs | Club Member Reward | Rising Guard | Cover Athlete | Passing Prodigy | One Shot | Relentless Pressure | Long Ball Pass | Footwork Phenom | Pinged Pass | ST Advanced Forward+ | Whipped Pass+ | Cornerstones | Iron Will,Leverkusen,Bundesliga,false,false,500,10000
244064,Victoria Pelova,76,CM,CDM,75,71,74,78,66,59,4,4,1,Press Proven,0,,0,,14,Intro to Evolutions | Intro to Training Camp EVOs II | Intro to Rewards EVOs | Rising Guard | Passing Prodigy | One Shot | Complete Connection | Relentless Pressure | Long Ball Pass | Footwork Phenom | Pinged Pass | Whipped Pass+ | Cornerstones | Iron Will,Spurs,Barclays WSL,false,false,500,750
226537,Vincent Janssen,76,ST,CAM | CM | CDM,67,74,69,72,48,89,3,4,6,Power Shot | Low Driven Shot | Long Ball Pass | Slide Tackle | Aerial Fortress | Enforcer,0,,0,,11,Intro to Evolutions | Intro to Rewards EVOs | Club Member Reward | Rising Guard | Passing Prodigy | One Shot | Footwork Phenom | ST Advanced Forward+ | Whipped Pass+ | Cornerstones | Iron Will,Portland Timbers,MLS,false,false,500,750
244373,Vitalii Buialskii,76,CAM,CM | CDM,74,71,74,78,67,55,3,4,0,,0,,0,,15,Intro to Evolutions | Intro to Training Camp EVOs II | Intro to Rewards EVOs | Rising Guard | Cover Athlete | Passing Prodigy | One Shot | Complete Connection | Relentless Pressure | Long Ball Pass | Footwork Phenom | Pinged Pass | Whipped Pass+ | Cornerstones | Iron Will,Dynamo Kyiv,Ukrayina Liha,false,false,500,250
244661,Vitinho,76,RB,RM,85,45,68,75,69,68,3,4,1,Technical,0,,0,,12,Intro to Evolutions | Intro to Training Camp EVOs II | Rising Guard | Passing Prodigy | One Shot | Relentless Pressure | Long Ball Pass | Footwork Phenom | Pinged Pass | Whipped Pass+ | Cornerstones | Iron Will,Botafogo,Sudamericana,false,false,500,
76624,Vitor Reis,76,CB,,73,33,60,68,76,75,2,3,1,Block,0,,0,,13,Intro to Evolutions | Intro to Training Camp EVOs II | Intro to Rewards EVOs | Rising Guard | Passing Prodigy | One Shot | Relentless Pressure | Long Ball Pass | Footwork Phenom | Pinged Pass | Whipped Pass+ | Cornerstones | Iron Will,Manchester City,Premier League,true,true,500,1000
195093,Willian José,76,ST,,63,78,65,70,39,80,4,4,2,Precision Header | Enforcer,0,,0,,15,Intro to Evolutions | Intro to Training Camp EVOs II | Intro to Rewards EVOs | Club Member Reward | Rising Guard | Passing Prodigy | One Shot | Relentless Pressure | Long Ball Pass | Footwork Phenom | Pinged Pass | ST Advanced Forward+ | Whipped Pass+ | Cornerstones | Iron Will,Bahia,Liga do Brasil,false,false,500,
263227,Williot Swedberg,76,LW,CM | CAM | LM,74,71,75,78,61,62,3,4,0,,0,,0,,14,Intro to Evolutions | Intro to Training Camp EVOs II | Intro to Rewards EVOs | Rising Guard | Passing Prodigy | One Shot | Complete Connection | Relentless Pressure | Long Ball Pass | Footwork Phenom | Pinged Pass | Whipped Pass+ | Cornerstones | Iron Will,Celta,LALIGA EA SPORTS,false,false,500,1000
193348,Xherdan Shaqiri,76,CAM,RW | ST | CM,67,79,78,78,40,71,5,4,6,Finesse Shot | Dead Ball | Low Driven Shot | Gamechanger | Incisive Pass | Inventive,0,,0,,11,Intro to Evolutions | Intro to Rewards EVOs | Club Member Reward | Rising Guard | Passing Prodigy | One Shot | Footwork Phenom | ST Advanced Forward+ | Whipped Pass+ | Cornerstones | Iron Will,FC Basel 1893,Brack Super League,false,false,500,750
243627,Yacine Adli,76,CM,CAM | CDM,72,69,77,75,70,75,3,3,0,,0,,0,,15,Intro to Evolutions | Intro to Training Camp EVOs II | Intro to Rewards EVOs | Rising Guard | Cover Athlete | Passing Prodigy | One Shot | Complete Connection | Relentless Pressure | Long Ball Pass | Footwork Phenom | Pinged Pass | Whipped Pass+ | Cornerstones | Iron Will,Al Shabab,ROSHN Saudi League,false,false,500,500
274759,Yaya,76,CM,CDM,76,66,75,79,61,70,3,3,0,,0,,0,,14,Intro to Evolutions | Intro to Training Camp EVOs II | Intro to Rewards EVOs | Rising Guard | Passing Prodigy | One Shot | Complete Connection | Relentless Pressure | Long Ball Pass | Footwork Phenom | Pinged Pass | Whipped Pass+ | Cornerstones | Iron Will,Paris SG,Arkema PL,true,false,500,
235633,Yehvann Diouf,76,GK,,79,73,74,78,50,72,1,3,2,Far Throw | Cross Claimer,0,,0,,8,Intro to Training Camp EVOs I | Intro to Training Camp EVOs II | The Debut | Relentless Pressure | Long Ball Pass | Pinged Pass | Whipped Pass+ | Cornerstones,OGC Nice,Ligue 1 McDonald's,false,false,500,750
220523,Yerry Mina,76,CB,,46,50,51,54,76,84,2,3,3,Precision Header | Intercept | Aerial Fortress,0,,0,,13,Intro to Evolutions | Intro to Training Camp EVOs II | Intro to Rewards EVOs | Rising Guard | Passing Prodigy | One Shot | Relentless Pressure | Long Ball Pass | Footwork Phenom | Pinged Pass | Whipped Pass+ | Cornerstones | Iron Will,Cagliari,Serie A Enilive,false,false,500,500
276716,Žan Vipotnik,76,ST,,67,79,60,70,23,70,2,4,2,Power Shot | Low Driven Shot,0,,0,,15,Intro to Evolutions | Intro to Training Camp EVOs II | Intro to Rewards EVOs | Club Member Reward | Rising Guard | Passing Prodigy | One Shot | Relentless Pressure | Long Ball Pass | Footwork Phenom | Pinged Pass | ST Advanced Forward+ | Whipped Pass+ | Cornerstones | Iron Will,Swansea City,EFL Championship,false,false,500,750
239373,Zian Flemming,76,ST,,66,79,71,72,55,82,3,4,3,Precision Header | Inventive | Long Throw,0,,0,,15,Intro to Evolutions | Intro to Training Camp EVOs II | Intro to Rewards EVOs | Club Member Reward | Rising Guard | Passing Prodigy | One Shot | Relentless Pressure | Long Ball Pass | Footwork Phenom | Pinged Pass | ST Advanced Forward+ | Whipped Pass+ | Cornerstones | Iron Will,Ipswich,Premier League,false,true,500,2500
255981,Zion Suzuki,76,GK,,76,75,76,76,56,74,1,3,2,Cross Claimer | Deflector,0,,0,,8,Intro to Training Camp EVOs I | Intro to Training Camp EVOs II | The Debut | Relentless Pressure | Long Ball Pass | Pinged Pass | Whipped Pass+ | Cornerstones,Aston Villa,Premier League,false,true,500,3000
248808,Aaron Hickey,75,RB,LB | RM | LM,69,56,70,74,74,64,2,5,0,,0,,0,,13,Intro to Evolutions | Intro to Training Camp EVOs II | Intro to Rewards EVOs | Rising Guard | Passing Prodigy | One Shot | Relentless Pressure | Long Ball Pass | Footwork Phenom | Pinged Pass | Whipped Pass+ | Cornerstones | Iron Will,Brentford,Premier League,false,true,500,1000
264201,Abdelkahar Kadri,75,CM,CAM | LM | CDM,71,72,73,80,64,64,3,4,2,Finesse Shot | Technical,0,,0,,14,Intro to Evolutions | Intro to Training Camp EVOs II | Intro to Rewards EVOs | Rising Guard | Passing Prodigy | One Shot | Complete Connection | Relentless Pressure | Long Ball Pass | Footwork Phenom | Pinged Pass | Whipped Pass+ | Cornerstones | Iron Will,KAA Gent,1A Pro League,false,false,500,500
267680,Abdul Fatawu,75,RM,RW,84,74,72,78,47,67,4,4,3,Finesse Shot | Power Shot | Gamechanger,0,,0,,13,Intro to Evolutions | Intro to Training Camp EVOs II | Intro to Rewards EVOs | Rising Guard | Passing Prodigy | One Shot | Relentless Pressure | Long Ball Pass | Footwork Phenom | Pinged Pass | Whipped Pass+ | Cornerstones | Iron Will,Ipswich,Premier League,false,true,500,250
246690,Adam Bareiro,75,ST,,78,75,62,73,41,82,3,3,1,Chip Shot,0,,0,,15,Intro to Evolutions | Intro to Training Camp EVOs II | Intro to Rewards EVOs | Club Member Reward | Rising Guard | Passing Prodigy | One Shot | Relentless Pressure | Long Ball Pass | Footwork Phenom | Pinged Pass | ST Advanced Forward+ | Whipped Pass+ | Cornerstones | Iron Will,Boca Juniors,LPF,false,false,500,
266636,Adam Obert,75,LB,CB,72,58,70,69,73,72,2,2,1,Intercept,0,,0,,13,Intro to Evolutions | Intro to Training Camp EVOs II | Intro to Rewards EVOs | Rising Guard | Passing Prodigy | One Shot | Relentless Pressure | Long Ball Pass | Footwork Phenom | Pinged Pass | Whipped Pass+ | Cornerstones | Iron Will,Cagliari,Serie A Enilive,false,false,500,500
251156,Adriano Bertaccini,75,ST,RM | LW | CAM,90,75,62,77,29,73,2,4,2,Low Driven Shot | Quick Step,0,,0,,14,Intro to Evolutions | Intro to Training Camp EVOs II | Club Member Reward | Rising Guard | Passing Prodigy | One Shot | Relentless Pressure | Long Ball Pass | Footwork Phenom | Pinged Pass | ST Advanced Forward+ | Whipped Pass+ | Cornerstones | Iron Will,RSC Anderlecht,1A Pro League,false,false,500,750
239267,Afimico Pululu,75,ST,CAM,85,74,59,77,27,75,3,3,2,Gamechanger | Technical,0,,0,,15,Intro to Evolutions | Intro to Training Camp EVOs II | Club Member Reward | Rising Guard | Cover Athlete | Passing Prodigy | One Shot | Relentless Pressure | Long Ball Pass | Footwork Phenom | Pinged Pass | ST Advanced Forward+ | Whipped Pass+ | Cornerstones | Iron Will,Al Hazem,ROSHN Saudi League,false,false,500,1500
201095,Agustín Marchesín,75,GK,,76,74,73,74,53,75,1,3,1,Footwork,0,,0,,8,Intro to Training Camp EVOs I | Intro to Training Camp EVOs II | The Debut | Relentless Pressure | Long Ball Pass | Pinged Pass | Whipped Pass+ | Cornerstones,Boca Juniors,LPF,false,false,500,500
247450,Agustín Palavecino,75,CM,CAM | CDM,76,69,78,78,65,69,4,3,5,Power Shot | Low Driven Shot | Incisive Pass | Long Ball Pass | First Touch,0,,0,,12,Intro to Evolutions | Intro to Rewards EVOs | Rising Guard | Cover Athlete | Passing Prodigy | One Shot | Complete Connection | Footwork Phenom | Pinged Pass | Whipped Pass+ | Cornerstones | Iron Will,CF Cruz Azul,Liga BBVA MX,false,false,500,
266256,Akor Jerome Adams,75,ST,,76,76,60,70,30,78,3,3,2,Finesse Shot | Enforcer,0,,0,,15,Intro to Evolutions | Intro to Training Camp EVOs II | Intro to Rewards EVOs | Club Member Reward | Rising Guard | Passing Prodigy | One Shot | Relentless Pressure | Long Ball Pass | Footwork Phenom | Pinged Pass | ST Advanced Forward+ | Whipped Pass+ | Cornerstones | Iron Will,Venezia,Serie A Enilive,false,false,500,1500
277039,Alara,75,RM,CAM | CM | RW,71,73,74,74,64,70,3,3,0,,0,,0,,14,Intro to Evolutions | Intro to Training Camp EVOs II | Intro to Rewards EVOs | Rising Guard | Passing Prodigy | One Shot | Complete Connection | Relentless Pressure | Long Ball Pass | Footwork Phenom | Pinged Pass | Whipped Pass+ | Cornerstones | Iron Will,FC Bayern München,GPFBL,true,false,500,1000
272207,Alejandra Bernabé,75,LB,LM,76,54,68,72,74,73,3,3,1,Jockey,0,,0,,13,Intro to Evolutions | Intro to Training Camp EVOs II | Intro to Rewards EVOs | Rising Guard | Passing Prodigy | One Shot | Relentless Pressure | Long Ball Pass | Footwork Phenom | Pinged Pass | Whipped Pass+ | Cornerstones | Iron Will,Liverpool,Barclays WSL,true,false,500,500
143076,Alejandro Gómez,75,CAM,ST,76,74,74,76,39,47,4,4,1,Technical,0,,0,,16,Intro to Evolutions | Intro to Training Camp EVOs II | Intro to Rewards EVOs | Club Member Reward | Rising Guard | Cover Athlete | Passing Prodigy | One Shot | Relentless Pressure | Long Ball Pass | Footwork Phenom | Pinged Pass | ST Advanced Forward+ | Whipped Pass+ | Cornerstones | Iron Will,Padova,Serie BKT,false,false,500,
269145,Aleksandra Zaremba,75,RB,RM | RW,73,57,72,72,71,69,3,3,1,Acrobatic,0,,0,,13,Intro to Evolutions | Intro to Training Camp EVOs II | Intro to Rewards EVOs | Rising Guard | Passing Prodigy | One Shot | Relentless Pressure | Long Ball Pass | Footwork Phenom | Pinged Pass | Whipped Pass+ | Cornerstones | Iron Will,C. Adeje Tenerife,Liga F Moeve,false,false,500,500
70441,Alex Luna,75,CAM,ST | LW | CM,86,73,73,74,49,60,3,3,2,Dead Ball | Whipped Pass,0,,0,,15,Intro to Evolutions | Intro to Training Camp EVOs II | Club Member Reward | Rising Guard | Passing Prodigy | One Shot | Complete Connection | Relentless Pressure | Long Ball Pass | Footwork Phenom | Pinged Pass | ST Advanced Forward+ | Whipped Pass+ | Cornerstones | Iron Will,Instituto,LPF,false,false,500,500
273875,Álex Valle,75,LB,CM,85,58,71,72,70,66,3,3,0,,0,,0,,13,Intro to Evolutions | Intro to Training Camp EVOs II | Rising Guard | Passing Prodigy | One Shot | Complete Connection | Relentless Pressure | Long Ball Pass | Footwork Phenom | Pinged Pass | Whipped Pass+ | Cornerstones | Iron Will,Como,Serie A Enilive,false,false,500,750
276211,Alexandros Kyziridis,75,LW,LM | RM | RW,83,73,73,76,25,65,3,4,1,Long Ball Pass,0,,0,,13,Intro to Evolutions | Intro to Training Camp EVOs II | Intro to Rewards EVOs | Rising Guard | Passing Prodigy | One Shot | Relentless Pressure | Long Ball Pass | Footwork Phenom | Pinged Pass | Whipped Pass+ | Cornerstones | Iron Will,Çorum Futbol Kulübü,Trendyol Süper Lig,false,false,500,250
277339,Alexia Fernández,75,RB,LB | RM | LM,78,64,67,74,72,71,2,3,3,Block | Intercept | Rapid,0,,0,,13,Intro to Evolutions | Intro to Training Camp EVOs II | Intro to Rewards EVOs | Rising Guard | Passing Prodigy | One Shot | Relentless Pressure | Long Ball Pass | Footwork Phenom | Pinged Pass | Whipped Pass+ | Cornerstones | Iron Will,Atlético de Madrid,Liga F Moeve,false,false,500,750
243034,Alfon,75,LW,LM | CAM | ST,76,73,71,77,38,66,3,3,0,,0,,0,,15,Intro to Evolutions | Intro to Training Camp EVOs II | Intro to Rewards EVOs | Club Member Reward | Rising Guard | Passing Prodigy | One Shot | Relentless Pressure | Long Ball Pass | Footwork Phenom | Pinged Pass | ST Advanced Forward+ | Whipped Pass+ | Cornerstones | Iron Will,Sevilla FC,LALIGA EA SPORTS,false,false,500,500
235312,Alfonso Herrero,75,GK,,73,73,70,77,49,73,1,3,2,Far Throw | Footwork,0,,0,,8,Intro to Training Camp EVOs I | Intro to Training Camp EVOs II | The Debut | Relentless Pressure | Long Ball Pass | Pinged Pass | Whipped Pass+ | Cornerstones,Málaga CF,LALIGA EA SPORTS,false,false,500,1000
244895,Alhassan Yusuf,75,CDM,CM | LM | LW,76,62,68,74,71,76,3,3,2,Intercept | Bruiser,0,,0,,14,Intro to Evolutions | Intro to Training Camp EVOs II | Intro to Rewards EVOs | Rising Guard | Passing Prodigy | One Shot | Complete Connection | Relentless Pressure | Long Ball Pass | Footwork Phenom | Pinged Pass | Whipped Pass+ | Cornerstones | Iron Will,New England,MLS,false,false,500,250
252711,Ali Abdi,75,LB,LM,85,62,69,73,68,75,3,3,4,Whipped Pass | Anticipate | Relentless | Long Throw,0,,0,,10,Intro to Evolutions | Rising Guard | Passing Prodigy | One Shot | Relentless Pressure | Footwork Phenom | Pinged Pass | Whipped Pass+ | Cornerstones | Iron Will,OGC Nice,Ligue 1 McDonald's,false,false,500,750
267213,Ally Brazier,75,ST,RM | RW,87,72,66,71,42,63,3,3,1,Quick Step,0,,0,,14,Intro to Evolutions | Intro to Training Camp EVOs II | Club Member Reward | Rising Guard | Passing Prodigy | One Shot | Relentless Pressure | Long Ball Pass | Footwork Phenom | Pinged Pass | ST Advanced Forward+ | Whipped Pass+ | Cornerstones | Iron Will,Denver Summit FC,NWSL,false,false,500,750
227384,Allysha Chapman,75,LB,LM,71,51,62,73,75,66,2,3,0,,0,,0,,13,Intro to Evolutions | Intro to Training Camp EVOs II | Intro to Rewards EVOs | Rising Guard | Passing Prodigy | One Shot | Relentless Pressure | Long Ball Pass | Footwork Phenom | Pinged Pass | Whipped Pass+ | Cornerstones | Iron Will,Houston Dash,NWSL,false,false,500,500
246207,Allyson Swaby,75,CB,,62,42,55,66,76,73,2,3,0,,0,,0,,13,Intro to Evolutions | Intro to Training Camp EVOs II | Intro to Rewards EVOs | Rising Guard | Passing Prodigy | One Shot | Relentless Pressure | Long Ball Pass | Footwork Phenom | Pinged Pass | Whipped Pass+ | Cornerstones | Iron Will,Crystal Palace,Barclays WSL,false,false,500,
193105,Alphonse Areola,75,GK,,75,74,72,76,44,75,1,3,2,Far Throw | Footwork,0,,0,,8,Intro to Training Camp EVOs I | Intro to Training Camp EVOs II | The Debut | Relentless Pressure | Long Ball Pass | Pinged Pass | Whipped Pass+ | Cornerstones,West Ham,EFL Championship,false,false,500,2000
243647,Altay Bayındır,75,GK,,77,72,70,77,30,75,1,2,0,,0,,0,,8,Intro to Training Camp EVOs I | Intro to Training Camp EVOs II | The Debut | Relentless Pressure | Long Ball Pass | Pinged Pass | Whipped Pass+ | Cornerstones,Celta,LALIGA EA SPORTS,false,false,500,500
279836,Álvaro Montoro,75,LM,CAM | LW | CM,82,61,74,80,33,51,4,3,3,Incisive Pass | Trickster | Quick Step,0,,0,,14,Intro to Evolutions | Intro to Training Camp EVOs II | Intro to Rewards EVOs | Rising Guard | Passing Prodigy | One Shot | Complete Connection | Relentless Pressure | Long Ball Pass | Footwork Phenom | Pinged Pass | Whipped Pass+ | Cornerstones | Iron Will,Botafogo,Sudamericana,false,false,500,
272445,Álvaro Rodríguez,75,ST,CAM,82,72,64,76,38,77,3,3,0,,0,,0,,16,Intro to Evolutions | Intro to Training Camp EVOs II | Intro to Rewards EVOs | Club Member Reward | Rising Guard | Cover Athlete | Passing Prodigy | One Shot | Relentless Pressure | Long Ball Pass | Footwork Phenom | Pinged Pass | ST Advanced Forward+ | Whipped Pass+ | Cornerstones | Iron Will,AFC Bournemouth,Premier League,false,true,500,750
238463,Amadou Haidara,75,CM,CDM,61,67,75,76,71,68,3,2,0,,0,,0,,14,Intro to Evolutions | Intro to Training Camp EVOs II | Intro to Rewards EVOs | Rising Guard | Passing Prodigy | One Shot | Complete Connection | Relentless Pressure | Long Ball Pass | Footwork Phenom | Pinged Pass | Whipped Pass+ | Cornerstones | Iron Will,RC Lens,Ligue 1 McDonald's,false,false,500,500
273099,Amalie Vangsgaard,75,ST,RW | RM,73,75,67,69,48,66,3,3,1,Finesse Shot,0,,0,,15,Intro to Evolutions | Intro to Training Camp EVOs II | Intro to Rewards EVOs | Club Member Reward | Rising Guard | Passing Prodigy | One Shot | Relentless Pressure | Long Ball Pass | Footwork Phenom | Pinged Pass | ST Advanced Forward+ | Whipped Pass+ | Cornerstones | Iron Will,Aston Villa,Barclays WSL,false,false,500,500
76602,Amar Memić,75,RM,LM | LW | RW,89,69,71,73,62,68,3,3,1,Whipped Pass,0,,0,,12,Intro to Evolutions | Intro to Training Camp EVOs II | Rising Guard | Passing Prodigy | One Shot | Relentless Pressure | Long Ball Pass | Footwork Phenom | Pinged Pass | Whipped Pass+ | Cornerstones | Iron Will,Viktoria Plzeň,Česká Liga,false,false,500,500
261831,Ana Borges,75,CB,RB,77,51,65,68,77,71,2,3,0,,0,,0,,13,Intro to Evolutions | Intro to Training Camp EVOs II | Intro to Rewards EVOs | Rising Guard | Passing Prodigy | One Shot | Relentless Pressure | Long Ball Pass | Footwork Phenom | Pinged Pass | Whipped Pass+ | Cornerstones | Iron Will,SL Benfica,Liga Portugal Feminino,false,false,500,750
70803,Anaïs Ebayilin,75,CM,CDM,47,65,72,75,66,63,3,3,0,,0,,0,,14,Intro to Evolutions | Intro to Training Camp EVOs II | Intro to Rewards EVOs | Rising Guard | Passing Prodigy | One Shot | Complete Connection | Relentless Pressure | Long Ball Pass | Footwork Phenom | Pinged Pass | Whipped Pass+ | Cornerstones | Iron Will,Paris SG,Arkema PL,true,false,500,500
268728,Anass Salah-Eddine,75,LB,LM,78,45,71,77,70,67,3,3,1,First Touch,0,,0,,13,Intro to Evolutions | Intro to Training Camp EVOs II | Intro to Rewards EVOs | Rising Guard | Passing Prodigy | One Shot | Relentless Pressure | Long Ball Pass | Footwork Phenom | Pinged Pass | Whipped Pass+ | Cornerstones | Iron Will,AS Roma,Serie A Enilive,false,false,500,
208250,Anastasios Bakasetas,75,CAM,CM,60,80,76,74,59,75,3,4,2,Power Shot | Pinged Pass,0,,0,,15,Intro to Evolutions | Intro to Training Camp EVOs II | Intro to Rewards EVOs | Rising Guard | Cover Athlete | Passing Prodigy | One Shot | Complete Connection | Relentless Pressure | Long Ball Pass | Footwork Phenom | Pinged Pass | Whipped Pass+ | Cornerstones | Iron Will,APOEL FC,Liga Cyprus,false,false,500,250
79726,Andrea Norheim,75,CB,,58,44,61,60,76,77,2,2,0,,0,,0,,13,Intro to Evolutions | Intro to Training Camp EVOs II | Intro to Rewards EVOs | Rising Guard | Passing Prodigy | One Shot | Relentless Pressure | Long Ball Pass | Footwork Phenom | Pinged Pass | Whipped Pass+ | Cornerstones | Iron Will,RB Leipzig,GPFBL,false,false,500,250
235842,Andrea Pinamonti,75,ST,,64,77,59,72,29,67,3,3,3,Precision Header | Low Driven Shot | Enforcer,0,,0,,15,Intro to Evolutions | Intro to Training Camp EVOs II | Intro to Rewards EVOs | Club Member Reward | Rising Guard | Passing Prodigy | One Shot | Relentless Pressure | Long Ball Pass | Footwork Phenom | Pinged Pass | ST Advanced Forward+ | Whipped Pass+ | Cornerstones | Iron Will,Latium,Serie A Enilive,false,false,500,500
261838,Andreia Norton,75,CM,CAM | CDM,67,65,73,77,60,65,4,3,0,,0,,0,,15,Intro to Evolutions | Intro to Training Camp EVOs II | Intro to Rewards EVOs | Rising Guard | Cover Athlete | Passing Prodigy | One Shot | Complete Connection | Relentless Pressure | Long Ball Pass | Footwork Phenom | Pinged Pass | Whipped Pass+ | Cornerstones | Iron Will,SL Benfica,Liga Portugal Feminino,false,false,500,500
277799,Andrej Ilić,75,ST,,71,71,58,69,31,81,2,3,2,Precision Header | Enforcer,0,,0,,15,Intro to Evolutions | Intro to Training Camp EVOs II | Intro to Rewards EVOs | Club Member Reward | Rising Guard | Passing Prodigy | One Shot | Relentless Pressure | Long Ball Pass | Footwork Phenom | Pinged Pass | ST Advanced Forward+ | Whipped Pass+ | Cornerstones | Iron Will,Union Berlin,Bundesliga,false,false,500,750
222429,Andrés Cubas,75,CDM,CM,69,47,67,71,74,56,3,2,2,Jockey | Slide Tackle,0,,0,,14,Intro to Evolutions | Intro to Training Camp EVOs II | Intro to Rewards EVOs | Rising Guard | Passing Prodigy | One Shot | Complete Connection | Relentless Pressure | Long Ball Pass | Footwork Phenom | Pinged Pass | Whipped Pass+ | Cornerstones | Iron Will,Whitecaps FC,MLS,false,false,500,500
198705,Andy Nájar,75,RB,RM | CB | CM,71,63,72,75,74,66,3,4,5,Incisive Pass | Pinged Pass | Technical | First Touch | Long Throw,0,,0,,11,Intro to Evolutions | Intro to Rewards EVOs | Rising Guard | Passing Prodigy | One Shot | Complete Connection | Footwork Phenom | Pinged Pass | Whipped Pass+ | Cornerstones | Iron Will,Nashville SC,MLS,false,false,500,500
236524,Anel Ahmedhodžić,75,CB,,69,41,59,60,75,80,2,3,2,Intercept | Aerial Fortress,0,,0,,13,Intro to Evolutions | Intro to Training Camp EVOs II | Intro to Rewards EVOs | Rising Guard | Passing Prodigy | One Shot | Relentless Pressure | Long Ball Pass | Footwork Phenom | Pinged Pass | Whipped Pass+ | Cornerstones | Iron Will,Burnley,EFL Championship,false,false,500,2000
226789,Angelo Fulgini,75,CM,CAM | CDM,72,71,77,77,66,71,4,4,2,Incisive Pass | Inventive,0,,0,,15,Intro to Evolutions | Intro to Training Camp EVOs II | Intro to Rewards EVOs | Rising Guard | Cover Athlete | Passing Prodigy | One Shot | Complete Connection | Relentless Pressure | Long Ball Pass | Footwork Phenom | Pinged Pass | Whipped Pass+ | Cornerstones | Iron Will,Al Khaleej,ROSHN Saudi League,false,false,500,
265237,Anna Patten,75,CB,,56,45,64,64,76,78,2,3,3,Long Ball Pass | Intercept | Aerial Fortress,0,,0,,13,Intro to Evolutions | Intro to Training Camp EVOs II | Intro to Rewards EVOs | Rising Guard | Passing Prodigy | One Shot | Relentless Pressure | Long Ball Pass | Footwork Phenom | Pinged Pass | Whipped Pass+ | Cornerstones | Iron Will,Aston Villa,Barclays WSL,false,false,500,500
275942,Anna Sandberg,75,LB,LM,76,59,72,68,71,65,3,3,1,Rapid,0,,0,,13,Intro to Evolutions | Intro to Training Camp EVOs II | Intro to Rewards EVOs | Rising Guard | Passing Prodigy | One Shot | Relentless Pressure | Long Ball Pass | Footwork Phenom | Pinged Pass | Whipped Pass+ | Cornerstones | Iron Will,Manchester Utd,Barclays WSL,false,false,500,500
273563,Annabel Schasching,75,CM,CDM | CAM,76,65,74,72,70,70,2,3,0,,0,,0,,15,Intro to Evolutions | Intro to Training Camp EVOs II | Intro to Rewards EVOs | Rising Guard | Cover Athlete | Passing Prodigy | One Shot | Complete Connection | Relentless Pressure | Long Ball Pass | Footwork Phenom | Pinged Pass | Whipped Pass+ | Cornerstones | Iron Will,RB Leipzig,GPFBL,false,false,500,250
199482,Anthony Lopes,75,GK,,75,71,64,79,58,72,1,2,1,Footwork,0,,0,,8,Intro to Training Camp EVOs I | Intro to Training Camp EVOs II | The Debut | Relentless Pressure | Long Ball Pass | Pinged Pass | Whipped Pass+ | Cornerstones,Angers SCO,Ligue 1 McDonald's,false,false,500,500
244717,Antonino Gallo,75,LB,LM,84,52,69,67,69,67,2,2,1,Jockey,0,,0,,13,Intro to Evolutions | Intro to Training Camp EVOs II | Intro to Rewards EVOs | Rising Guard | Passing Prodigy | One Shot | Relentless Pressure | Long Ball Pass | Footwork Phenom | Pinged Pass | Whipped Pass+ | Cornerstones | Iron Will,Lecce,Serie A Enilive,false,false,500,500
224982,Antonio Palumbo,75,CAM,CM,78,69,75,76,66,76,3,4,3,Incisive Pass | Long Ball Pass | Press Proven,0,,0,,15,Intro to Evolutions | Intro to Training Camp EVOs II | Intro to Rewards EVOs | Rising Guard | Cover Athlete | Passing Prodigy | One Shot | Complete Connection | Relentless Pressure | Long Ball Pass | Footwork Phenom | Pinged Pass | Whipped Pass+ | Cornerstones | Iron Will,Palermo,Serie BKT,false,false,500,500
258782,Ardian Ismajli,75,CB,,62,30,49,62,79,68,2,3,4,Block | Intercept | Slide Tackle | Aerial Fortress,0,,0,,11,Intro to Evolutions | Intro to Rewards EVOs | Rising Guard | Passing Prodigy | One Shot | Relentless Pressure | Footwork Phenom | Pinged Pass | Whipped Pass+ | Cornerstones | Iron Will,Torino,Serie A Enilive,false,false,500,750
266236,Arijon Ibrahimović,75,LM,RM | LW | RW,85,68,71,77,30,58,3,3,1,Technical,0,,0,,12,Intro to Evolutions | Intro to Training Camp EVOs II | Rising Guard | Passing Prodigy | One Shot | Relentless Pressure | Long Ball Pass | Footwork Phenom | Pinged Pass | Whipped Pass+ | Cornerstones | Iron Will,FC Augsburg,Bundesliga,false,false,500,250
259065,Arnau Tenas,75,GK,,74,70,81,77,52,74,1,2,0,,0,,0,,8,Intro to Training Camp EVOs I | Intro to Training Camp EVOs II | The Debut | Relentless Pressure | Long Ball Pass | Pinged Pass | Whipped Pass+ | Cornerstones,RCD Mallorca,LALIGA HYPERMOTION,false,false,500,
236276,Arnaut Danjuma,75,LW,ST | LM,83,75,71,76,44,68,4,4,2,Gamechanger | Rapid,0,,0,,15,Intro to Evolutions | Intro to Training Camp EVOs II | Intro to Rewards EVOs | Club Member Reward | Rising Guard | Passing Prodigy | One Shot | Relentless Pressure | Long Ball Pass | Footwork Phenom | Pinged Pass | ST Advanced Forward+ | Whipped Pass+ | Cornerstones | Iron Will,Valencia CF,LALIGA EA SPORTS,false,false,500,500
69997,Arthur Avom Ebong,75,CM,CDM,71,62,70,75,70,74,3,2,1,Intercept,0,,0,,14,Intro to Evolutions | Intro to Training Camp EVOs II | Intro to Rewards EVOs | Rising Guard | Passing Prodigy | One Shot | Complete Connection | Relentless Pressure | Long Ball Pass | Footwork Phenom | Pinged Pass | Whipped Pass+ | Cornerstones | Iron Will,FC Lorient,Ligue 1 McDonald's,false,false,500,250
246186,Arthur Cabral,75,ST,,67,76,63,73,31,78,3,4,2,Low Driven Shot | Enforcer,0,,0,,15,Intro to Evolutions | Intro to Training Camp EVOs II | Intro to Rewards EVOs | Club Member Reward | Rising Guard | Passing Prodigy | One Shot | Relentless Pressure | Long Ball Pass | Footwork Phenom | Pinged Pass | ST Advanced Forward+ | Whipped Pass+ | Cornerstones | Iron Will,Botafogo,Sudamericana,false,false,500,
74871,Arthur Chaves,75,CB,,81,37,52,54,76,76,2,4,0,,0,,0,,13,Intro to Evolutions | Intro to Training Camp EVOs II | Intro to Rewards EVOs | Rising Guard | Passing Prodigy | One Shot | Relentless Pressure | Long Ball Pass | Footwork Phenom | Pinged Pass | Whipped Pass+ | Cornerstones | Iron Will,Botafogo,Sudamericana,false,false,500,4000
212491,Arthur Masuaku,75,LB,LM,79,62,74,78,68,78,4,2,0,,0,,0,,13,Intro to Evolutions | Intro to Training Camp EVOs II | Intro to Rewards EVOs | Rising Guard | Passing Prodigy | One Shot | Relentless Pressure | Long Ball Pass | Footwork Phenom | Pinged Pass | Whipped Pass+ | Cornerstones | Iron Will,Konyaspor,Trendyol Süper Lig,false,false,500,500
270966,Aude Bizet,75,CB,,35,36,53,64,76,70,2,3,0,,0,,0,,13,Intro to Evolutions | Intro to Training Camp EVOs II | Intro to Rewards EVOs | Rising Guard | Passing Prodigy | One Shot | Relentless Pressure | Long Ball Pass | Footwork Phenom | Pinged Pass | Whipped Pass+ | Cornerstones | Iron Will,FC Fleury 91,Arkema PL,false,false,500,500
75087,Ayden Heaven,75,CB,,69,31,59,67,76,74,2,3,0,,0,,0,,13,Intro to Evolutions | Intro to Training Camp EVOs II | Intro to Rewards EVOs | Rising Guard | Passing Prodigy | One Shot | Relentless Pressure | Long Ball Pass | Footwork Phenom | Pinged Pass | Whipped Pass+ | Cornerstones | Iron Will,Man Utd,Premier League,true,true,500,5500
239356,Azor Matusiwa,75,CDM,CM,57,53,67,69,73,79,3,3,1,Intercept,0,,0,,14,Intro to Evolutions | Intro to Training Camp EVOs II | Intro to Rewards EVOs | Rising Guard | Passing Prodigy | One Shot | Complete Connection | Relentless Pressure | Long Ball Pass | Footwork Phenom | Pinged Pass | Whipped Pass+ | Cornerstones | Iron Will,Ipswich,Premier League,false,true,500,250
219792,Baptiste Santamaría,75,CM,CDM,42,67,72,74,72,75,3,2,1,Relentless,0,,0,,14,Intro to Evolutions | Intro to Training Camp EVOs II | Intro to Rewards EVOs | Rising Guard | Passing Prodigy | One Shot | Complete Connection | Relentless Pressure | Long Ball Pass | Footwork Phenom | Pinged Pass | Whipped Pass+ | Cornerstones | Iron Will,PAOK FC,Hellas Liga,false,false,500,500
235471,Bartosz Nowak,75,CAM,LW | LM | ST,68,70,76,76,45,65,4,4,4,Dead Ball | Incisive Pass | Inventive | Technical,0,,0,,13,Intro to Evolutions | Intro to Rewards EVOs | Club Member Reward | Rising Guard | Passing Prodigy | One Shot | Relentless Pressure | Footwork Phenom | Pinged Pass | ST Advanced Forward+ | Whipped Pass+ | Cornerstones | Iron Will,GKS Katowice,PKO BP Ekstraklasa,false,false,500,250
81456,Beata Olsson,75,ST,,76,75,62,73,39,65,3,3,1,Finesse Shot,0,,0,,15,Intro to Evolutions | Intro to Training Camp EVOs II | Intro to Rewards EVOs | Club Member Reward | Rising Guard | Passing Prodigy | One Shot | Relentless Pressure | Long Ball Pass | Footwork Phenom | Pinged Pass | ST Advanced Forward+ | Whipped Pass+ | Cornerstones | Iron Will,Liverpool,Barclays WSL,true,false,500,
258715,Benedict Hollerbach,75,ST,CAM,83,76,66,79,28,76,4,4,3,Rapid | Quick Step | Relentless,0,,0,,16,Intro to Evolutions | Intro to Training Camp EVOs II | Intro to Rewards EVOs | Club Member Reward | Rising Guard | Cover Athlete | Passing Prodigy | One Shot | Relentless Pressure | Long Ball Pass | Footwork Phenom | Pinged Pass | ST Advanced Forward+ | Whipped Pass+ | Cornerstones | Iron Will,1. FSV Mainz 05,Bundesliga,false,false,500,750
260651,Bénie Traoré,75,LM,RM | LW | RW,88,74,64,79,32,68,4,3,4,Low Driven Shot | Gamechanger | Technical | Quick Step,0,,0,,10,Intro to Evolutions | Rising Guard | Passing Prodigy | One Shot | Relentless Pressure | Footwork Phenom | Pinged Pass | Whipped Pass+ | Cornerstones | Iron Will,New York City FC,MLS,false,false,500,250
243646,Benjamin Nygren,75,CM,CAM | RW | CDM,73,75,76,73,63,73,3,3,3,Finesse Shot | Low Driven Shot | Incisive Pass,0,,0,,14,Intro to Evolutions | Intro to Training Camp EVOs II | Intro to Rewards EVOs | Rising Guard | Passing Prodigy | One Shot | Complete Connection | Relentless Pressure | Long Ball Pass | Footwork Phenom | Pinged Pass | Whipped Pass+ | Cornerstones | Iron Will,Celtic,Scottish Prem,false,false,500,2000
232805,Bernardo,75,LB,CB,66,53,63,68,75,76,3,3,4,Jockey | Block | Slide Tackle | Aerial Fortress,0,,0,,11,Intro to Evolutions | Intro to Rewards EVOs | Rising Guard | Passing Prodigy | One Shot | Relentless Pressure | Footwork Phenom | Pinged Pass | Whipped Pass+ | Cornerstones | Iron Will,TSG Hoffenheim,Bundesliga,false,false,500,500
272124,Bibiane Schulze Solano,75,CB,,58,35,69,62,76,74,2,3,1,Slide Tackle,0,,0,,13,Intro to Evolutions | Intro to Training Camp EVOs II | Intro to Rewards EVOs | Rising Guard | Passing Prodigy | One Shot | Relentless Pressure | Long Ball Pass | Footwork Phenom | Pinged Pass | Whipped Pass+ | Cornerstones | Iron Will,Athletic Club,Liga F Moeve,false,false,500,750
245992,Billy Gilmour,75,CM,CDM,55,59,76,77,71,52,3,3,1,Incisive Pass,0,,0,,14,Intro to Evolutions | Intro to Training Camp EVOs II | Intro to Rewards EVOs | Rising Guard | Passing Prodigy | One Shot | Complete Connection | Relentless Pressure | Long Ball Pass | Footwork Phenom | Pinged Pass | Whipped Pass+ | Cornerstones | Iron Will,SSC Napoli,Serie A Enilive,false,false,500,1000
263908,Bradley Locko,75,LB,LM,73,50,63,71,74,67,2,2,0,,0,,0,,13,Intro to Evolutions | Intro to Training Camp EVOs II | Intro to Rewards EVOs | Rising Guard | Passing Prodigy | One Shot | Relentless Pressure | Long Ball Pass | Footwork Phenom | Pinged Pass | Whipped Pass+ | Cornerstones | Iron Will,Stade Brestois 29,Ligue 1 McDonald's,false,false,500,500
260653,Brooke Norton-Cuffy,75,RB,RM,82,49,66,75,70,68,3,3,0,,0,,0,,13,Intro to Evolutions | Intro to Training Camp EVOs II | Intro to Rewards EVOs | Rising Guard | Passing Prodigy | One Shot | Relentless Pressure | Long Ball Pass | Footwork Phenom | Pinged Pass | Whipped Pass+ | Cornerstones | Iron Will,Hull City,Premier League,false,true,500,500
211368,Bruma,75,LW,LM,81,74,70,78,32,59,4,3,2,Gamechanger | Trickster,0,,0,,13,Intro to Evolutions | Intro to Training Camp EVOs II | Intro to Rewards EVOs | Rising Guard | Passing Prodigy | One Shot | Relentless Pressure | Long Ball Pass | Footwork Phenom | Pinged Pass | Whipped Pass+ | Cornerstones | Iron Will,SL Benfica,Liga Portugal,false,false,500,750
215455,Bruno Petković,75,ST,CAM,68,73,77,77,41,76,4,4,2,Precision Header | Technical,0,,0,,16,Intro to Evolutions | Intro to Training Camp EVOs II | Intro to Rewards EVOs | Club Member Reward | Rising Guard | Cover Athlete | Passing Prodigy | One Shot | Relentless Pressure | Long Ball Pass | Footwork Phenom | Pinged Pass | ST Advanced Forward+ | Whipped Pass+ | Cornerstones | Iron Will,Kocaelispor,Trendyol Süper Lig,false,false,500,250
246785,Bryan Gil,75,LW,LM | RM | LB,84,67,73,78,31,48,3,2,1,Technical,0,,0,,13,Intro to Evolutions | Intro to Training Camp EVOs II | Intro to Rewards EVOs | Rising Guard | Passing Prodigy | One Shot | Relentless Pressure | Long Ball Pass | Footwork Phenom | Pinged Pass | Whipped Pass+ | Cornerstones | Iron Will,Girona FC,LALIGA HYPERMOTION,false,false,500,500
73505,Cala,75,CAM,ST | RM | RW,77,74,75,76,62,67,3,3,0,,0,,0,,15,Intro to Evolutions | Intro to Training Camp EVOs II | Intro to Rewards EVOs | Club Member Reward | Rising Guard | Passing Prodigy | One Shot | Relentless Pressure | Long Ball Pass | Footwork Phenom | Pinged Pass | ST Advanced Forward+ | Whipped Pass+ | Cornerstones | Iron Will,RCD Espanyol,LALIGA EA SPORTS,false,false,500,500
240289,Calero,75,CB,,53,42,66,67,76,70,2,3,2,Block | Bruiser,0,,0,,13,Intro to Evolutions | Intro to Training Camp EVOs II | Intro to Rewards EVOs | Rising Guard | Passing Prodigy | One Shot | Relentless Pressure | Long Ball Pass | Footwork Phenom | Pinged Pass | Whipped Pass+ | Cornerstones | Iron Will,Málaga CF,LALIGA EA SPORTS,false,false,500,1500
256402,Carlos Alcaraz,75,CAM,CM | CDM,71,71,73,78,46,63,4,3,0,,0,,0,,15,Intro to Evolutions | Intro to Training Camp EVOs II | Intro to Rewards EVOs | Rising Guard | Cover Athlete | Passing Prodigy | One Shot | Complete Connection | Relentless Pressure | Long Ball Pass | Footwork Phenom | Pinged Pass | Whipped Pass+ | Cornerstones | Iron Will,Everton,Premier League,false,true,500,500
277426,Carlos Forbs,75,RM,RW | LW | LM,92,71,67,75,38,65,4,2,3,Rapid | Trickster | Quick Step,0,,0,,12,Intro to Evolutions | Intro to Training Camp EVOs II | Rising Guard | Passing Prodigy | One Shot | Relentless Pressure | Long Ball Pass | Footwork Phenom | Pinged Pass | Whipped Pass+ | Cornerstones | Iron Will,Club Brugge,1A Pro League,false,false,500,1500
83536,Cassandra Bogere,75,CDM,CM,63,55,63,67,72,71,3,3,0,,0,,0,,14,Intro to Evolutions | Intro to Training Camp EVOs II | Intro to Rewards EVOs | Rising Guard | Passing Prodigy | One Shot | Complete Connection | Relentless Pressure | Long Ball Pass | Footwork Phenom | Pinged Pass | Whipped Pass+ | Cornerstones | Iron Will,Portland Thorns,NWSL,false,false,500,
267273,Cassie Miller,75,GK,,77,70,75,77,41,76,1,2,1,Cross Claimer,0,,0,,8,Intro to Training Camp EVOs I | Intro to Training Camp EVOs II | The Debut | Relentless Pressure | Long Ball Pass | Pinged Pass | Whipped Pass+ | Cornerstones,Seattle Reign,NWSL,false,false,500,500
265726,César Tárrega,75,CB,,60,45,60,66,75,80,2,3,1,Aerial Fortress,0,,0,,13,Intro to Evolutions | Intro to Training Camp EVOs II | Intro to Rewards EVOs | Rising Guard | Passing Prodigy | One Shot | Relentless Pressure | Long Ball Pass | Footwork Phenom | Pinged Pass | Whipped Pass+ | Cornerstones | Iron Will,Valencia CF,LALIGA EA SPORTS,false,false,500,750
273883,Cesare Casadei,75,CM,CDM,61,70,75,73,70,71,2,3,2,Precision Header | Aerial Fortress,0,,0,,14,Intro to Evolutions | Intro to Training Camp EVOs II | Intro to Rewards EVOs | Rising Guard | Passing Prodigy | One Shot | Complete Connection | Relentless Pressure | Long Ball Pass | Footwork Phenom | Pinged Pass | Whipped Pass+ | Cornerstones | Iron Will,Torino,Serie A Enilive,false,false,500,750
210897,Chancel Mbemba,75,CB,,65,56,64,67,75,74,2,3,1,Intercept,0,,0,,13,Intro to Evolutions | Intro to Training Camp EVOs II | Intro to Rewards EVOs | Rising Guard | Passing Prodigy | One Shot | Relentless Pressure | Long Ball Pass | Footwork Phenom | Pinged Pass | Whipped Pass+ | Cornerstones | Iron Will,Al Diriyah,ROSHN Saudi League,false,false,500,
244889,Charles Vanhoutte,75,CDM,CM,52,65,73,71,72,78,2,3,3,Intercept | Slide Tackle | Aerial Fortress,0,,0,,14,Intro to Evolutions | Intro to Training Camp EVOs II | Intro to Rewards EVOs | Rising Guard | Passing Prodigy | One Shot | Complete Connection | Relentless Pressure | Long Ball Pass | Footwork Phenom | Pinged Pass | Whipped Pass+ | Cornerstones | Iron Will,Feyenoord,Eredivisie,false,false,500,250
73374,Christantus Uche,75,ST,CAM | CM | CDM,67,74,68,72,61,78,3,3,3,Gamechanger | Press Proven | Enforcer,0,,0,,16,Intro to Evolutions | Intro to Training Camp EVOs II | Intro to Rewards EVOs | Club Member Reward | Rising Guard | Passing Prodigy | One Shot | Complete Connection | Relentless Pressure | Long Ball Pass | Footwork Phenom | Pinged Pass | ST Advanced Forward+ | Whipped Pass+ | Cornerstones | Iron Will,Getafe CF,LALIGA EA SPORTS,false,false,500,500
209846,Christian Günter,75,LB,LM,76,59,68,70,71,80,3,2,2,Whipped Pass | Slide Tackle,0,,0,,13,Intro to Evolutions | Intro to Training Camp EVOs II | Intro to Rewards EVOs | Rising Guard | Passing Prodigy | One Shot | Relentless Pressure | Long Ball Pass | Footwork Phenom | Pinged Pass | Whipped Pass+ | Cornerstones | Iron Will,SC Freiburg,Bundesliga,false,false,500,500
272785,Christian Mawissa,75,CB,LB,79,31,57,64,75,74,2,5,1,Slide Tackle,0,,0,,13,Intro to Evolutions | Intro to Training Camp EVOs II | Intro to Rewards EVOs | Rising Guard | Passing Prodigy | One Shot | Relentless Pressure | Long Ball Pass | Footwork Phenom | Pinged Pass | Whipped Pass+ | Cornerstones | Iron Will,AS Monaco,Ligue 1 McDonald's,false,false,500,750
274913,Christopher Bonsu Baah,75,LM,RM | LW | RW,87,66,66,79,34,69,4,3,1,Technical,0,,0,,12,Intro to Evolutions | Intro to Training Camp EVOs II | Rising Guard | Passing Prodigy | One Shot | Relentless Pressure | Long Ball Pass | Footwork Phenom | Pinged Pass | Whipped Pass+ | Cornerstones | Iron Will,Al Qadsiah,ROSHN Saudi League,false,false,500,750
193254,Christopher Trimmel,75,RB,RM,61,65,74,68,74,79,3,3,3,Dead Ball | Whipped Pass | Long Throw,0,,0,,13,Intro to Evolutions | Intro to Training Camp EVOs II | Intro to Rewards EVOs | Rising Guard | Passing Prodigy | One Shot | Relentless Pressure | Long Ball Pass | Footwork Phenom | Pinged Pass | Whipped Pass+ | Cornerstones | Iron Will,Union Berlin,Bundesliga,false,false,500,500
264330,Christos Zafeiris,75,CM,CDM,78,71,73,78,68,73,4,4,3,Long Ball Pass | Technical | Relentless,0,,0,,14,Intro to Evolutions | Intro to Training Camp EVOs II | Intro to Rewards EVOs | Rising Guard | Passing Prodigy | One Shot | Complete Connection | Relentless Pressure | Long Ball Pass | Footwork Phenom | Pinged Pass | Whipped Pass+ | Cornerstones | Iron Will,PAOK FC,Hellas Liga,false,false,500,750
270983,Clayton,75,ST,,77,76,66,72,37,78,2,3,2,Power Shot | Press Proven,0,,0,,15,Intro to Evolutions | Intro to Training Camp EVOs II | Intro to Rewards EVOs | Club Member Reward | Rising Guard | Passing Prodigy | One Shot | Relentless Pressure | Long Ball Pass | Footwork Phenom | Pinged Pass | ST Advanced Forward+ | Whipped Pass+ | Cornerstones | Iron Will,Olympiacos FC,Hellas Liga,false,false,500,250
219522,Conan Ledesma,75,GK,,77,72,70,78,49,72,1,2,3,Far Throw | Cross Claimer | Deflector,0,,0,,8,Intro to Training Camp EVOs I | Intro to Training Camp EVOs II | The Debut | Relentless Pressure | Long Ball Pass | Pinged Pass | Whipped Pass+ | Cornerstones,Rosario Central ,LPF,false,false,500,500
277689,Conrad Harder,75,ST,,79,76,66,72,30,81,3,3,3,Power Shot | Acrobatic | Enforcer,0,,0,,15,Intro to Evolutions | Intro to Training Camp EVOs II | Intro to Rewards EVOs | Club Member Reward | Rising Guard | Passing Prodigy | One Shot | Relentless Pressure | Long Ball Pass | Footwork Phenom | Pinged Pass | ST Advanced Forward+ | Whipped Pass+ | Cornerstones | Iron Will,Sporting CP,Liga Portugal,false,false,500,
251942,Costinha,75,RB,RM,78,65,72,74,70,77,3,3,1,Anticipate,0,,0,,13,Intro to Evolutions | Intro to Training Camp EVOs II | Intro to Rewards EVOs | Rising Guard | Passing Prodigy | One Shot | Relentless Pressure | Long Ball Pass | Footwork Phenom | Pinged Pass | Whipped Pass+ | Cornerstones | Iron Will,Brighton,Premier League,false,true,500,250
265331,Courtney Brosnan,75,GK,,71,72,68,77,41,77,1,3,2,Far Throw | Deflector,0,,0,,8,Intro to Training Camp EVOs I | Intro to Training Camp EVOs II | The Debut | Relentless Pressure | Long Ball Pass | Pinged Pass | Whipped Pass+ | Cornerstones,Everton,Barclays WSL,false,false,500,500
222045,Craig Halkett,75,CB,,49,51,60,62,75,77,2,3,3,Precision Header | Aerial Fortress | Bruiser,0,,0,,13,Intro to Evolutions | Intro to Training Camp EVOs II | Intro to Rewards EVOs | Rising Guard | Passing Prodigy | One Shot | Relentless Pressure | Long Ball Pass | Footwork Phenom | Pinged Pass | Whipped Pass+ | Cornerstones | Iron Will,Hearts,Scottish Prem,false,false,500,500
186537,Cristhian Stuani,75,ST,,53,78,68,68,49,71,4,3,0,,0,,0,,15,Intro to Evolutions | Intro to Training Camp EVOs II | Intro to Rewards EVOs | Club Member Reward | Rising Guard | Passing Prodigy | One Shot | Relentless Pressure | Long Ball Pass | Footwork Phenom | Pinged Pass | ST Advanced Forward+ | Whipped Pass+ | Cornerstones | Iron Will,Girona FC,LALIGA HYPERMOTION,false,false,500,750
261082,Cristian Medina,75,CM,CAM | CDM,75,63,73,79,69,73,3,3,2,Technical | First Touch,0,,0,,15,Intro to Evolutions | Intro to Training Camp EVOs II | Intro to Rewards EVOs | Rising Guard | Cover Athlete | Passing Prodigy | One Shot | Complete Connection | Relentless Pressure | Long Ball Pass | Footwork Phenom | Pinged Pass | Whipped Pass+ | Cornerstones | Iron Will,Botafogo,Sudamericana,false,false,500,1000
201389,Cristiano Biraghi,75,LB,LM,68,68,78,75,72,67,3,3,2,Dead Ball | Long Throw,0,,0,,13,Intro to Evolutions | Intro to Training Camp EVOs II | Intro to Rewards EVOs | Rising Guard | Passing Prodigy | One Shot | Relentless Pressure | Long Ball Pass | Footwork Phenom | Pinged Pass | Whipped Pass+ | Cornerstones | Iron Will,Torino,Serie A Enilive,false,false,500,500
230601,Cryzan,75,CAM,ST | LM | LW,84,73,69,79,27,86,4,4,5,Aerial Fortress | First Touch | Press Proven | Quick Step | Enforcer,0,,0,,12,Intro to Evolutions | Intro to Rewards EVOs | Club Member Reward | Rising Guard | Passing Prodigy | One Shot | Footwork Phenom | Pinged Pass | ST Advanced Forward+ | Whipped Pass+ | Cornerstones | Iron Will,Shandong Taishan,CSL,false,false,500,250
226777,Cyle Larin,75,ST,,70,75,66,70,28,77,3,4,2,Low Driven Shot | Enforcer,0,,0,,15,Intro to Evolutions | Intro to Training Camp EVOs II | Intro to Rewards EVOs | Club Member Reward | Rising Guard | Passing Prodigy | One Shot | Relentless Pressure | Long Ball Pass | Footwork Phenom | Pinged Pass | ST Advanced Forward+ | Whipped Pass+ | Cornerstones | Iron Will,Southampton,EFL Championship,false,false,500,500
265840,Cyrielle Blanc,75,CM,CDM,55,65,69,72,69,77,3,3,1,Aerial Fortress,0,,0,,14,Intro to Evolutions | Intro to Training Camp EVOs II | Intro to Rewards EVOs | Rising Guard | Passing Prodigy | One Shot | Complete Connection | Relentless Pressure | Long Ball Pass | Footwork Phenom | Pinged Pass | Whipped Pass+ | Cornerstones | Iron Will,FC Fleury 91,Arkema PL,false,false,500,500
190815,Daley Blind,75,CB,LB | CM,34,62,82,75,77,68,3,3,4,Pinged Pass | Long Ball Pass | Intercept | Anticipate,0,,0,,12,Intro to Evolutions | Intro to Rewards EVOs | Rising Guard | Passing Prodigy | One Shot | Complete Connection | Relentless Pressure | Footwork Phenom | Pinged Pass | Whipped Pass+ | Cornerstones | Iron Will,Ajax,Eredivisie,false,false,500,500
199803,Daniel Batz,75,GK,,76,73,67,78,35,75,1,3,0,,0,,0,,8,Intro to Training Camp EVOs I | Intro to Training Camp EVOs II | The Debut | Relentless Pressure | Long Ball Pass | Pinged Pass | Whipped Pass+ | Cornerstones,M'gladbach,Bundesliga,false,false,500,750
277823,Daniel Peretz,75,GK,,74,75,73,77,35,71,1,3,0,,0,,0,,8,Intro to Training Camp EVOs I | Intro to Training Camp EVOs II | The Debut | Relentless Pressure | Long Ball Pass | Pinged Pass | Whipped Pass+ | Cornerstones,Southampton,EFL Championship,false,false,500,1000
235405,Dara O'Shea,75,CB,,69,33,56,58,75,79,2,3,2,Long Ball Pass | Aerial Fortress,0,,0,,13,Intro to Evolutions | Intro to Training Camp EVOs II | Intro to Rewards EVOs | Rising Guard | Passing Prodigy | One Shot | Relentless Pressure | Long Ball Pass | Footwork Phenom | Pinged Pass | Whipped Pass+ | Cornerstones | Iron Will,Ipswich,Premier League,false,true,500,250
261530,Dário Essugo,75,CDM,CM,72,61,69,74,74,76,2,3,0,,0,,0,,14,Intro to Evolutions | Intro to Training Camp EVOs II | Intro to Rewards EVOs | Rising Guard | Passing Prodigy | One Shot | Complete Connection | Relentless Pressure | Long Ball Pass | Footwork Phenom | Pinged Pass | Whipped Pass+ | Cornerstones | Iron Will,Strasbourg,Ligue 1 McDonald's,false,false,500,500
74491,Dayann Methalie,75,LB,LM,89,50,65,71,71,78,3,3,0,,0,,0,,12,Intro to Evolutions | Intro to Training Camp EVOs II | Rising Guard | Passing Prodigy | One Shot | Relentless Pressure | Long Ball Pass | Footwork Phenom | Pinged Pass | Whipped Pass+ | Cornerstones | Iron Will,Sunderland,Premier League,false,true,500,250
251105,Dejan Joveljić,75,ST,,76,75,62,70,32,73,3,3,1,Finesse Shot,0,,0,,15,Intro to Evolutions | Intro to Training Camp EVOs II | Intro to Rewards EVOs | Club Member Reward | Rising Guard | Passing Prodigy | One Shot | Relentless Pressure | Long Ball Pass | Footwork Phenom | Pinged Pass | ST Advanced Forward+ | Whipped Pass+ | Cornerstones | Iron Will,Sounders FC,MLS,false,false,500,250
245132,Denys Popov,75,CB,RB | CDM,65,42,55,64,75,78,2,4,1,Precision Header,0,,0,,13,Intro to Evolutions | Intro to Training Camp EVOs II | Intro to Rewards EVOs | Rising Guard | Passing Prodigy | One Shot | Relentless Pressure | Long Ball Pass | Footwork Phenom | Pinged Pass | Whipped Pass+ | Cornerstones | Iron Will,Dynamo Kyiv,Ukrayina Liha,false,false,500,500
250941,Derrick Köhn,75,LB,LM,84,69,71,77,69,70,4,3,1,Rapid,0,,0,,13,Intro to Evolutions | Intro to Training Camp EVOs II | Intro to Rewards EVOs | Rising Guard | Passing Prodigy | One Shot | Relentless Pressure | Long Ball Pass | Footwork Phenom | Pinged Pass | Whipped Pass+ | Cornerstones | Iron Will,Union Berlin,Bundesliga,false,false,500,750
258826,Devyne Rensch,75,RM,LM | CB | RB,79,59,70,73,74,66,3,4,1,Intercept,0,,0,,13,Intro to Evolutions | Intro to Training Camp EVOs II | Intro to Rewards EVOs | Rising Guard | Passing Prodigy | One Shot | Relentless Pressure | Long Ball Pass | Footwork Phenom | Pinged Pass | Whipped Pass+ | Cornerstones | Iron Will,AS Roma,Serie A Enilive,false,false,500,1000
261837,Diana Silva,75,ST,,79,79,66,74,26,60,3,3,0,,0,,0,,15,Intro to Evolutions | Intro to Training Camp EVOs II | Intro to Rewards EVOs | Club Member Reward | Rising Guard | Passing Prodigy | One Shot | Relentless Pressure | Long Ball Pass | Footwork Phenom | Pinged Pass | ST Advanced Forward+ | Whipped Pass+ | Cornerstones | Iron Will,SL Benfica,Liga Portugal Feminino,false,false,500,
269181,Diego Coppola,75,CB,,60,40,58,60,76,77,2,3,2,Intercept | Aerial Fortress,0,,0,,13,Intro to Evolutions | Intro to Training Camp EVOs II | Intro to Rewards EVOs | Rising Guard | Passing Prodigy | One Shot | Relentless Pressure | Long Ball Pass | Footwork Phenom | Pinged Pass | Whipped Pass+ | Cornerstones | Iron Will,Paris FC,Ligue 1 McDonald's,false,false,500,1000
241907,Diego Rossi,75,CAM,ST,85,73,70,76,34,57,3,3,3,Finesse Shot | Technical | Quick Step,0,,0,,15,Intro to Evolutions | Intro to Training Camp EVOs II | Club Member Reward | Rising Guard | Cover Athlete | Passing Prodigy | One Shot | Relentless Pressure | Long Ball Pass | Footwork Phenom | Pinged Pass | ST Advanced Forward+ | Whipped Pass+ | Cornerstones | Iron Will,Monterrey,Liga BBVA MX,false,false,500,250
212212,Dominik Kohr,75,CB,CDM | CM,72,63,60,69,74,81,2,3,4,Long Ball Pass | Intercept | Slide Tackle | Bruiser,0,,0,,12,Intro to Evolutions | Intro to Rewards EVOs | Rising Guard | Passing Prodigy | One Shot | Complete Connection | Relentless Pressure | Footwork Phenom | Pinged Pass | Whipped Pass+ | Cornerstones | Iron Will,1. FSV Mainz 05,Bundesliga,false,false,500,750
246267,Dominik Kotarski,75,GK,,76,72,75,76,46,73,1,3,1,Footwork,0,,0,,8,Intro to Training Camp EVOs I | Intro to Training Camp EVOs II | The Debut | Relentless Pressure | Long Ball Pass | Pinged Pass | Whipped Pass+ | Cornerstones,Dinamo Zagreb,Liga Hrvatska,false,false,500,250
239016,Dominik Schmid,75,LB,LM,80,58,75,74,67,73,3,5,5,Whipped Pass | Intercept | Aerial Fortress | Press Proven | Relentless,0,,0,,10,Intro to Evolutions | Intro to Rewards EVOs | Rising Guard | Passing Prodigy | One Shot | Footwork Phenom | Pinged Pass | Whipped Pass+ | Cornerstones | Iron Will,RB Salzburg,Ö. Bundesliga,false,false,500,500
260236,Dorgeles Nene,75,RM,LM | RW | LW,85,73,69,76,39,62,3,4,2,Low Driven Shot | Quick Step,0,,0,,12,Intro to Evolutions | Intro to Training Camp EVOs II | Rising Guard | Passing Prodigy | One Shot | Relentless Pressure | Long Ball Pass | Footwork Phenom | Pinged Pass | Whipped Pass+ | Cornerstones | Iron Will,Fenerbahçe,Trendyol Süper Lig,false,false,500,3000
270532,Dženan Pejčinović,75,ST,,76,75,59,73,31,73,3,3,0,,0,,0,,15,Intro to Evolutions | Intro to Training Camp EVOs II | Intro to Rewards EVOs | Club Member Reward | Rising Guard | Passing Prodigy | One Shot | Relentless Pressure | Long Ball Pass | Footwork Phenom | Pinged Pass | ST Advanced Forward+ | Whipped Pass+ | Cornerstones | Iron Will,VfB Stuttgart,Bundesliga,false,false,500,1000
236988,Eddie Nketiah,75,ST,,80,75,64,76,25,64,3,3,1,Chip Shot,0,,0,,15,Intro to Evolutions | Intro to Training Camp EVOs II | Intro to Rewards EVOs | Club Member Reward | Rising Guard | Passing Prodigy | One Shot | Relentless Pressure | Long Ball Pass | Footwork Phenom | Pinged Pass | ST Advanced Forward+ | Whipped Pass+ | Cornerstones | Iron Will,Crystal Palace,Premier League,false,true,500,7500
263193,El Chadaille Bitshiabu,75,CB,,67,36,60,56,74,79,2,3,1,Pinged Pass,0,,0,,13,Intro to Evolutions | Intro to Training Camp EVOs II | Intro to Rewards EVOs | Rising Guard | Passing Prodigy | One Shot | Relentless Pressure | Long Ball Pass | Footwork Phenom | Pinged Pass | Whipped Pass+ | Cornerstones | Iron Will,Galatasaray,Trendyol Süper Lig,false,false,500,500
221053,Elías Gómez,75,LB,LM,82,63,71,75,69,83,3,3,2,Long Ball Pass | Whipped Pass,0,,0,,13,Intro to Evolutions | Intro to Training Camp EVOs II | Intro to Rewards EVOs | Rising Guard | Passing Prodigy | One Shot | Relentless Pressure | Long Ball Pass | Footwork Phenom | Pinged Pass | Whipped Pass+ | Cornerstones | Iron Will,Vélez Sarsfield,LPF,false,false,500,1000
87688,Elisabetta Oliviero,75,LB,,74,26,61,67,74,63,3,4,0,,0,,0,,13,Intro to Evolutions | Intro to Training Camp EVOs II | Intro to Rewards EVOs | Rising Guard | Passing Prodigy | One Shot | Relentless Pressure | Long Ball Pass | Footwork Phenom | Pinged Pass | Whipped Pass+ | Cornerstones | Iron Will,Roma,Calcio A Femminile,false,false,500,
76201,Ella Peddemors,75,CAM,CM | CDM,69,67,71,74,71,66,3,3,0,,0,,0,,15,Intro to Evolutions | Intro to Training Camp EVOs II | Intro to Rewards EVOs | Rising Guard | Cover Athlete | Passing Prodigy | One Shot | Complete Connection | Relentless Pressure | Long Ball Pass | Footwork Phenom | Pinged Pass | Whipped Pass+ | Cornerstones | Iron Will,VfL Wolfsburg,GPFBL,false,false,500,500
247796,Ellie Roebuck,75,GK,,74,75,71,74,59,75,1,3,1,Footwork,0,,0,,8,Intro to Training Camp EVOs I | Intro to Training Camp EVOs II | The Debut | Relentless Pressure | Long Ball Pass | Pinged Pass | Whipped Pass+ | Cornerstones,Aston Villa,Barclays WSL,false,false,500,1000
221551,Emanuel Mammana,75,CB,,75,48,65,70,75,78,3,3,2,Long Ball Pass | Slide Tackle,0,,0,,13,Intro to Evolutions | Intro to Training Camp EVOs II | Intro to Rewards EVOs | Rising Guard | Passing Prodigy | One Shot | Relentless Pressure | Long Ball Pass | Footwork Phenom | Pinged Pass | Whipped Pass+ | Cornerstones | Iron Will,Vélez Sarsfield,LPF,false,false,500,500
258714,Emanuele Valeri,75,LB,LM,77,70,73,74,71,67,3,2,2,Whipped Pass | Long Throw,0,,0,,13,Intro to Evolutions | Intro to Training Camp EVOs II | Intro to Rewards EVOs | Rising Guard | Passing Prodigy | One Shot | Relentless Pressure | Long Ball Pass | Footwork Phenom | Pinged Pass | Whipped Pass+ | Cornerstones | Iron Will,Parma,Serie A Enilive,false,false,500,500
219953,Embarba,75,LW,RW | LM | RM,75,76,76,75,42,64,4,4,3,Dead Ball | Whipped Pass | Technical,0,,0,,13,Intro to Evolutions | Intro to Training Camp EVOs II | Intro to Rewards EVOs | Rising Guard | Passing Prodigy | One Shot | Relentless Pressure | Long Ball Pass | Footwork Phenom | Pinged Pass | Whipped Pass+ | Cornerstones | Iron Will,UD Almería,LALIGA HYPERMOTION,false,false,500,500
86589,Emma Östlund,75,CB,,63,41,55,68,76,68,2,3,0,,0,,0,,13,Intro to Evolutions | Intro to Training Camp EVOs II | Intro to Rewards EVOs | Rising Guard | Passing Prodigy | One Shot | Relentless Pressure | Long Ball Pass | Footwork Phenom | Pinged Pass | Whipped Pass+ | Cornerstones | Iron Will,BK Hcken,Sverige Liga,false,false,500,
223197,Enes Ünal,75,ST,,53,78,68,74,40,68,3,4,1,Power Shot,0,,0,,15,Intro to Evolutions | Intro to Training Camp EVOs II | Intro to Rewards EVOs | Club Member Reward | Rising Guard | Passing Prodigy | One Shot | Relentless Pressure | Long Ball Pass | Footwork Phenom | Pinged Pass | ST Advanced Forward+ | Whipped Pass+ | Cornerstones | Iron Will,Getafe CF,LALIGA EA SPORTS,false,false,500,500
252442,Enrico Delprato,75,CB,RB,79,54,65,70,76,74,2,3,0,,0,,0,,13,Intro to Evolutions | Intro to Training Camp EVOs II | Intro to Rewards EVOs | Rising Guard | Passing Prodigy | One Shot | Relentless Pressure | Long Ball Pass | Footwork Phenom | Pinged Pass | Whipped Pass+ | Cornerstones | Iron Will,Parma,Serie A Enilive,false,false,500,500
236784,Ephron Mason-Clark,75,LM,LW,86,71,69,76,36,78,4,4,3,Precision Header | Acrobatic | Press Proven,0,,0,,12,Intro to Evolutions | Intro to Training Camp EVOs II | Rising Guard | Passing Prodigy | One Shot | Relentless Pressure | Long Ball Pass | Footwork Phenom | Pinged Pass | Whipped Pass+ | Cornerstones | Iron Will,Coventry City,Premier League,false,true,500,500
261195,Ernest Muçi,75,CAM,LM | RM | LW,76,73,75,77,32,57,4,4,1,First Touch,0,,0,,13,Intro to Evolutions | Intro to Training Camp EVOs II | Intro to Rewards EVOs | Rising Guard | Passing Prodigy | One Shot | Relentless Pressure | Long Ball Pass | Footwork Phenom | Pinged Pass | Whipped Pass+ | Cornerstones | Iron Will,Trabzonspor,Trendyol Süper Lig,false,false,500,250
277264,Estrella Merino Gonzalez,75,RB,RM,75,65,68,70,72,61,2,2,0,,0,,0,,13,Intro to Evolutions | Intro to Training Camp EVOs II | Intro to Rewards EVOs | Rising Guard | Passing Prodigy | One Shot | Relentless Pressure | Long Ball Pass | Footwork Phenom | Pinged Pass | Whipped Pass+ | Cornerstones | Iron Will,Leverkusen,GPFBL,false,false,500,500
271807,Ethan Nwaneri,75,RW,RM,81,69,74,77,50,54,3,3,1,Finesse Shot,0,,0,,13,Intro to Evolutions | Intro to Training Camp EVOs II | Intro to Rewards EVOs | Rising Guard | Passing Prodigy | One Shot | Relentless Pressure | Long Ball Pass | Footwork Phenom | Pinged Pass | Whipped Pass+ | Cornerstones | Iron Will,Borussia Dortmund,Bundesliga,false,false,500,750
238717,Ethan Pinnock,75,CB,,52,36,55,59,77,69,2,3,2,Anticipate | Long Throw,0,,0,,13,Intro to Evolutions | Intro to Training Camp EVOs II | Intro to Rewards EVOs | Rising Guard | Passing Prodigy | One Shot | Relentless Pressure | Long Ball Pass | Footwork Phenom | Pinged Pass | Whipped Pass+ | Cornerstones | Iron Will,Coventry City,Premier League,false,true,500,500
222511,Ezequiel Unsain,75,GK,,79,69,76,79,57,71,1,3,1,Far Reach,0,,0,,8,Intro to Training Camp EVOs I | Intro to Training Camp EVOs II | The Debut | Relentless Pressure | Long Ball Pass | Pinged Pass | Whipped Pass+ | Cornerstones,Talleres,LPF,false,false,500,
231614,Fabian Reese,75,LM,ST | RM | LW,83,74,69,73,42,78,3,3,5,Finesse Shot | Gamechanger | Whipped Pass | Rapid | Quick Step,0,,0,,12,Intro to Evolutions | Intro to Rewards EVOs | Club Member Reward | Rising Guard | Passing Prodigy | One Shot | Footwork Phenom | Pinged Pass | ST Advanced Forward+ | Whipped Pass+ | Cornerstones | Iron Will,VfL Wolfsburg,Bundesliga 2,false,false,500,500
258976,Fabiano Parisi,75,LB,RB | CM,75,66,70,77,73,63,2,3,0,,0,,0,,14,Intro to Evolutions | Intro to Training Camp EVOs II | Intro to Rewards EVOs | Rising Guard | Passing Prodigy | One Shot | Complete Connection | Relentless Pressure | Long Ball Pass | Footwork Phenom | Pinged Pass | Whipped Pass+ | Cornerstones | Iron Will,Fiorentina,Serie A Enilive,false,false,500,500
268802,Fabio Miretti,75,CM,CAM,73,64,76,79,68,66,3,4,2,Finesse Shot | Incisive Pass,0,,0,,15,Intro to Evolutions | Intro to Training Camp EVOs II | Intro to Rewards EVOs | Rising Guard | Cover Athlete | Passing Prodigy | One Shot | Complete Connection | Relentless Pressure | Long Ball Pass | Footwork Phenom | Pinged Pass | Whipped Pass+ | Cornerstones | Iron Will,Beşiktaş,Trendyol Süper Lig,false,false,500,2000
232645,Facundo Cambeses,75,GK,,76,71,70,77,55,74,1,2,2,Cross Claimer | Far Reach,0,,0,,8,Intro to Training Camp EVOs I | Intro to Training Camp EVOs II | The Debut | Relentless Pressure | Long Ball Pass | Pinged Pass | Whipped Pass+ | Cornerstones,Racing Club,LPF,false,false,500,1000
268573,Federico Baschirotto,75,CB,,64,53,60,58,74,90,2,3,3,Precision Header | Long Ball Pass | Aerial Fortress,0,,0,,13,Intro to Evolutions | Intro to Training Camp EVOs II | Intro to Rewards EVOs | Rising Guard | Passing Prodigy | One Shot | Relentless Pressure | Long Ball Pass | Footwork Phenom | Pinged Pass | Whipped Pass+ | Cornerstones | Iron Will,Cremonese,Serie BKT,false,false,500,500
255874,Federico Pereira,75,CB,RB,73,44,57,63,78,78,2,3,5,Long Ball Pass | Jockey | Intercept | Anticipate | Aerial Fortress,0,,0,,10,Intro to Evolutions | Intro to Rewards EVOs | Rising Guard | Passing Prodigy | One Shot | Footwork Phenom | Pinged Pass | Whipped Pass+ | Cornerstones | Iron Will,Toluca FC,Liga BBVA MX,false,false,500,
85272,Felicia Schröder,75,ST,CAM,72,74,53,74,22,63,2,3,0,,0,,0,,16,Intro to Evolutions | Intro to Training Camp EVOs II | Intro to Rewards EVOs | Club Member Reward | Rising Guard | Cover Athlete | Passing Prodigy | One Shot | Relentless Pressure | Long Ball Pass | Footwork Phenom | Pinged Pass | ST Advanced Forward+ | Whipped Pass+ | Cornerstones | Iron Will,Real Madrid,Liga F Moeve,true,false,500,
253167,Félix Correia,75,LM,RM | LW | RW,84,69,69,76,42,64,4,2,2,Intercept | Technical,0,,0,,13,Intro to Evolutions | Intro to Training Camp EVOs II | Intro to Rewards EVOs | Rising Guard | Passing Prodigy | One Shot | Relentless Pressure | Long Ball Pass | Footwork Phenom | Pinged Pass | Whipped Pass+ | Cornerstones | Iron Will,Sevilla FC,LALIGA EA SPORTS,false,false,500,500
253433,Femi Azeez,75,RM,LM | RW | LW,78,70,73,75,41,68,3,3,5,Finesse Shot | Precision Header | Gamechanger | Whipped Pass | Inventive,0,,0,,10,Intro to Evolutions | Intro to Rewards EVOs | Rising Guard | Passing Prodigy | One Shot | Footwork Phenom | Pinged Pass | Whipped Pass+ | Cornerstones | Iron Will,Brighton,Premier League,false,true,500,500
265800,Ferran Jutglà,75,ST,RW | LW | CAM,75,76,66,77,29,77,3,4,2,Finesse Shot | Gamechanger,0,,0,,15,Intro to Evolutions | Intro to Training Camp EVOs II | Intro to Rewards EVOs | Club Member Reward | Rising Guard | Passing Prodigy | One Shot | Relentless Pressure | Long Ball Pass | Footwork Phenom | Pinged Pass | ST Advanced Forward+ | Whipped Pass+ | Cornerstones | Iron Will,Celta,LALIGA EA SPORTS,false,false,500,750
193881,Filip Đuričić,75,CAM,LM | CM,71,73,74,77,42,60,4,4,3,Finesse Shot | Chip Shot | Technical,0,,0,,15,Intro to Evolutions | Intro to Training Camp EVOs II | Intro to Rewards EVOs | Rising Guard | Cover Athlete | Passing Prodigy | One Shot | Complete Connection | Relentless Pressure | Long Ball Pass | Footwork Phenom | Pinged Pass | Whipped Pass+ | Cornerstones | Iron Will,APOEL FC,Liga Cyprus,false,false,500,250
236657,Filip Ugrinić,75,CM,CDM | CAM,76,73,75,75,70,85,3,4,2,Relentless | Enforcer,0,,0,,15,Intro to Evolutions | Intro to Training Camp EVOs II | Intro to Rewards EVOs | Rising Guard | Cover Athlete | Passing Prodigy | One Shot | Complete Connection | Relentless Pressure | Long Ball Pass | Footwork Phenom | Pinged Pass | Whipped Pass+ | Cornerstones | Iron Will,Valencia CF,LALIGA EA SPORTS,false,false,500,1000
278780,Finn Jeltsch,75,CB,,72,38,60,65,75,73,2,4,0,,0,,0,,13,Intro to Evolutions | Intro to Training Camp EVOs II | Intro to Rewards EVOs | Rising Guard | Passing Prodigy | One Shot | Relentless Pressure | Long Ball Pass | Footwork Phenom | Pinged Pass | Whipped Pass+ | Cornerstones | Iron Will,VfB Stuttgart,Bundesliga,false,false,500,1000
254310,Francés,75,CB,RB | RM,75,46,68,68,75,77,2,4,0,,0,,0,,13,Intro to Evolutions | Intro to Training Camp EVOs II | Intro to Rewards EVOs | Rising Guard | Passing Prodigy | One Shot | Relentless Pressure | Long Ball Pass | Footwork Phenom | Pinged Pass | Whipped Pass+ | Cornerstones | Iron Will,Girona FC,LALIGA HYPERMOTION,false,false,500,750
242569,Francisco Álvarez,75,CB,,67,31,53,63,75,80,2,3,3,Long Ball Pass | Intercept | Aerial Fortress,0,,0,,13,Intro to Evolutions | Intro to Training Camp EVOs II | Intro to Rewards EVOs | Rising Guard | Passing Prodigy | One Shot | Relentless Pressure | Long Ball Pass | Footwork Phenom | Pinged Pass | Whipped Pass+ | Cornerstones | Iron Will,Argentinos Jrs.,LPF,false,false,500,750
254695,Franco Ibarra,75,CDM,CM | CB,69,52,66,67,74,80,2,3,1,Intercept,0,,0,,14,Intro to Evolutions | Intro to Training Camp EVOs II | Intro to Rewards EVOs | Rising Guard | Passing Prodigy | One Shot | Complete Connection | Relentless Pressure | Long Ball Pass | Footwork Phenom | Pinged Pass | Whipped Pass+ | Cornerstones | Iron Will,Rosario Central ,LPF,false,false,500,750
207471,Franco Vázquez,75,CAM,ST | CDM | CM,52,76,76,74,58,77,4,3,4,Incisive Pass | Long Ball Pass | Technical | First Touch,0,,0,,14,Intro to Evolutions | Intro to Rewards EVOs | Club Member Reward | Rising Guard | Passing Prodigy | One Shot | Complete Connection | Relentless Pressure | Footwork Phenom | Pinged Pass | ST Advanced Forward+ | Whipped Pass+ | Cornerstones | Iron Will,Belgrano,LPF,false,false,500,750
74896,Franjo Ivanović,75,ST,,74,76,66,72,29,73,3,3,5,Finesse Shot | Power Shot | Low Driven Shot | Press Proven | Bruiser,0,,0,,12,Intro to Evolutions | Intro to Rewards EVOs | Club Member Reward | Rising Guard | Passing Prodigy | One Shot | Footwork Phenom | Pinged Pass | ST Advanced Forward+ | Whipped Pass+ | Cornerstones | Iron Will,RC Lens,Ligue 1 McDonald's,false,false,500,250
239529,Frank Onyeka,75,CDM,CM,75,66,68,74,73,79,3,3,1,Pinged Pass,0,,0,,14,Intro to Evolutions | Intro to Training Camp EVOs II | Intro to Rewards EVOs | Rising Guard | Passing Prodigy | One Shot | Complete Connection | Relentless Pressure | Long Ball Pass | Footwork Phenom | Pinged Pass | Whipped Pass+ | Cornerstones | Iron Will,Coventry City,Premier League,false,true,500,3000
233800,Fredrik Bjørkan,75,LB,LM,82,53,67,73,68,76,3,3,2,Rapid | Relentless,0,,0,,13,Intro to Evolutions | Intro to Training Camp EVOs II | Intro to Rewards EVOs | Rising Guard | Passing Prodigy | One Shot | Relentless Pressure | Long Ball Pass | Footwork Phenom | Pinged Pass | Whipped Pass+ | Cornerstones | Iron Will,FK Bodø/Glimt,Eliteserien,false,false,500,500
253287,Gabriel Neves,75,CDM,CM,70,64,73,73,73,69,2,4,1,Long Ball Pass,0,,0,,14,Intro to Evolutions | Intro to Training Camp EVOs II | Intro to Rewards EVOs | Rising Guard | Passing Prodigy | One Shot | Complete Connection | Relentless Pressure | Long Ball Pass | Footwork Phenom | Pinged Pass | Whipped Pass+ | Cornerstones | Iron Will,Estudiantes,LPF,false,false,500,250
274187,Gabriel Pereira,75,CB,,71,39,62,67,73,82,2,3,4,Long Ball Pass | Intercept | Anticipate | Aerial Fortress,0,,0,,11,Intro to Evolutions | Intro to Rewards EVOs | Rising Guard | Passing Prodigy | One Shot | Relentless Pressure | Footwork Phenom | Pinged Pass | Whipped Pass+ | Cornerstones | Iron Will,F.C. København,3F Superliga,false,false,500,750
266551,Gabrielle George,75,LB,CB | LM,57,57,69,67,78,79,3,3,1,Dead Ball,0,,0,,13,Intro to Evolutions | Intro to Training Camp EVOs II | Intro to Rewards EVOs | Rising Guard | Passing Prodigy | One Shot | Relentless Pressure | Long Ball Pass | Footwork Phenom | Pinged Pass | Whipped Pass+ | Cornerstones | Iron Will,Brighton,Barclays WSL,false,false,500,500
232360,Gaëtan Perrin,75,RM,LM | RW | LW,79,71,75,76,37,63,3,4,4,Dead Ball | Gamechanger | Incisive Pass | Press Proven,0,,0,,11,Intro to Evolutions | Intro to Rewards EVOs | Rising Guard | Passing Prodigy | One Shot | Relentless Pressure | Footwork Phenom | Pinged Pass | Whipped Pass+ | Cornerstones | Iron Will,LOSC Lille,Ligue 1 McDonald's,false,false,500,
266797,Gastón Álvarez,75,CB,LB | CDM,76,27,59,65,76,78,2,4,3,Jockey | Aerial Fortress | Bruiser,0,,0,,13,Intro to Evolutions | Intro to Training Camp EVOs II | Intro to Rewards EVOs | Rising Guard | Passing Prodigy | One Shot | Relentless Pressure | Long Ball Pass | Footwork Phenom | Pinged Pass | Whipped Pass+ | Cornerstones | Iron Will,Al Qadsiah,ROSHN Saudi League,false,false,500,250
242342,Gastón Lódico,75,CM,CDM | LM | LW,79,66,75,80,60,67,3,3,1,Long Ball Pass,0,,0,,14,Intro to Evolutions | Intro to Training Camp EVOs II | Intro to Rewards EVOs | Rising Guard | Passing Prodigy | One Shot | Complete Connection | Relentless Pressure | Long Ball Pass | Footwork Phenom | Pinged Pass | Whipped Pass+ | Cornerstones | Iron Will,Racing Club,LPF,false,false,500,500
222286,Gautier Lloris,75,CB,,35,36,54,56,76,78,2,3,2,Intercept | Aerial Fortress,0,,0,,13,Intro to Evolutions | Intro to Training Camp EVOs II | Intro to Rewards EVOs | Rising Guard | Passing Prodigy | One Shot | Relentless Pressure | Long Ball Pass | Footwork Phenom | Pinged Pass | Whipped Pass+ | Cornerstones | Iron Will,Stade Brestois 29,Ligue 1 McDonald's,false,false,500,750
227243,Gemma Bonner,75,CB,,40,48,46,58,76,74,2,4,3,Precision Header | Block | Aerial Fortress,0,,0,,13,Intro to Evolutions | Intro to Training Camp EVOs II | Intro to Rewards EVOs | Rising Guard | Passing Prodigy | One Shot | Relentless Pressure | Long Ball Pass | Footwork Phenom | Pinged Pass | Whipped Pass+ | Cornerstones | Iron Will,Denver Summit FC,NWSL,false,false,500,500
246708,Georgios Masouras,75,LM,RM | ST | LW,76,74,73,75,49,74,3,4,0,,0,,0,,15,Intro to Evolutions | Intro to Training Camp EVOs II | Intro to Rewards EVOs | Club Member Reward | Rising Guard | Passing Prodigy | One Shot | Relentless Pressure | Long Ball Pass | Footwork Phenom | Pinged Pass | ST Advanced Forward+ | Whipped Pass+ | Cornerstones | Iron Will,Neom,ROSHN Saudi League,false,false,500,500
255634,Georgios Vagiannidis,75,RB,RM,81,54,70,75,70,70,3,3,1,Relentless,0,,0,,13,Intro to Evolutions | Intro to Training Camp EVOs II | Intro to Rewards EVOs | Rising Guard | Passing Prodigy | One Shot | Relentless Pressure | Long Ball Pass | Footwork Phenom | Pinged Pass | Whipped Pass+ | Cornerstones | Iron Will,Sporting CP,Liga Portugal,false,false,500,250
242332,Gianluca Busio,75,CM,CDM,75,68,72,77,67,59,3,4,2,Jockey | Relentless,0,,0,,14,Intro to Evolutions | Intro to Training Camp EVOs II | Intro to Rewards EVOs | Rising Guard | Passing Prodigy | One Shot | Complete Connection | Relentless Pressure | Long Ball Pass | Footwork Phenom | Pinged Pass | Whipped Pass+ | Cornerstones | Iron Will,Venezia,Serie A Enilive,false,false,500,500
269292,Gianluca Prestianni,75,RW,RM | CAM | ST,87,64,65,81,44,53,4,3,5,Incisive Pass | Inventive | Technical | Trickster | Quick Step,0,,0,,11,Intro to Evolutions | Club Member Reward | Rising Guard | Passing Prodigy | One Shot | Footwork Phenom | Pinged Pass | ST Advanced Forward+ | Whipped Pass+ | Cornerstones | Iron Will,SL Benfica,Liga Portugal,false,false,500,1500
278399,Gonzalo,75,ST,,72,76,64,71,46,73,3,4,1,Low Driven Shot,0,,0,,15,Intro to Evolutions | Intro to Training Camp EVOs II | Intro to Rewards EVOs | Club Member Reward | Rising Guard | Passing Prodigy | One Shot | Relentless Pressure | Long Ball Pass | Footwork Phenom | Pinged Pass | ST Advanced Forward+ | Whipped Pass+ | Cornerstones | Iron Will,Fulham,Premier League,false,true,500,6500
265301,Grace Fisk,75,CB,RB,43,43,66,62,78,72,2,3,2,Jockey | Block,0,,0,,13,Intro to Evolutions | Intro to Training Camp EVOs II | Intro to Rewards EVOs | Rising Guard | Passing Prodigy | One Shot | Relentless Pressure | Long Ball Pass | Footwork Phenom | Pinged Pass | Whipped Pass+ | Cornerstones | Iron Will,Liverpool,Barclays WSL,true,false,500,500
74822,Gracie Prior,75,CB,,56,40,51,61,77,65,2,3,0,,0,,0,,13,Intro to Evolutions | Intro to Training Camp EVOs II | Intro to Rewards EVOs | Rising Guard | Passing Prodigy | One Shot | Relentless Pressure | Long Ball Pass | Footwork Phenom | Pinged Pass | Whipped Pass+ | Cornerstones | Iron Will,Manchester City,Barclays WSL,true,false,500,1000
239203,Grégoire Coudert,75,GK,,74,72,69,77,34,73,1,3,0,,0,,0,,8,Intro to Training Camp EVOs I | Intro to Training Camp EVOs II | The Debut | Relentless Pressure | Long Ball Pass | Pinged Pass | Whipped Pass+ | Cornerstones,Burnley,EFL Championship,false,false,500,500
265060,Greta Stegemann,75,CB,RB | CDM,45,49,63,63,76,80,2,2,1,Precision Header,0,,0,,13,Intro to Evolutions | Intro to Training Camp EVOs II | Intro to Rewards EVOs | Rising Guard | Passing Prodigy | One Shot | Relentless Pressure | Long Ball Pass | Footwork Phenom | Pinged Pass | Whipped Pass+ | Cornerstones | Iron Will,VfB Stuttgart,GPFBL,false,false,500,500
234819,Guilherme,75,LM,LW,85,74,67,76,26,64,3,3,2,Finesse Shot | Rapid,0,,0,,12,Intro to Evolutions | Intro to Training Camp EVOs II | Rising Guard | Passing Prodigy | One Shot | Relentless Pressure | Long Ball Pass | Footwork Phenom | Pinged Pass | Whipped Pass+ | Cornerstones | Iron Will,Houston Dynamo,MLS,false,false,500,
264191,Gustaf Lagerbielke,75,CB,,52,37,61,64,74,78,2,3,1,Aerial Fortress,0,,0,,13,Intro to Evolutions | Intro to Training Camp EVOs II | Intro to Rewards EVOs | Rising Guard | Passing Prodigy | One Shot | Relentless Pressure | Long Ball Pass | Footwork Phenom | Pinged Pass | Whipped Pass+ | Cornerstones | Iron Will,SC Braga,Liga Portugal,false,false,500,500
234741,Gustavo Hamer,75,LM,CAM | LW | CM,70,73,78,75,72,74,3,3,6,Finesse Shot | Dead Ball | Gamechanger | Incisive Pass | Inventive | Press Proven,0,,0,,9,Intro to Evolutions | Intro to Rewards EVOs | Rising Guard | Passing Prodigy | One Shot | Footwork Phenom | Whipped Pass+ | Cornerstones | Iron Will,Coventry City,Premier League,false,true,500,250
219789,Hamari Traoré,75,RB,CDM,70,57,72,74,74,72,3,3,1,Long Throw,0,,0,,13,Intro to Evolutions | Intro to Training Camp EVOs II | Intro to Rewards EVOs | Rising Guard | Passing Prodigy | One Shot | Relentless Pressure | Long Ball Pass | Footwork Phenom | Pinged Pass | Whipped Pass+ | Cornerstones | Iron Will,Paris FC,Ligue 1 McDonald's,false,false,500,10000
240787,Hamed Junior Traoré,75,LM,LW,81,70,71,76,56,61,3,3,0,,0,,0,,13,Intro to Evolutions | Intro to Training Camp EVOs II | Intro to Rewards EVOs | Rising Guard | Passing Prodigy | One Shot | Relentless Pressure | Long Ball Pass | Footwork Phenom | Pinged Pass | Whipped Pass+ | Cornerstones | Iron Will,Genoa,Serie A Enilive,false,false,500,500
258171,Hannibal,75,CM,CAM,68,63,74,76,69,77,3,3,0,,0,,0,,15,Intro to Evolutions | Intro to Training Camp EVOs II | Intro to Rewards EVOs | Rising Guard | Cover Athlete | Passing Prodigy | One Shot | Complete Connection | Relentless Pressure | Long Ball Pass | Footwork Phenom | Pinged Pass | Whipped Pass+ | Cornerstones | Iron Will,Burnley,EFL Championship,false,false,500,3500
253162,Hans Nicolussi Caviglia,75,CDM,CM,59,68,77,75,69,67,3,4,0,,0,,0,,14,Intro to Evolutions | Intro to Training Camp EVOs II | Intro to Rewards EVOs | Rising Guard | Passing Prodigy | One Shot | Complete Connection | Relentless Pressure | Long Ball Pass | Footwork Phenom | Pinged Pass | Whipped Pass+ | Cornerstones | Iron Will,Parma,Serie A Enilive,false,false,500,500
224444,Haris Belkebla,75,CDM,CM,43,49,71,71,70,75,3,3,1,Relentless,0,,0,,14,Intro to Evolutions | Intro to Training Camp EVOs II | Intro to Rewards EVOs | Rising Guard | Passing Prodigy | One Shot | Complete Connection | Relentless Pressure | Long Ball Pass | Footwork Phenom | Pinged Pass | Whipped Pass+ | Cornerstones | Iron Will,Angers SCO,Ligue 1 McDonald's,false,false,500,500
227137,Hayley Raso,75,RM,RW | RB,89,70,67,79,34,59,3,4,3,Finesse Shot | Rapid | Quick Step,0,,0,,12,Intro to Evolutions | Intro to Training Camp EVOs II | Rising Guard | Passing Prodigy | One Shot | Relentless Pressure | Long Ball Pass | Footwork Phenom | Pinged Pass | Whipped Pass+ | Cornerstones | Iron Will,Frankfurt,GPFBL,false,false,500,750
248231,Hernán López Muñoz,75,CAM,RW | RM | CM,85,69,70,79,36,62,5,2,4,Pinged Pass | First Touch | Trickster | Press Proven,0,,0,,11,Intro to Evolutions | Rising Guard | Passing Prodigy | One Shot | Complete Connection | Relentless Pressure | Footwork Phenom | Pinged Pass | Whipped Pass+ | Cornerstones | Iron Will,Argentinos Jrs.,LPF,false,false,500,750
253157,Hicham Boudaoui,75,CM,CDM,73,67,73,76,73,75,3,3,1,Technical,0,,0,,14,Intro to Evolutions | Intro to Training Camp EVOs II | Intro to Rewards EVOs | Rising Guard | Passing Prodigy | One Shot | Complete Connection | Relentless Pressure | Long Ball Pass | Footwork Phenom | Pinged Pass | Whipped Pass+ | Cornerstones | Iron Will,OGC Nice,Ligue 1 McDonald's,false,false,500,500
246297,Himad Abdelli,75,CAM,CM | CDM,59,72,76,77,59,71,4,3,4,Incisive Pass | Inventive | Technical | First Touch,0,,0,,13,Intro to Evolutions | Intro to Rewards EVOs | Rising Guard | Cover Athlete | Passing Prodigy | One Shot | Complete Connection | Relentless Pressure | Footwork Phenom | Pinged Pass | Whipped Pass+ | Cornerstones | Iron Will,OM,Ligue 1 McDonald's,false,false,500,250
266331,Hugo Álvarez,75,LM,RM | LW | RW,69,68,73,76,62,59,3,3,0,,0,,0,,13,Intro to Evolutions | Intro to Training Camp EVOs II | Intro to Rewards EVOs | Rising Guard | Passing Prodigy | One Shot | Relentless Pressure | Long Ball Pass | Footwork Phenom | Pinged Pass | Whipped Pass+ | Cornerstones | Iron Will,Celta,LALIGA EA SPORTS,false,false,500,500
261224,Hugo Bueno,75,LB,LM,73,56,74,78,70,68,3,2,1,Whipped Pass,0,,0,,13,Intro to Evolutions | Intro to Training Camp EVOs II | Intro to Rewards EVOs | Rising Guard | Passing Prodigy | One Shot | Relentless Pressure | Long Ball Pass | Footwork Phenom | Pinged Pass | Whipped Pass+ | Cornerstones | Iron Will,Wolves,EFL Championship,false,false,500,1500
167948,Hugo Lloris,75,GK,,74,75,69,73,51,76,1,1,1,Deflector,0,,0,,8,Intro to Training Camp EVOs I | Intro to Training Camp EVOs II | The Debut | Relentless Pressure | Long Ball Pass | Pinged Pass | Whipped Pass+ | Cornerstones,LAFC,MLS,false,false,500,500
279026,Hugo Rincón,75,RB,RM | RW,83,64,69,72,69,75,2,2,0,,0,,0,,13,Intro to Evolutions | Intro to Training Camp EVOs II | Intro to Rewards EVOs | Rising Guard | Passing Prodigy | One Shot | Relentless Pressure | Long Ball Pass | Footwork Phenom | Pinged Pass | Whipped Pass+ | Cornerstones | Iron Will,Athletic Club,LALIGA EA SPORTS,false,false,500,1000
241585,Igor Julio,75,CB,LB,62,42,61,57,75,79,2,2,1,Bruiser,0,,0,,13,Intro to Evolutions | Intro to Training Camp EVOs II | Intro to Rewards EVOs | Rising Guard | Passing Prodigy | One Shot | Relentless Pressure | Long Ball Pass | Footwork Phenom | Pinged Pass | Whipped Pass+ | Cornerstones | Iron Will,Burnley,EFL Championship,false,false,500,500
248384,Ilia Gruev,75,CDM,CM,64,57,74,72,72,69,3,3,0,,0,,0,,14,Intro to Evolutions | Intro to Training Camp EVOs II | Intro to Rewards EVOs | Rising Guard | Passing Prodigy | One Shot | Complete Connection | Relentless Pressure | Long Ball Pass | Footwork Phenom | Pinged Pass | Whipped Pass+ | Cornerstones | Iron Will,Leeds United,Premier League,false,true,500,1000
265578,Ilias Akhomach,75,RW,RM,77,71,71,77,32,60,4,4,0,,0,,0,,13,Intro to Evolutions | Intro to Training Camp EVOs II | Intro to Rewards EVOs | Rising Guard | Passing Prodigy | One Shot | Relentless Pressure | Long Ball Pass | Footwork Phenom | Pinged Pass | Whipped Pass+ | Cornerstones | Iron Will,Villarreal CF,LALIGA EA SPORTS,false,false,500,1000
246139,Iñaki Peña,75,GK,,74,72,74,77,35,74,1,3,1,Footwork,0,,0,,8,Intro to Training Camp EVOs I | Intro to Training Camp EVOs II | The Debut | Relentless Pressure | Long Ball Pass | Pinged Pass | Whipped Pass+ | Cornerstones,Panathinaikos,Hellas Liga,false,false,500,750
264944,Inès Benyahia,75,CAM,CM | ST | CDM,62,73,73,76,63,70,3,3,1,Incisive Pass,0,,0,,16,Intro to Evolutions | Intro to Training Camp EVOs II | Intro to Rewards EVOs | Club Member Reward | Rising Guard | Passing Prodigy | One Shot | Complete Connection | Relentless Pressure | Long Ball Pass | Footwork Phenom | Pinged Pass | ST Advanced Forward+ | Whipped Pass+ | Cornerstones | Iron Will,OL Lyonnes,Arkema PL,false,false,500,500
272129,Irene Oguiza,75,CDM,CM,52,59,64,69,78,76,3,3,0,,0,,0,,14,Intro to Evolutions | Intro to Training Camp EVOs II | Intro to Rewards EVOs | Rising Guard | Passing Prodigy | One Shot | Complete Connection | Relentless Pressure | Long Ball Pass | Footwork Phenom | Pinged Pass | Whipped Pass+ | Cornerstones | Iron Will,Athletic Club,Liga F Moeve,false,false,500,750
264207,Ismaël Koné,75,CM,CDM,75,66,70,76,67,71,3,4,1,Rapid,0,,0,,14,Intro to Evolutions | Intro to Training Camp EVOs II | Intro to Rewards EVOs | Rising Guard | Passing Prodigy | One Shot | Complete Connection | Relentless Pressure | Long Ball Pass | Footwork Phenom | Pinged Pass | Whipped Pass+ | Cornerstones | Iron Will,Sassuolo,Serie A Enilive,false,false,500,500
231633,Issa Diop,75,CB,,57,37,55,57,75,78,2,3,0,,0,,0,,13,Intro to Evolutions | Intro to Training Camp EVOs II | Intro to Rewards EVOs | Rising Guard | Passing Prodigy | One Shot | Relentless Pressure | Long Ball Pass | Footwork Phenom | Pinged Pass | Whipped Pass+ | Cornerstones | Iron Will,Ipswich,Premier League,false,true,500,500
253121,Issa Soumaré,75,LM,ST | LW,83,68,68,75,37,62,3,2,3,Precision Header | Aerial Fortress | Rapid,0,,0,,15,Intro to Evolutions | Intro to Training Camp EVOs II | Intro to Rewards EVOs | Club Member Reward | Rising Guard | Passing Prodigy | One Shot | Relentless Pressure | Long Ball Pass | Footwork Phenom | Pinged Pass | ST Advanced Forward+ | Whipped Pass+ | Cornerstones | Iron Will,Stade Rennais FC,Ligue 1 McDonald's,false,false,500,500
258683,Ivan Ilić,75,CM,CDM,62,72,76,77,69,64,3,3,0,,0,,0,,14,Intro to Evolutions | Intro to Training Camp EVOs II | Intro to Rewards EVOs | Rising Guard | Passing Prodigy | One Shot | Complete Connection | Relentless Pressure | Long Ball Pass | Footwork Phenom | Pinged Pass | Whipped Pass+ | Cornerstones | Iron Will,Lecce,Serie A Enilive,false,false,500,250
264173,Iván Romero,75,ST,LM | LW | CAM,84,73,65,78,44,68,3,3,2,Rapid | First Touch,0,,0,,15,Intro to Evolutions | Intro to Training Camp EVOs II | Intro to Rewards EVOs | Club Member Reward | Rising Guard | Passing Prodigy | One Shot | Relentless Pressure | Long Ball Pass | Footwork Phenom | Pinged Pass | ST Advanced Forward+ | Whipped Pass+ | Cornerstones | Iron Will,Levante UD,LALIGA EA SPORTS,false,false,500,1500
77163,Ivan Smolčić,75,RB,RM,64,56,66,71,77,73,2,4,1,Long Throw,0,,0,,13,Intro to Evolutions | Intro to Training Camp EVOs II | Intro to Rewards EVOs | Rising Guard | Passing Prodigy | One Shot | Relentless Pressure | Long Ball Pass | Footwork Phenom | Pinged Pass | Whipped Pass+ | Cornerstones | Iron Will,Como,Serie A Enilive,false,false,500,500
203042,Jack Butland,75,GK,,76,74,72,76,49,75,1,4,1,Footwork,0,,0,,8,Intro to Training Camp EVOs I | Intro to Training Camp EVOs II | The Debut | Relentless Pressure | Long Ball Pass | Pinged Pass | Whipped Pass+ | Cornerstones,Hull City,Premier League,false,true,500,750
242908,Jack Clarke,75,LM,LW,78,73,70,78,42,63,4,4,1,Inventive,0,,0,,13,Intro to Evolutions | Intro to Training Camp EVOs II | Intro to Rewards EVOs | Rising Guard | Passing Prodigy | One Shot | Relentless Pressure | Long Ball Pass | Footwork Phenom | Pinged Pass | Whipped Pass+ | Cornerstones | Iron Will,Ipswich,Premier League,false,true,500,1500
251690,Jack Rudoni,75,CAM,CM | CDM,71,71,74,77,64,74,3,4,2,Precision Header | Press Proven,0,,0,,15,Intro to Evolutions | Intro to Training Camp EVOs II | Intro to Rewards EVOs | Rising Guard | Cover Athlete | Passing Prodigy | One Shot | Complete Connection | Relentless Pressure | Long Ball Pass | Footwork Phenom | Pinged Pass | Whipped Pass+ | Cornerstones | Iron Will,Coventry City,Premier League,false,true,500,2000
79629,Jair Cunha,75,CB,,67,38,59,58,74,79,2,4,0,,0,,0,,13,Intro to Evolutions | Intro to Training Camp EVOs II | Intro to Rewards EVOs | Rising Guard | Passing Prodigy | One Shot | Relentless Pressure | Long Ball Pass | Footwork Phenom | Pinged Pass | Whipped Pass+ | Cornerstones | Iron Will,Nott'm Forest,Premier League,false,true,500,2000
256800,Jakob Breum,75,CAM,CDM | CM,66,72,73,77,38,63,3,2,1,Relentless,0,,0,,15,Intro to Evolutions | Intro to Training Camp EVOs II | Intro to Rewards EVOs | Rising Guard | Cover Athlete | Passing Prodigy | One Shot | Complete Connection | Relentless Pressure | Long Ball Pass | Footwork Phenom | Pinged Pass | Whipped Pass+ | Cornerstones | Iron Will,AS Saint-Étienne,Ligue 2 BKT,false,false,500,750
262396,Jay Idzes,75,CB,,43,47,62,62,75,83,2,3,1,Intercept,0,,0,,13,Intro to Evolutions | Intro to Training Camp EVOs II | Intro to Rewards EVOs | Rising Guard | Passing Prodigy | One Shot | Relentless Pressure | Long Ball Pass | Footwork Phenom | Pinged Pass | Whipped Pass+ | Cornerstones | Iron Will,Sassuolo,Serie A Enilive,false,false,500,500
264194,Jens Castrop,75,LM,RB | CM | LB,80,66,71,77,66,71,3,3,1,Rapid,0,,0,,14,Intro to Evolutions | Intro to Training Camp EVOs II | Intro to Rewards EVOs | Rising Guard | Passing Prodigy | One Shot | Complete Connection | Relentless Pressure | Long Ball Pass | Footwork Phenom | Pinged Pass | Whipped Pass+ | Cornerstones | Iron Will,M'gladbach,Bundesliga,false,false,500,
214658,Jesper Karlström,75,CDM,CM,68,60,72,71,71,78,2,3,1,Intercept,0,,0,,14,Intro to Evolutions | Intro to Training Camp EVOs II | Intro to Rewards EVOs | Rising Guard | Passing Prodigy | One Shot | Complete Connection | Relentless Pressure | Long Ball Pass | Footwork Phenom | Pinged Pass | Whipped Pass+ | Cornerstones | Iron Will,Udinese,Serie A Enilive,false,false,500,250
233814,Jhohan Romaña,75,CB,,68,29,52,56,74,81,2,2,3,Intercept | Aerial Fortress | Bruiser,0,,0,,13,Intro to Evolutions | Intro to Training Camp EVOs II | Intro to Rewards EVOs | Rising Guard | Passing Prodigy | One Shot | Relentless Pressure | Long Ball Pass | Footwork Phenom | Pinged Pass | Whipped Pass+ | Cornerstones | Iron Will,Club Len,Liga BBVA MX,false,false,500,500
231391,João Carvalho,75,CAM,LW | LM | CM,72,71,76,77,33,51,4,3,3,Long Ball Pass | Inventive | Technical,0,,0,,14,Intro to Evolutions | Intro to Training Camp EVOs II | Intro to Rewards EVOs | Rising Guard | Passing Prodigy | One Shot | Complete Connection | Relentless Pressure | Long Ball Pass | Footwork Phenom | Pinged Pass | Whipped Pass+ | Cornerstones | Iron Will,Estoril Praia,Liga Portugal,false,false,500,500
256102,Joëlle Smits,75,ST,,73,76,57,72,22,68,3,3,0,,0,,0,,15,Intro to Evolutions | Intro to Training Camp EVOs II | Intro to Rewards EVOs | Club Member Reward | Rising Guard | Passing Prodigy | One Shot | Relentless Pressure | Long Ball Pass | Footwork Phenom | Pinged Pass | ST Advanced Forward+ | Whipped Pass+ | Cornerstones | Iron Will,Ajax,Nederland Vrouwen Liga,false,false,500,500
244349,Johan Vásquez,75,CB,,53,35,60,62,77,74,2,2,5,Precision Header | Long Ball Pass | Jockey | Intercept | Aerial Fortress,0,,0,,10,Intro to Evolutions | Intro to Rewards EVOs | Rising Guard | Passing Prodigy | One Shot | Footwork Phenom | Pinged Pass | Whipped Pass+ | Cornerstones | Iron Will,Genoa,Serie A Enilive,false,false,500,250
241522,Jonas Wind,75,ST,CAM,52,76,71,75,36,74,4,3,3,Gamechanger | Incisive Pass | Press Proven,0,,0,,16,Intro to Evolutions | Intro to Training Camp EVOs II | Intro to Rewards EVOs | Club Member Reward | Rising Guard | Cover Athlete | Passing Prodigy | One Shot | Relentless Pressure | Long Ball Pass | Footwork Phenom | Pinged Pass | ST Advanced Forward+ | Whipped Pass+ | Cornerstones | Iron Will,SC Braga,Liga Portugal,false,false,500,500
262314,Jonatan Braut Brunes,75,ST,,78,74,57,70,37,78,3,3,5,Chip Shot | Precision Header | Low Driven Shot | Gamechanger | Enforcer,0,,0,,12,Intro to Evolutions | Intro to Rewards EVOs | Club Member Reward | Rising Guard | Passing Prodigy | One Shot | Footwork Phenom | Pinged Pass | ST Advanced Forward+ | Whipped Pass+ | Cornerstones | Iron Will,Sparta Praha,Česká Liga,false,false,500,250
225085,Jonathan Bamba,75,LW,LM | CAM | CM,83,72,71,76,39,67,4,4,3,Inventive | Rapid | Quick Step,0,,0,,14,Intro to Evolutions | Intro to Training Camp EVOs II | Intro to Rewards EVOs | Rising Guard | Passing Prodigy | One Shot | Complete Connection | Relentless Pressure | Long Ball Pass | Footwork Phenom | Pinged Pass | Whipped Pass+ | Cornerstones | Iron Will,Chicago Fire FC,MLS,false,false,500,250
234612,Jonathan Ikoné,75,RM,RW,79,67,72,80,35,56,4,3,2,First Touch | Quick Step,0,,0,,13,Intro to Evolutions | Intro to Training Camp EVOs II | Intro to Rewards EVOs | Rising Guard | Passing Prodigy | One Shot | Relentless Pressure | Long Ball Pass | Footwork Phenom | Pinged Pass | Whipped Pass+ | Cornerstones | Iron Will,Paris FC,Ligue 1 McDonald's,false,false,500,500
237871,Jordan Holsgrove,75,CM,CDM,71,65,74,75,66,74,3,3,3,Finesse Shot | Dead Ball | Long Ball Pass,0,,0,,14,Intro to Evolutions | Intro to Training Camp EVOs II | Intro to Rewards EVOs | Rising Guard | Passing Prodigy | One Shot | Complete Connection | Relentless Pressure | Long Ball Pass | Footwork Phenom | Pinged Pass | Whipped Pass+ | Cornerstones | Iron Will,Estoril Praia,Liga Portugal,false,false,500,500
222875,Joris Kayembe,75,LB,CB | LM | LW,80,60,72,73,68,74,3,4,6,Long Ball Pass | Inventive | Intercept | Anticipate | Rapid | Quick Step,0,,0,,9,Intro to Evolutions | Intro to Rewards EVOs | Rising Guard | Passing Prodigy | One Shot | Footwork Phenom | Whipped Pass+ | Cornerstones | Iron Will,KRC Genk,1A Pro League,false,false,500,500
212442,José Sá,75,GK,,76,74,70,76,51,73,1,2,2,Footwork | 1v1 Close Down,0,,0,,8,Intro to Training Camp EVOs I | Intro to Training Camp EVOs II | The Debut | Relentless Pressure | Long Ball Pass | Pinged Pass | Whipped Pass+ | Cornerstones,Wolves,EFL Championship,false,false,500,750
71651,Josh Acheampong,75,CB,RB,75,50,67,69,75,73,2,3,0,,0,,0,,13,Intro to Evolutions | Intro to Training Camp EVOs II | Intro to Rewards EVOs | Rising Guard | Passing Prodigy | One Shot | Relentless Pressure | Long Ball Pass | Footwork Phenom | Pinged Pass | Whipped Pass+ | Cornerstones | Iron Will,Chelsea,Premier League,false,true,500,3000
220659,Josh Brownhill,75,CDM,CM | CAM,68,74,73,74,71,78,3,3,2,Slide Tackle | Long Throw,0,,0,,15,Intro to Evolutions | Intro to Training Camp EVOs II | Intro to Rewards EVOs | Rising Guard | Cover Athlete | Passing Prodigy | One Shot | Complete Connection | Relentless Pressure | Long Ball Pass | Footwork Phenom | Pinged Pass | Whipped Pass+ | Cornerstones | Iron Will,Al Shabab,ROSHN Saudi League,false,false,500,
252326,Juan Manuel Sanabria,75,LB,LM | CDM,76,62,69,73,70,69,3,3,0,,0,,0,,13,Intro to Evolutions | Intro to Training Camp EVOs II | Intro to Rewards EVOs | Rising Guard | Passing Prodigy | One Shot | Relentless Pressure | Long Ball Pass | Footwork Phenom | Pinged Pass | Whipped Pass+ | Cornerstones | Iron Will,Real Salt Lake,MLS,false,false,500,
275574,Jujuba Cardozo,75,CB,,53,46,51,55,77,75,2,2,0,,0,,0,,13,Intro to Evolutions | Intro to Training Camp EVOs II | Intro to Rewards EVOs | Rising Guard | Passing Prodigy | One Shot | Relentless Pressure | Long Ball Pass | Footwork Phenom | Pinged Pass | Whipped Pass+ | Cornerstones | Iron Will,Granada CF,Liga F Moeve,false,false,500,500
272482,Julia Landenberger,75,CB,,63,55,60,61,76,73,2,1,1,Long Ball Pass,0,,0,,13,Intro to Evolutions | Intro to Training Camp EVOs II | Intro to Rewards EVOs | Rising Guard | Passing Prodigy | One Shot | Relentless Pressure | Long Ball Pass | Footwork Phenom | Pinged Pass | Whipped Pass+ | Cornerstones | Iron Will,VfL Wolfsburg,GPFBL,false,false,500,500
243249,Jurgen Ekkelenkamp,75,CM,CAM,67,69,74,74,66,75,3,3,1,Tiki Taka,0,,0,,15,Intro to Evolutions | Intro to Training Camp EVOs II | Intro to Rewards EVOs | Rising Guard | Cover Athlete | Passing Prodigy | One Shot | Complete Connection | Relentless Pressure | Long Ball Pass | Footwork Phenom | Pinged Pass | Whipped Pass+ | Cornerstones | Iron Will,Udinese,Serie A Enilive,false,false,500,750
232229,Justin Bijlow,75,GK,,75,74,75,76,42,73,1,2,1,1v1 Close Down,0,,0,,8,Intro to Training Camp EVOs I | Intro to Training Camp EVOs II | The Debut | Relentless Pressure | Long Ball Pass | Pinged Pass | Whipped Pass+ | Cornerstones,Genoa,Serie A Enilive,false,false,500,500
239704,Kai Wagner,75,LB,,69,54,72,71,70,78,3,3,1,Relentless,0,,0,,13,Intro to Evolutions | Intro to Training Camp EVOs II | Intro to Rewards EVOs | Rising Guard | Passing Prodigy | One Shot | Relentless Pressure | Long Ball Pass | Footwork Phenom | Pinged Pass | Whipped Pass+ | Cornerstones | Iron Will,Philadelphia,MLS,false,false,500,250
84630,Kaiki,75,LB,LM,78,46,66,72,74,75,3,2,1,Jockey,0,,0,,13,Intro to Evolutions | Intro to Training Camp EVOs II | Intro to Rewards EVOs | Rising Guard | Passing Prodigy | One Shot | Relentless Pressure | Long Ball Pass | Footwork Phenom | Pinged Pass | Whipped Pass+ | Cornerstones | Iron Will,Como,Serie A Enilive,false,false,500,
267702,Kamory Doumbia,75,CAM,CM,67,70,71,78,59,49,3,3,0,,0,,0,,15,Intro to Evolutions | Intro to Training Camp EVOs II | Intro to Rewards EVOs | Rising Guard | Cover Athlete | Passing Prodigy | One Shot | Complete Connection | Relentless Pressure | Long Ball Pass | Footwork Phenom | Pinged Pass | Whipped Pass+ | Cornerstones | Iron Will,Stade Brestois 29,Ligue 1 McDonald's,false,false,500,500
271414,Karl Edouard Etta Eyong,75,ST,,77,74,61,70,45,76,3,3,2,Precision Header | Enforcer,0,,0,,15,Intro to Evolutions | Intro to Training Camp EVOs II | Intro to Rewards EVOs | Club Member Reward | Rising Guard | Passing Prodigy | One Shot | Relentless Pressure | Long Ball Pass | Footwork Phenom | Pinged Pass | ST Advanced Forward+ | Whipped Pass+ | Cornerstones | Iron Will,Levante UD,LALIGA EA SPORTS,false,false,500,
83034,Kat Rader,75,LM,LW,70,67,74,76,21,57,3,3,0,,0,,0,,13,Intro to Evolutions | Intro to Training Camp EVOs II | Intro to Rewards EVOs | Rising Guard | Passing Prodigy | One Shot | Relentless Pressure | Long Ball Pass | Footwork Phenom | Pinged Pass | Whipped Pass+ | Cornerstones | Iron Will,Houston Dash,NWSL,false,false,500,
71561,Kate Wiesner,75,LB,LM | LW,70,55,70,71,72,66,2,3,0,,0,,0,,13,Intro to Evolutions | Intro to Training Camp EVOs II | Intro to Rewards EVOs | Rising Guard | Passing Prodigy | One Shot | Relentless Pressure | Long Ball Pass | Footwork Phenom | Pinged Pass | Whipped Pass+ | Cornerstones | Iron Will,Washington Spirit,NWSL,false,false,500,500
71532,Kees Smit,75,CM,CDM | CAM,59,63,74,79,65,69,4,3,4,Incisive Pass | Tiki Taka | Technical | First Touch,0,,0,,13,Intro to Evolutions | Intro to Rewards EVOs | Rising Guard | Cover Athlete | Passing Prodigy | One Shot | Complete Connection | Relentless Pressure | Footwork Phenom | Pinged Pass | Whipped Pass+ | Cornerstones | Iron Will,AZ,Eredivisie,false,false,500,1000
265975,Kelly Gago,75,ST,LM | LW,78,73,67,75,34,67,3,2,0,,0,,0,,15,Intro to Evolutions | Intro to Training Camp EVOs II | Intro to Rewards EVOs | Club Member Reward | Rising Guard | Passing Prodigy | One Shot | Relentless Pressure | Long Ball Pass | Footwork Phenom | Pinged Pass | ST Advanced Forward+ | Whipped Pass+ | Cornerstones | Iron Will,West Ham,Barclays WSL,false,false,500,500
204105,Kenny Lala,75,RB,RM,71,61,72,72,73,72,3,3,5,Long Ball Pass | Whipped Pass | Jockey | Relentless | Long Throw,0,,0,,10,Intro to Evolutions | Intro to Rewards EVOs | Rising Guard | Passing Prodigy | One Shot | Footwork Phenom | Pinged Pass | Whipped Pass+ | Cornerstones | Iron Will,Stade Brestois 29,Ligue 1 McDonald's,false,false,500,500
192678,Kike García,75,ST,CAM,45,78,66,69,44,73,3,4,2,Precision Header | Enforcer,0,,0,,16,Intro to Evolutions | Intro to Training Camp EVOs II | Intro to Rewards EVOs | Club Member Reward | Rising Guard | Cover Athlete | Passing Prodigy | One Shot | Relentless Pressure | Long Ball Pass | Footwork Phenom | Pinged Pass | ST Advanced Forward+ | Whipped Pass+ | Cornerstones | Iron Will,RCD Espanyol,LALIGA EA SPORTS,false,false,500,750
236760,Kike Pérez,75,CM,CDM,55,65,72,75,64,71,3,3,3,Incisive Pass | Press Proven | Relentless,0,,0,,14,Intro to Evolutions | Intro to Training Camp EVOs II | Intro to Rewards EVOs | Rising Guard | Passing Prodigy | One Shot | Complete Connection | Relentless Pressure | Long Ball Pass | Footwork Phenom | Pinged Pass | Whipped Pass+ | Cornerstones | Iron Will,Venezia,Serie A Enilive,false,false,500,500
70729,Kings Kangwa,75,CM,CDM,81,75,73,79,62,69,4,4,3,Power Shot | Technical | Relentless,0,,0,,14,Intro to Evolutions | Intro to Training Camp EVOs II | Intro to Rewards EVOs | Rising Guard | Passing Prodigy | One Shot | Complete Connection | Relentless Pressure | Long Ball Pass | Footwork Phenom | Pinged Pass | Whipped Pass+ | Cornerstones | Iron Will,Panathinaikos,Hellas Liga,false,false,500,
245977,Kiril Despodov,75,RW,RM | LM,82,77,73,75,28,68,3,4,2,Finesse Shot | Dead Ball,0,,0,,13,Intro to Evolutions | Intro to Training Camp EVOs II | Intro to Rewards EVOs | Rising Guard | Passing Prodigy | One Shot | Relentless Pressure | Long Ball Pass | Footwork Phenom | Pinged Pass | Whipped Pass+ | Cornerstones | Iron Will,PAOK FC,Hellas Liga,false,false,500,250
232873,Koki Machida,75,CB,,72,40,60,56,75,77,2,3,1,Intercept,0,,0,,13,Intro to Evolutions | Intro to Training Camp EVOs II | Intro to Rewards EVOs | Rising Guard | Passing Prodigy | One Shot | Relentless Pressure | Long Ball Pass | Footwork Phenom | Pinged Pass | Whipped Pass+ | Cornerstones | Iron Will,TSG Hoffenheim II,3. Liga,false,false,500,500
265774,Koni De Winter,75,CB,,73,40,60,67,76,77,2,3,2,Precision Header | Aerial Fortress,0,,0,,13,Intro to Evolutions | Intro to Training Camp EVOs II | Intro to Rewards EVOs | Rising Guard | Passing Prodigy | One Shot | Relentless Pressure | Long Ball Pass | Footwork Phenom | Pinged Pass | Whipped Pass+ | Cornerstones | Iron Will,Milano FC,Serie A Enilive,false,false,500,1500
257889,Kristijan Jakić,75,CDM,CM,63,62,64,68,75,79,2,3,1,Bruiser,0,,0,,14,Intro to Evolutions | Intro to Training Camp EVOs II | Intro to Rewards EVOs | Rising Guard | Passing Prodigy | One Shot | Complete Connection | Relentless Pressure | Long Ball Pass | Footwork Phenom | Pinged Pass | Whipped Pass+ | Cornerstones | Iron Will,PAOK FC,Hellas Liga,false,false,500,500
266282,Kristijan Kahlina,75,GK,,77,73,73,74,41,74,1,2,2,Long Ball Pass | Far Throw,0,,0,,8,Intro to Training Camp EVOs I | Intro to Training Camp EVOs II | The Debut | Relentless Pressure | Long Ball Pass | Pinged Pass | Whipped Pass+ | Cornerstones,Charlotte FC,MLS,false,false,500,500
267309,Kylie Nadaner,75,CB,,70,49,69,66,77,75,2,3,2,Intercept | Aerial Fortress,0,,0,,13,Intro to Evolutions | Intro to Training Camp EVOs II | Intro to Rewards EVOs | Rising Guard | Passing Prodigy | One Shot | Relentless Pressure | Long Ball Pass | Footwork Phenom | Pinged Pass | Whipped Pass+ | Cornerstones | Iron Will,Orlando Pride,NWSL,false,false,500,750
258494,Larrubia,75,RW,RM,84,67,69,80,38,59,3,4,2,Finesse Shot | Inventive,0,,0,,13,Intro to Evolutions | Intro to Training Camp EVOs II | Intro to Rewards EVOs | Rising Guard | Passing Prodigy | One Shot | Relentless Pressure | Long Ball Pass | Footwork Phenom | Pinged Pass | Whipped Pass+ | Cornerstones | Iron Will,Málaga CF,LALIGA EA SPORTS,false,false,500,500
227087,Laura Giuliani,75,GK,,71,74,74,77,38,77,1,3,1,Cross Claimer,0,,0,,8,Intro to Training Camp EVOs I | Intro to Training Camp EVOs II | The Debut | Relentless Pressure | Long Ball Pass | Pinged Pass | Whipped Pass+ | Cornerstones,VfB Stuttgart,GPFBL,false,false,500,
271952,Laura Vogt,75,CDM,CM,68,66,69,68,74,67,2,2,2,Intercept | Slide Tackle,0,,0,,14,Intro to Evolutions | Intro to Training Camp EVOs II | Intro to Rewards EVOs | Rising Guard | Passing Prodigy | One Shot | Complete Connection | Relentless Pressure | Long Ball Pass | Footwork Phenom | Pinged Pass | Whipped Pass+ | Cornerstones | Iron Will,1. FC Köln,GPFBL,false,false,500,750
72745,Lautaro Rivero,75,CB,LB,74,56,67,67,74,82,2,3,1,Aerial Fortress,0,,0,,13,Intro to Evolutions | Intro to Training Camp EVOs II | Intro to Rewards EVOs | Rising Guard | Passing Prodigy | One Shot | Relentless Pressure | Long Ball Pass | Footwork Phenom | Pinged Pass | Whipped Pass+ | Cornerstones | Iron Will,River Plate,LPF,false,false,500,1000
199669,Leandro González Pirez,75,CB,,67,53,61,65,74,83,2,3,5,Precision Header | Long Ball Pass | Jockey | Block | Aerial Fortress,0,,0,,10,Intro to Evolutions | Intro to Rewards EVOs | Rising Guard | Passing Prodigy | One Shot | Footwork Phenom | Pinged Pass | Whipped Pass+ | Cornerstones | Iron Will,Estudiantes,LPF,false,false,500,500
245054,Lee Dong Gyeong,75,CAM,ST | CM | CDM,77,74,73,75,59,73,4,5,4,Low Driven Shot | Gamechanger | Pinged Pass | Inventive,0,,0,,14,Intro to Evolutions | Intro to Rewards EVOs | Club Member Reward | Rising Guard | Passing Prodigy | One Shot | Complete Connection | Relentless Pressure | Footwork Phenom | Pinged Pass | ST Advanced Forward+ | Whipped Pass+ | Cornerstones | Iron Will,Ulsan HD FC,K League 1,false,false,500,250
245871,Lee Gibson,75,GK,,76,71,73,77,32,76,1,2,1,Footwork,0,,0,,8,Intro to Training Camp EVOs I | Intro to Training Camp EVOs II | The Debut | Relentless Pressure | Long Ball Pass | Pinged Pass | Whipped Pass+ | Cornerstones,Glasgow City FC,Scottish Women's League,false,false,500,500
246685,Leif Davis,75,LB,LM,79,54,76,73,70,72,3,2,1,Whipped Pass,0,,0,,13,Intro to Evolutions | Intro to Training Camp EVOs II | Intro to Rewards EVOs | Rising Guard | Passing Prodigy | One Shot | Relentless Pressure | Long Ball Pass | Footwork Phenom | Pinged Pass | Whipped Pass+ | Cornerstones | Iron Will,Ipswich,Premier League,false,true,500,500
227734,Lena Petermann,75,ST,CAM,61,76,66,71,43,73,4,3,1,Press Proven,0,,0,,16,Intro to Evolutions | Intro to Training Camp EVOs II | Intro to Rewards EVOs | Club Member Reward | Rising Guard | Cover Athlete | Passing Prodigy | One Shot | Relentless Pressure | Long Ball Pass | Footwork Phenom | Pinged Pass | ST Advanced Forward+ | Whipped Pass+ | Cornerstones | Iron Will,SV Werder Bremen,GPFBL,false,false,500,500
269964,Léo Scienza,75,LM,LW | CAM,80,70,71,78,28,53,4,3,3,Finesse Shot | Gamechanger | Technical,0,,0,,14,Intro to Evolutions | Intro to Training Camp EVOs II | Intro to Rewards EVOs | Rising Guard | Cover Athlete | Passing Prodigy | One Shot | Relentless Pressure | Long Ball Pass | Footwork Phenom | Pinged Pass | Whipped Pass+ | Cornerstones | Iron Will,Southampton,EFL Championship,false,false,500,
246991,Liam Scales,75,CB,,66,56,66,64,74,83,2,2,2,Long Ball Pass | Aerial Fortress,0,,0,,13,Intro to Evolutions | Intro to Training Camp EVOs II | Intro to Rewards EVOs | Rising Guard | Passing Prodigy | One Shot | Relentless Pressure | Long Ball Pass | Footwork Phenom | Pinged Pass | Whipped Pass+ | Cornerstones | Iron Will,Celtic,Scottish Prem,false,false,500,2500
276505,Lilli Purtscheller,75,RM,RB,79,70,69,73,39,65,3,2,1,Press Proven,0,,0,,13,Intro to Evolutions | Intro to Training Camp EVOs II | Intro to Rewards EVOs | Rising Guard | Passing Prodigy | One Shot | Relentless Pressure | Long Ball Pass | Footwork Phenom | Pinged Pass | Whipped Pass+ | Cornerstones | Iron Will,SV Werder Bremen,GPFBL,false,false,500,250
73714,Lina Altenburg,75,GK,,75,74,70,77,21,74,1,2,0,,0,,0,,8,Intro to Training Camp EVOs I | Intro to Training Camp EVOs II | The Debut | Relentless Pressure | Long Ball Pass | Pinged Pass | Whipped Pass+ | Cornerstones,Frankfurt,GPFBL,false,false,500,
78685,Lisa Baum,75,RM,RW,83,73,73,75,44,58,4,3,1,Gamechanger,0,,0,,13,Intro to Evolutions | Intro to Training Camp EVOs II | Intro to Rewards EVOs | Rising Guard | Passing Prodigy | One Shot | Relentless Pressure | Long Ball Pass | Footwork Phenom | Pinged Pass | Whipped Pass+ | Cornerstones | Iron Will,Arsenal,Barclays WSL,false,false,500,500
78602,Lisa Heiseler,75,CAM,CM | CDM,70,74,74,75,58,59,4,3,0,,0,,0,,15,Intro to Evolutions | Intro to Training Camp EVOs II | Intro to Rewards EVOs | Rising Guard | Cover Athlete | Passing Prodigy | One Shot | Complete Connection | Relentless Pressure | Long Ball Pass | Footwork Phenom | Pinged Pass | Whipped Pass+ | Cornerstones | Iron Will,Union Berlin,GPFBL,false,false,500,500
260574,Lorenz Assignon,75,RB,RM,76,53,64,73,73,72,3,3,0,,0,,0,,13,Intro to Evolutions | Intro to Training Camp EVOs II | Intro to Rewards EVOs | Rising Guard | Passing Prodigy | One Shot | Relentless Pressure | Long Ball Pass | Footwork Phenom | Pinged Pass | Whipped Pass+ | Cornerstones | Iron Will,VfB Stuttgart,Bundesliga,false,false,500,500
268474,Lorenzo Lucca,75,ST,,61,77,59,65,34,75,2,3,4,Power Shot | Precision Header | Aerial Fortress | Press Proven,0,,0,,13,Intro to Evolutions | Intro to Rewards EVOs | Club Member Reward | Rising Guard | Passing Prodigy | One Shot | Relentless Pressure | Footwork Phenom | Pinged Pass | ST Advanced Forward+ | Whipped Pass+ | Cornerstones | Iron Will,SSC Napoli,Serie A Enilive,false,false,500,500
204699,Lorenzo Melgarejo,75,ST,LW | LM | CAM,76,76,69,74,56,66,4,3,3,Power Shot | Technical | First Touch,0,,0,,15,Intro to Evolutions | Intro to Training Camp EVOs II | Intro to Rewards EVOs | Club Member Reward | Rising Guard | Passing Prodigy | One Shot | Relentless Pressure | Long Ball Pass | Footwork Phenom | Pinged Pass | ST Advanced Forward+ | Whipped Pass+ | Cornerstones | Iron Will,Libertad,Libertadores,false,false,500,500
265896,Lou-Ann Joly,75,CM,CDM,34,63,74,72,74,74,3,2,1,Anticipate,0,,0,,14,Intro to Evolutions | Intro to Training Camp EVOs II | Intro to Rewards EVOs | Rising Guard | Passing Prodigy | One Shot | Complete Connection | Relentless Pressure | Long Ball Pass | Footwork Phenom | Pinged Pass | Whipped Pass+ | Cornerstones | Iron Will,RB Leipzig,GPFBL,false,false,500,500
240777,Luca Ranieri,75,CB,,74,42,60,68,75,72,2,3,2,Long Ball Pass | Slide Tackle,0,,0,,13,Intro to Evolutions | Intro to Training Camp EVOs II | Intro to Rewards EVOs | Rising Guard | Passing Prodigy | One Shot | Relentless Pressure | Long Ball Pass | Footwork Phenom | Pinged Pass | Whipped Pass+ | Cornerstones | Iron Will,Fiorentina,Serie A Enilive,false,false,500,500
246258,Lucas Beltrán,75,ST,CAM | LM | LW,71,76,70,77,46,75,3,3,1,Press Proven,0,,0,,15,Intro to Evolutions | Intro to Training Camp EVOs II | Intro to Rewards EVOs | Club Member Reward | Rising Guard | Passing Prodigy | One Shot | Relentless Pressure | Long Ball Pass | Footwork Phenom | Pinged Pass | ST Advanced Forward+ | Whipped Pass+ | Cornerstones | Iron Will,River Plate,LPF,false,false,500,500
80614,Lucia Kendall,75,CM,CAM | ST | CDM,64,65,67,74,64,73,3,4,0,,0,,0,,16,Intro to Evolutions | Intro to Training Camp EVOs II | Intro to Rewards EVOs | Club Member Reward | Rising Guard | Passing Prodigy | One Shot | Complete Connection | Relentless Pressure | Long Ball Pass | Footwork Phenom | Pinged Pass | ST Advanced Forward+ | Whipped Pass+ | Cornerstones | Iron Will,Aston Villa,Barclays WSL,false,false,500,250
199110,Luis Muriel,75,ST,CAM,69,77,73,79,29,65,4,4,1,Gamechanger,0,,0,,16,Intro to Evolutions | Intro to Training Camp EVOs II | Intro to Rewards EVOs | Club Member Reward | Rising Guard | Cover Athlete | Passing Prodigy | One Shot | Relentless Pressure | Long Ball Pass | Footwork Phenom | Pinged Pass | ST Advanced Forward+ | Whipped Pass+ | Cornerstones | Iron Will,Junior,Libertadores,false,false,500,250
236355,Luiz Felipe,75,CB,,69,29,61,67,75,73,3,4,3,Jockey | Intercept | Anticipate,0,,0,,13,Intro to Evolutions | Intro to Training Camp EVOs II | Intro to Rewards EVOs | Rising Guard | Passing Prodigy | One Shot | Relentless Pressure | Long Ball Pass | Footwork Phenom | Pinged Pass | Whipped Pass+ | Cornerstones | Iron Will,Rayo Vallecano,LALIGA EA SPORTS,false,false,500,500
222331,Lukas Klostermann,75,CB,RB,76,49,62,67,75,72,2,3,0,,0,,0,,13,Intro to Evolutions | Intro to Training Camp EVOs II | Intro to Rewards EVOs | Rising Guard | Passing Prodigy | One Shot | Relentless Pressure | Long Ball Pass | Footwork Phenom | Pinged Pass | Whipped Pass+ | Cornerstones | Iron Will,RB Leipzig,Bundesliga,false,false,500,750
208335,Lukas Kübler,75,RB,CB | CDM,76,54,61,67,73,76,2,2,4,Jockey | Intercept | Anticipate | Bruiser,0,,0,,11,Intro to Evolutions | Intro to Rewards EVOs | Rising Guard | Passing Prodigy | One Shot | Relentless Pressure | Footwork Phenom | Pinged Pass | Whipped Pass+ | Cornerstones | Iron Will,SC Freiburg,Bundesliga,false,false,500,500
265850,Maelys Mpome,75,CB,RB | CDM,65,37,64,67,76,69,2,3,0,,0,,0,,13,Intro to Evolutions | Intro to Training Camp EVOs II | Intro to Rewards EVOs | Rising Guard | Passing Prodigy | One Shot | Relentless Pressure | Long Ball Pass | Footwork Phenom | Pinged Pass | Whipped Pass+ | Cornerstones | Iron Will,Brighton,Barclays WSL,false,false,500,500
265292,Maisie Symonds,75,CM,CDM,66,67,70,74,68,71,3,3,0,,0,,0,,14,Intro to Evolutions | Intro to Training Camp EVOs II | Intro to Rewards EVOs | Rising Guard | Passing Prodigy | One Shot | Complete Connection | Relentless Pressure | Long Ball Pass | Footwork Phenom | Pinged Pass | Whipped Pass+ | Cornerstones | Iron Will,Brighton,Barclays WSL,false,false,500,750
261539,Mandela Keita,75,CDM,CM,75,62,65,77,73,75,3,3,1,Bruiser,0,,0,,14,Intro to Evolutions | Intro to Training Camp EVOs II | Intro to Rewards EVOs | Rising Guard | Passing Prodigy | One Shot | Complete Connection | Relentless Pressure | Long Ball Pass | Footwork Phenom | Pinged Pass | Whipped Pass+ | Cornerstones | Iron Will,Parma,Serie A Enilive,false,false,500,1000
241856,Manu Morlanes,75,CDM,CM,64,64,74,73,71,67,3,3,0,,0,,0,,14,Intro to Evolutions | Intro to Training Camp EVOs II | Intro to Rewards EVOs | Rising Guard | Passing Prodigy | One Shot | Complete Connection | Relentless Pressure | Long Ball Pass | Footwork Phenom | Pinged Pass | Whipped Pass+ | Cornerstones | Iron Will,RCD Mallorca,LALIGA HYPERMOTION,false,false,500,500
235374,Manuel Lazzari,75,RB,RM,89,61,75,81,68,51,3,3,1,Quick Step,0,,0,,12,Intro to Evolutions | Intro to Training Camp EVOs II | Rising Guard | Passing Prodigy | One Shot | Relentless Pressure | Long Ball Pass | Footwork Phenom | Pinged Pass | Whipped Pass+ | Cornerstones | Iron Will,Latium,Serie A Enilive,false,false,500,500
245426,Marash Kumbulla,75,CB,,54,35,55,58,77,74,2,3,1,Aerial Fortress,0,,0,,13,Intro to Evolutions | Intro to Training Camp EVOs II | Intro to Rewards EVOs | Rising Guard | Passing Prodigy | One Shot | Relentless Pressure | Long Ball Pass | Footwork Phenom | Pinged Pass | Whipped Pass+ | Cornerstones | Iron Will,Rayo Vallecano,LALIGA EA SPORTS,false,false,500,500
235619,Marcus Edwards,75,RM,RW,80,68,70,80,30,44,4,3,3,Technical | First Touch | Quick Step,0,,0,,13,Intro to Evolutions | Intro to Training Camp EVOs II | Intro to Rewards EVOs | Rising Guard | Passing Prodigy | One Shot | Relentless Pressure | Long Ball Pass | Footwork Phenom | Pinged Pass | Whipped Pass+ | Cornerstones | Iron Will,Burnley,EFL Championship,false,false,500,500
222951,Marek Rodák,75,GK,,78,70,73,77,47,72,1,3,0,,0,,0,,8,Intro to Training Camp EVOs I | Intro to Training Camp EVOs II | The Debut | Relentless Pressure | Long Ball Pass | Pinged Pass | Whipped Pass+ | Cornerstones,Al Ettifaq,ROSHN Saudi League,false,false,500,500
268948,María Molina,75,CB,,66,44,62,65,75,75,2,2,1,Slide Tackle,0,,0,,13,Intro to Evolutions | Intro to Training Camp EVOs II | Intro to Rewards EVOs | Rising Guard | Passing Prodigy | One Shot | Relentless Pressure | Long Ball Pass | Footwork Phenom | Pinged Pass | Whipped Pass+ | Cornerstones | Iron Will,Real Sociedad,Liga F Moeve,false,false,500,750
73717,Mariella El Sherif,75,GK,,73,71,76,77,21,74,1,3,1,Long Ball Pass,0,,0,,8,Intro to Training Camp EVOs I | Intro to Training Camp EVOs II | The Debut | Relentless Pressure | Long Ball Pass | Pinged Pass | Whipped Pass+ | Cornerstones,SV Werder Bremen,GPFBL,false,false,500,500
260463,Mario Soriano,75,CAM,CM | ST | CDM,81,72,72,77,54,72,3,3,3,Long Ball Pass | Intercept | Rapid,0,,0,,16,Intro to Evolutions | Intro to Training Camp EVOs II | Intro to Rewards EVOs | Club Member Reward | Rising Guard | Passing Prodigy | One Shot | Complete Connection | Relentless Pressure | Long Ball Pass | Footwork Phenom | Pinged Pass | ST Advanced Forward+ | Whipped Pass+ | Cornerstones | Iron Will,RC Deportivo,LALIGA EA SPORTS,false,false,500,1000
267311,Marisa DiGrande,75,CM,CDM | CAM,63,58,68,73,75,67,3,3,0,,0,,0,,15,Intro to Evolutions | Intro to Training Camp EVOs II | Intro to Rewards EVOs | Rising Guard | Cover Athlete | Passing Prodigy | One Shot | Complete Connection | Relentless Pressure | Long Ball Pass | Footwork Phenom | Pinged Pass | Whipped Pass+ | Cornerstones | Iron Will,Rac. Louisville,NWSL,false,false,500,500
265705,Marisa Olislagers,75,LB,LM | LW,65,57,69,68,73,68,3,3,1,Dead Ball,0,,0,,13,Intro to Evolutions | Intro to Training Camp EVOs II | Intro to Rewards EVOs | Rising Guard | Passing Prodigy | One Shot | Relentless Pressure | Long Ball Pass | Footwork Phenom | Pinged Pass | Whipped Pass+ | Cornerstones | Iron Will,Brighton,Barclays WSL,false,false,500,500
242195,Mark McKenzie,75,CB,,77,36,51,66,75,78,2,5,1,Long Throw,0,,0,,13,Intro to Evolutions | Intro to Training Camp EVOs II | Intro to Rewards EVOs | Rising Guard | Passing Prodigy | One Shot | Relentless Pressure | Long Ball Pass | Footwork Phenom | Pinged Pass | Whipped Pass+ | Cornerstones | Iron Will,Toulouse FC,Ligue 1 McDonald's,false,false,500,2500
267389,Marleen Schimmer,75,CAM,LM | CM | LW,75,74,70,75,42,58,3,3,0,,0,,0,,14,Intro to Evolutions | Intro to Training Camp EVOs II | Intro to Rewards EVOs | Rising Guard | Passing Prodigy | One Shot | Complete Connection | Relentless Pressure | Long Ball Pass | Footwork Phenom | Pinged Pass | Whipped Pass+ | Cornerstones | Iron Will,RB Leipzig,GPFBL,false,false,500,500
259748,Martin Vitík,75,CB,,70,39,57,62,75,75,2,3,1,Intercept,0,,0,,13,Intro to Evolutions | Intro to Training Camp EVOs II | Intro to Rewards EVOs | Rising Guard | Passing Prodigy | One Shot | Relentless Pressure | Long Ball Pass | Footwork Phenom | Pinged Pass | Whipped Pass+ | Cornerstones | Iron Will,Bologna,Serie A Enilive,false,false,500,1000
264999,Martina Tufeković,75,GK,,75,74,74,76,50,73,1,2,2,Footwork | Deflector,0,,0,,8,Intro to Training Camp EVOs I | Intro to Training Camp EVOs II | The Debut | Relentless Pressure | Long Ball Pass | Pinged Pass | Whipped Pass+ | Cornerstones,VfL Wolfsburg,GPFBL,false,false,500,500
228245,Marvin Wanitzek,75,CM,LM | CAM | LW,70,74,77,74,61,69,3,3,7,Finesse Shot | Dead Ball | Low Driven Shot | Gamechanger | Incisive Pass | Whipped Pass | Relentless,0,,0,,9,Intro to Evolutions | Intro to Rewards EVOs | Rising Guard | Passing Prodigy | One Shot | Footwork Phenom | Whipped Pass+ | Cornerstones | Iron Will,Karlsruher SC,Bundesliga 2,false,false,500,250
233267,Matt Turner,75,GK,,75,72,69,75,40,74,1,2,2,Far Throw | Footwork,0,,0,,8,Intro to Training Camp EVOs I | Intro to Training Camp EVOs II | The Debut | Relentless Pressure | Long Ball Pass | Pinged Pass | Whipped Pass+ | Cornerstones,New England,MLS,false,false,500,1500
262265,Matthieu Epolo,75,GK,,77,71,68,76,32,74,1,2,2,Footwork | Far Reach,0,,0,,8,Intro to Training Camp EVOs I | Intro to Training Camp EVOs II | The Debut | Relentless Pressure | Long Ball Pass | Pinged Pass | Whipped Pass+ | Cornerstones,Standard Liège,1A Pro League,false,false,500,500
274535,Max Arfsten,75,LM,LB | RM | LW,77,66,67,79,63,72,5,5,3,Tiki Taka | Technical | Trickster,0,,0,,13,Intro to Evolutions | Intro to Training Camp EVOs II | Intro to Rewards EVOs | Rising Guard | Passing Prodigy | One Shot | Relentless Pressure | Long Ball Pass | Footwork Phenom | Pinged Pass | Whipped Pass+ | Cornerstones | Iron Will,Middlesbrough,EFL Championship,false,false,500,250
224030,Maxime Lopez,75,CM,CDM | CAM,60,68,77,79,64,54,3,3,3,Dead Ball | Incisive Pass | Long Ball Pass,0,,0,,15,Intro to Evolutions | Intro to Training Camp EVOs II | Intro to Rewards EVOs | Rising Guard | Cover Athlete | Passing Prodigy | One Shot | Complete Connection | Relentless Pressure | Long Ball Pass | Footwork Phenom | Pinged Pass | Whipped Pass+ | Cornerstones | Iron Will,Paris FC,Ligue 1 McDonald's,false,false,500,500
239207,Maximiliano Gómez,75,ST,,58,75,68,68,32,80,3,3,2,Precision Header | Enforcer,0,,0,,15,Intro to Evolutions | Intro to Training Camp EVOs II | Intro to Rewards EVOs | Club Member Reward | Rising Guard | Passing Prodigy | One Shot | Relentless Pressure | Long Ball Pass | Footwork Phenom | Pinged Pass | ST Advanced Forward+ | Whipped Pass+ | Cornerstones | Iron Will,Nacional,Libertadores,false,false,500,
244205,Maximiliano Salas,75,ST,CAM,89,72,70,75,50,82,4,3,4,Power Shot | Acrobatic | Rapid | Quick Step,0,,0,,12,Intro to Evolutions | Club Member Reward | Rising Guard | Passing Prodigy | One Shot | Relentless Pressure | Footwork Phenom | Pinged Pass | ST Advanced Forward+ | Whipped Pass+ | Cornerstones | Iron Will,Ind. Rivadavia,LPF,false,false,500,500
267300,Mia Fishel,75,ST,,73,76,67,74,23,67,3,4,1,Precision Header,0,,0,,15,Intro to Evolutions | Intro to Training Camp EVOs II | Intro to Rewards EVOs | Club Member Reward | Rising Guard | Passing Prodigy | One Shot | Relentless Pressure | Long Ball Pass | Footwork Phenom | Pinged Pass | ST Advanced Forward+ | Whipped Pass+ | Cornerstones | Iron Will,Seattle Reign,NWSL,false,false,500,500
227370,Michael Zetterer,75,GK,,74,71,81,77,41,74,1,5,2,Far Throw | Footwork,0,,0,,8,Intro to Training Camp EVOs I | Intro to Training Camp EVOs II | The Debut | Relentless Pressure | Long Ball Pass | Pinged Pass | Whipped Pass+ | Cornerstones,Leeds United,Premier League,false,true,500,750
230977,Miguel Almirón,75,RW,RM | LM | LW,85,71,69,78,57,63,4,1,4,Finesse Shot | Rapid | Quick Step | Relentless,0,,0,,10,Intro to Evolutions | Rising Guard | Passing Prodigy | One Shot | Relentless Pressure | Footwork Phenom | Pinged Pass | Whipped Pass+ | Cornerstones | Iron Will,Atlanta United,MLS,false,false,500,250
232839,Miro Muheim,75,LB,LM,77,66,73,73,71,73,3,3,3,Power Shot | Dead Ball | Whipped Pass,0,,0,,13,Intro to Evolutions | Intro to Training Camp EVOs II | Intro to Rewards EVOs | Rising Guard | Passing Prodigy | One Shot | Relentless Pressure | Long Ball Pass | Footwork Phenom | Pinged Pass | Whipped Pass+ | Cornerstones | Iron Will,Hamburger SV,Bundesliga,false,false,500,500
206254,Miroslav Stevanović,75,RM,CAM | RW | CM,77,70,75,72,39,69,3,4,5,Power Shot | Precision Header | Jockey | Aerial Fortress | Rapid,0,,0,,11,Intro to Evolutions | Intro to Rewards EVOs | Rising Guard | Passing Prodigy | One Shot | Complete Connection | Footwork Phenom | Pinged Pass | Whipped Pass+ | Cornerstones | Iron Will,Servette FC,Brack Super League,false,false,500,250
221174,Mislav Oršić,75,LW,LM,78,79,72,74,59,60,3,4,3,Finesse Shot | Power Shot | Rapid,0,,0,,13,Intro to Evolutions | Intro to Training Camp EVOs II | Intro to Rewards EVOs | Rising Guard | Passing Prodigy | One Shot | Relentless Pressure | Long Ball Pass | Footwork Phenom | Pinged Pass | Whipped Pass+ | Cornerstones | Iron Will,Dinamo Zagreb,Liga Hrvatska,false,false,500,
274906,Mojmír Chytil,75,ST,,73,74,56,70,29,81,2,3,0,,0,,0,,15,Intro to Evolutions | Intro to Training Camp EVOs II | Intro to Rewards EVOs | Club Member Reward | Rising Guard | Passing Prodigy | One Shot | Relentless Pressure | Long Ball Pass | Footwork Phenom | Pinged Pass | ST Advanced Forward+ | Whipped Pass+ | Cornerstones | Iron Will,Slavia Praha,Česká Liga,false,false,500,500
245410,Montassar Talbi,75,CB,,54,30,47,57,76,78,2,3,4,Block | Anticipate | Slide Tackle | Aerial Fortress,0,,0,,11,Intro to Evolutions | Intro to Rewards EVOs | Rising Guard | Passing Prodigy | One Shot | Relentless Pressure | Footwork Phenom | Pinged Pass | Whipped Pass+ | Cornerstones | Iron Will,FC Lorient,Ligue 1 McDonald's,false,false,500,500
256008,Morato,75,CB,LB,53,37,57,60,75,80,2,2,1,Bruiser,0,,0,,13,Intro to Evolutions | Intro to Training Camp EVOs II | Intro to Rewards EVOs | Rising Guard | Passing Prodigy | One Shot | Relentless Pressure | Long Ball Pass | Footwork Phenom | Pinged Pass | Whipped Pass+ | Cornerstones | Iron Will,West Ham,EFL Championship,false,false,500,500
210896,Morgan Sanson,75,CM,CAM | CDM,60,72,75,75,70,74,3,4,1,Press Proven,0,,0,,15,Intro to Evolutions | Intro to Training Camp EVOs II | Intro to Rewards EVOs | Rising Guard | Cover Athlete | Passing Prodigy | One Shot | Complete Connection | Relentless Pressure | Long Ball Pass | Footwork Phenom | Pinged Pass | Whipped Pass+ | Cornerstones | Iron Will,OGC Nice,Ligue 1 McDonald's,false,false,500,500
247248,Moustapha Mbow,75,CB,,70,36,54,60,74,78,2,2,4,Long Ball Pass | Block | Slide Tackle | Aerial Fortress,0,,0,,11,Intro to Evolutions | Intro to Rewards EVOs | Rising Guard | Passing Prodigy | One Shot | Relentless Pressure | Footwork Phenom | Pinged Pass | Whipped Pass+ | Cornerstones | Iron Will,Paris FC,Ligue 1 McDonald's,false,false,500,500
243530,Mujaid,75,CB,,56,41,63,59,73,80,2,3,2,Press Proven | Bruiser,0,,0,,13,Intro to Evolutions | Intro to Training Camp EVOs II | Intro to Rewards EVOs | Rising Guard | Passing Prodigy | One Shot | Relentless Pressure | Long Ball Pass | Footwork Phenom | Pinged Pass | Whipped Pass+ | Cornerstones | Iron Will,Rayo Vallecano,LALIGA EA SPORTS,false,false,500,750
273405,Nadine Riesen,75,RB,LB | RM | LM,70,64,69,69,74,65,2,2,1,Rapid,0,,0,,13,Intro to Evolutions | Intro to Training Camp EVOs II | Intro to Rewards EVOs | Rising Guard | Passing Prodigy | One Shot | Relentless Pressure | Long Ball Pass | Footwork Phenom | Pinged Pass | Whipped Pass+ | Cornerstones | Iron Will,West Ham,Barclays WSL,false,false,500,500
275760,Nastassja Lein,75,LM,ST | LW,78,73,72,74,37,59,3,2,0,,0,,0,,15,Intro to Evolutions | Intro to Training Camp EVOs II | Intro to Rewards EVOs | Club Member Reward | Rising Guard | Passing Prodigy | One Shot | Relentless Pressure | Long Ball Pass | Footwork Phenom | Pinged Pass | ST Advanced Forward+ | Whipped Pass+ | Cornerstones | Iron Will,1. FC Nürnberg,GPFBL,false,false,500,500
265231,Natasha Flint,75,CAM,ST,56,75,66,75,39,77,3,4,0,,0,,0,,16,Intro to Evolutions | Intro to Training Camp EVOs II | Intro to Rewards EVOs | Club Member Reward | Rising Guard | Cover Athlete | Passing Prodigy | One Shot | Relentless Pressure | Long Ball Pass | Footwork Phenom | Pinged Pass | ST Advanced Forward+ | Whipped Pass+ | Cornerstones | Iron Will,Denver Summit FC,NWSL,false,false,500,
267322,Nealy Martin,75,CDM,CM,58,49,68,66,77,69,2,3,1,Long Throw,0,,0,,14,Intro to Evolutions | Intro to Training Camp EVOs II | Intro to Rewards EVOs | Rising Guard | Passing Prodigy | One Shot | Complete Connection | Relentless Pressure | Long Ball Pass | Footwork Phenom | Pinged Pass | Whipped Pass+ | Cornerstones | Iron Will,Angel City FC,NWSL,false,false,500,
267430,Nelson Deossa,75,CDM,CM | CAM,77,76,72,74,73,78,3,3,2,Anticipate | Relentless,0,,0,,15,Intro to Evolutions | Intro to Training Camp EVOs II | Intro to Rewards EVOs | Rising Guard | Cover Athlete | Passing Prodigy | One Shot | Complete Connection | Relentless Pressure | Long Ball Pass | Footwork Phenom | Pinged Pass | Whipped Pass+ | Cornerstones | Iron Will,Real Betis,LALIGA EA SPORTS,false,false,500,750
224241,Nick Olij,75,GK,,78,74,60,78,50,73,1,2,2,Far Throw | Far Reach,0,,0,,8,Intro to Training Camp EVOs I | Intro to Training Camp EVOs II | The Debut | Relentless Pressure | Long Ball Pass | Pinged Pass | Whipped Pass+ | Cornerstones,PSV,Eredivisie,false,false,500,500
220969,Niclas Eliasson,75,RM,LM | RW,86,65,73,76,41,65,4,4,3,Finesse Shot | Whipped Pass | Technical,0,,0,,12,Intro to Evolutions | Intro to Training Camp EVOs II | Rising Guard | Passing Prodigy | One Shot | Relentless Pressure | Long Ball Pass | Footwork Phenom | Pinged Pass | Whipped Pass+ | Cornerstones | Iron Will,Internacional,Libertadores,false,false,500,250
212207,Nicolae Stanciu,75,CAM,CM,72,74,77,76,61,71,4,4,5,Power Shot | Dead Ball | Incisive Pass | Inventive | Technical,0,,0,,12,Intro to Evolutions | Intro to Rewards EVOs | Rising Guard | Cover Athlete | Passing Prodigy | One Shot | Complete Connection | Footwork Phenom | Pinged Pass | Whipped Pass+ | Cornerstones | Iron Will,Dalian Yingbo,CSL,false,false,500,250
276119,Nicolai Remberg,75,CDM,CM,66,59,65,71,74,85,2,3,2,Aerial Fortress | Bruiser,0,,0,,14,Intro to Evolutions | Intro to Training Camp EVOs II | Intro to Rewards EVOs | Rising Guard | Passing Prodigy | One Shot | Complete Connection | Relentless Pressure | Long Ball Pass | Footwork Phenom | Pinged Pass | Whipped Pass+ | Cornerstones | Iron Will,Hamburger SV,Bundesliga,false,false,500,1500
246885,Nicolás Capaldo,75,CB,CDM | RB | RM,82,68,68,73,75,77,3,2,2,Jockey | Relentless,0,,0,,13,Intro to Evolutions | Intro to Training Camp EVOs II | Intro to Rewards EVOs | Rising Guard | Passing Prodigy | One Shot | Relentless Pressure | Long Ball Pass | Footwork Phenom | Pinged Pass | Whipped Pass+ | Cornerstones | Iron Will,Hamburger SV,Bundesliga,false,false,500,1000
74310,Nicolò Savona,75,RB,RM,68,53,69,69,74,71,2,4,0,,0,,0,,13,Intro to Evolutions | Intro to Training Camp EVOs II | Intro to Rewards EVOs | Rising Guard | Passing Prodigy | One Shot | Relentless Pressure | Long Ball Pass | Footwork Phenom | Pinged Pass | Whipped Pass+ | Cornerstones | Iron Will,Nott'm Forest,Premier League,false,true,500,
266895,Nicolò Tresoldi,75,ST,,78,72,56,74,22,71,3,4,3,Precision Header | Acrobatic | Enforcer,0,,0,,15,Intro to Evolutions | Intro to Training Camp EVOs II | Intro to Rewards EVOs | Club Member Reward | Rising Guard | Passing Prodigy | One Shot | Relentless Pressure | Long Ball Pass | Footwork Phenom | Pinged Pass | ST Advanced Forward+ | Whipped Pass+ | Cornerstones | Iron Will,Club Brugge,1A Pro League,false,false,500,500
244270,Nikola Moro,75,CDM,CM,60,73,75,74,72,71,3,4,1,Long Ball Pass,0,,0,,14,Intro to Evolutions | Intro to Training Camp EVOs II | Intro to Rewards EVOs | Rising Guard | Passing Prodigy | One Shot | Complete Connection | Relentless Pressure | Long Ball Pass | Footwork Phenom | Pinged Pass | Whipped Pass+ | Cornerstones | Iron Will,Bologna,Serie A Enilive,false,false,500,250
227890,Nuno Santos,75,LM,LB | LW,73,78,74,75,69,72,4,2,5,Chip Shot | Power Shot | Gamechanger | Whipped Pass | First Touch,0,,0,,10,Intro to Evolutions | Intro to Rewards EVOs | Rising Guard | Passing Prodigy | One Shot | Footwork Phenom | Pinged Pass | Whipped Pass+ | Cornerstones | Iron Will,Sporting CP,Liga Portugal,false,false,500,750
248712,Oh Hyeon Gyu,75,ST,,78,75,55,69,43,82,3,4,0,,0,,0,,15,Intro to Evolutions | Intro to Training Camp EVOs II | Intro to Rewards EVOs | Club Member Reward | Rising Guard | Passing Prodigy | One Shot | Relentless Pressure | Long Ball Pass | Footwork Phenom | Pinged Pass | ST Advanced Forward+ | Whipped Pass+ | Cornerstones | Iron Will,Beşiktaş,Trendyol Süper Lig,false,false,500,500
243256,Oleksandr Pikhalyonok,75,CM,CAM | CDM,66,70,77,72,64,65,3,4,1,Incisive Pass,0,,0,,15,Intro to Evolutions | Intro to Training Camp EVOs II | Intro to Rewards EVOs | Rising Guard | Cover Athlete | Passing Prodigy | One Shot | Complete Connection | Relentless Pressure | Long Ball Pass | Footwork Phenom | Pinged Pass | Whipped Pass+ | Cornerstones | Iron Will,Dynamo Kyiv,Ukrayina Liha,false,false,500,250
220031,Oli McBurnie,75,ST,,59,76,66,71,36,84,3,3,1,Enforcer,0,,0,,15,Intro to Evolutions | Intro to Training Camp EVOs II | Intro to Rewards EVOs | Club Member Reward | Rising Guard | Passing Prodigy | One Shot | Relentless Pressure | Long Ball Pass | Footwork Phenom | Pinged Pass | ST Advanced Forward+ | Whipped Pass+ | Cornerstones | Iron Will,Hull City,Premier League,false,true,500,1500
261654,Omar El Hilali,75,RB,CB | CDM,82,41,65,67,72,77,3,2,4,Whipped Pass | Block | Intercept | Slide Tackle,0,,0,,11,Intro to Evolutions | Intro to Rewards EVOs | Rising Guard | Passing Prodigy | One Shot | Relentless Pressure | Footwork Phenom | Pinged Pass | Whipped Pass+ | Cornerstones | Iron Will,RCD Espanyol,LALIGA EA SPORTS,false,false,500,500
208620,Omar Mascarell,75,CDM,CM | CB,44,63,70,72,73,71,3,5,1,Intercept,0,,0,,14,Intro to Evolutions | Intro to Training Camp EVOs II | Intro to Rewards EVOs | Rising Guard | Passing Prodigy | One Shot | Complete Connection | Relentless Pressure | Long Ball Pass | Footwork Phenom | Pinged Pass | Whipped Pass+ | Cornerstones | Iron Will,Al Khaleej,ROSHN Saudi League,false,false,500,500
72791,Oona Siren,75,CM,RM | CDM | RW,59,68,74,74,70,70,2,3,0,,0,,0,,14,Intro to Evolutions | Intro to Training Camp EVOs II | Intro to Rewards EVOs | Rising Guard | Passing Prodigy | One Shot | Complete Connection | Relentless Pressure | Long Ball Pass | Footwork Phenom | Pinged Pass | Whipped Pass+ | Cornerstones | Iron Will,West Ham,Barclays WSL,false,false,500,500
234078,Orel Mangala,75,CDM,CM,58,57,70,77,71,72,3,3,0,,0,,0,,14,Intro to Evolutions | Intro to Training Camp EVOs II | Intro to Rewards EVOs | Rising Guard | Passing Prodigy | One Shot | Complete Connection | Relentless Pressure | Long Ball Pass | Footwork Phenom | Pinged Pass | Whipped Pass+ | Cornerstones | Iron Will,Getafe CF,LALIGA EA SPORTS,false,false,500,500
245058,Otar Kiteishvili,75,CAM,CM | CDM,72,72,72,77,68,58,4,5,5,Finesse Shot | Precision Header | Incisive Pass | Technical | First Touch,0,,0,,12,Intro to Evolutions | Intro to Rewards EVOs | Rising Guard | Cover Athlete | Passing Prodigy | One Shot | Complete Connection | Footwork Phenom | Pinged Pass | Whipped Pass+ | Cornerstones | Iron Will,SK Sturm Graz,Ö. Bundesliga,false,false,500,250
258439,Ousmane Camara,75,CB,,47,50,60,58,74,80,2,3,0,,0,,0,,13,Intro to Evolutions | Intro to Training Camp EVOs II | Intro to Rewards EVOs | Rising Guard | Passing Prodigy | One Shot | Relentless Pressure | Long Ball Pass | Footwork Phenom | Pinged Pass | Whipped Pass+ | Cornerstones | Iron Will,Angers SCO,Ligue 1 McDonald's,false,false,500,750
74963,Ousseynou Niang,75,LM,LB,85,70,68,77,61,71,3,4,0,,0,,0,,12,Intro to Evolutions | Intro to Training Camp EVOs II | Rising Guard | Passing Prodigy | One Shot | Relentless Pressure | Long Ball Pass | Footwork Phenom | Pinged Pass | Whipped Pass+ | Cornerstones | Iron Will,Zulte Waregem,1A Pro League,false,false,500,250
267976,Pablo Torre,75,CAM,CM | LM | CDM,71,66,77,76,45,53,4,4,0,,0,,0,,14,Intro to Evolutions | Intro to Training Camp EVOs II | Intro to Rewards EVOs | Rising Guard | Passing Prodigy | One Shot | Complete Connection | Relentless Pressure | Long Ball Pass | Footwork Phenom | Pinged Pass | Whipped Pass+ | Cornerstones | Iron Will,RCD Mallorca,LALIGA HYPERMOTION,false,false,500,1500
259070,Pau Víctor,75,ST,RW | CAM | RM,73,75,70,76,51,69,3,3,0,,0,,0,,15,Intro to Evolutions | Intro to Training Camp EVOs II | Intro to Rewards EVOs | Club Member Reward | Rising Guard | Passing Prodigy | One Shot | Relentless Pressure | Long Ball Pass | Footwork Phenom | Pinged Pass | ST Advanced Forward+ | Whipped Pass+ | Cornerstones | Iron Will,SC Braga,Liga Portugal,false,false,500,750
272038,Paula Perea,75,LB,,70,49,71,69,72,77,3,3,4,Block | Intercept | Slide Tackle | Bruiser,0,,0,,11,Intro to Evolutions | Intro to Rewards EVOs | Rising Guard | Passing Prodigy | One Shot | Relentless Pressure | Footwork Phenom | Pinged Pass | Whipped Pass+ | Cornerstones | Iron Will,Granada CF,Liga F Moeve,false,false,500,500
226355,Pauline Bremer,75,ST,LW | CAM | LM,73,72,68,73,37,77,4,4,1,Precision Header,0,,0,,15,Intro to Evolutions | Intro to Training Camp EVOs II | Intro to Rewards EVOs | Club Member Reward | Rising Guard | Passing Prodigy | One Shot | Relentless Pressure | Long Ball Pass | Footwork Phenom | Pinged Pass | ST Advanced Forward+ | Whipped Pass+ | Cornerstones | Iron Will,1. FC Köln,GPFBL,false,false,500,500
244788,Pavel Bucha,75,CM,CDM | RM | RW,71,71,74,75,69,77,3,4,1,Inventive,0,,0,,14,Intro to Evolutions | Intro to Training Camp EVOs II | Intro to Rewards EVOs | Rising Guard | Passing Prodigy | One Shot | Complete Connection | Relentless Pressure | Long Ball Pass | Footwork Phenom | Pinged Pass | Whipped Pass+ | Cornerstones | Iron Will,FC Cincinnati,MLS,false,false,500,250
260523,Paxten Aaronson,75,CM,CAM | CDM,83,71,70,76,69,65,4,3,0,,0,,0,,15,Intro to Evolutions | Intro to Training Camp EVOs II | Intro to Rewards EVOs | Rising Guard | Cover Athlete | Passing Prodigy | One Shot | Complete Connection | Relentless Pressure | Long Ball Pass | Footwork Phenom | Pinged Pass | Whipped Pass+ | Cornerstones | Iron Will,Colorado Rapids,MLS,false,false,500,250
236492,Pedro Díaz,75,CM,CDM | CAM,65,75,75,74,69,73,3,4,1,Power Shot,0,,0,,15,Intro to Evolutions | Intro to Training Camp EVOs II | Intro to Rewards EVOs | Rising Guard | Cover Athlete | Passing Prodigy | One Shot | Complete Connection | Relentless Pressure | Long Ball Pass | Footwork Phenom | Pinged Pass | Whipped Pass+ | Cornerstones | Iron Will,Rayo Vallecano,LALIGA EA SPORTS,false,false,500,500
225926,Pere Milla,75,LM,ST | CAM | LW,73,75,73,74,55,70,3,3,5,Finesse Shot | Power Shot | Precision Header | Rapid | First Touch,0,,0,,12,Intro to Evolutions | Intro to Rewards EVOs | Club Member Reward | Rising Guard | Passing Prodigy | One Shot | Footwork Phenom | Pinged Pass | ST Advanced Forward+ | Whipped Pass+ | Cornerstones | Iron Will,RCD Espanyol,LALIGA EA SPORTS,false,false,500,1500
208224,Petros Mantalos,75,CM,CAM | LM | CDM,71,67,79,77,62,65,3,4,3,Incisive Pass | Tiki Taka | First Touch,0,,0,,14,Intro to Evolutions | Intro to Training Camp EVOs II | Intro to Rewards EVOs | Rising Guard | Passing Prodigy | One Shot | Complete Connection | Relentless Pressure | Long Ball Pass | Footwork Phenom | Pinged Pass | Whipped Pass+ | Cornerstones | Iron Will,AEK Athens,Hellas Liga,false,false,500,250
243354,Philipp Sander,75,CB,CDM | CM,70,67,73,74,77,72,2,3,3,Incisive Pass | Intercept | Long Throw,0,,0,,14,Intro to Evolutions | Intro to Training Camp EVOs II | Intro to Rewards EVOs | Rising Guard | Passing Prodigy | One Shot | Complete Connection | Relentless Pressure | Long Ball Pass | Footwork Phenom | Pinged Pass | Whipped Pass+ | Cornerstones | Iron Will,M'gladbach,Bundesliga,false,false,500,500
233216,Phillip Tietz,75,ST,,52,76,57,68,34,83,3,3,1,Enforcer,0,,0,,15,Intro to Evolutions | Intro to Training Camp EVOs II | Intro to Rewards EVOs | Club Member Reward | Rising Guard | Passing Prodigy | One Shot | Relentless Pressure | Long Ball Pass | Footwork Phenom | Pinged Pass | ST Advanced Forward+ | Whipped Pass+ | Cornerstones | Iron Will,1. FSV Mainz 05,Bundesliga,false,false,500,500
216275,Phillipp Mwene,75,LB,LM | RM | RB,75,55,69,75,69,69,3,4,0,,0,,0,,13,Intro to Evolutions | Intro to Training Camp EVOs II | Intro to Rewards EVOs | Rising Guard | Passing Prodigy | One Shot | Relentless Pressure | Long Ball Pass | Footwork Phenom | Pinged Pass | Whipped Pass+ | Cornerstones | Iron Will,1. FSV Mainz 05,Bundesliga,false,false,500,500
264975,Pia-Sophie Wolter,75,RB,RM,78,72,70,76,72,74,3,3,0,,0,,0,,13,Intro to Evolutions | Intro to Training Camp EVOs II | Intro to Rewards EVOs | Rising Guard | Passing Prodigy | One Shot | Relentless Pressure | Long Ball Pass | Footwork Phenom | Pinged Pass | Whipped Pass+ | Cornerstones | Iron Will,Frankfurt,GPFBL,false,false,500,500
278340,Pietro Comuzzo,75,CB,,52,31,52,60,77,69,2,2,0,,0,,0,,13,Intro to Evolutions | Intro to Training Camp EVOs II | Intro to Rewards EVOs | Rising Guard | Passing Prodigy | One Shot | Relentless Pressure | Long Ball Pass | Footwork Phenom | Pinged Pass | Whipped Pass+ | Cornerstones | Iron Will,Torino,Serie A Enilive,false,false,500,750
244407,Pol Lozano,75,CDM,CM,64,60,72,68,72,71,3,3,1,Press Proven,0,,0,,14,Intro to Evolutions | Intro to Training Camp EVOs II | Intro to Rewards EVOs | Rising Guard | Passing Prodigy | One Shot | Complete Connection | Relentless Pressure | Long Ball Pass | Footwork Phenom | Pinged Pass | Whipped Pass+ | Cornerstones | Iron Will,RCD Espanyol,LALIGA EA SPORTS,false,false,500,750
271121,Quilindschy Hartman,75,LB,,76,55,75,74,71,73,3,3,3,Incisive Pass | Slide Tackle | Bruiser,0,,0,,13,Intro to Evolutions | Intro to Training Camp EVOs II | Intro to Rewards EVOs | Rising Guard | Passing Prodigy | One Shot | Relentless Pressure | Long Ball Pass | Footwork Phenom | Pinged Pass | Whipped Pass+ | Cornerstones | Iron Will,RCD Espanyol,LALIGA EA SPORTS,false,false,500,500
253741,Rachele Baldi,75,GK,,74,75,73,73,28,73,1,3,0,,0,,0,,8,Intro to Training Camp EVOs I | Intro to Training Camp EVOs II | The Debut | Relentless Pressure | Long Ball Pass | Pinged Pass | Whipped Pass+ | Cornerstones,Roma,Calcio A Femminile,false,false,500,1000
269694,Radek Vítek,75,GK,,75,72,74,76,46,74,1,3,2,Footwork | Cross Claimer,0,,0,,8,Intro to Training Camp EVOs I | Intro to Training Camp EVOs II | The Debut | Relentless Pressure | Long Ball Pass | Pinged Pass | Whipped Pass+ | Cornerstones,Middlesbrough,EFL Championship,false,false,500,750
220883,Rafael Santos Borré,75,ST,CAM,74,77,73,76,45,76,3,3,2,Finesse Shot | Acrobatic,0,,0,,16,Intro to Evolutions | Intro to Training Camp EVOs II | Intro to Rewards EVOs | Club Member Reward | Rising Guard | Cover Athlete | Passing Prodigy | One Shot | Relentless Pressure | Long Ball Pass | Footwork Phenom | Pinged Pass | ST Advanced Forward+ | Whipped Pass+ | Cornerstones | Iron Will,River Plate,LPF,false,false,500,
253416,Raúl García,75,ST,CAM,68,76,63,70,29,70,3,3,0,,0,,0,,16,Intro to Evolutions | Intro to Training Camp EVOs II | Intro to Rewards EVOs | Club Member Reward | Rising Guard | Cover Athlete | Passing Prodigy | One Shot | Relentless Pressure | Long Ball Pass | Footwork Phenom | Pinged Pass | ST Advanced Forward+ | Whipped Pass+ | Cornerstones | Iron Will,CA Osasuna,LALIGA EA SPORTS,false,false,500,1500
258139,Raúl Moro,75,LW,LM | RM | RW,84,66,70,78,27,51,3,3,2,Inventive | Technical,0,,0,,13,Intro to Evolutions | Intro to Training Camp EVOs II | Intro to Rewards EVOs | Rising Guard | Passing Prodigy | One Shot | Relentless Pressure | Long Ball Pass | Footwork Phenom | Pinged Pass | Whipped Pass+ | Cornerstones | Iron Will,CA Osasuna,LALIGA EA SPORTS,false,false,500,500
231448,Reiss Nelson,75,RM,LM | RW | LW,76,69,72,79,36,48,4,3,0,,0,,0,,13,Intro to Evolutions | Intro to Training Camp EVOs II | Intro to Rewards EVOs | Rising Guard | Passing Prodigy | One Shot | Relentless Pressure | Long Ball Pass | Footwork Phenom | Pinged Pass | Whipped Pass+ | Cornerstones | Iron Will,Feyenoord,Eredivisie,false,false,500,500
275904,Remina Chiba,75,ST,CAM,85,77,61,75,23,56,3,4,0,,0,,0,,15,Intro to Evolutions | Intro to Training Camp EVOs II | Club Member Reward | Rising Guard | Cover Athlete | Passing Prodigy | One Shot | Relentless Pressure | Long Ball Pass | Footwork Phenom | Pinged Pass | ST Advanced Forward+ | Whipped Pass+ | Cornerstones | Iron Will,Juventus,Calcio A Femminile,false,false,500,750
234371,Rémy Descamps,75,GK,,74,72,65,76,43,75,1,4,0,,0,,0,,8,Intro to Training Camp EVOs I | Intro to Training Camp EVOs II | The Debut | Relentless Pressure | Long Ball Pass | Pinged Pass | Whipped Pass+ | Cornerstones,OL,Ligue 1 McDonald's,false,false,500,1000
230767,Renato Sanches,75,CM,CDM,70,69,75,78,70,72,4,4,2,Inventive | Press Proven,0,,0,,14,Intro to Evolutions | Intro to Training Camp EVOs II | Intro to Rewards EVOs | Rising Guard | Passing Prodigy | One Shot | Complete Connection | Relentless Pressure | Long Ball Pass | Footwork Phenom | Pinged Pass | Whipped Pass+ | Cornerstones | Iron Will,Paris SG,Ligue 1 McDonald's,true,false,500,750
233097,Rick van Drongelen,75,CB,,62,30,61,60,74,80,2,4,4,Long Ball Pass | Block | Slide Tackle | Aerial Fortress,0,,0,,11,Intro to Evolutions | Intro to Rewards EVOs | Rising Guard | Passing Prodigy | One Shot | Relentless Pressure | Footwork Phenom | Pinged Pass | Whipped Pass+ | Cornerstones | Iron Will,Panathinaikos,Hellas Liga,false,false,500,500
80376,Rio Ngumoha,75,LM,LW,90,71,68,79,37,49,4,3,2,Trickster | Quick Step,0,,0,,12,Intro to Evolutions | Intro to Training Camp EVOs II | Rising Guard | Passing Prodigy | One Shot | Relentless Pressure | Long Ball Pass | Footwork Phenom | Pinged Pass | Whipped Pass+ | Cornerstones | Iron Will,Liverpool,Premier League,true,true,500,10000
248385,Roberto Piccoli,75,ST,,79,75,56,67,35,78,2,3,3,Precision Header | First Touch | Enforcer,0,,0,,15,Intro to Evolutions | Intro to Training Camp EVOs II | Intro to Rewards EVOs | Club Member Reward | Rising Guard | Passing Prodigy | One Shot | Relentless Pressure | Long Ball Pass | Footwork Phenom | Pinged Pass | ST Advanced Forward+ | Whipped Pass+ | Cornerstones | Iron Will,Bologna,Serie A Enilive,false,false,500,500
269305,Robin Fellhauer,75,RM,CM | CDM | RW,80,60,70,73,72,76,2,3,2,Intercept | Relentless,0,,0,,14,Intro to Evolutions | Intro to Training Camp EVOs II | Intro to Rewards EVOs | Rising Guard | Passing Prodigy | One Shot | Complete Connection | Relentless Pressure | Long Ball Pass | Footwork Phenom | Pinged Pass | Whipped Pass+ | Cornerstones | Iron Will,FC Augsburg,Bundesliga,false,false,500,2500
215069,Rodrigo Rey,75,GK,,74,73,71,76,50,76,1,3,0,,0,,0,,8,Intro to Training Camp EVOs I | Intro to Training Camp EVOs II | The Debut | Relentless Pressure | Long Ball Pass | Pinged Pass | Whipped Pass+ | Cornerstones,Independiente,LPF,false,false,500,500
263828,Roger Fernandes,75,LM,RM | LW | RW,90,67,66,78,57,61,3,4,3,Finesse Shot | Rapid | Quick Step,0,,0,,12,Intro to Evolutions | Intro to Training Camp EVOs II | Rising Guard | Passing Prodigy | One Shot | Relentless Pressure | Long Ball Pass | Footwork Phenom | Pinged Pass | Whipped Pass+ | Cornerstones | Iron Will,Al Ittihad,ROSHN Saudi League,false,false,500,250
242577,Romain Faivre,75,RM,RW,66,72,75,79,62,65,4,3,2,Incisive Pass | Technical,0,,0,,13,Intro to Evolutions | Intro to Training Camp EVOs II | Intro to Rewards EVOs | Rising Guard | Passing Prodigy | One Shot | Relentless Pressure | Long Ball Pass | Footwork Phenom | Pinged Pass | Whipped Pass+ | Cornerstones | Iron Will,AJ Auxerre,Ligue 1 McDonald's,false,false,500,500
189117,Roman Bürki,75,GK,,74,75,60,75,46,73,1,2,3,Far Throw | Footwork | Far Reach,0,,0,,8,Intro to Training Camp EVOs I | Intro to Training Camp EVOs II | The Debut | Relentless Pressure | Long Ball Pass | Pinged Pass | Whipped Pass+ | Cornerstones,St. Louis CITY SC,MLS,false,false,500,500
240702,Roman Yaremchuk,75,ST,,70,75,69,69,45,75,2,3,2,First Touch | Press Proven,0,,0,,15,Intro to Evolutions | Intro to Training Camp EVOs II | Intro to Rewards EVOs | Club Member Reward | Rising Guard | Passing Prodigy | One Shot | Relentless Pressure | Long Ball Pass | Footwork Phenom | Pinged Pass | ST Advanced Forward+ | Whipped Pass+ | Cornerstones | Iron Will,Olympiacos FC,Hellas Liga,false,false,500,750
74404,Rosa Kafaji,75,LM,LW,68,74,73,75,20,55,3,3,0,,0,,0,,13,Intro to Evolutions | Intro to Training Camp EVOs II | Intro to Rewards EVOs | Rising Guard | Passing Prodigy | One Shot | Relentless Pressure | Long Ball Pass | Footwork Phenom | Pinged Pass | Whipped Pass+ | Cornerstones | Iron Will,London City,Barclays WSL,false,false,500,750
262102,Ruben Kluivert,75,CB,,85,34,58,65,74,77,2,3,0,,0,,0,,12,Intro to Evolutions | Intro to Training Camp EVOs II | Rising Guard | Passing Prodigy | One Shot | Relentless Pressure | Long Ball Pass | Footwork Phenom | Pinged Pass | Whipped Pass+ | Cornerstones | Iron Will,OL,Ligue 1 McDonald's,false,false,500,750
231969,Ruslan Malinovskyi,75,CM,CAM,68,78,78,77,64,74,4,4,1,Power Shot,0,,0,,15,Intro to Evolutions | Intro to Training Camp EVOs II | Intro to Rewards EVOs | Rising Guard | Cover Athlete | Passing Prodigy | One Shot | Complete Connection | Relentless Pressure | Long Ball Pass | Footwork Phenom | Pinged Pass | Whipped Pass+ | Cornerstones | Iron Will,Trabzonspor,Trendyol Süper Lig,false,false,500,250
235642,Ryan Yates,75,CDM,CM,47,61,67,67,75,75,2,3,0,,0,,0,,14,Intro to Evolutions | Intro to Training Camp EVOs II | Intro to Rewards EVOs | Rising Guard | Passing Prodigy | One Shot | Complete Connection | Relentless Pressure | Long Ball Pass | Footwork Phenom | Pinged Pass | Whipped Pass+ | Cornerstones | Iron Will,Nott'm Forest,Premier League,false,true,500,500
248266,Sacha Boey,75,RB,RM,70,55,66,74,75,76,3,3,1,Intercept,0,,0,,13,Intro to Evolutions | Intro to Training Camp EVOs II | Intro to Rewards EVOs | Rising Guard | Passing Prodigy | One Shot | Relentless Pressure | Long Ball Pass | Footwork Phenom | Pinged Pass | Whipped Pass+ | Cornerstones | Iron Will,FC Bayern München,Bundesliga,true,false,500,750
268312,Saël Kumbedi,75,RB,RM,77,45,68,76,70,62,3,3,0,,0,,0,,13,Intro to Evolutions | Intro to Training Camp EVOs II | Intro to Rewards EVOs | Rising Guard | Passing Prodigy | One Shot | Relentless Pressure | Long Ball Pass | Footwork Phenom | Pinged Pass | Whipped Pass+ | Cornerstones | Iron Will,Sunderland,Premier League,false,true,500,
279702,Samir El Mourabet,75,CM,CDM,59,65,67,74,71,65,3,2,2,Power Shot | Intercept,0,,0,,14,Intro to Evolutions | Intro to Training Camp EVOs II | Intro to Rewards EVOs | Rising Guard | Passing Prodigy | One Shot | Complete Connection | Relentless Pressure | Long Ball Pass | Footwork Phenom | Pinged Pass | Whipped Pass+ | Cornerstones | Iron Will,Strasbourg,Ligue 1 McDonald's,false,false,500,500
277025,Sampson Dweh,75,CB,RB,73,34,62,68,74,76,2,2,1,Intercept,0,,0,,13,Intro to Evolutions | Intro to Training Camp EVOs II | Intro to Rewards EVOs | Rising Guard | Passing Prodigy | One Shot | Relentless Pressure | Long Ball Pass | Footwork Phenom | Pinged Pass | Whipped Pass+ | Cornerstones | Iron Will,Viktoria Plzeň,Česká Liga,false,false,500,250
277252,Samuel Dahl,75,LB,LM,83,52,68,76,68,70,3,3,0,,0,,0,,13,Intro to Evolutions | Intro to Training Camp EVOs II | Intro to Rewards EVOs | Rising Guard | Passing Prodigy | One Shot | Relentless Pressure | Long Ball Pass | Footwork Phenom | Pinged Pass | Whipped Pass+ | Cornerstones | Iron Will,SL Benfica,Liga Portugal,false,false,500,1500
219581,Samuel Gigot,75,CB,,55,38,62,60,75,73,2,3,1,Precision Header,0,,0,,13,Intro to Evolutions | Intro to Training Camp EVOs II | Intro to Rewards EVOs | Rising Guard | Passing Prodigy | One Shot | Relentless Pressure | Long Ball Pass | Footwork Phenom | Pinged Pass | Whipped Pass+ | Cornerstones | Iron Will,Latium,Serie A Enilive,false,false,500,500
237003,Samuele Birindelli,75,RB,CB | RM,87,55,66,73,69,61,3,4,0,,0,,0,,12,Intro to Evolutions | Intro to Training Camp EVOs II | Rising Guard | Passing Prodigy | One Shot | Relentless Pressure | Long Ball Pass | Footwork Phenom | Pinged Pass | Whipped Pass+ | Cornerstones | Iron Will,Monza,Serie A Enilive,false,false,500,500
252072,Santiago Ramos Mingo,75,CB,,59,38,56,59,76,72,2,2,2,Long Ball Pass | Anticipate,0,,0,,13,Intro to Evolutions | Intro to Training Camp EVOs II | Intro to Rewards EVOs | Rising Guard | Passing Prodigy | One Shot | Relentless Pressure | Long Ball Pass | Footwork Phenom | Pinged Pass | Whipped Pass+ | Cornerstones | Iron Will,Bahia,Liga do Brasil,false,false,500,
265024,Sara Holmgaard,75,LB,LM | CB | LW,67,52,73,69,73,80,3,3,0,,0,,0,,13,Intro to Evolutions | Intro to Training Camp EVOs II | Intro to Rewards EVOs | Rising Guard | Passing Prodigy | One Shot | Relentless Pressure | Long Ball Pass | Footwork Phenom | Pinged Pass | Whipped Pass+ | Cornerstones | Iron Will,Real Madrid,Liga F Moeve,true,false,500,750
225974,Scott McKenna,75,CB,,60,32,51,56,76,80,2,3,1,Aerial Fortress,0,,0,,13,Intro to Evolutions | Intro to Training Camp EVOs II | Intro to Rewards EVOs | Rising Guard | Passing Prodigy | One Shot | Relentless Pressure | Long Ball Pass | Footwork Phenom | Pinged Pass | Whipped Pass+ | Cornerstones | Iron Will,Dinamo Zagreb,Liga Hrvatska,false,false,500,250
242663,Sebastiaan Bornauw,75,CB,,64,45,61,57,75,73,2,3,0,,0,,0,,13,Intro to Evolutions | Intro to Training Camp EVOs II | Intro to Rewards EVOs | Rising Guard | Passing Prodigy | One Shot | Relentless Pressure | Long Ball Pass | Footwork Phenom | Pinged Pass | Whipped Pass+ | Cornerstones | Iron Will,Hamburger SV,Bundesliga,false,false,500,1500
253257,Sebastián Cáceres,75,CB,,60,41,54,61,78,78,2,3,3,Jockey | Anticipate | Aerial Fortress,0,,0,,13,Intro to Evolutions | Intro to Training Camp EVOs II | Intro to Rewards EVOs | Rising Guard | Passing Prodigy | One Shot | Relentless Pressure | Long Ball Pass | Footwork Phenom | Pinged Pass | Whipped Pass+ | Cornerstones | Iron Will,Celta,LALIGA EA SPORTS,false,false,500,
256782,Sebastian Nanasi,75,CAM,LM | CM | LW,67,65,73,79,32,63,4,3,3,Low Driven Shot | Inventive | Technical,0,,0,,14,Intro to Evolutions | Intro to Training Camp EVOs II | Intro to Rewards EVOs | Rising Guard | Passing Prodigy | One Shot | Complete Connection | Relentless Pressure | Long Ball Pass | Footwork Phenom | Pinged Pass | Whipped Pass+ | Cornerstones | Iron Will,Strasbourg,Ligue 1 McDonald's,false,false,500,250
220534,Sebastiano Luperto,75,CB,,55,48,60,62,77,76,2,3,1,Intercept,0,,0,,13,Intro to Evolutions | Intro to Training Camp EVOs II | Intro to Rewards EVOs | Rising Guard | Passing Prodigy | One Shot | Relentless Pressure | Long Ball Pass | Footwork Phenom | Pinged Pass | Whipped Pass+ | Cornerstones | Iron Will,Cremonese,Serie BKT,false,false,500,500
199564,Sergi Roberto,75,CDM,CM,68,63,79,75,73,55,3,3,0,,0,,0,,14,Intro to Evolutions | Intro to Training Camp EVOs II | Intro to Rewards EVOs | Rising Guard | Passing Prodigy | One Shot | Complete Connection | Relentless Pressure | Long Ball Pass | Footwork Phenom | Pinged Pass | Whipped Pass+ | Cornerstones | Iron Will,LA Galaxy,MLS,false,false,500,500
77249,Shukurat Oladipo,75,CB,,73,57,65,70,77,70,2,3,2,Jockey | Bruiser,0,,0,,13,Intro to Evolutions | Intro to Training Camp EVOs II | Intro to Rewards EVOs | Rising Guard | Passing Prodigy | One Shot | Relentless Pressure | Long Ball Pass | Footwork Phenom | Pinged Pass | Whipped Pass+ | Cornerstones | Iron Will,Roma,Calcio A Femminile,false,false,500,500
264929,Sofie Zdebel,75,CM,CDM,64,63,67,73,71,69,3,2,0,,0,,0,,14,Intro to Evolutions | Intro to Training Camp EVOs II | Intro to Rewards EVOs | Rising Guard | Passing Prodigy | One Shot | Complete Connection | Relentless Pressure | Long Ball Pass | Footwork Phenom | Pinged Pass | Whipped Pass+ | Cornerstones | Iron Will,Leverkusen,GPFBL,false,false,500,500
241547,Solène Durand,75,GK,,73,75,73,78,29,74,1,2,0,,0,,0,,8,Intro to Training Camp EVOs I | Intro to Training Camp EVOs II | The Debut | Relentless Pressure | Long Ball Pass | Pinged Pass | Whipped Pass+ | Cornerstones,Montpellier,Arkema PL,false,false,500,
266975,Sophie Román Haug,75,ST,,74,74,64,71,40,67,3,3,0,,0,,0,,15,Intro to Evolutions | Intro to Training Camp EVOs II | Intro to Rewards EVOs | Club Member Reward | Rising Guard | Passing Prodigy | One Shot | Relentless Pressure | Long Ball Pass | Footwork Phenom | Pinged Pass | ST Advanced Forward+ | Whipped Pass+ | Cornerstones | Iron Will,Liverpool,Barclays WSL,true,false,500,500
265026,Sophie Weidauer,75,ST,RM | CAM | RW,80,74,64,71,51,68,3,4,1,Intercept,0,,0,,15,Intro to Evolutions | Intro to Training Camp EVOs II | Intro to Rewards EVOs | Club Member Reward | Rising Guard | Passing Prodigy | One Shot | Relentless Pressure | Long Ball Pass | Footwork Phenom | Pinged Pass | ST Advanced Forward+ | Whipped Pass+ | Cornerstones | Iron Will,Union Berlin,GPFBL,false,false,500,500
86132,Sophie Whitehouse,75,GK,,75,70,66,76,23,75,1,3,0,,0,,0,,8,Intro to Training Camp EVOs I | Intro to Training Camp EVOs II | The Debut | Relentless Pressure | Long Ball Pass | Pinged Pass | Whipped Pass+ | Cornerstones,Charlton Athletic,Barclays WSL,false,false,500,
260478,Sorba Thomas,75,LM,RM | RB | LW,87,71,74,73,48,70,3,2,3,Whipped Pass | Inventive | Technical,0,,0,,12,Intro to Evolutions | Intro to Training Camp EVOs II | Rising Guard | Passing Prodigy | One Shot | Relentless Pressure | Long Ball Pass | Footwork Phenom | Pinged Pass | Whipped Pass+ | Cornerstones | Iron Will,Hull City,Premier League,false,true,500,1000
70971,Sorriso,75,RM,LM | RW | LW,80,72,68,76,30,52,4,3,2,Precision Header | Gamechanger,0,,0,,13,Intro to Evolutions | Intro to Training Camp EVOs II | Intro to Rewards EVOs | Rising Guard | Passing Prodigy | One Shot | Relentless Pressure | Long Ball Pass | Footwork Phenom | Pinged Pass | Whipped Pass+ | Cornerstones | Iron Will,FC Famalicão,Liga Portugal,false,false,500,750
273173,Stine Sandbech,75,LW,LM,77,69,69,75,49,68,3,3,0,,0,,0,,13,Intro to Evolutions | Intro to Training Camp EVOs II | Intro to Rewards EVOs | Rising Guard | Passing Prodigy | One Shot | Relentless Pressure | Long Ball Pass | Footwork Phenom | Pinged Pass | Whipped Pass+ | Cornerstones | Iron Will,BK Hcken,Sverige Liga,false,false,500,
227945,Stuart Findlay,75,CB,,59,45,60,53,75,78,2,3,2,Precision Header | Aerial Fortress,0,,0,,13,Intro to Evolutions | Intro to Training Camp EVOs II | Intro to Rewards EVOs | Rising Guard | Passing Prodigy | One Shot | Relentless Pressure | Long Ball Pass | Footwork Phenom | Pinged Pass | Whipped Pass+ | Cornerstones | Iron Will,Hearts,Scottish Prem,false,false,500,500
230065,Suat Serdar,75,CM,CDM,61,72,71,79,74,68,4,4,2,Incisive Pass | Anticipate,0,,0,,14,Intro to Evolutions | Intro to Training Camp EVOs II | Intro to Rewards EVOs | Rising Guard | Passing Prodigy | One Shot | Complete Connection | Relentless Pressure | Long Ball Pass | Footwork Phenom | Pinged Pass | Whipped Pass+ | Cornerstones | Iron Will,Hellas Verona,Serie BKT,false,false,500,500
256104,Tanner Tessmann,75,CDM,CM,53,65,71,71,72,80,3,4,2,Anticipate | Slide Tackle,0,,0,,14,Intro to Evolutions | Intro to Training Camp EVOs II | Intro to Rewards EVOs | Rising Guard | Passing Prodigy | One Shot | Complete Connection | Relentless Pressure | Long Ball Pass | Footwork Phenom | Pinged Pass | Whipped Pass+ | Cornerstones | Iron Will,OL,Ligue 1 McDonald's,false,false,500,250
262027,Tarik Muharemović,75,CB,,57,23,54,61,76,78,2,3,4,Long Ball Pass | Block | Intercept | Aerial Fortress,0,,0,,11,Intro to Evolutions | Intro to Rewards EVOs | Rising Guard | Passing Prodigy | One Shot | Relentless Pressure | Footwork Phenom | Pinged Pass | Whipped Pass+ | Cornerstones | Iron Will,Leeds United,Premier League,false,true,500,500
252793,Taylor Harwood-Bellis,75,CB,,65,43,62,66,75,79,2,3,3,Precision Header | Long Ball Pass | Aerial Fortress,0,,0,,13,Intro to Evolutions | Intro to Training Camp EVOs II | Intro to Rewards EVOs | Rising Guard | Passing Prodigy | One Shot | Relentless Pressure | Long Ball Pass | Footwork Phenom | Pinged Pass | Whipped Pass+ | Cornerstones | Iron Will,Aston Villa,Premier League,false,true,500,1500
252021,Thijs Dallinga,75,ST,CAM,67,74,67,72,38,64,2,4,1,First Touch,0,,0,,16,Intro to Evolutions | Intro to Training Camp EVOs II | Intro to Rewards EVOs | Club Member Reward | Rising Guard | Cover Athlete | Passing Prodigy | One Shot | Relentless Pressure | Long Ball Pass | Footwork Phenom | Pinged Pass | ST Advanced Forward+ | Whipped Pass+ | Cornerstones | Iron Will,1. FC Köln,Bundesliga,false,false,500,500
203486,Thorgan Hazard,75,CAM,LW | ST | CM,62,74,75,78,53,67,4,4,1,Technical,0,,0,,16,Intro to Evolutions | Intro to Training Camp EVOs II | Intro to Rewards EVOs | Club Member Reward | Rising Guard | Passing Prodigy | One Shot | Complete Connection | Relentless Pressure | Long Ball Pass | Footwork Phenom | Pinged Pass | ST Advanced Forward+ | Whipped Pass+ | Cornerstones | Iron Will,RC Lens,Ligue 1 McDonald's,false,false,500,500
270559,Tiago Santos,75,RB,RM,82,56,71,75,70,62,3,3,0,,0,,0,,13,Intro to Evolutions | Intro to Training Camp EVOs II | Intro to Rewards EVOs | Rising Guard | Passing Prodigy | One Shot | Relentless Pressure | Long Ball Pass | Footwork Phenom | Pinged Pass | Whipped Pass+ | Cornerstones | Iron Will,LOSC Lille,Ligue 1 McDonald's,false,false,500,500
222501,Timothy Castagne,75,RB,RM,66,56,70,72,73,71,2,3,0,,0,,0,,13,Intro to Evolutions | Intro to Training Camp EVOs II | Intro to Rewards EVOs | Rising Guard | Passing Prodigy | One Shot | Relentless Pressure | Long Ball Pass | Footwork Phenom | Pinged Pass | Whipped Pass+ | Cornerstones | Iron Will,Fulham,Premier League,false,true,500,500
204060,Tjaronn Chery,75,CAM,CM,62,79,75,75,29,71,3,3,5,Power Shot | Dead Ball | Low Driven Shot | Gamechanger | Incisive Pass,0,,0,,12,Intro to Evolutions | Intro to Rewards EVOs | Rising Guard | Cover Athlete | Passing Prodigy | One Shot | Complete Connection | Footwork Phenom | Pinged Pass | Whipped Pass+ | Cornerstones | Iron Will,N.E.C. Nijmegen,Eredivisie,false,false,500,750
258911,Tolu Arokodare,75,ST,,76,74,56,65,31,82,2,3,4,Power Shot | Precision Header | Low Driven Shot | Enforcer,0,,0,,13,Intro to Evolutions | Intro to Rewards EVOs | Club Member Reward | Rising Guard | Passing Prodigy | One Shot | Relentless Pressure | Footwork Phenom | Pinged Pass | ST Advanced Forward+ | Whipped Pass+ | Cornerstones | Iron Will,Ajax,Eredivisie,false,false,500,750
245275,Toma Bašić,75,CM,CAM,40,71,76,74,74,75,3,3,0,,0,,0,,15,Intro to Evolutions | Intro to Training Camp EVOs II | Intro to Rewards EVOs | Rising Guard | Cover Athlete | Passing Prodigy | One Shot | Complete Connection | Relentless Pressure | Long Ball Pass | Footwork Phenom | Pinged Pass | Whipped Pass+ | Cornerstones | Iron Will,Venezia,Serie A Enilive,false,false,500,750
244793,Tomáš Chorý,75,ST,,57,75,60,64,32,88,2,3,3,Precision Header | Aerial Fortress | Press Proven,0,,0,,15,Intro to Evolutions | Intro to Training Camp EVOs II | Intro to Rewards EVOs | Club Member Reward | Rising Guard | Passing Prodigy | One Shot | Relentless Pressure | Long Ball Pass | Footwork Phenom | Pinged Pass | ST Advanced Forward+ | Whipped Pass+ | Cornerstones | Iron Will,Slavia Praha,Česká Liga,false,false,500,500
259273,Tomás Marchiori,75,GK,,76,73,71,77,42,74,1,3,1,Footwork,0,,0,,8,Intro to Training Camp EVOs I | Intro to Training Camp EVOs II | The Debut | Relentless Pressure | Long Ball Pass | Pinged Pass | Whipped Pass+ | Cornerstones,Vélez Sarsfield,LPF,false,false,500,500
269312,Tommaso Baldanzi,75,CAM,CM,76,72,72,76,45,42,3,3,2,Finesse Shot | Inventive,0,,0,,15,Intro to Evolutions | Intro to Training Camp EVOs II | Intro to Rewards EVOs | Rising Guard | Cover Athlete | Passing Prodigy | One Shot | Complete Connection | Relentless Pressure | Long Ball Pass | Footwork Phenom | Pinged Pass | Whipped Pass+ | Cornerstones | Iron Will,Genoa,Serie A Enilive,false,false,500,500
248342,Torbjørn Heggem,75,CB,,69,48,61,66,74,82,2,4,2,Long Ball Pass | Aerial Fortress,0,,0,,13,Intro to Evolutions | Intro to Training Camp EVOs II | Intro to Rewards EVOs | Rising Guard | Passing Prodigy | One Shot | Relentless Pressure | Long Ball Pass | Footwork Phenom | Pinged Pass | Whipped Pass+ | Cornerstones | Iron Will,Bologna,Serie A Enilive,false,false,500,2000
258607,Toti,75,CB,,77,47,65,66,75,76,2,3,0,,0,,0,,13,Intro to Evolutions | Intro to Training Camp EVOs II | Intro to Rewards EVOs | Rising Guard | Passing Prodigy | One Shot | Relentless Pressure | Long Ball Pass | Footwork Phenom | Pinged Pass | Whipped Pass+ | Cornerstones | Iron Will,Wolves,EFL Championship,false,false,500,500
226078,Trezeguet,75,LM,LW | CAM | CM,77,72,71,78,36,71,4,4,1,Technical,0,,0,,14,Intro to Evolutions | Intro to Training Camp EVOs II | Intro to Rewards EVOs | Rising Guard | Passing Prodigy | One Shot | Complete Connection | Relentless Pressure | Long Ball Pass | Footwork Phenom | Pinged Pass | Whipped Pass+ | Cornerstones | Iron Will,Al Riyadh,ROSHN Saudi League,false,false,500,
262568,Tristan Crama,75,CB,RB,68,51,63,67,75,82,2,3,5,Jockey | Block | Intercept | Aerial Fortress | Relentless,0,,0,,10,Intro to Evolutions | Intro to Rewards EVOs | Rising Guard | Passing Prodigy | One Shot | Footwork Phenom | Pinged Pass | Whipped Pass+ | Cornerstones | Iron Will,Millwall,EFL Championship,false,false,500,750
239756,Tuva Hansen,75,CB,RB | RM,54,48,68,66,79,67,2,2,1,Whipped Pass,0,,0,,13,Intro to Evolutions | Intro to Training Camp EVOs II | Intro to Rewards EVOs | Rising Guard | Passing Prodigy | One Shot | Relentless Pressure | Long Ball Pass | Footwork Phenom | Pinged Pass | Whipped Pass+ | Cornerstones | Iron Will,West Ham,Barclays WSL,false,false,500,500
240900,Unai Núñez,75,CB,RB,62,24,51,51,75,76,2,2,3,Intercept | Slide Tackle | Aerial Fortress,0,,0,,13,Intro to Evolutions | Intro to Training Camp EVOs II | Intro to Rewards EVOs | Rising Guard | Passing Prodigy | One Shot | Relentless Pressure | Long Ball Pass | Footwork Phenom | Pinged Pass | Whipped Pass+ | Cornerstones | Iron Will,RCD Espanyol,LALIGA EA SPORTS,false,false,500,500
275137,Valentin Atangana,75,CDM,CM,69,58,67,74,72,72,2,3,1,Inventive,0,,0,,14,Intro to Evolutions | Intro to Training Camp EVOs II | Intro to Rewards EVOs | Rising Guard | Passing Prodigy | One Shot | Complete Connection | Relentless Pressure | Long Ball Pass | Footwork Phenom | Pinged Pass | Whipped Pass+ | Cornerstones | Iron Will,Al Ahli,ROSHN Saudi League,false,false,500,
211147,Valentino Lazaro,75,RB,LB | RM | LM,67,67,77,76,71,65,4,3,1,Whipped Pass,0,,0,,13,Intro to Evolutions | Intro to Training Camp EVOs II | Intro to Rewards EVOs | Rising Guard | Passing Prodigy | One Shot | Relentless Pressure | Long Ball Pass | Footwork Phenom | Pinged Pass | Whipped Pass+ | Cornerstones | Iron Will,Al Ain FC,United Emirates League,false,false,500,500
248698,Valeriy Bondar,75,CB,RB | LB,72,35,64,65,76,74,2,2,0,,0,,0,,13,Intro to Evolutions | Intro to Training Camp EVOs II | Intro to Rewards EVOs | Rising Guard | Passing Prodigy | One Shot | Relentless Pressure | Long Ball Pass | Footwork Phenom | Pinged Pass | Whipped Pass+ | Cornerstones | Iron Will,Shakhtar Donetsk,Ukrayina Liha,false,false,500,500
239272,Vasilios Barkas,75,GK,,75,73,71,78,42,73,1,2,2,Footwork | Deflector,0,,0,,8,Intro to Training Camp EVOs I | Intro to Training Camp EVOs II | The Debut | Relentless Pressure | Long Ball Pass | Pinged Pass | Whipped Pass+ | Cornerstones,FC Utrecht,Eredivisie,false,false,500,1000
261307,Veljko Birmančević,75,LW,ST | RW | LM,78,71,73,78,38,57,4,4,2,Finesse Shot | Technical,0,,0,,15,Intro to Evolutions | Intro to Training Camp EVOs II | Intro to Rewards EVOs | Club Member Reward | Rising Guard | Passing Prodigy | One Shot | Relentless Pressure | Long Ball Pass | Footwork Phenom | Pinged Pass | ST Advanced Forward+ | Whipped Pass+ | Cornerstones | Iron Will,Ferencvárosi TC,Magyar Liga,false,false,500,250
226797,Víctor Ignacio Malcorra,75,CM,CAM,69,72,78,77,64,69,3,4,4,Dead Ball | Incisive Pass | Pinged Pass | Whipped Pass,0,,0,,13,Intro to Evolutions | Intro to Rewards EVOs | Rising Guard | Cover Athlete | Passing Prodigy | One Shot | Complete Connection | Relentless Pressure | Footwork Phenom | Pinged Pass | Whipped Pass+ | Cornerstones | Iron Will,Unión,LPF,false,false,500,500
275888,Viktoria Pinther,75,ST,LM | CAM | LW,70,72,58,73,37,65,3,3,1,Technical,0,,0,,15,Intro to Evolutions | Intro to Training Camp EVOs II | Intro to Rewards EVOs | Club Member Reward | Rising Guard | Passing Prodigy | One Shot | Relentless Pressure | Long Ball Pass | Footwork Phenom | Pinged Pass | ST Advanced Forward+ | Whipped Pass+ | Cornerstones | Iron Will,Strasbourg,Arkema PL,false,false,500,
263829,Vitinha,75,ST,CAM,73,76,67,77,38,71,3,3,0,,0,,0,,16,Intro to Evolutions | Intro to Training Camp EVOs II | Intro to Rewards EVOs | Club Member Reward | Rising Guard | Cover Athlete | Passing Prodigy | One Shot | Relentless Pressure | Long Ball Pass | Footwork Phenom | Pinged Pass | ST Advanced Forward+ | Whipped Pass+ | Cornerstones | Iron Will,Genoa,Serie A Enilive,false,false,500,4500
255471,Vítor Carvalho,75,CDM,CM | CB,76,60,64,71,72,80,2,2,1,Slide Tackle,0,,0,,14,Intro to Evolutions | Intro to Training Camp EVOs II | Intro to Rewards EVOs | Rising Guard | Passing Prodigy | One Shot | Complete Connection | Relentless Pressure | Long Ball Pass | Footwork Phenom | Pinged Pass | Whipped Pass+ | Cornerstones | Iron Will,SC Braga,Liga Portugal,false,false,500,3500
277439,Volodymyr Brazhko,75,CDM,CM | CB,70,68,71,70,72,75,2,3,2,Power Shot | Intercept,0,,0,,14,Intro to Evolutions | Intro to Training Camp EVOs II | Intro to Rewards EVOs | Rising Guard | Passing Prodigy | One Shot | Complete Connection | Relentless Pressure | Long Ball Pass | Footwork Phenom | Pinged Pass | Whipped Pass+ | Cornerstones | Iron Will,Dynamo Kyiv,Ukrayina Liha,false,false,500,500
265102,Weronika Zawistowska,75,LM,RM | LW | RW,80,72,71,75,47,79,4,3,5,Jockey | Anticipate | Technical | First Touch | Quick Step,0,,0,,10,Intro to Evolutions | Intro to Rewards EVOs | Rising Guard | Passing Prodigy | One Shot | Footwork Phenom | Pinged Pass | Whipped Pass+ | Cornerstones | Iron Will,1. FC Köln,GPFBL,false,false,500,500
226790,Wilfred Ndidi,75,CDM,CM,64,65,71,72,73,80,3,4,1,Block,0,,0,,14,Intro to Evolutions | Intro to Training Camp EVOs II | Intro to Rewards EVOs | Rising Guard | Passing Prodigy | One Shot | Complete Connection | Relentless Pressure | Long Ball Pass | Footwork Phenom | Pinged Pass | Whipped Pass+ | Cornerstones | Iron Will,Beşiktaş,Trendyol Süper Lig,false,false,500,250
270519,William Osula,75,ST,,88,73,60,76,25,71,3,4,0,,0,,0,,14,Intro to Evolutions | Intro to Training Camp EVOs II | Club Member Reward | Rising Guard | Passing Prodigy | One Shot | Relentless Pressure | Long Ball Pass | Footwork Phenom | Pinged Pass | ST Advanced Forward+ | Whipped Pass+ | Cornerstones | Iron Will,Newcastle Utd,Premier League,false,true,500,5000
247335,Wilson Isidor,75,ST,,76,74,62,72,32,73,3,3,1,Low Driven Shot,0,,0,,15,Intro to Evolutions | Intro to Training Camp EVOs II | Intro to Rewards EVOs | Club Member Reward | Rising Guard | Passing Prodigy | One Shot | Relentless Pressure | Long Ball Pass | Footwork Phenom | Pinged Pass | ST Advanced Forward+ | Whipped Pass+ | Cornerstones | Iron Will,Sunderland,Premier League,false,true,500,4000
272109,Xènia Pérez,75,CB,,63,42,66,66,75,72,2,2,0,,0,,0,,13,Intro to Evolutions | Intro to Training Camp EVOs II | Intro to Rewards EVOs | Rising Guard | Passing Prodigy | One Shot | Relentless Pressure | Long Ball Pass | Footwork Phenom | Pinged Pass | Whipped Pass+ | Cornerstones | Iron Will,Atlético de Madrid,Liga F Moeve,false,false,500,750
243169,Yanis Begraoui,75,ST,CAM | RM | RW,77,76,66,76,32,67,3,5,0,,0,,0,,15,Intro to Evolutions | Intro to Training Camp EVOs II | Intro to Rewards EVOs | Club Member Reward | Rising Guard | Passing Prodigy | One Shot | Relentless Pressure | Long Ball Pass | Footwork Phenom | Pinged Pass | ST Advanced Forward+ | Whipped Pass+ | Cornerstones | Iron Will,Estoril Praia,Liga Portugal,false,false,500,500
263268,Yoann Cathline,75,LW,CAM | LM | CM,83,70,67,78,45,66,3,3,3,Low Driven Shot | Whipped Pass | Technical,0,,0,,14,Intro to Evolutions | Intro to Training Camp EVOs II | Intro to Rewards EVOs | Rising Guard | Passing Prodigy | One Shot | Complete Connection | Relentless Pressure | Long Ball Pass | Footwork Phenom | Pinged Pass | Whipped Pass+ | Cornerstones | Iron Will,FC Utrecht,Eredivisie,false,false,500,250
255533,Youssouf Ndayishimiye,75,CB,CDM,66,49,68,71,75,78,2,3,0,,0,,0,,13,Intro to Evolutions | Intro to Training Camp EVOs II | Intro to Rewards EVOs | Rising Guard | Passing Prodigy | One Shot | Relentless Pressure | Long Ball Pass | Footwork Phenom | Pinged Pass | Whipped Pass+ | Cornerstones | Iron Will,OGC Nice,Ligue 1 McDonald's,false,false,500,250
242916,Yukinari Sugawara,75,RB,RM,71,54,73,72,71,71,3,3,3,Dead Ball | Whipped Pass | Long Throw,0,,0,,13,Intro to Evolutions | Intro to Training Camp EVOs II | Intro to Rewards EVOs | Rising Guard | Passing Prodigy | One Shot | Relentless Pressure | Long Ball Pass | Footwork Phenom | Pinged Pass | Whipped Pass+ | Cornerstones | Iron Will,Cagliari,Serie A Enilive,false,false,500,
260931,Zeno Van den Bosch,75,CB,,54,28,66,53,75,73,2,4,3,Long Ball Pass | Intercept | Press Proven,0,,0,,13,Intro to Evolutions | Intro to Training Camp EVOs II | Intro to Rewards EVOs | Rising Guard | Passing Prodigy | One Shot | Relentless Pressure | Long Ball Pass | Footwork Phenom | Pinged Pass | Whipped Pass+ | Cornerstones | Iron Will,Union Berlin,Bundesliga,false,false,500,500
268647,Zoé Stiévenart,75,ST,LM | CAM | LW,80,73,69,76,61,74,3,3,0,,0,,0,,15,Intro to Evolutions | Intro to Training Camp EVOs II | Intro to Rewards EVOs | Club Member Reward | Rising Guard | Passing Prodigy | One Shot | Relentless Pressure | Long Ball Pass | Footwork Phenom | Pinged Pass | ST Advanced Forward+ | Whipped Pass+ | Cornerstones | Iron Will,Havre AC,Arkema PL,false,false,500,500
