slug,name,name_zh,source_groups,platform,trend,week1_observed_days,week1_start,week1_end,week1_change,week1_change_pct,week1_average,week1_median,week1_min,week1_max,week1_range_pct,week2_observed_days,week2_start,week2_end,week2_change,week2_change_pct,week2_average,week2_median,week2_min,week2_max,week2_range_pct,week3_observed_days,week3_start,week3_end,week3_change,week3_change_pct,week3_average,week3_median,week3_min,week3_max,week3_range_pct,overall_observed_days,overall_start,overall_end,overall_change,overall_change_pct,overall_average,overall_median,overall_min,overall_max,overall_range_pct,source_url
erling-haaland,Erling Haaland,埃尔林·哈兰德,forward,cross,震荡下行,7,795831,944531,148700,0.1868487153679613,1120443.5714285714,1112561,795831,1523406,0.9142330469660016,7,294069,141979,-152090,-0.5171915434812918,213315.42857142858,212910,141979,294069,1.0712147571119672,7,140389,106299,-34090,-0.24282529257990298,117031.85714285714,106299,100795,145403,0.4425616350017362,21,795831,106299,-689532,-0.8664301842979225,483596.95238095237,212910,100795,1523406,14.113904459546605,https://www.futbin.com/26/player/67/erling-haaland/market
erling-haaland,Erling Haaland,埃尔林·哈兰德,forward,pc,三周连跌,3,676909,481882,-195027,-0.2881140596446494,685930.3333333334,676909,481882,899000,0.8656019523451799,7,314667,136217,-178450,-0.5671074500980402,214918.2857142857,213000,136217,314667,1.3100420652341485,7,136063,98806,-37257,-0.2738216855427265,111786.85714285714,99771,97406,140264,0.4399934295628606,17,676909,98806,-578103,-0.8540335554705285,255572.17647058822,174691,97406,899000,8.229410919245222,https://www.futbin.com/26/player/67/erling-haaland/market
alexia-putellas-segura,Alexia Putellas Segura,阿莱克西娅·普特利亚斯,forward|midfield,cross,三周连跌,7,658472,538903,-119569,-0.1815855495753806,572595.1428571428,556868,538903,658472,0.2218748086390315,7,514590,512413,-2177,-0.004230552478672341,510773.28571428574,514590,472951,533111,0.12720133798215882,7,510403,435424,-74979,-0.14690156601744112,452001.4285714286,435424,411556,510403,0.24017873630806014,21,658472,435424,-223048,-0.3387357397125466,511789.95238095237,514590,411556,658472,0.5999572354673484,https://www.futbin.com/26/player/105/alexia-putellas-segura/market
alexia-putellas-segura,Alexia Putellas Segura,阿莱克西娅·普特利亚斯,forward|midfield,pc,三周连跌,7,833803,591958,-241845,-0.29005052752268823,654102.8571428572,610361,591958,833803,0.4085509444926836,7,583104,579800,-3304,-0.005666227636922401,589156.2857142857,588771,549417,620488,0.1293571185456584,7,569667,469931,-99736,-0.17507772084393164,487829.28571428574,469931,443056,569667,0.2857674876313604,21,833803,469931,-363872,-0.4364004447093618,577029.4761904762,588771,443056,833803,0.8819359178072298,https://www.futbin.com/26/player/105/alexia-putellas-segura/market
kylian-mbappe,Kylian Mbappé,基利安·姆巴佩,forward,cross,三周连跌,7,4437180,4186271,-250909,-0.05654695099139544,4228229.142857143,4191861,4186271,4437180,0.05993615797926126,7,3996826,3362149,-634677,-0.15879525403407604,3700857.4285714286,3772646,3362149,3996826,0.18877122935360688,7,3194611,2674708,-519903,-0.1627437581602267,2820178.5714285714,2674708,2610854,3194611,0.22358852697240061,21,4437180,2674708,-1762472,-0.39720543227906013,3583088.380952381,3772646,2610854,4437180,0.6995128796937707,https://www.futbin.com/26/player/40/kylian-mbappe/market
kylian-mbappe,Kylian Mbappé,基利安·姆巴佩,forward,pc,三周连跌,7,5203388,4914931,-288457,-0.05543638106556728,4786005.428571428,4862486,4363535,5203388,0.1924707834359069,7,4700493,3814322,-886171,-0.1885272459718587,4496514.285714285,4676882,3814322,4835389,0.2676929215729558,7,3609111,2712868,-896243,-0.24832791233076512,2998560,2825111,2660382,3609111,0.35661382463119956,21,5203388,2712868,-2490520,-0.4786343051873126,4093693.238095238,4369688,2660382,5203388,0.9558800202376951,https://www.futbin.com/26/player/40/kylian-mbappe/market
khadija-shaw,Khadija Shaw,卡蒂嘉·肖,forward,cross,三周连涨,7,11683,14105,2422,0.20730976632714201,13378.714285714286,13395,11683,14446,0.23649747496362236,7,14552,17168,2616,0.17976910390324355,15810.57142857143,15892,14260,17725,0.24298737727910238,7,19344,20378,1034,0.05345326716294458,19504.85714285714,19285,18384,20997,0.14213446475195823,21,11683,20378,8695,0.7442437730035094,16231.380952380952,15892,11683,20997,0.797226739707267,https://www.futbin.com/26/player/138/khadija-shaw/market
khadija-shaw,Khadija Shaw,卡蒂嘉·肖,forward,pc,三周连涨,7,13990,15290,1300,0.09292351679771266,14280.857142857143,13990,12689,15618,0.2308298526282607,7,15404,18421,3017,0.19585821864450792,16946.714285714286,17028,15192,18840,0.2401263823064771,7,20163,20962,799,0.039627039627039624,20118.571428571428,19839,19252,21582,0.12102638686889673,21,13990,20962,6972,0.4983559685489635,17115.380952380954,17028,12689,21582,0.7008432500591063,https://www.futbin.com/26/player/138/khadija-shaw/market
ousmane-dembele,Ousmane Dembélé,奥斯曼·登贝莱,forward|midfield,cross,震荡下行,7,2219831,2384347,164516,0.07411194816181953,2296679.285714286,2269299,2215549,2386118,0.07698723882884106,7,2259590,1995864,-263726,-0.11671409414982364,2130564,2137153,1995864,2259590,0.1321362577810913,7,1904965,1537972,-366993,-0.19265078361019755,1655041.7142857143,1562472,1520778,1904965,0.2526253009972527,21,2219831,1537972,-681859,-0.30716707713334934,2027428.3333333333,2137153,1520778,2386118,0.5690113875924033,https://www.futbin.com/26/player/51/ousmane-dembele/market
ousmane-dembele,Ousmane Dembélé,奥斯曼·登贝莱,forward|midfield,pc,三周连跌,7,2990722,2214139,-776583,-0.2596640543654676,2439374,2214139,2160792,2990722,0.38408602031107114,7,2333611,2188508,-145103,-0.062179600627525325,2299263,2294924,2188508,2362201,0.07936594245942898,7,2076500,1486507,-589993,-0.2841285817481339,1662245.5714285714,1524319,1458319,2076500,0.4238997091857131,21,2990722,1486507,-1504215,-0.5029604891394118,2133627.523809524,2208222,1458319,2990722,1.0508009564436862,https://www.futbin.com/26/player/51/ousmane-dembele/market
harry-kane,Harry Kane,哈里·凯恩,forward,cross,第三周反弹,7,146104,145132,-972,-0.006652795269123364,180588.42857142858,192697,145132,199919,0.3774977262078659,7,23019,17930,-5089,-0.22107823971501803,18984.85714285714,18212,17930,23019,0.2838259899609593,7,20095,21288,1193,0.059368001990544914,20381,20095,19155,22278,0.1630383711824589,21,146104,21288,-124816,-0.8542955702787056,73318.09523809524,20219,17930,199919,10.149972113775794,https://www.futbin.com/26/player/69/harry-kane/market
harry-kane,Harry Kane,哈里·凯恩,forward,pc,第三周反弹,7,160563,144092,-16471,-0.10258278681888106,186204.14285714287,186892,144092,226729,0.5735016517225107,7,23290,18953,-4337,-0.1862172606268785,19308.428571428572,18953,17587,23290,0.3242736111900836,7,20708,21807,1099,0.05307127680123624,20897.14285714286,20708,19814,22561,0.13863934591702837,21,160563,21807,-138756,-0.8641841520150969,75469.90476190476,20816,17587,226729,11.891851936089157,https://www.futbin.com/26/player/69/harry-kane/market
michael-olise,Michael Olise,米高·奥利斯,forward|midfield,cross,震荡下行,7,8316,4679,-3637,-0.4373496873496874,6187,5390,4679,8745,0.868989100235093,7,4604,6014,1410,0.3062554300608167,5273,5194,4604,6014,0.3062554300608167,7,7174,7266,92,0.01282408698076387,6836.142857142857,6828,6203,7278,0.1733032403675641,21,8316,7266,-1050,-0.12626262626262627,6098.714285714285,5911,4604,8745,0.8994352736750652,https://www.futbin.com/26/player/242/michael-olise/market
michael-olise,Michael Olise,米高·奥利斯,forward|midfield,pc,第三周转跌,7,11176,4596,-6580,-0.5887616320687187,5996.428571428572,4789,4596,11176,1.4316797214969539,7,4525,6600,2075,0.4585635359116022,5334.142857142857,5101,4525,6600,0.4585635359116022,7,7604,7546,-58,-0.007627564439768543,7128.285714285715,7127,6330,7808,0.2334913112164297,21,11176,7546,-3630,-0.3248031496062992,6152.952380952381,6059,4525,11176,1.4698342541436464,https://www.futbin.com/26/player/242/michael-olise/market
lamine-yamal-nasraoui-ebana,Lamine Yamal Nasraoui Ebana,拉明·亚马尔,forward|midfield,cross,第三周转跌,7,398573,273319,-125254,-0.3142561086676719,336730.5714285714,324257,273319,398573,0.45827037271466675,7,277382,280064,2682,0.009668976357514186,287528.14285714284,293215,268382,301535,0.12352914875066137,7,289576,271424,-18152,-0.06268475288007293,275308.4285714286,271424,260458,296826,0.13963095777438206,21,398573,271424,-127149,-0.3190105702092214,299855.71428571426,293215,260458,398573,0.5302774343656175,https://www.futbin.com/26/player/85/lamine-yamal-nasraoui-ebana/market
lamine-yamal-nasraoui-ebana,Lamine Yamal Nasraoui Ebana,拉明·亚马尔,forward|midfield,pc,第三周转跌,7,434180,283799,-150381,-0.34635634990096276,333206.4285714286,316292,283799,434180,0.5298855880394223,7,283785,298129,14344,0.05054530718677872,294955,298129,273188,309506,0.132941417631814,7,299354,272424,-26930,-0.08996038135451673,279802.14285714284,272743,267097,301517,0.1288670408128882,21,434180,272424,-161756,-0.37255516145377493,302654.5238095238,299354,267097,434180,0.6255517658378791,https://www.futbin.com/26/player/85/lamine-yamal-nasraoui-ebana/market
caroline-graham-hansen,Caroline Graham Hansen,卡罗琳·格拉汉姆·汉森,forward|midfield,cross,三周连跌,7,948404,748938,-199466,-0.2103175440002362,786482.4285714285,748938,714153,948404,0.3280123446936441,7,720083,709429,-10654,-0.014795516627944278,720440.1428571428,720083,690569,743167,0.07616617600847997,7,720417,572028,-148389,-0.20597653858806775,623242.2857142857,579049,566667,720417,0.27132336980978244,21,948404,572028,-376376,-0.39685197447501275,710054.9523809524,720083,566667,948404,0.6736531331452158,https://www.futbin.com/26/player/117/caroline-graham-hansen/market
caroline-graham-hansen,Caroline Graham Hansen,卡罗琳·格拉汉姆·汉森,forward|midfield,pc,第三周转跌,7,1467758,785472,-682286,-0.46484911000314766,959205.5714285715,794306,755201,1467758,0.9435329137540867,7,777694,791492,13798,0.017742196802341282,801789.7142857143,794569,777694,827688,0.06428492440471445,7,775278,586611,-188667,-0.24335399688885792,653863.7142857143,610701,586000,775278,0.323,21,1467758,586611,-881147,-0.6003353413846152,804953,780160,586000,1467758,1.5047064846416383,https://www.futbin.com/26/player/117/caroline-graham-hansen/market
ewa-pajor,Ewa Pajor,艾娃·帕约尔,forward|midfield,cross,第三周反弹,7,18452,14628,-3824,-0.2072404075438977,15803.142857142857,15512,13960,18452,0.32177650429799426,7,14797,12110,-2687,-0.18159086301277286,13905.285714285714,14026,12110,14797,0.22188274153592072,7,13669,14505,836,0.06116028970663545,13235.285714285714,12958,12081,14505,0.20064564191705986,21,18452,14505,-3947,-0.21390635161500107,14314.57142857143,14132,12081,18452,0.5273570068702922,https://www.futbin.com/26/player/99/ewa-pajor/market
ewa-pajor,Ewa Pajor,艾娃·帕约尔,forward|midfield,pc,第三周反弹,7,31756,19286,-12470,-0.3926816979468447,21809.85714285714,20533,17552,31756,0.8092525068368277,7,20729,15496,-5233,-0.25244826089053984,19268.571428571428,19828,15496,20957,0.3524135260712442,7,15908,16406,498,0.0313050037716872,14745.142857142857,14132,12835,16935,0.31943903389170236,21,31756,16406,-15350,-0.48337322080866607,18607.85714285714,18561,12835,31756,1.4741721854304635,https://www.futbin.com/26/player/99/ewa-pajor/market
claudia-pina-medina,Claudia Pina Medina,克劳蒂亚·皮纳,forward|midfield,cross,三周连涨,7,4881,6880,1999,0.40954722392952264,5541.857142857143,4881,4160,7290,0.7524038461538461,7,6993,34700,27707,3.962104962104962,18679.285714285714,10000,6993,36705,4.248820248820249,7,41202,76660,35458,0.8605892917819523,62222,63333,41202,76660,0.8605892917819523,21,4881,76660,71779,14.70579799221471,28814.380952380954,10000,4160,76660,17.427884615384617,https://www.futbin.com/26/player/243/claudia-pina-medina/market
claudia-pina-medina,Claudia Pina Medina,克劳蒂亚·皮纳,forward|midfield,pc,三周连涨,7,5182,7163,1981,0.382284832111154,5929,5182,4332,8113,0.8728070175438597,7,7372,43982,36610,4.966087900162778,22280.571428571428,10000,7372,43982,4.966087900162778,7,50581,91934,41353,0.817559953342164,74600.85714285714,74563,50581,91934,0.817559953342164,21,5182,91934,86752,16.741026630644537,34270.142857142855,10000,4332,91934,20.222068328716528,https://www.futbin.com/26/player/243/claudia-pina-medina/market
temwa-chawinga,Temwa Chawinga,特姆瓦·查温佳,forward|midfield,cross,第三周转跌,7,6849,4498,-2351,-0.343261790042342,5222.857142857143,4986,4498,6849,0.5226767452200978,7,4408,6028,1620,0.367513611615245,5114.285714285715,4909,4408,6028,0.367513611615245,7,7260,7121,-139,-0.019146005509641875,6756,6659,6186,7343,0.1870352408664727,21,6849,7121,272,0.03971382683603446,5697.714285714285,5509,4408,7343,0.6658348457350273,https://www.futbin.com/26/player/1150/temwa-chawinga/market
temwa-chawinga,Temwa Chawinga,特姆瓦·查温佳,forward|midfield,pc,第三周转跌,7,6411,4610,-1801,-0.28092341288410544,5197.142857142857,5042,4465,6411,0.43583426651735724,7,4468,6708,2240,0.5013428827215757,5322.571428571428,5012,4468,6708,0.5013428827215757,7,7693,7485,-208,-0.02703756661900429,7111.142857142857,6998,6372,7862,0.23383553044569994,21,6411,7485,1074,0.16752456715021058,5876.952380952381,6036,4465,7862,0.7608062709966406,https://www.futbin.com/26/player/1150/temwa-chawinga/market
lionel-messi,Lionel Messi,利昂内尔·梅西,forward|midfield,cross,三周连跌,7,27303,22635,-4668,-0.17097022305241183,26057,27042,20863,29191,0.3991755739826487,7,19313,12878,-6435,-0.33319525708072284,15945.42857142857,15871,12878,19313,0.49968939276285135,7,11491,10907,-584,-0.05082238273431381,9970.42857142857,9500,8072,11953,0.4807978196233895,21,27303,10907,-16396,-0.6005200893674688,17324.285714285714,15871,8072,29191,2.6163280475718533,https://www.futbin.com/26/player/254/lionel-messi/market
lionel-messi,Lionel Messi,利昂内尔·梅西,forward|midfield,pc,三周连跌,7,33512,29231,-4281,-0.12774528527094772,31347.85714285714,31182,23920,36578,0.5291806020066889,7,25642,15032,-10610,-0.41377427657749005,20654.14285714286,21347,15032,25642,0.7058275678552421,7,14017,11947,-2070,-0.14767781979025468,11401.42857142857,10723,9000,14126,0.5695555555555556,21,33512,11947,-21565,-0.6435008355216042,21134.47619047619,21347,9000,36578,3.0642222222222224,https://www.futbin.com/26/player/254/lionel-messi/market
khvicha-kvaratskhelia,Khvicha Kvaratskhelia,科维查·克瓦拉茨赫利亚,forward|midfield,cross,三周连跌,7,183742,114465,-69277,-0.3770341021649922,138563.2857142857,132299,114465,183742,0.6052243043725156,7,114646,103282,-11364,-0.0991225162674668,117480.71428571429,117271,103282,127368,0.23320617338936117,7,112063,96858,-15205,-0.13568260710493205,102652.85714285714,96868,95503,118160,0.2372386207763107,21,183742,96858,-86884,-0.47285868228276606,119565.61904761905,117271,95503,183742,0.9239395621079967,https://www.futbin.com/26/player/215/khvicha-kvaratskhelia/market
khvicha-kvaratskhelia,Khvicha Kvaratskhelia,科维查·克瓦拉茨赫利亚,forward|midfield,pc,第三周转跌,7,335883,107931,-227952,-0.6786648922392619,147105.42857142858,116865,101236,335883,2.31782172349757,7,111247,112295,1048,0.009420478754483267,120802.57142857143,127000,108340,129938,0.19935388591471295,7,121014,100719,-20295,-0.16770786851108135,107579.85714285714,100753,99587,125636,0.261570285278199,21,335883,100719,-235164,-0.7001366547279856,125162.61904761905,112295,99587,335883,2.37275949672146,https://www.futbin.com/26/player/215/khvicha-kvaratskhelia/market
vinicius-jose-de-oliveira-junior,Vinícius José de Oliveira Júnior,维尼修斯·儒尼奥尔,forward|midfield,cross,三周连跌,7,1423011,1310500,-112511,-0.07906544643716738,1352318,1322097,1310500,1423011,0.08585349103395651,7,1276701,1061571,-215130,-0.16850460679516974,1176771,1181104,1061571,1276701,0.2026524839129931,7,1045035,890674,-154361,-0.14770892840909636,922307.5714285715,890674,845813,1045035,0.2355390612345755,21,1423011,890674,-532337,-0.3740919782067742,1150465.5238095238,1181104,845813,1423011,0.68241798127955,https://www.futbin.com/26/player/47/vinicius-jose-de-oliveira-junior/market
vinicius-jose-de-oliveira-junior,Vinícius José de Oliveira Júnior,维尼修斯·儒尼奥尔,forward|midfield,pc,三周连跌,7,2006633,1175750,-830883,-0.41406824267317444,1386975.2857142857,1234965,1171882,2006633,0.7123165984288521,7,1226229,1119814,-106415,-0.0867823220621923,1206461.142857143,1221750,1119814,1264424,0.1291375174805816,7,1080417,874472,-205945,-0.19061621577594576,925566.2857142857,874472,839097,1080417,0.28759487878040324,21,2006633,874472,-1132161,-0.5642092998570242,1173000.9047619049,1175750,839097,2006633,1.3914195855783063,https://www.futbin.com/26/player/47/vinicius-jose-de-oliveira-junior/market
klara-buhl,Klara Bühl,克拉拉·比尔,forward|midfield,cross,第三周转跌,7,3800,4234,434,0.11421052631578947,4113.428571428572,4149,3800,4418,0.16263157894736843,7,4271,5958,1687,0.3949894638258019,5024.714285714285,4843,4271,5958,0.3949894638258019,7,7146,7090,-56,-0.00783655191715645,6691.428571428572,6604,6149,7242,0.17775248007806146,21,3800,7090,3290,0.8657894736842106,5276.523809523809,4843,3800,7242,0.9057894736842105,https://www.futbin.com/26/player/248/klara-buhl/market
klara-buhl,Klara Bühl,克拉拉·比尔,forward|midfield,pc,第三周转跌,7,4782,4351,-431,-0.09012965286491008,4345.857142857143,4351,4012,4782,0.19192422731804587,7,4361,6624,2263,0.518917679431323,5215.428571428572,4932,4361,6624,0.518917679431323,7,7594,7434,-160,-0.021069265209375822,7044,6921,6284,7819,0.24427116486314449,21,4782,7434,2652,0.5545796737766625,5535.0952380952385,4932,4012,7819,0.9489032901296112,https://www.futbin.com/26/player/248/klara-buhl/market
alessia-russo,Alessia Russo,阿莱西娅·鲁索,forward|midfield,cross,三周连涨,7,13285,14523,1238,0.09318780579601053,14425.142857142857,14523,13285,15470,0.16447120812946933,7,14887,17297,2410,0.16188620944448176,16043,16167,14620,17748,0.21395348837209302,7,19493,21332,1839,0.09434155850818242,20212.714285714286,20222,19168,21465,0.11983514190317196,21,13285,21332,8047,0.6057207376740685,16893.619047619046,16167,13285,21465,0.6157320286036884,https://www.futbin.com/26/player/122/alessia-russo/market
alessia-russo,Alessia Russo,阿莱西娅·鲁索,forward|midfield,pc,震荡上行,7,16886,15953,-933,-0.055252872201823997,15637,16020,13674,16886,0.2348983472283165,7,15991,18642,2651,0.16578075167281595,17307.14285714286,17231,15781,19078,0.20892212153855902,7,20328,22274,1946,0.09573002754820936,21058.14285714286,21023,20087,22274,0.1088763877134465,21,16886,22274,5388,0.31908089541632123,18000.761904761905,17231,13674,22274,0.6289308176100629,https://www.futbin.com/26/player/122/alessia-russo/market
sophia-wilson,Sophia Wilson,索菲亚·史密斯,forward|midfield,cross,震荡下行,7,427449,432722,5273,0.012335974584102431,423152.28571428574,424569,399694,455486,0.1395867838896756,7,398347,356029,-42318,-0.10623401205481653,387483.4285714286,392938,356029,402667,0.13099494704083095,7,365993,313979,-52014,-0.14211747219209112,327043.5714285714,313979,294444,374757,0.2727615437910095,21,427449,313979,-113470,-0.26545856932639916,379226.4285714286,392938,294444,455486,0.5469359199032753,https://www.futbin.com/26/player/74/sophia-wilson/market
sophia-wilson,Sophia Wilson,索菲亚·史密斯,forward|midfield,pc,三周连跌,7,500328,431313,-69015,-0.1379395116803377,443040,436083,411236,500328,0.21664445719732708,7,429333,413300,-16033,-0.03734397309314681,438409.71428571426,438375,413300,461910,0.11761432373578515,7,416868,356556,-60312,-0.1446788911597916,369525.85714285716,356556,334819,416868,0.2450547907974159,21,500328,356556,-143772,-0.2873554947954142,416991.85714285716,429333,334819,500328,0.4943237988286208,https://www.futbin.com/26/player/74/sophia-wilson/market
melchie-dumornay,Melchie Dumornay,,forward|midfield,cross,第三周反弹,7,39346,67219,27873,0.7084074620037615,55178.57142857143,49484,36385,78202,1.1492922907791672,7,65969,44105,-21864,-0.33142839818702724,58889.71428571428,62222,44105,65969,0.49572610815100326,7,45861,60465,14604,0.318440505004252,48350.857142857145,47689,41219,60465,0.4669205948712972,21,39346,60465,21119,0.5367508768362731,54139.71428571428,53089,36385,78202,1.1492922907791672,https://www.futbin.com/26/player/257/melchie-dumornay/market
melchie-dumornay,Melchie Dumornay,,forward|midfield,pc,第三周反弹,7,42818,76066,33248,0.7764958662244851,60009.28571428572,54839,40528,83179,1.0523835373075405,7,73056,61754,-11302,-0.15470324134910207,71299.57142857143,73433,61754,74476,0.2060109466593257,7,62125,73681,11556,0.18601207243460766,62108.42857142857,63128,50639,73681,0.45502478326981183,21,42818,73681,30863,0.7207949927600542,64472.42857142857,67344,40528,83179,1.0523835373075405,https://www.futbin.com/26/player/257/melchie-dumornay/market
barbra-banda,Barbra Banda,芭芭拉·班达,forward|midfield,cross,第三周转跌,7,3826,2603,-1223,-0.3196549921589127,3008.285714285714,2870,2603,3826,0.469842489435267,7,2557,3813,1256,0.4912006257332812,3144.8571428571427,2989,2557,3823,0.4951114587407118,7,4119,4002,-117,-0.028404952658412235,3879.4285714285716,3750,3661,4153,0.1343895110625512,21,3826,4002,176,0.04600104547830632,3344.190476190476,3415,2557,4153,0.624168947985921,https://www.futbin.com/26/player/1138/barbra-banda/market
barbra-banda,Barbra Banda,芭芭拉·班达,forward|midfield,pc,第三周转跌,7,16400,2687,-13713,-0.8361585365853659,4850.428571428572,2884,2687,16400,5.103461109043543,7,2623,3977,1354,0.5162028211971026,3240.714285714286,3083,2623,3977,0.5162028211971026,7,4161,4133,-28,-0.0067291516462388845,3996.285714285714,3905,3792,4317,0.13844936708860758,21,16400,4133,-12267,-0.7479878048780488,4029.1428571428573,3616,2623,16400,5.252382767823104,https://www.futbin.com/26/player/1138/barbra-banda/market
luis-diaz,Luis Díaz,路易斯·迪亚斯,forward|midfield,cross,第三周转跌,7,52065,28184,-23881,-0.45867665418227216,38229.28571428572,33950,28184,52065,0.8473247232472325,7,31630,33495,1865,0.058963009800822,36359.42857142857,37146,31630,40958,0.294909895668669,7,35233,23375,-11858,-0.3365594754917265,24218,20670,17069,35233,1.0641513855527565,21,52065,23375,-28690,-0.5510419667723039,32935.57142857143,33950,17069,52065,2.0502665651180503,https://www.futbin.com/26/player/991/luis-diaz/market
luis-diaz,Luis Díaz,路易斯·迪亚斯,forward|midfield,pc,第三周转跌,7,62849,27476,-35373,-0.5628251841715859,36567.71428571428,31472,27476,62849,1.2874144708108894,7,31345,34453,3108,0.0991545701068751,35344,35335,31345,38561,0.23021215504865208,7,35311,22425,-12886,-0.36492877573560645,22886.714285714286,18556,14960,35311,1.360360962566845,21,62849,22425,-40424,-0.6431924135626661,31599.47619047619,32422,14960,62849,3.2011363636363637,https://www.futbin.com/26/player/991/luis-diaz/market
raphael-dias-belloli,Raphael Dias Belloli,拉菲尼亚,forward|midfield,cross,三周连跌,7,572225,455250,-116975,-0.2044213377604963,503498.4285714286,481771,455250,572225,0.256946732564525,7,420910,404500,-16410,-0.038986956831626715,429052.71428571426,433882,401278,454528,0.13270102024033215,7,408868,334917,-73951,-0.1808676638915249,360256.85714285716,338451,327389,408868,0.24887519128620691,21,572225,334917,-237308,-0.4147109965485604,430936,433882,327389,572225,0.7478443075362947,https://www.futbin.com/26/player/83/raphael-dias-belloli/market
raphael-dias-belloli,Raphael Dias Belloli,拉菲尼亚,forward|midfield,pc,三周连跌,7,677886,447083,-230803,-0.34047465208014327,520975.71428571426,474535,447083,677886,0.5162419505997767,7,440854,415525,-25329,-0.057454395332695175,443548.4285714286,452550,412410,464778,0.12698043209427512,7,423049,332389,-90660,-0.2143014166207697,360992,332778,328104,423049,0.2893747104576598,21,677886,332389,-345497,-0.5096682923087362,441838.71428571426,447083,328104,677886,1.0660705142271962,https://www.futbin.com/26/player/83/raphael-dias-belloli/market
debora-c-de-oliveira,Débora C. de Oliveira,德比妮亚,forward|midfield,cross,震荡下行,7,22378,40526,18148,0.8109750647957815,30309.85714285714,30469,21644,40526,0.8723895767880244,7,39439,35636,-3803,-0.096427394203707,41262.42857142857,40712,35636,45986,0.29043663710854195,7,29000,21981,-7019,-0.2420344827586207,21844.85714285714,20524,15762,29369,0.863278771729476,21,22378,21981,-397,-0.01774063812673161,31139.04761904762,30469,15762,45986,1.9175231569597766,https://www.futbin.com/26/player/116/debora-c-de-oliveira/market
debora-c-de-oliveira,Débora C. de Oliveira,德比妮亚,forward|midfield,pc,震荡下行,7,38055,57563,19508,0.5126264617001708,42837.857142857145,38545,31875,57563,0.8058980392156863,7,56896,48653,-8243,-0.14487837457817773,59873.57142857143,59760,48653,69701,0.4326146383573469,7,47594,31019,-16575,-0.34825818380468127,32147.428571428572,27641,21981,47594,1.1652336108457304,21,38055,31019,-7036,-0.18489029036920246,44952.95238095238,46363,21981,69701,2.1709658341294755,https://www.futbin.com/26/player/116/debora-c-de-oliveira/market
kadidiatou-diani,Kadidiatou Diani,卡迪迪娅图·迪亚尼,forward|midfield,cross,震荡下行,7,154888,162438,7550,0.048744899540313,152436.42857142858,154888,124486,177750,0.42787140722651545,7,156632,124853,-31779,-0.2028895755656571,147116,151535,124853,158201,0.26709810737427214,7,134938,133910,-1028,-0.00761831359587366,130779.85714285714,130569,120535,142104,0.1789438752229643,21,154888,133910,-20978,-0.13543980166313724,143444.09523809524,139646,120535,177750,0.47467540548388437,https://www.futbin.com/26/player/132/kadidiatou-diani/market
kadidiatou-diani,Kadidiatou Diani,卡迪迪娅图·迪亚尼,forward|midfield,pc,震荡下行,7,174452,176479,2027,0.011619241969137642,163386,174452,132681,188458,0.4203842298445143,7,169361,155585,-13776,-0.08134104073547038,171230.2857142857,174632,155585,181354,0.16562650641128643,7,163938,151882,-12056,-0.07353999682806915,151931,147965,140951,168559,0.19586948655915887,21,174452,151882,-22570,-0.12937656203425585,162182.42857142858,163938,132681,188458,0.4203842298445143,https://www.futbin.com/26/player/132/kadidiatou-diani/market
vivianne-miedema,Vivianne Miedema,薇薇安·米德马,forward|midfield,cross,第三周转跌,7,2397,2556,159,0.06633291614518148,2527,2516,2397,2726,0.13725490196078433,7,2531,3817,1286,0.5080995653891742,3132.8571428571427,2969,2531,3817,0.5080995653891742,7,4107,4009,-98,-0.023861699537375214,3879.5714285714284,3785,3675,4120,0.12108843537414966,21,2397,4009,1612,0.6725073007926575,3179.809523809524,2969,2397,4120,0.7188151856487276,https://www.futbin.com/26/player/562/vivianne-miedema/market
vivianne-miedema,Vivianne Miedema,薇薇安·米德马,forward|midfield,pc,第三周转跌,7,3815,2656,-1159,-0.30380078636959373,2820.714285714286,2656,2505,3815,0.5229540918163673,7,2614,4003,1389,0.5313695485845448,3231.1428571428573,3056,2614,4003,0.5313695485845448,7,4205,4129,-76,-0.01807372175980975,4005.714285714286,3895,3793,4317,0.13814922225151596,21,3815,4129,314,0.08230668414154653,3352.5238095238096,3322,2505,4317,0.7233532934131737,https://www.futbin.com/26/player/562/vivianne-miedema/market
lauren-hemp,Lauren Hemp,劳伦·亨普,forward|midfield,cross,三周连跌,7,12190,10752,-1438,-0.11796554552912224,12199.57142857143,12190,10752,13521,0.25753348214285715,7,9208,8398,-810,-0.08796698523023458,8506.714285714286,8539,7994,9208,0.15186389792344257,7,11245,10564,-681,-0.06056024899955536,10094,9722,9187,11245,0.22401219113965387,21,12190,10564,-1626,-0.13338802296964725,10266.761904761905,9722,7994,13521,0.6913935451588692,https://www.futbin.com/26/player/78/lauren-hemp/market
lauren-hemp,Lauren Hemp,劳伦·亨普,forward|midfield,pc,三周连跌,7,19640,15535,-4105,-0.2090122199592668,17253.14285714286,17012,14461,19640,0.3581356752645045,7,13356,10332,-3024,-0.22641509433962265,11693.857142857143,11834,10332,13356,0.2926829268292683,7,12405,11472,-933,-0.07521160822249093,10873.142857142857,10530,9430,12472,0.32258748674443266,21,19640,11472,-8168,-0.4158859470468432,13273.380952380952,12083,9430,19640,1.08271474019088,https://www.futbin.com/26/player/78/lauren-hemp/market
pernille-harder,Pernille Harder,佩妮莱·哈德,forward|midfield,cross,第三周转跌,7,3905,4249,344,0.08809218950064021,4147.285714285715,4145,3872,4435,0.14540289256198347,7,4283,5965,1682,0.39271538641139386,5030.857142857143,4854,4283,5965,0.39271538641139386,7,7174,7100,-74,-0.01031502648452746,6705,6617,6163,7252,0.17669965925685543,21,3905,7100,3195,0.8181818181818182,5294.380952380952,4854,3872,7252,0.8729338842975206,https://www.futbin.com/26/player/258/pernille-harder/market
pernille-harder,Pernille Harder,佩妮莱·哈德,forward|midfield,pc,第三周转跌,7,12991,4404,-8587,-0.660996074205219,5562.428571428572,4404,4071,12991,2.191107835912552,7,4361,6661,2300,0.5274019720247649,5240.571428571428,4952,4361,6661,0.5274019720247649,7,7630,7453,-177,-0.023197903014416776,7062.857142857143,6953,6282,7836,0.24737344794651384,21,12991,7453,-5538,-0.4262951273958895,5955.285714285715,5286,4071,12991,2.191107835912552,https://www.futbin.com/26/player/258/pernille-harder/market
bukayo-saka,Bukayo Saka,布卡约·萨卡,forward|midfield,cross,三周连跌,7,26924,16943,-9981,-0.3707101470806715,22285.714285714286,21503,16943,27842,0.6432745086466387,7,16418,12368,-4050,-0.24668047265196735,15238.285714285714,15813,12368,16418,0.3274579560155239,7,13797,13701,-96,-0.006958034355294629,13210.714285714286,12858,12254,14635,0.19430390076709647,21,26924,13701,-13223,-0.491123161491606,16911.571428571428,15813,12254,27842,1.2720744246776563,https://www.futbin.com/26/player/32/bukayo-saka/market
bukayo-saka,Bukayo Saka,布卡约·萨卡,forward|midfield,pc,三周连跌,7,48556,17135,-31421,-0.6471084932861026,24195.571428571428,19651,17135,48556,1.833732127224978,7,15922,12981,-2941,-0.18471297575681447,14928,15200,12981,15922,0.22656189815884756,7,14668,14165,-503,-0.03429233706026725,13790.285714285714,13533,12636,15454,0.2230136119025008,21,48556,14165,-34391,-0.7082749814647006,17637.95238095238,15252,12636,48556,2.8426717315606203,https://www.futbin.com/26/player/32/bukayo-saka/market
jamal-musiala,Jamal Musiala,贾迈勒·穆西亚拉,forward|midfield,cross,三周连跌,7,135343,126590,-8753,-0.06467272042144773,141568.85714285713,142931,126590,154722,0.22222924401611502,7,123438,117866,-5572,-0.045140070318702506,131635.7142857143,133313,117866,147278,0.24953761050684675,7,119215,100167,-19048,-0.15977855135679234,104574.42857142857,100167,91545,124556,0.36059861270413457,21,135343,100167,-35176,-0.2599026177933103,125926.33333333333,126590,91545,154722,0.690119613304932,https://www.futbin.com/26/player/46/jamal-musiala/market
jamal-musiala,Jamal Musiala,贾迈勒·穆西亚拉,forward|midfield,pc,第三周转跌,7,191313,118826,-72487,-0.37889218192177215,133251,126618,114472,191313,0.6712645887203857,7,115750,118164,2414,0.020855291576673866,126514.14285714286,125979,115750,138986,0.20074298056155507,7,118340,98351,-19989,-0.16891161061348656,103352.28571428571,99017,90983,120762,0.32730290274007234,21,191313,98351,-92962,-0.48591575062855114,121039.14285714286,118632,90983,191313,1.102733477682644,https://www.futbin.com/26/player/46/jamal-musiala/market
lautaro-martinez,Lautaro Martínez,劳塔罗·马丁内斯,forward,cross,三周连跌,7,33022,16558,-16464,-0.4985767064381322,24111.285714285714,22215,16558,33022,0.9943229858678584,7,15109,13908,-1201,-0.07948904626381627,15124.714285714286,15174,13908,16075,0.15580960598216853,7,14255,14247,-8,-0.0005612065941774816,13864.857142857143,13602,12793,15278,0.19424685374814352,21,33022,14247,-18775,-0.5685603537035916,17700.285714285714,15278,12793,33022,1.581255374032674,https://www.futbin.com/26/player/60/lautaro-martinez/market
lautaro-martinez,Lautaro Martínez,劳塔罗·马丁内斯,forward,pc,三周连跌,7,68492,17021,-51471,-0.7514892250189803,28996.85714285714,21887,17021,68492,3.0239703895188295,7,15273,14052,-1221,-0.07994500098212531,15065.285714285714,15273,14052,16409,0.16773413037290066,7,15362,14620,-742,-0.048301002473636244,14291.714285714286,13854,13002,16271,0.2514228580218428,21,68492,14620,-53872,-0.7865444139461543,19451.285714285714,15351,13002,68492,4.267804953084141,https://www.futbin.com/26/player/60/lautaro-martinez/market
salma-celeste-paralluelo-ayingono,Salma Celeste Paralluelo Ayingono,萨尔马·帕拉尔卢埃洛,forward|midfield,cross,三周连涨,7,54430,56101,1671,0.0306999816277788,54649.71428571428,54670,49142,60285,0.22675104798339507,7,59271,75209,15938,0.2689004740935702,72582,74913,59271,83594,0.4103693205783604,7,82142,96035,13893,0.1691339387889265,87211.28571428571,87323,79608,96035,0.2063486081800824,21,54430,96035,41605,0.7643762630902076,71481,74913,49142,96035,0.9542346668837247,https://www.futbin.com/26/player/874/salma-celeste-paralluelo-ayingono/market
salma-celeste-paralluelo-ayingono,Salma Celeste Paralluelo Ayingono,萨尔马·帕拉尔卢埃洛,forward|midfield,pc,三周连涨,7,50274,66785,16511,0.3284202569916856,58627,57033,50274,68007,0.3527270557345745,7,66844,85371,18527,0.27716773382801746,80940.71428571429,82448,66844,95217,0.42446592065106814,7,91424,104507,13083,0.14310246762338116,95405.28571428571,94014,87667,104507,0.19209052437062976,21,50274,104507,54233,1.0787484584477065,78324.33333333333,82448,50274,104507,1.0787484584477065,https://www.futbin.com/26/player/874/salma-celeste-paralluelo-ayingono/market
tabitha-chawinga,Tabitha Chawinga,塔比莎·查温佳,forward|midfield,cross,第三周反弹,7,8984,9902,918,0.10218165627782724,11285.57142857143,9755,8984,16974,0.8893588601959038,7,8035,5220,-2815,-0.35034225264467955,6749.857142857143,6759,5220,8035,0.539272030651341,7,5403,5583,180,0.03331482509716824,5006.714285714285,4999,3891,6092,0.5656643536365973,21,8984,5583,-3401,-0.3785618878005343,7680.714285714285,6759,3891,16974,3.3623747108712414,https://www.futbin.com/26/player/17311/tabitha-chawinga/market
tabitha-chawinga,Tabitha Chawinga,塔比莎·查温佳,forward|midfield,pc,三周连跌,7,12722,11773,-949,-0.07459518943562334,12897.285714285714,11773,9177,17411,0.8972431077694235,7,9813,5827,-3986,-0.4061958626312035,7695.428571428572,7780,5827,9813,0.6840569761455294,7,5894,5384,-510,-0.08652867322701052,5236.571428571428,5288,3939,6805,0.7275958365067275,21,12722,5384,-7338,-0.5767961012419431,8609.761904761905,7780,3939,17411,3.42015740035542,https://www.futbin.com/26/player/17311/tabitha-chawinga/market
trinity-rodman,Trinity Rodman,崔妮蒂·罗德曼,forward|midfield,cross,第三周反弹,7,45247,32543,-12704,-0.28076999580082657,36060.28571428572,37342,27830,45247,0.6258354293927416,7,30929,25571,-5358,-0.17323547479711598,29681.428571428572,30451,25571,31408,0.228266395526182,7,24342,31835,7493,0.30782187166214775,24652,24342,19030,31835,0.6728849185496585,21,45247,31835,-13412,-0.29641744204035625,30131.238095238095,30451,19030,45247,1.3776668418286915,https://www.futbin.com/26/player/1134/trinity-rodman/market
trinity-rodman,Trinity Rodman,崔妮蒂·罗德曼,forward|midfield,pc,第三周反弹,7,52458,48474,-3984,-0.0759464714628846,48398.857142857145,49186,39297,55066,0.4012774512049266,7,45483,38484,-6999,-0.15388167007453335,45409.42857142857,46172,38484,49295,0.2809219415861137,7,37908,41422,3514,0.09269811121662974,36555,37444,29431,41628,0.41442696476504365,21,52458,41422,-11036,-0.2103778260703801,43454.42857142857,43670,29431,55066,0.8710203526893412,https://www.futbin.com/26/player/1134/trinity-rodman/market
chloe-kelly,Chloe Kelly,克洛伊·凯利,forward|midfield,cross,第三周转跌,7,10752,8013,-2739,-0.25474330357142855,9694.42857142857,9508,8013,11556,0.44215649569449644,7,7068,8333,1265,0.1789756649688738,7345.857142857143,7068,6712,8333,0.241507747318236,7,11122,10408,-714,-0.06419708685488222,10013.42857142857,9687,9179,11122,0.2116788321167883,21,10752,10408,-344,-0.031994047619047616,9017.904761904761,9179,6712,11556,0.7216924910607867,https://www.futbin.com/26/player/115/chloe-kelly/market
chloe-kelly,Chloe Kelly,克洛伊·凯利,forward|midfield,pc,第三周转跌,7,24658,10888,-13770,-0.5584394516992457,13451.42857142857,11957,9939,24658,1.4809336955428112,7,9387,9730,343,0.036539895600298286,8352,7944,7400,9730,0.31486486486486487,7,12058,11178,-880,-0.07298059379664952,10605.42857142857,10264,9373,12058,0.28646111170383015,21,24658,11178,-13480,-0.5466785627382594,10802.952380952382,10033,7400,24658,2.332162162162162,https://www.futbin.com/26/player/115/chloe-kelly/market
alexander-isak,Alexander Isak,亚历山大·伊萨克,forward,cross,震荡下行,7,468301,480854,12553,0.026805409341427843,466748,468301,432430,494698,0.14399555997502486,7,472543,452547,-19996,-0.042315725764639406,476890,480675,451493,495101,0.09658621506867215,7,470271,463273,-6998,-0.014880781506833293,473786.28571428574,475149,447540,493042,0.10167135898467176,21,468301,463273,-5028,-0.010736684312013,472474.7619047619,475149,432430,495101,0.14492750271720278,https://www.futbin.com/26/player/52/alexander-isak/market
alexander-isak,Alexander Isak,亚历山大·伊萨克,forward,pc,数据不足,0,,,,,,,,,,0,,,,,,,,,,0,,,,,,,,,,0,,,,,,,,,,https://www.futbin.com/26/player/52/alexander-isak/market
viktor-gyokeres,Viktor Gyökeres,维克托·哲凯赖什,forward,cross,三周连跌,7,279202,225729,-53473,-0.19152083437797723,271281.85714285716,267778,225729,315896,0.399448010667659,7,208938,163825,-45113,-0.2159157261962879,198244.85714285713,203639,163825,217069,0.325005341065161,7,164132,135542,-28590,-0.1741890673360466,142421.7142857143,135542,124771,165993,0.3303812584655088,21,279202,135542,-143660,-0.5145378614766369,203982.80952380953,203639,124771,315896,1.5318062690849636,https://www.futbin.com/26/player/234/viktor-gyokeres/market
viktor-gyokeres,Viktor Gyökeres,维克托·哲凯赖什,forward,pc,三周连跌,7,323955,243417,-80538,-0.24860860304671945,290703,274035,243417,358153,0.47135573932798447,7,225833,167152,-58681,-0.25984244995195566,205947.57142857142,212326,167152,225833,0.35106370249832486,7,168910,133625,-35285,-0.20889822982653483,140612.7142857143,133569,122813,168910,0.37534300114808694,21,323955,133625,-190330,-0.5875198715871032,212421.09523809524,212326,122813,358153,1.916246651413124,https://www.futbin.com/26/player/234/viktor-gyokeres/market
florian-wirtz,Florian Wirtz,弗洛里安·维尔茨,forward|midfield,cross,震荡上行,7,259972,311194,51222,0.19702891080577908,312411.5714285714,321319,259972,334319,0.285980797932085,7,295222,279535,-15687,-0.05313628388128256,299140.85714285716,301215,279535,311618,0.11477274759869069,7,294090,281972,-12118,-0.04120507327688803,288996.85714285716,284451,281972,303215,0.07533726753010937,21,259972,281972,22000,0.084624498022864,300183.09523809527,301215,259972,334319,0.285980797932085,https://www.futbin.com/26/player/41/florian-wirtz/market
florian-wirtz,Florian Wirtz,弗洛里安·维尔茨,forward|midfield,pc,震荡上行,7,267154,293667,26513,0.09924238454224904,297705.5714285714,296618,267154,328083,0.22806695763492218,7,296125,285129,-10996,-0.037132967496834104,299972,302481,285129,314736,0.10383721052576203,7,297146,285903,-11243,-0.037836619035760195,290970.5714285714,286160,283840,307196,0.08228579481397971,21,267154,285903,18749,0.07018049514512228,296216.04761904763,296125,267154,328083,0.22806695763492218,https://www.futbin.com/26/player/41/florian-wirtz/market
julian-alvarez,Julián Alvarez,胡利安·阿瓦雷斯,forward|midfield,cross,第三周反弹,7,115309,83507,-31802,-0.27579807300384185,98376.14285714286,95920,83507,115309,0.3808303495515346,7,85552,77221,-8331,-0.09737937161024873,89966.71428571429,91826,77221,98806,0.279522409707204,7,73708,73972,264,0.0035817007651815272,71832.57142857143,71920,65142,78170,0.19999385956832766,21,115309,73972,-41337,-0.35848892974529306,86725.14285714286,85552,65142,115309,0.7701175892665254,https://www.futbin.com/26/player/226/julian-alvarez/market
julian-alvarez,Julián Alvarez,胡利安·阿瓦雷斯,forward|midfield,pc,三周连跌,7,133123,79913,-53210,-0.3997055354822232,95997.28571428571,90160,79799,133123,0.6682289251745009,7,82764,76825,-5939,-0.07175825238026196,88616,87833,76825,98875,0.2870159453302961,7,74403,72663,-1740,-0.023386153784121608,69068.57142857143,67938,59375,77771,0.30982736842105263,21,133123,72663,-60460,-0.4541664475710433,84560.61904761905,79913,59375,133123,1.2420715789473684,https://www.futbin.com/26/player/226/julian-alvarez/market
selma-bacha,Selma Bacha,塞尔玛·巴查,forward|midfield|defender,cross,第三周反弹,7,16010,20828,4818,0.3009369144284822,20496,20733,16010,25231,0.5759525296689569,7,22887,18642,-4245,-0.18547647135928694,22969.285714285714,23323,18642,25707,0.378982941744448,7,19514,20785,1271,0.06513272522291688,18673,19000,15090,21733,0.4402253147779987,21,16010,20785,4775,0.29825109306683323,20712.761904761905,20785,15090,25707,0.7035785288270378,https://www.futbin.com/26/player/17305/selma-bacha/market
selma-bacha,Selma Bacha,塞尔玛·巴查,forward|midfield|defender,pc,第三周反弹,7,22980,30167,7187,0.3127502175805048,26050.285714285714,26210,20248,31243,0.543016594231529,7,28795,25962,-2833,-0.09838513630838687,30176.14285714286,31012,25962,34066,0.3121485247669671,7,26653,26800,147,0.005515326604885003,24230.571428571428,24543,18655,29579,0.5855802733851514,21,22980,26800,3820,0.16623150565709313,26819,26800,18655,34066,0.8261056017153579,https://www.futbin.com/26/player/17305/selma-bacha/market
marie-katoto,Marie Katoto,玛丽-安托瓦内特·卡托托,forward|midfield,cross,第三周转跌,7,7437,8552,1115,0.14992604544843352,8069.285714285715,7917,7437,8695,0.1691542288557214,7,8618,10316,1698,0.19702947319563704,9206.285714285714,8783,8557,10316,0.20556269720696504,7,13306,13296,-10,-0.0007515406583496167,12720.57142857143,12547,11835,13755,0.16223067173637515,21,7437,13296,5859,0.7878176684146834,9998.714285714286,8783,7437,13755,0.8495361032674466,https://www.futbin.com/26/player/137/marie-katoto/market
marie-katoto,Marie Katoto,玛丽-安托瓦内特·卡托托,forward|midfield,pc,第三周转跌,7,13934,8979,-4955,-0.3556049949763169,9381.42857142857,8885,7850,13934,0.775031847133758,7,8980,12261,3281,0.3653674832962138,9871.57142857143,9181,8884,12261,0.38012156686177395,7,14275,13944,-331,-0.02318739054290718,13449.142857142857,13205,12364,14783,0.19564865739242965,21,13934,13944,10,0.0007176690110521028,10900.714285714286,9960,7850,14783,0.8831847133757962,https://www.futbin.com/26/player/137/marie-katoto/market
desire-doue,Désiré Doué,德西雷·杜埃,forward|midfield,cross,三周连跌,7,71522,48979,-22543,-0.3151897318307654,62743.28571428572,60868,48979,74063,0.5121378549990813,7,48620,34484,-14136,-0.290744549568079,45712.857142857145,47321,34484,52163,0.5126725437884236,7,36608,33335,-3273,-0.08940668706293706,33262.142857142855,32118,28962,39658,0.36931151163593673,21,71522,33335,-38187,-0.5339196331198792,47239.42857142857,47321,28962,74063,1.5572474276638353,https://www.futbin.com/26/player/1063/desire-doue/market
desire-doue,Désiré Doué,德西雷·杜埃,forward|midfield,pc,三周连跌,7,60337,49479,-10858,-0.1799559142814525,55641.857142857145,57503,49479,61146,0.23579700478991086,7,49861,38288,-11573,-0.23210525260223422,47906.57142857143,49516,38288,51245,0.3384089009611366,7,39880,35839,-4041,-0.10132898696088265,35422,34474,29481,42325,0.4356704318035345,21,60337,35839,-24498,-0.40601952367535676,46323.47619047619,49479,29481,61146,1.0740816118856213,https://www.futbin.com/26/player/1063/desire-doue/market
guro-reiten,Guro Reiten,顾洛·蕾滕,forward|midfield|defender,cross,第三周反弹,7,20205,13904,-6301,-0.3118535016085127,15945.57142857143,15983,13904,20205,0.4531789413118527,7,11983,10622,-1361,-0.11357756822164733,10956.57142857143,10930,10357,11983,0.1569952689002607,7,13525,13571,46,0.0034011090573012937,12985.285714285714,12787,12027,14145,0.17610376652531803,21,20205,13571,-6634,-0.328334570650829,13295.809523809523,12787,10357,20205,0.9508544945447523,https://www.futbin.com/26/player/90/guro-reiten/market
guro-reiten,Guro Reiten,顾洛·蕾滕,forward|midfield|defender,pc,三周连跌,7,23557,20514,-3043,-0.12917604109181985,21463.14285714286,22181,18903,23594,0.2481616674601915,7,18846,13107,-5739,-0.30452085323145495,15866.857142857143,15147,13107,18846,0.4378576333257038,7,14757,14554,-203,-0.013756183506132683,14009.42857142857,13672,12856,15799,0.22892034847542003,21,23557,14554,-9003,-0.3821793946597614,17113.14285714286,15799,12856,23594,0.8352520224019913,https://www.futbin.com/26/player/90/guro-reiten/market
cole-palmer,Cole Palmer,科尔·帕尔默,forward|midfield,cross,第三周转跌,7,56346,46116,-10230,-0.18155680971142582,52715.142857142855,51497,46116,62238,0.3495966692688004,7,46163,53218,7055,0.15282802244221563,52187.57142857143,53218,46163,57219,0.23949916599874357,7,55712,31884,-23828,-0.42769959793222284,38307.857142857145,31884,28483,56950,0.9994382614190921,21,56346,31884,-24462,-0.434139069321691,47736.857142857145,51325,28483,62238,1.1850928624091563,https://www.futbin.com/26/player/214/cole-palmer/market
cole-palmer,Cole Palmer,科尔·帕尔默,forward|midfield,pc,第三周转跌,7,53460,43207,-10253,-0.19178825289936402,46546.28571428572,46623,39003,55920,0.43373586647180984,7,44658,56254,11596,0.2596623225401944,52019.857142857145,54948,44658,58434,0.3084777643423351,7,57403,31997,-25406,-0.442590108530913,39108.28571428572,31997,28424,60151,1.1162046158176189,21,53460,31997,-21463,-0.40147774036662925,45891.47619047619,46623,28424,60151,1.1162046158176189,https://www.futbin.com/26/player/214/cole-palmer/market
caitlin-foord,Caitlin Foord,凯特琳·富德,forward|midfield,cross,第三周转跌,7,2288,2545,257,0.11232517482517483,2486.714285714286,2461,2288,2725,0.1909965034965035,7,2536,3834,1298,0.5118296529968455,3140.5714285714284,2973,2536,3839,0.513801261829653,7,4125,4017,-108,-0.02618181818181818,3889.285714285714,3796,3686,4134,0.12154096581660337,21,2288,4017,1729,0.7556818181818182,3172.190476190476,2973,2288,4134,0.8068181818181818,https://www.futbin.com/26/player/536/caitlin-foord/market
caitlin-foord,Caitlin Foord,凯特琳·富德,forward|midfield,pc,第三周转跌,7,3195,2667,-528,-0.1652582159624413,2690.285714285714,2667,2360,3195,0.3538135593220339,7,2621,4030,1409,0.5375810759252194,3235.285714285714,3077,2621,4030,0.5375810759252194,7,4189,4136,-53,-0.01265218429219384,3997,3902,3800,4273,0.12447368421052632,21,3195,4136,941,0.2945226917057903,3307.5238095238096,3195,2360,4273,0.8105932203389831,https://www.futbin.com/26/player/536/caitlin-foord/market
lea-schuller,Lea Schüller,莱娅·许勒尔,forward|midfield,cross,第三周转跌,7,3814,4231,417,0.10933403251179864,4125,4142,3814,4432,0.16203460933403252,7,4258,5929,1671,0.3924377642085486,5021.857142857143,4856,4258,5929,0.3924377642085486,7,7119,7051,-68,-0.009551903357213091,6678.142857142857,6607,6145,7213,0.17379983726606998,21,3814,7051,3237,0.8487152595700053,5275,4856,3814,7213,0.8911903513371788,https://www.futbin.com/26/player/253/lea-schuller/market
lea-schuller,Lea Schüller,莱娅·许勒尔,forward|midfield,pc,第三周转跌,7,9911,4333,-5578,-0.562809000100898,5068.285714285715,4333,4012,9911,1.4703389830508475,7,4336,6549,2213,0.5103782287822878,5206.714285714285,4938,4336,6549,0.5103782287822878,7,7597,7424,-173,-0.022772146900092143,7029,6914,6266,7769,0.23986594318544527,21,9911,7424,-2487,-0.2509333064272021,5768,5279,4012,9911,1.4703389830508475,https://www.futbin.com/26/player/253/lea-schuller/market
lauren-james,Lauren James,劳伦·詹姆斯,forward|midfield,cross,第三周反弹,7,33390,34128,738,0.022102425876010783,33687.42857142857,33390,29326,38839,0.32438791516060833,7,30830,14929,-15901,-0.5157638663639312,24724.714285714286,25410,14929,30830,1.065108178712573,7,14271,14693,422,0.029570457571298437,13308.42857142857,13269,9919,17656,0.7800181469906241,21,33390,14693,-18697,-0.559958071278826,23906.85714285714,25410,9919,38839,2.915616493598145,https://www.futbin.com/26/player/559/lauren-james/market
lauren-james,Lauren James,劳伦·詹姆斯,forward|midfield,pc,震荡下行,7,34624,45440,10816,0.3123844731977819,42518.57142857143,42188,34624,48694,0.4063655268022181,7,47490,27327,-20163,-0.42457359444093495,42783.857142857145,44575,27327,47490,0.7378416950268964,7,27910,26035,-1875,-0.06718022214260122,24923.571428571428,25056,19719,31201,0.5822810487347229,21,34624,26035,-8589,-0.24806492606284658,36742,41236,19719,48694,1.4693949997464375,https://www.futbin.com/26/player/559/lauren-james/market
sandy-baltimore,Sandy Baltimore,桑迪·巴尔的摩,forward|midfield|defender,cross,第三周转跌,7,2628,2628,0,0,2704.4285714285716,2665,2608,2856,0.0950920245398773,7,2596,3820,1224,0.4714946070878274,3163.4285714285716,3004,2596,3840,0.47919876733436056,7,4110,4019,-91,-0.022141119221411192,3883.8571428571427,3771,3681,4135,0.12333604998641673,21,2628,4019,1391,0.5292998477929984,3250.5714285714284,3004,2596,4135,0.5928351309707242,https://www.futbin.com/26/player/531/sandy-baltimore/market
sandy-baltimore,Sandy Baltimore,桑迪·巴尔的摩,forward|midfield|defender,pc,第三周转跌,7,4628,2777,-1851,-0.3999567847882455,3153.5714285714284,2907,2671,4628,0.7326843878697117,7,2709,3981,1272,0.4695459579180509,3272.1428571428573,3133,2709,3981,0.4695459579180509,7,4214,4135,-79,-0.01874703369719981,4013.5714285714284,3913,3787,4333,0.14417744916820702,21,4628,4135,-493,-0.10652549697493517,3479.7619047619046,3359,2671,4628,0.7326843878697117,https://www.futbin.com/26/player/531/sandy-baltimore/market
serhou-guirassy,Serhou Guirassy,塞鲁·吉拉西,forward,cross,第三周转跌,7,8287,6328,-1959,-0.23639435260045855,7174.857142857143,6553,6328,9544,0.5082174462705437,7,6422,8396,1974,0.3073808782310807,7223.857142857143,6953,6422,8396,0.3073808782310807,7,11205,10465,-740,-0.06604194556001784,10064,9682,9198,11205,0.2181996086105675,21,8287,10465,2178,0.26282128635211777,8154.238095238095,7963,6328,11205,0.7707016434892541,https://www.futbin.com/26/player/217/serhou-guirassy/market
serhou-guirassy,Serhou Guirassy,塞鲁·吉拉西,forward,pc,第三周转跌,7,13465,6599,-6866,-0.5099145933902711,8109.571428571428,6677,6172,13465,1.1816267012313675,7,6588,9745,3157,0.4792046144505161,7625.857142857143,7193,6588,9745,0.4792046144505161,7,12178,11141,-1037,-0.08515355559205123,10641.285714285714,10234,9407,12178,0.294567874986712,21,13465,11141,-2324,-0.17259561826958783,8792.238095238095,8371,6172,13465,1.1816267012313675,https://www.futbin.com/26/player/217/serhou-guirassy/market
paulo-dybala,Paulo Dybala,保罗·迪巴拉,forward|midfield,cross,三周连跌,7,36520,21727,-14793,-0.405065717415115,30045.428571428572,28710,21727,37651,0.7329129654347125,7,18986,12864,-6122,-0.32244811966712317,17580.714285714286,18149,12864,18986,0.47590174129353235,7,11744,8224,-3520,-0.2997275204359673,9013.142857142857,8224,6997,12948,0.8505073602972703,21,36520,8224,-28296,-0.7748083242059146,18879.761904761905,18149,6997,37651,4.381020437330284,https://www.futbin.com/26/player/246/paulo-dybala/market
paulo-dybala,Paulo Dybala,保罗·迪巴拉,forward|midfield,pc,三周连跌,7,42520,23944,-18576,-0.43687676387582314,31069,29344,23944,42520,0.7758102238556632,7,20837,12277,-8560,-0.41080769784517923,18058.14285714286,18872,12277,20837,0.6972387391056447,7,11766,7941,-3825,-0.3250892401835798,8698,7657,6766,12298,0.8176174992610109,21,42520,7941,-34579,-0.8132408278457197,19275.04761904762,18872,6766,42520,5.284362991427727,https://www.futbin.com/26/player/246/paulo-dybala/market
marcus-thuram,Marcus Thuram,马库斯·图拉姆,forward,cross,三周连跌,7,33062,12019,-21043,-0.6364708729054503,22191.714285714286,18407,12019,35408,1.9460021632415343,7,10104,5156,-4948,-0.4897070467141726,8375.714285714286,8577,5156,10104,0.9596586501163693,7,4712,4134,-578,-0.12266553480475383,4181.285714285715,3996,3779,4992,0.32098438740407514,21,33062,4134,-28928,-0.8749621922448733,11582.904761904761,8577,3779,35408,8.369674517068008,https://www.futbin.com/26/player/17309/marcus-thuram/market
marcus-thuram,Marcus Thuram,马库斯·图拉姆,forward,pc,三周连跌,7,27119,9901,-17218,-0.6349054168664037,18559.285714285714,15250,9901,29769,2.0066659933340065,7,8841,4242,-4599,-0.5201900237529691,6480.571428571428,6266,4242,8841,1.0841584158415842,7,4242,4162,-80,-0.01885902876001886,4033.714285714286,3921,3798,4393,0.15666140073723012,21,27119,4162,-22957,-0.8465282643165308,9691.190476190477,6266,3798,29769,6.838072669826224,https://www.futbin.com/26/player/17309/marcus-thuram/market
linda-caicedo,Linda Caicedo,琳达·凯塞多,forward|midfield,cross,第三周转跌,7,6111,3123,-2988,-0.4889543446244477,4118.714285714285,3706,3123,6111,0.9567723342939481,7,2806,3834,1028,0.36635780470420526,3253.1428571428573,3075,2781,3863,0.38906868033081626,7,4090,3983,-107,-0.026161369193154035,3869,3755,3666,4125,0.12520458265139117,21,6111,3983,-2128,-0.34822451317296677,3746.9523809523807,3714,2781,6111,1.197411003236246,https://www.futbin.com/26/player/864/linda-caicedo/market
linda-caicedo,Linda Caicedo,琳达·凯塞多,forward|midfield,pc,第三周转跌,7,28747,3549,-25198,-0.8765436393362785,7567.857142857143,3886,3283,28747,7.75632043862321,7,2899,4003,1104,0.3808209727492239,3362.5714285714284,3187,2899,4013,0.38427043808209727,7,4215,4134,-81,-0.019217081850533807,4004.285714285714,3920,3784,4314,0.14006342494714588,21,28747,4134,-24613,-0.8561936897763245,4978.238095238095,3876,2899,28747,8.916177992411177,https://www.futbin.com/26/player/864/linda-caicedo/market
ada-hegerberg,Ada Hegerberg,阿达·海格贝尔格,forward,cross,第三周转跌,7,5405,6218,813,0.15041628122109157,5969.857142857143,5969,5405,6491,0.20092506938020352,7,6288,8322,2034,0.3234732824427481,7133.428571428572,6882,6288,8322,0.3234732824427481,7,11093,10440,-653,-0.05886595150094654,10044.285714285714,9667,9175,11198,0.22049046321525886,21,5405,10440,5035,0.9315448658649399,7715.857142857143,6882,5405,11198,1.0717853839037927,https://www.futbin.com/26/player/84/ada-hegerberg/market
ada-hegerberg,Ada Hegerberg,阿达·海格贝尔格,forward,pc,第三周转跌,7,14888,6530,-8358,-0.5613917248790973,7530.857142857143,6530,5851,14888,1.5445223038796787,7,6534,9718,3184,0.48729721456994185,7587.285714285715,7156,6534,9718,0.48729721456994185,7,11946,11135,-811,-0.06788883308220325,10611.857142857143,10209,9420,11997,0.2735668789808917,21,14888,11135,-3753,-0.25208221386351426,8576.666666666666,7610,5851,14888,1.5445223038796787,https://www.futbin.com/26/player/84/ada-hegerberg/market
clara-mateo,Clara Mateo,,forward,cross,第三周转跌,7,5592,3295,-2297,-0.4107653791130186,4149.428571428572,3810,3295,5592,0.6971168437025796,7,2873,3894,1021,0.35537765402018795,3326.1428571428573,3172,2873,3949,0.37452140619561436,7,4138,4070,-68,-0.016433059449009184,3920.1428571428573,3805,3715,4188,0.12732166890982502,21,5592,4070,-1522,-0.27217453505007155,3798.5714285714284,3768,2873,5592,0.9463974939088061,https://www.futbin.com/26/player/17308/clara-mateo/market
clara-mateo,Clara Mateo,,forward,pc,第三周转跌,7,6600,3093,-3507,-0.5313636363636364,4164.571428571428,3664,3093,6600,1.133850630455868,7,2733,4044,1311,0.4796926454445664,3322.8571428571427,3178,2733,4044,0.4796926454445664,7,4234,4202,-32,-0.007557864903164856,4051.1428571428573,3928,3842,4397,0.14445601249349296,21,6600,4202,-2398,-0.36333333333333334,3846.190476190476,3842,2733,6600,1.4149286498353457,https://www.futbin.com/26/player/17308/clara-mateo/market
sam-kerr,Sam Kerr,山姆·科尔,forward,cross,第三周转跌,7,7084,6254,-830,-0.11716544325239978,6477,6522,5986,7084,0.18342799866354828,7,6339,8397,2058,0.3246568859441552,7172.285714285715,6902,6339,8397,0.3246568859441552,7,11223,10413,-810,-0.07217321571772253,10047.857142857143,9666,9186,11223,0.2217504898758981,21,7084,10413,3329,0.4699322416713721,7899.047619047619,7084,5986,11223,0.8748747076511861,https://www.futbin.com/26/player/235/sam-kerr/market
sam-kerr,Sam Kerr,山姆·科尔,forward,pc,第三周转跌,7,29115,6610,-22505,-0.7729692598317018,9801,6673,6024,29115,3.833167330677291,7,6557,9635,3078,0.4694219917645265,7590.714285714285,7173,6557,9635,0.4694219917645265,7,11921,11129,-792,-0.06643737941447865,10608.142857142857,10245,9361,11987,0.28052558487341095,21,29115,11129,-17986,-0.6177571698437232,9333.285714285714,7647,6024,29115,3.833167330677291,https://www.futbin.com/26/player/235/sam-kerr/market
mallory-swanson,Mallory Swanson,马洛丽·斯旺森,forward,cross,第三周转跌,7,14009,9850,-4159,-0.2968805767720751,11952.57142857143,12865,9654,14009,0.4511083488709343,7,8565,9168,603,0.07040280210157618,9166,9017,8227,10720,0.30302661966695027,7,11386,10650,-736,-0.06464078693131917,10291.42857142857,9961,9290,11560,0.24434876210979548,21,14009,10650,-3359,-0.23977443072310659,10470,9850,8227,14009,0.7028078278837973,https://www.futbin.com/26/player/92/mallory-swanson/market
mallory-swanson,Mallory Swanson,马洛丽·斯旺森,forward,pc,三周连跌,7,16831,15509,-1322,-0.07854554096607451,16318.42857142857,16831,13198,18295,0.38619487801181995,7,13710,12619,-1091,-0.07957695113056164,14328.57142857143,14636,12488,16184,0.29596412556053814,7,13281,11516,-1765,-0.13289661923047963,11455.42857142857,10779,9797,14420,0.4718791466775544,21,16831,11516,-5315,-0.3157863466223041,14034.142857142857,14420,9797,18295,0.8674083903235684,https://www.futbin.com/26/player/92/mallory-swanson/market
delphine-cascarino,Delphine Cascarino,黛勒芬·卡斯卡里诺,forward,cross,第三周转跌,7,7561,2982,-4579,-0.6056077238460521,4433.714285714285,3856,2982,7561,1.5355466130114017,7,2717,3847,1130,0.4158998895841001,3233.4285714285716,3084,2717,3857,0.4195804195804196,7,4119,4069,-50,-0.012138868657441126,3917.285714285714,3793,3721,4176,0.1222789572695512,21,7561,4069,-3492,-0.4618436714720275,3861.4761904761904,3782,2717,7561,1.7828487302171512,https://www.futbin.com/26/player/1142/delphine-cascarino/market
delphine-cascarino,Delphine Cascarino,黛勒芬·卡斯卡里诺,forward,pc,震荡下行,7,11761,3171,-8590,-0.7303800697219625,5235.428571428572,3879,3171,11761,2.708924629454431,7,2768,3995,1227,0.44328034682080925,3325.4285714285716,3154,2768,3995,0.44328034682080925,7,4199,4220,21,0.0050011907597046915,4025.714285714286,3921,3797,4351,0.14590466157492757,21,11761,4220,-7541,-0.6411869738967775,4195.523809523809,3879,2768,11761,3.2489161849710984,https://www.futbin.com/26/player/1142/delphine-cascarino/market
bradley-barcola,Bradley Barcola,布拉德利·巴尔科拉,forward,cross,三周连跌,7,29503,11223,-18280,-0.6195980069823408,16696.14285714286,13540,11223,29503,1.6287980040987258,7,10541,3242,-7299,-0.6924390475286974,6507.857142857143,6407,3242,10541,2.2513880320789634,7,3205,2350,-855,-0.2667706708268331,2442,2328,1834,3205,0.747546346782988,21,29503,2350,-27153,-0.9203470833474562,8548.666666666666,6407,1834,29503,15.086695747001091,https://www.futbin.com/26/player/1154/bradley-barcola/market
bradley-barcola,Bradley Barcola,布拉德利·巴尔科拉,forward,pc,三周连跌,7,29200,11977,-17223,-0.5898287671232877,15445.57142857143,12488,10041,29200,1.908076884772433,7,10282,2854,-7428,-0.7224275432795176,6320,5969,2854,10282,2.602662929222144,7,2796,2033,-763,-0.2728898426323319,2087.5714285714284,1956,1588,2796,0.760705289672544,21,29200,2033,-27167,-0.9303767123287672,7951.047619047619,5969,1588,29200,17.387909319899244,https://www.futbin.com/26/player/1154/bradley-barcola/market
victor-osimhen,Victor Osimhen,维克多·奥斯梅恩,forward,cross,第三周转跌,7,19827,9601,-10226,-0.5157613355525293,16600.571428571428,14741,9601,27238,1.8369961462347673,7,7818,8471,653,0.08352519826042466,7780.714285714285,7689,7326,8471,0.1562926562926563,7,11238,10413,-825,-0.07341163908168713,10035.857142857143,9660,9159,11238,0.22698984605306255,21,19827,10413,-9414,-0.47480708125283705,11472.380952380952,9601,7326,27238,2.717990717990718,https://www.futbin.com/26/player/237/victor-osimhen/market
victor-osimhen,Victor Osimhen,维克多·奥斯梅恩,forward,pc,第三周转跌,7,28727,11089,-17638,-0.6139868416472308,18360.285714285714,14759,11089,28727,1.5905852646767067,7,8606,9933,1327,0.15419474785033696,8101.571428571428,7790,7278,9933,0.36479802143446,7,12069,11088,-981,-0.08128262490678598,10591.57142857143,10256,9345,12069,0.2914927768860353,21,28727,11088,-17639,-0.6140216521042922,12351.142857142857,10256,7278,28727,2.9471008518823854,https://www.futbin.com/26/player/237/victor-osimhen/market
beth-mead,Beth Mead,贝丝·米德,forward,cross,第三周转跌,7,7983,6221,-1762,-0.22071902793436052,6390.285714285715,6221,5732,7983,0.3927076064200977,7,6294,8361,2067,0.3284080076263108,7143.571428571428,6875,6294,8361,0.3284080076263108,7,10995,10434,-561,-0.05102319236016371,10001,9672,9160,11028,0.2039301310043668,21,7983,10434,2451,0.3070274332957535,7844.952380952381,7273,5732,11028,0.9239357990230286,https://www.futbin.com/26/player/93/beth-mead/market
beth-mead,Beth Mead,贝丝·米德,forward,pc,第三周转跌,7,7503,6631,-872,-0.11622017859522858,6585.285714285715,6631,6072,7503,0.23567193675889328,7,6558,9753,3195,0.48719121683440075,7612.714285714285,7197,6558,9753,0.48719121683440075,7,11892,11076,-816,-0.06861755802219979,10590.857142857143,10208,9362,11958,0.2772911770989105,21,7503,11076,3573,0.4762095161935226,8262.952380952382,7503,6072,11958,0.9693675889328063,https://www.futbin.com/26/player/93/beth-mead/market
laura-freigang,Laura Freigang,劳拉·弗赖冈,forward,cross,第三周转跌,7,2594,2532,-62,-0.023901310717039322,2496.1428571428573,2532,2232,2708,0.2132616487455197,7,2518,3813,1295,0.5142970611596506,3116.714285714286,2952,2518,3813,0.5142970611596506,7,4077,3979,-98,-0.02403728231542801,3855.8571428571427,3756,3646,4105,0.125891387822271,21,2594,3979,1385,0.5339244410177332,3156.2380952380954,2952,2232,4105,0.83915770609319,https://www.futbin.com/26/player/1045/laura-freigang/market
laura-freigang,Laura Freigang,劳拉·弗赖冈,forward,pc,第三周转跌,7,2479,2630,151,0.0609116579265833,2560.1428571428573,2524,2305,2867,0.2438177874186551,7,2628,3974,1346,0.5121765601217656,3222.714285714286,3052,2628,3974,0.5121765601217656,7,4188,4127,-61,-0.014565425023877745,3985.285714285714,3885,3753,4290,0.14308553157474022,21,2479,4127,1648,0.6647841871722469,3256.0476190476193,3052,2305,4290,0.8611713665943601,https://www.futbin.com/26/player/1045/laura-freigang/market
phil-foden,Phil Foden,菲尔·福登,forward,cross,三周连跌,7,15191,8649,-6542,-0.4306497268119281,12675.57142857143,11820,8649,17518,1.0254364666435427,7,8015,5746,-2269,-0.2830941983780412,7896.285714285715,8036,5746,8665,0.5080055690915419,7,5744,4834,-910,-0.15842618384401114,4830.142857142857,4441,4004,6377,0.5926573426573427,21,15191,4834,-10357,-0.6817852675926536,8467.333333333334,8036,4004,17518,3.3751248751248752,https://www.futbin.com/26/player/405/phil-foden/market
phil-foden,Phil Foden,菲尔·福登,forward,pc,三周连跌,7,18892,7956,-10936,-0.5788693626932034,11830.857142857143,9887,7956,18892,1.3745600804424334,7,6812,5227,-1585,-0.23267762771579564,7027.285714285715,7209,5227,7782,0.4888081117275684,7,5029,4420,-609,-0.12109763372439848,4390.142857142857,4081,3872,5410,0.3972107438016529,21,18892,4420,-14472,-0.7660385348295575,7749.428571428572,7209,3872,18892,3.8791322314049586,https://www.futbin.com/26/player/405/phil-foden/market
nicholas-williams-arthuer,Nicholas Williams Arthuer,尼科·威廉斯,forward,cross,第三周转跌,7,176618,168785,-7833,-0.044349953005922385,166693.42857142858,168785,155361,176618,0.1368232696751437,7,172597,191403,18806,0.10895902014519372,189739,191403,172597,203889,0.18130094961094342,7,202035,170917,-31118,-0.15402281782859406,177439.57142857142,170917,160479,204799,0.27617320646315097,21,176618,170917,-5701,-0.032278703189935344,177957.33333333334,173854,155361,204799,0.3182137087171169,https://www.futbin.com/26/player/256/nicholas-williams-arthuer/market
nicholas-williams-arthuer,Nicholas Williams Arthuer,尼科·威廉斯,forward,pc,第三周转跌,7,228326,157944,-70382,-0.3082522358382313,166480,157944,141222,228326,0.6167877526164479,7,171993,207517,35524,0.20654328955248177,196041.2857142857,204611,171993,210625,0.2246137924217846,7,217861,180313,-37548,-0.17234842399511616,190047.14285714287,180313,172292,221399,0.2850219394980614,21,228326,180313,-48013,-0.21028266601263107,184189.47619047618,175792,141222,228326,0.6167877526164479,https://www.futbin.com/26/player/256/nicholas-williams-arthuer/market
rodrygo-silva-de-goes,Rodrygo Silva de Goes,罗德里戈·格斯,forward,cross,第三周反弹,7,93364,66125,-27239,-0.2917505676706225,82970.71428571429,79854,66125,101608,0.5366049149338374,7,65247,46982,-18265,-0.2799362422793385,61419.71428571428,64087,46982,67990,0.44714997232982845,7,51082,53601,2519,0.04931286950393485,51624.28571428572,51082,46238,57719,0.24830226220857304,21,93364,53601,-39763,-0.4258922068463219,65338.23809523809,64087,46238,101608,1.1974998918638349,https://www.futbin.com/26/player/832/rodrygo-silva-de-goes/market
rodrygo-silva-de-goes,Rodrygo Silva de Goes,罗德里戈·格斯,forward,pc,震荡上行,7,48469,65395,16926,0.3492128989663496,70320,71358,48469,91101,0.8795725102642926,7,63938,50574,-13364,-0.209014983265038,62690.28571428572,63938,50574,67031,0.32540435797049866,7,55064,53238,-1826,-0.03316141217492372,51972,50780,44700,60678,0.3574496644295302,21,48469,53238,4769,0.09839278714229714,61660.76190476191,63392,44700,91101,1.038053691275168,https://www.futbin.com/26/player/832/rodrygo-silva-de-goes/market
marta-vieira-da-silva,Marta Vieira da Silva,玛塔,forward,cross,第三周转跌,7,2258,2623,365,0.1616474756421612,2522.4285714285716,2509,2248,2873,0.2780249110320285,7,2591,3839,1248,0.48166730991895024,3157.4285714285716,2983,2591,3839,0.48166730991895024,7,4138,4035,-103,-0.024891251812469792,3909.1428571428573,3801,3698,4172,0.12817739318550567,21,2258,4035,1777,0.7869796279893712,3196.3333333333335,2983,2248,4172,0.8558718861209964,https://www.futbin.com/26/player/1146/marta-vieira-da-silva/market
marta-vieira-da-silva,Marta Vieira da Silva,玛塔,forward,pc,第三周转跌,7,2988,2744,-244,-0.08165997322623829,2737.1428571428573,2744,2430,3036,0.24938271604938272,7,2683,4009,1326,0.4942228848304137,3263.714285714286,3105,2683,4009,0.4942228848304137,7,4203,4149,-54,-0.01284796573875803,4012.4285714285716,3924,3810,4283,0.1241469816272966,21,2988,4149,1161,0.3885542168674699,3337.7619047619046,3105,2430,4283,0.7625514403292181,https://www.futbin.com/26/player/1146/marta-vieira-da-silva/market
robert-lewandowski,Robert Lewandowski,罗伯特·莱万多夫斯基,forward,cross,第三周转跌,7,9805,8903,-902,-0.09199388067312596,9596,9263,8903,11484,0.2899022801302932,7,8819,10526,1707,0.1935593604717088,9421.857142857143,9004,8763,10526,0.2011868081707178,7,13466,13402,-64,-0.004752710530224268,12843,12646,11931,13876,0.16302070237197216,21,9805,13402,3597,0.3668536460989291,10620.285714285714,9805,8763,13876,0.58347597854616,https://www.futbin.com/26/player/63/robert-lewandowski/market
robert-lewandowski,Robert Lewandowski,罗伯特·莱万多夫斯基,forward,pc,第三周转跌,7,38322,9319,-29003,-0.7568237565889046,14241.142857142857,9692,8978,38322,3.2684339496547117,7,9287,12539,3252,0.3501668999676968,10103.714285714286,9347,9057,12539,0.384454013470244,7,14411,14090,-321,-0.022274651308028588,13580,13323,12521,15005,0.19838671032665123,21,38322,14090,-24232,-0.6323260790146652,12641.619047619048,11250,8978,38322,3.2684339496547117,https://www.futbin.com/26/player/63/robert-lewandowski/market
antoine-griezmann,Antoine Griezmann,安托万·格里兹曼,forward,cross,三周连跌,7,28312,17417,-10895,-0.38481915795422433,23542.571428571428,22401,17417,29905,0.71700063156686,7,16276,10558,-5718,-0.35131481936593756,14896.42857142857,15569,10558,16276,0.5415798446675507,7,10143,9089,-1054,-0.10391402937986789,8878.42857142857,8632,6654,12098,0.8181544935377216,21,28312,9089,-19223,-0.6789700480361684,15772.47619047619,15569,6654,29905,3.494289149383829,https://www.futbin.com/26/player/795/antoine-griezmann/market
antoine-griezmann,Antoine Griezmann,安托万·格里兹曼,forward,pc,三周连跌,7,28968,17642,-11326,-0.3909831538249102,23386.714285714286,22505,17642,31970,0.8121528171409137,7,16056,9717,-6339,-0.39480568011958145,15080.142857142857,16056,9717,16644,0.7128743439333127,7,9780,8163,-1617,-0.16533742331288342,8126.714285714285,7765,6079,11430,0.8802434610955749,21,28968,8163,-20805,-0.7182062966031483,15531.190476190477,16056,6079,31970,4.259088665898997,https://www.futbin.com/26/player/795/antoine-griezmann/market
fridolina-rolfo,Fridolina Rolfö,弗里多丽娜·罗尔富,forward|defender,cross,第三周反弹,7,1618,2546,928,0.5735475896168108,2561.714285714286,2821,1250,3399,1.7192,7,2065,1427,-638,-0.3089588377723971,1480.2857142857142,1405,1277,2065,0.6170712607674237,7,1392,1490,98,0.07040229885057471,1446.4285714285713,1442,1392,1490,0.07040229885057471,21,1618,1490,-128,-0.07911001236093942,1829.4761904761904,1475,1250,3399,1.7192,https://www.futbin.com/26/player/17314/fridolina-rolfo/market
fridolina-rolfo,Fridolina Rolfö,弗里多丽娜·罗尔富,forward|defender,pc,第三周反弹,7,18361,2638,-15723,-0.856325908174936,5030.857142857143,3086,1331,18361,12.79489105935387,7,2295,1308,-987,-0.4300653594771242,1475.4285714285713,1317,1178,2295,0.9482173174872666,7,1210,1562,352,0.2909090909090909,1427.857142857143,1471,1210,1562,0.2909090909090909,21,18361,1562,-16799,-0.9149283808071456,2644.714285714286,1524,1178,18361,14.586587436332767,https://www.futbin.com/26/player/17314/fridolina-rolfo/market
geraldine-reuteler,Géraldine Reuteler,格拉尔迪娜·罗伊特勒,forward,cross,震荡下行,7,1698,1014,-684,-0.4028268551236749,1289.4285714285713,1255,1014,1698,0.6745562130177515,7,975,1463,488,0.5005128205128205,1314.2857142857142,1398,975,1562,0.602051282051282,7,1422,1522,100,0.07032348804500703,1467.5714285714287,1453,1422,1522,0.07032348804500703,21,1698,1522,-176,-0.10365135453474676,1357.095238095238,1419,975,1698,0.7415384615384616,https://www.futbin.com/26/player/1062/geraldine-reuteler/market
geraldine-reuteler,Géraldine Reuteler,格拉尔迪娜·罗伊特勒,forward,pc,震荡下行,7,1789,1013,-776,-0.43376187814421463,1262.2857142857142,1200,1013,1789,0.7660414610069102,7,1009,1317,308,0.30525272547076315,1219.5714285714287,1172,1009,1475,0.4618434093161546,7,1211,1581,370,0.305532617671346,1440.4285714285713,1480,1211,1581,0.305532617671346,21,1789,1581,-208,-0.11626607043040806,1307.4285714285713,1279,1009,1789,0.7730426164519326,https://www.futbin.com/26/player/1062/geraldine-reuteler/market
aitana-bonmati-conca,Aitana Bonmatí Conca,艾塔娜·邦马蒂,midfield,cross,第三周转跌,7,382580,483139,100559,0.2628443724188405,414564,396986,373701,483139,0.2928490959349855,7,464875,646454,181579,0.39059747243882764,539044.8571428572,513958,456354,646454,0.41656258080349906,7,659847,656674,-3173,-0.0048086904994642694,641498,634340,607583,680660,0.12027492540113861,21,382580,656674,274094,0.7164357781379058,531702.2857142857,513958,373701,680660,0.8214026721897988,https://www.futbin.com/26/player/111/aitana-bonmati-conca/market
aitana-bonmati-conca,Aitana Bonmatí Conca,艾塔娜·邦马蒂,midfield,pc,第三周转跌,7,470255,469674,-581,-0.0012354998883584438,440206.85714285716,430583,397965,484951,0.218577010541128,7,509694,707183,197489,0.38746581282102593,595613.7142857143,572778,500931,707183,0.4117373450634918,7,703431,674153,-29278,-0.041621708454702734,665842,664722,608590,722678,0.18746282390443483,21,470255,674153,203898,0.4335902861213597,567220.8571428572,572778,397965,722678,0.815933561996658,https://www.futbin.com/26/player/111/aitana-bonmati-conca/market
rodrigo-hernandez-cascante,Rodrigo Hernández Cascante,罗德里,midfield,cross,第三周转跌,7,32138,28905,-3233,-0.10059742361067894,30668.14285714286,30821,28722,32248,0.12276303878559988,7,28802,31061,2259,0.07843205332962988,30011.285714285714,29521,28363,32370,0.14127560554243204,7,33186,32828,-358,-0.010787681552461882,32805.28571428572,32326,30793,36731,0.19283603416360862,21,32138,32828,690,0.02146991100877466,31161.571428571428,31061,28363,36731,0.2950322603391743,https://www.futbin.com/26/player/61/rodrigo-hernandez-cascante/market
rodrigo-hernandez-cascante,Rodrigo Hernández Cascante,罗德里,midfield,pc,震荡下行,7,43544,27813,-15731,-0.36126676465184643,30365.285714285714,28938,26483,43544,0.644224596911226,7,27760,30386,2626,0.09459654178674351,29590.714285714286,29538,27736,32178,0.1601528699163542,7,33215,33656,441,0.013277133825079031,33399,33146,31564,37580,0.19059688252439488,21,43544,33656,-9888,-0.22708065405107478,31118.333333333332,30386,26483,43544,0.644224596911226,https://www.futbin.com/26/player/61/rodrigo-hernandez-cascante/market
vitor-machado-ferreira,Vítor Machado Ferreira,维蒂尼亚,midfield,cross,震荡下行,7,77200,84083,6883,0.0891580310880829,86812.28571428571,85677,77200,96365,0.24825129533678755,7,85063,74071,-10992,-0.1292218708486651,84659,85063,74071,90712,0.22466282350717554,7,81306,71375,-9931,-0.12214350724423782,73406.85714285714,71375,65837,86962,0.3208682048088461,21,77200,71375,-5825,-0.07545336787564767,81626.04761904762,84212,65837,96365,0.4636906298889682,https://www.futbin.com/26/player/68/vitor-machado-ferreira/market
vitor-machado-ferreira,Vítor Machado Ferreira,维蒂尼亚,midfield,pc,第三周转跌,7,83636,83014,-622,-0.007436988856473289,80713.28571428571,83014,72934,89201,0.2230372665697754,7,83576,83919,343,0.004104049009284962,87196.42857142857,88333,83479,91106,0.09136429521196948,7,89628,78142,-11486,-0.12815191681171062,80515.28571428571,76844,71372,96024,0.3454015580339629,21,83636,78142,-5494,-0.06568941604093931,82808.33333333333,83576,71372,96024,0.3454015580339629,https://www.futbin.com/26/player/68/vitor-machado-ferreira/market
pedro-gonzalez-lopez,Pedro González López,佩德里,midfield,cross,第三周转跌,7,92289,127854,35565,0.3853655365211455,127442.85714285714,129715,92289,141465,0.5328479017000942,7,121861,122415,554,0.004546163251573514,124244.71428571429,122715,117514,132076,0.1239171502969859,7,126958,107885,-19073,-0.15023078498401046,113506.14285714286,107885,102604,132701,0.2933316439904877,21,92289,107885,15596,0.16899088732134923,121731.23809523809,125465,92289,141465,0.5328479017000942,https://www.futbin.com/26/player/94/pedro-gonzalez-lopez/market
pedro-gonzalez-lopez,Pedro González López,佩德里,midfield,pc,第三周转跌,7,80234,130924,50690,0.6317770521225415,121507.71428571429,122764,80234,148514,0.8510107934292195,7,128938,135115,6177,0.04790674587786378,134017.7142857143,132514,122833,145543,0.18488516929489632,7,144028,119979,-24049,-0.1669744771849918,126579.14285714286,119979,114965,146860,0.2774322619927804,21,80234,119979,39745,0.49536356158237155,127368.19047619047,128938,80234,148514,0.8510107934292195,https://www.futbin.com/26/player/94/pedro-gonzalez-lopez/market
maria-francesca-caldentey-oliver,María Francesca Caldentey Oliver,马里奥娜·卡尔登泰,midfield,cross,第三周反弹,7,31589,54767,23178,0.7337364272373295,46878.857142857145,46436,31589,61399,0.9436829276013802,7,50856,45708,-5148,-0.10122699386503067,49939.28571428572,50828,45708,54278,0.18749453049794346,7,47002,59938,12936,0.2752223309646398,55888.142857142855,57670,47002,59938,0.2752223309646398,21,31589,59938,28349,0.8974326506062237,50902.09523809524,51056,31589,61399,0.9436829276013802,https://www.futbin.com/26/player/128/maria-francesca-caldentey-oliver/market
maria-francesca-caldentey-oliver,María Francesca Caldentey Oliver,马里奥娜·卡尔登泰,midfield,pc,第三周反弹,7,37298,69087,31789,0.8522977103329937,57541.142857142855,53774,37298,76198,1.0429513646844335,7,68010,63738,-4272,-0.06281429201588001,68907,67590,63738,75074,0.1778530860711036,7,66684,67573,889,0.013331533801211685,65323.42857142857,63785,59285,73923,0.24690899890360124,21,37298,67573,30275,0.8117057214864067,63923.857142857145,67045,37298,76198,1.0429513646844335,https://www.futbin.com/26/player/128/maria-francesca-caldentey-oliver/market
nuno-alexandre-tavares-mendes,Nuno Alexandre Tavares Mendes,努诺·门德斯,midfield|defender,cross,三周连跌,7,262708,205326,-57382,-0.2184250194131888,218507.85714285713,215132,204035,262708,0.28756340823878257,7,197535,184574,-12961,-0.06561368871339256,195694.14285714287,197535,184574,208229,0.12815997919533628,7,194292,167750,-26542,-0.13660881559714244,173112,167750,159201,197701,0.24183265180495098,21,262708,167750,-94958,-0.36145834919378167,195771.33333333334,197701,159201,262708,0.6501655140357159,https://www.futbin.com/26/player/238/nuno-alexandre-tavares-mendes/market
nuno-alexandre-tavares-mendes,Nuno Alexandre Tavares Mendes,努诺·门德斯,midfield|defender,pc,第三周转跌,7,286824,202444,-84380,-0.2941873762307199,214288.14285714287,203708,182201,286824,0.5742174850851532,7,199125,202300,3175,0.015944758317639675,208716.57142857142,214542,191021,221278,0.1583961972767392,7,211847,175326,-36521,-0.17239328383219965,182678,175326,161764,215594,0.332768724808981,21,286824,175326,-111498,-0.388733160404987,201894.2380952381,202444,161764,286824,0.7731015553522416,https://www.futbin.com/26/player/238/nuno-alexandre-tavares-mendes/market
bruno-miguel-borges-fernandes,Bruno Miguel Borges Fernandes,布鲁诺·费尔南德斯,midfield,cross,第三周转跌,7,16037,12050,-3987,-0.24861258340088546,14703,14031,12050,18245,0.5141078838174273,7,12268,15946,3678,0.29980436909031627,14867,15540,12268,16609,0.35384740789044666,7,17710,10662,-7048,-0.3979672501411632,12174.714285714286,9779,9310,18593,0.9970998925886144,21,16037,10662,-5375,-0.3351624368647503,13914.904761904761,14031,9310,18593,0.9970998925886144,https://www.futbin.com/26/player/224/bruno-miguel-borges-fernandes/market
bruno-miguel-borges-fernandes,Bruno Miguel Borges Fernandes,布鲁诺·费尔南德斯,midfield,pc,第三周转跌,7,22877,11482,-11395,-0.4980985269047515,14246,12756,11317,22877,1.021472121586993,7,11423,15642,4219,0.36934255449531644,13253.714285714286,13502,10620,15642,0.4728813559322034,7,16488,11334,-5154,-0.31259097525473073,12181.42857142857,10361,9513,17866,0.8780615999159046,21,22877,11334,-11543,-0.5045679066311142,13227.047619047618,11722,9513,22877,1.4048144644171134,https://www.futbin.com/26/player/224/bruno-miguel-borges-fernandes/market
patricia-guijarro-gutierrez,Patricia Guijarro Gutiérrez,派翠西亚·吉耶罗,midfield,cross,第三周转跌,7,96011,98590,2579,0.026861505452500236,99847.85714285714,98590,94247,107892,0.14477914416373996,7,97201,123923,26722,0.2749148671309966,112312.71428571429,109507,94597,131882,0.394145691723839,7,133750,117688,-16062,-0.12008971962616823,120464,117688,106497,139389,0.3088537705287473,21,96011,117688,21677,0.2257762131422441,110874.85714285714,107892,94247,139389,0.47897545810476727,https://www.futbin.com/26/player/133/patricia-guijarro-gutierrez/market
patricia-guijarro-gutierrez,Patricia Guijarro Gutiérrez,派翠西亚·吉耶罗,midfield,pc,第三周转跌,7,99836,113194,13358,0.1337994310669498,109700.14285714286,112743,97622,123378,0.2638339718506074,7,111104,143095,31991,0.2879374279953917,128340.71428571429,126708,107927,147086,0.3628285785762599,7,153069,134743,-18326,-0.11972378469840399,137808.7142857143,132507,124660,161147,0.29269212257339966,21,99836,134743,34907,0.3496434152009295,125283.19047619047,124660,97622,161147,0.6507242219991395,https://www.futbin.com/26/player/133/patricia-guijarro-gutierrez/market
yui-hasegawa,Yui Hasegawa,长谷川唯,midfield,cross,第三周转跌,7,2827,2546,-281,-0.09939865581888928,2550.4285714285716,2546,2248,2827,0.25756227758007116,7,2534,3801,1267,0.5,3130,2977,2534,3821,0.5078926598263614,7,4056,3987,-69,-0.017011834319526627,3858,3748,3650,4124,0.12986301369863013,21,2827,3987,1160,0.4103289706402547,3179.4761904761904,2977,2248,4124,0.8345195729537367,https://www.futbin.com/26/player/545/yui-hasegawa/market
yui-hasegawa,Yui Hasegawa,长谷川唯,midfield,pc,第三周转跌,7,3994,2776,-1218,-0.3049574361542313,2938.5714285714284,2775,2544,3994,0.5699685534591195,7,2636,4052,1416,0.5371775417298937,3268.285714285714,3112,2636,4052,0.5371775417298937,7,4236,4142,-94,-0.022190745986779982,4001.8571428571427,3895,3780,4313,0.141005291005291,21,3994,4142,148,0.037055583375062595,3402.904761904762,3364,2544,4313,0.6953616352201258,https://www.futbin.com/26/player/545/yui-hasegawa/market
joshua-kimmich,Joshua Kimmich,约书亚·基米希,midfield|defender,cross,第三周反弹,7,32027,35146,3119,0.09738658007306335,37619.28571428572,38260,32027,40000,0.24894620164236425,7,40314,27430,-12884,-0.3195912090092772,37517.57142857143,40314,27430,42998,0.567553773240977,7,28557,35332,6775,0.2372448086283573,33081.142857142855,33748,28557,35332,0.2372448086283573,21,32027,35332,3305,0.10319417991070035,36072.666666666664,35332,27430,42998,0.567553773240977,https://www.futbin.com/26/player/86/joshua-kimmich/market
joshua-kimmich,Joshua Kimmich,约书亚·基米希,midfield|defender,pc,第三周反弹,7,37844,37394,-450,-0.011890920621498784,37593.57142857143,37394,35644,40703,0.14193132083941196,7,39188,29178,-10010,-0.2554353373481678,38024.28571428572,39188,29178,42997,0.4736102543011858,7,29599,33564,3965,0.13395722828473935,32644.285714285714,32007,29599,35643,0.20419608770566572,21,37844,33564,-4280,-0.11309586724447733,36087.380952380954,35984,29178,42997,0.4736102543011858,https://www.futbin.com/26/player/86/joshua-kimmich/market
declan-rice,Declan Rice,德克兰·赖斯,midfield,cross,三周连跌,7,24750,20106,-4644,-0.18763636363636363,23981.85714285714,24405,20106,27217,0.35367551974534966,7,19304,14155,-5149,-0.26673228346456695,17394.428571428572,17625,14155,19304,0.363758389261745,7,14421,12129,-2292,-0.1589348866236738,12177.285714285714,11140,10037,15950,0.5891202550562917,21,24750,12129,-12621,-0.5099393939393939,17851.190476190477,17625,10037,27217,1.71166683271894,https://www.futbin.com/26/player/220/declan-rice/market
declan-rice,Declan Rice,德克兰·赖斯,midfield,pc,三周连跌,7,29504,22512,-6992,-0.23698481561822127,23786.571428571428,24625,19227,29504,0.5345087637176886,7,21498,13645,-7853,-0.365289794399479,18306,19061,13645,21498,0.5755221692927812,7,14325,11717,-2608,-0.18205933682373474,11758,10863,9824,15133,0.5404112377850163,21,29504,11717,-17787,-0.6028674078091106,17950.190476190477,19061,9824,29504,2.003257328990228,https://www.futbin.com/26/player/220/declan-rice/market
achraf-hakimi,Achraf Hakimi,阿什拉夫·哈基米,midfield|defender,cross,三周连跌,7,315756,260063,-55693,-0.17637986293213748,292362.14285714284,281931,260063,328757,0.26414368826015233,7,237500,219850,-17650,-0.07431578947368421,228083.57142857142,228729,217479,237500,0.09205946321254006,7,230924,196472,-34452,-0.14919194193760718,203480.14285714287,196472,186347,230924,0.23921501285236682,21,315756,196472,-119284,-0.37777271057398754,241308.61904761905,230924,186347,328757,0.7642194400768458,https://www.futbin.com/26/player/91/achraf-hakimi/market
achraf-hakimi,Achraf Hakimi,阿什拉夫·哈基米,midfield|defender,pc,三周连跌,7,344805,262882,-81923,-0.2375922622931802,300318.28571428574,292472,262882,344805,0.3116341172084814,7,250222,234948,-15274,-0.06104179488614111,240683.2857142857,242654,228028,250222,0.09733015243741996,7,240861,191708,-49153,-0.20407205815802476,204780,191708,186153,240861,0.2938872862645243,21,344805,191708,-153097,-0.44401038268006554,248593.85714285713,242654,186153,344805,0.8522666838568275,https://www.futbin.com/26/player/91/achraf-hakimi/market
sakina-karchaoui,Sakina Karchaoui,萨基娜·卡尔沙维,midfield|defender,cross,第三周反弹,7,50593,66192,15599,0.3083232858300555,64439.42857142857,64514,50593,78913,0.5597612317909593,7,65333,57571,-7762,-0.1188067286057582,66009.71428571429,66875,57571,69563,0.20829931736464538,7,63441,63670,229,0.0036096530634763006,60895.71428571428,61792,53411,68910,0.29018367003051804,21,50593,63670,13077,0.2584744925187279,63781.619047619046,64514,50593,78913,0.5597612317909593,https://www.futbin.com/26/player/104/sakina-karchaoui/market
sakina-karchaoui,Sakina Karchaoui,萨基娜·卡尔沙维,midfield|defender,pc,震荡上行,7,73394,83167,9773,0.13315802381666075,79168.42857142857,75479,68573,92736,0.35236900821022854,7,82149,78558,-3591,-0.04371325274805536,83965.71428571429,85201,77920,88852,0.14029774127310063,7,81663,76188,-5475,-0.06704382645751442,77092.57142857143,75938,69292,87591,0.26408532009467184,21,73394,76188,2794,0.038068506962422,80075.57142857143,78558,68573,92736,0.35236900821022854,https://www.futbin.com/26/player/104/sakina-karchaoui/market
ona-batlle-pascual,Ona Batlle Pascual,安娜·巴耶,midfield|defender,cross,第三周转跌,7,3840,4250,410,0.10677083333333333,4141.857142857143,4176,3840,4448,0.15833333333333333,7,4285,5945,1660,0.38739789964994165,5040.857142857143,4863,4285,5945,0.38739789964994165,7,7147,7091,-56,-0.007835455435847209,6692.142857142857,6591,6143,7284,0.1857398665147322,21,3840,7091,3251,0.8466145833333333,5291.619047619048,4863,3840,7284,0.896875,https://www.futbin.com/26/player/250/ona-batlle-pascual/market
ona-batlle-pascual,Ona Batlle Pascual,安娜·巴耶,midfield|defender,pc,第三周转跌,7,4954,4420,-534,-0.10779168348809043,4390,4420,4023,4954,0.23141933880188914,7,4355,6538,2183,0.5012629161882893,5224.857142857143,4948,4355,6538,0.5012629161882893,7,7660,7418,-242,-0.03159268929503917,7046.428571428572,6934,6290,7808,0.24133545310015897,21,4954,7418,2464,0.497375857892612,5553.761904761905,4954,4023,7808,0.9408401690280885,https://www.futbin.com/26/player/250/ona-batlle-pascual/market
nicolo-barella,Nicolò Barella,尼科洛·巴雷拉,midfield,cross,三周连跌,7,47096,33182,-13914,-0.29543910310854427,41807,40552,33182,50861,0.5327888614308963,7,32714,23799,-8915,-0.27251329705936295,30198.428571428572,30460,23799,32986,0.3860246228833144,7,23969,17592,-6377,-0.2660519838124244,19328.285714285714,17592,15405,26925,0.747809152872444,21,47096,17592,-29504,-0.6264650925768642,30444.571428571428,30460,15405,50861,2.3015903927296333,https://www.futbin.com/26/player/236/nicolo-barella/market
nicolo-barella,Nicolò Barella,尼科洛·巴雷拉,midfield,pc,三周连跌,7,63238,38543,-24695,-0.3905088712483001,45903.28571428572,45165,38543,63238,0.640712969929689,7,37842,26987,-10855,-0.2868505892923207,35244.42857142857,36451,26987,37842,0.4022307036721384,7,27278,18387,-8891,-0.325940318205147,20438,18387,15858,28914,0.8233068482784714,21,63238,18387,-44851,-0.7092412789778297,33861.90476190476,36451,15858,63238,2.98776642703998,https://www.futbin.com/26/player/236/nicolo-barella/market
federico-valverde,Federico Valverde,费德里科·巴尔韦德,midfield|defender,cross,第三周转跌,7,619079,507118,-111961,-0.18085090917314267,541515.2857142857,529153,507118,619079,0.22077899029417217,7,487250,499638,12388,0.02542432016418676,502276.5714285714,504042,481521,520840,0.08165583640173533,7,524785,386938,-137847,-0.26267328525015005,420186.5714285714,386938,368500,524785,0.4241112618724559,21,619079,386938,-232141,-0.374977991500277,487992.8095238095,507201,368500,619079,0.6799972862957938,https://www.futbin.com/26/player/56/federico-valverde/market
federico-valverde,Federico Valverde,费德里科·巴尔韦德,midfield|defender,pc,第三周转跌,7,627143,539028,-88115,-0.1405022458992606,574884.5714285715,573090,539028,627143,0.16347017223595064,7,557396,595814,38418,0.06892406834638211,574709.7142857143,580403,552132,595814,0.07911513913339564,7,608243,390514,-217729,-0.3579638401099561,449500.85714285716,390514,384840,608243,0.5805087828708034,21,627143,390514,-236629,-0.37731267031602045,533031.7142857143,569014,384840,627143,0.6296201018605134,https://www.futbin.com/26/player/56/federico-valverde/market
mohamed-salah,Mohamed Salah,穆罕默德·萨拉赫,midfield,cross,三周连跌,7,725326,579313,-146013,-0.20130672277017506,634988.1428571428,616458,579313,725326,0.25204509479331555,7,556583,486609,-69974,-0.1257206921519342,545764.5714285715,556583,486609,583861,0.1998565583456122,7,486063,388326,-97737,-0.20107887249183748,420586.28571428574,390778,379257,486063,0.28161906042604357,21,725326,388326,-337000,-0.46461866801962154,533779.6666666666,556583,379257,725326,0.9124920568374479,https://www.futbin.com/26/player/31/mohamed-salah/market
mohamed-salah,Mohamed Salah,穆罕默德·萨拉赫,midfield,pc,三周连跌,7,1267079,615965,-651114,-0.5138700901838007,729406,615965,597701,1267079,1.1199211645956757,7,560958,499017,-61941,-0.11042003144620453,567290.1428571428,585563,499017,595069,0.19248242043858224,7,506028,390646,-115382,-0.22801505055056243,426024,390646,381222,506028,0.32738404394289944,21,1267079,390646,-876433,-0.6916956243454433,574240.0476190476,585563,381222,1267079,2.3237300050888985,https://www.futbin.com/26/player/31/mohamed-salah/market
georgia-stanway,Georgia Stanway,乔治亚·斯坦威,midfield,cross,第三周转跌,7,2928,2701,-227,-0.07752732240437159,2829.285714285714,2859,2582,3075,0.19093725793958172,7,2597,4253,1656,0.6376588371197536,3256.285714285714,3027,2597,4253,0.6376588371197536,7,4205,4083,-122,-0.02901307966706302,4022.1428571428573,3950,3883,4205,0.08292557301055885,21,2928,4083,1155,0.3944672131147541,3369.2380952380954,3075,2582,4253,0.6471727343144849,https://www.futbin.com/26/player/1028/georgia-stanway/market
georgia-stanway,Georgia Stanway,乔治亚·斯坦威,midfield,pc,第三周转跌,7,4684,2958,-1726,-0.36848847139197266,3385.4285714285716,3077,2858,4684,0.6389083275017495,7,2725,4205,1480,0.5431192660550459,3339.714285714286,3217,2725,4205,0.5431192660550459,7,4302,4245,-57,-0.013249651324965132,4199,4198,4024,4462,0.10884691848906561,21,4684,4245,-439,-0.09372331340734415,3641.3809523809523,3847,2725,4684,0.7188990825688073,https://www.futbin.com/26/player/1028/georgia-stanway/market
katie-mccabe,Katie McCabe,凯蒂·麦凯布,midfield|defender,cross,第三周转跌,7,10266,6289,-3977,-0.3873952854081434,9533.714285714286,10250,6289,10266,0.6323739863253299,7,6334,8417,2083,0.32886011998736975,7203.285714285715,6948,6334,8417,0.32886011998736975,7,11361,10681,-680,-0.05985388610157556,10163.714285714286,9709,9266,11361,0.22609540254694582,21,10266,10681,415,0.040424702902785895,8966.904761904761,9267,6289,11361,0.8064875178883766,https://www.futbin.com/26/player/232/katie-mccabe/market
katie-mccabe,Katie McCabe,凯蒂·麦凯布,midfield|defender,pc,第三周转跌,7,25967,6579,-19388,-0.7466399661108329,11863.57142857143,10250,6579,25967,2.946952424380605,7,6663,10052,3389,0.5086297463604983,7722.142857142857,7269,6663,10052,0.5086297463604983,7,12031,11327,-704,-0.0585155016208129,10766,10300,9670,12114,0.25274043433298865,21,25967,11327,-14640,-0.5637925058728386,10117.238095238095,10052,6579,25967,2.946952424380605,https://www.futbin.com/26/player/232/katie-mccabe/market
martin-odegaard,Martin Ødegaard,马丁·厄德高,midfield,cross,第三周转跌,7,10217,10715,498,0.04874229225800137,12694.714285714286,12638,10217,16356,0.6008613095820691,7,9364,9469,105,0.01121315677061085,10022.142857142857,10199,9364,10621,0.13423750533959847,7,11728,10627,-1101,-0.09387789904502046,10300.57142857143,9780,9258,11801,0.2746813566645064,21,10217,10627,410,0.04012919643731037,11005.809523809523,10397,9258,16356,0.7666882696046662,https://www.futbin.com/26/player/231/martin-odegaard/market
martin-odegaard,Martin Ødegaard,马丁·厄德高,midfield,pc,第三周转跌,7,12186,10807,-1379,-0.1131626456589529,12600,11932,10807,18103,0.6751179790876284,7,9309,9971,662,0.07111397572241916,9436.857142857143,9297,8927,10107,0.1321832642545088,7,12558,11195,-1363,-0.1085363911450868,10772.285714285714,10295,9370,12558,0.34023479188900746,21,12186,11195,-991,-0.08132282947644838,10936.380952380952,10295,8927,18103,1.0278929091520108,https://www.futbin.com/26/player/231/martin-odegaard/market
bruno-guimaraes-moura,Bruno Guimarães Moura,布鲁诺·吉马良斯,midfield,cross,震荡上行,7,5294,4469,-825,-0.15583679637325273,5113.571428571428,4938,4469,6521,0.45916312374132917,7,4413,6001,1588,0.35984590981191933,5117.285714285715,4907,4413,6001,0.35984590981191933,7,7169,7230,61,0.008508857581252615,6745.571428571428,6728,6155,7248,0.1775792038992689,21,5294,7230,1936,0.3656970154892331,5658.809523809524,5294,4413,7248,0.6424201223657376,https://www.futbin.com/26/player/247/bruno-guimaraes-moura/market
bruno-guimaraes-moura,Bruno Guimarães Moura,布鲁诺·吉马良斯,midfield,pc,第三周转跌,7,9898,4452,-5446,-0.5502121640735502,5407.857142857143,4556,4286,9898,1.3093793747083529,7,4417,6623,2206,0.4994340049807562,5258.428571428572,4962,4417,6623,0.4994340049807562,7,7595,7501,-94,-0.01237656352863726,7051,6996,6293,7727,0.22787223899570952,21,9898,7501,-2397,-0.24217013538088503,5905.761904761905,5554,4286,9898,1.3093793747083529,https://www.futbin.com/26/player/247/bruno-guimaraes-moura/market
moises-caicedo,Moisés Caicedo,摩西斯·卡些度,midfield,cross,第三周反弹,7,49048,43552,-5496,-0.112053498613603,46871.42857142857,48929,43172,50132,0.16121560270545723,7,42752,37020,-5732,-0.1340755988023952,40939.857142857145,40719,37020,43623,0.17836304700162076,7,39554,47295,7741,0.1957071345502351,41116.857142857145,39554,36674,47295,0.28960571522059225,21,49048,47295,-1753,-0.03574049910291959,42976.04761904762,42927,36674,50132,0.3669629710421552,https://www.futbin.com/26/player/219/moises-caicedo/market
moises-caicedo,Moisés Caicedo,摩西斯·卡些度,midfield,pc,第三周反弹,7,94711,40569,-54142,-0.5716548236213322,48435.28571428572,42625,36339,94711,1.6063182806351304,7,41714,37111,-4603,-0.11034664620990554,40437.142857142855,40550,37111,41962,0.13071596022742582,7,39248,48606,9358,0.23843253159396657,41534,39500,35957,48606,0.35178129432377564,21,94711,48606,-46105,-0.48679667620445355,43468.80952380953,40569,35957,94711,1.6340072864810746,https://www.futbin.com/26/player/219/moises-caicedo/market
scott-mctominay,Scott McTominay,麦汤明尼,midfield,cross,第三周转跌,7,14199,3947,-10252,-0.7220226776533558,7940.714285714285,5859,3947,14199,2.597415758804155,7,3318,3892,574,0.1729957805907173,3595.1428571428573,3510,3318,3914,0.17962628089210367,7,4147,4088,-59,-0.01422715215818664,3907.4285714285716,3783,3694,4156,0.12506767731456417,21,14199,4088,-10111,-0.712092400873301,5147.761904761905,3914,3318,14199,3.279385171790235,https://www.futbin.com/26/player/206/scott-mctominay/market
scott-mctominay,Scott McTominay,麦汤明尼,midfield,pc,第三周转跌,7,13667,3396,-10271,-0.7515182556523011,6368.571428571428,4054,3396,13667,3.024440518256773,7,2881,4044,1163,0.4036792780284623,3325.8571428571427,3159,2844,4044,0.4219409282700422,7,4195,4192,-3,-0.0007151370679380214,4006.714285714286,3938,3779,4279,0.13231013495633764,21,13667,4192,-9475,-0.6932757737616155,4567.047619047619,3960,2844,13667,3.8055555555555554,https://www.futbin.com/26/player/206/scott-mctominay/market
federico-dimarco,Federico Dimarco,费德里科·迪马尔科,midfield|defender,cross,三周连跌,7,6719,5051,-1668,-0.2482512278612889,6711.428571428572,6761,5051,8026,0.5889922787566818,7,4469,4437,-32,-0.0071604385768628325,4840.285714285715,4924,4384,5537,0.26300182481751827,7,4550,4107,-443,-0.09736263736263737,4088,3908,3775,4570,0.21059602649006623,21,6719,4107,-2612,-0.388748325643697,5213.238095238095,4924,3775,8026,1.126092715231788,https://www.futbin.com/26/player/17306/federico-dimarco/market
federico-dimarco,Federico Dimarco,费德里科·迪马尔科,midfield|defender,pc,第三周转跌,7,7176,4582,-2594,-0.36148272017837235,6304.714285714285,6654,4582,7324,0.5984286337843736,7,3757,4226,469,0.12483364386478574,4231.428571428572,4226,3630,5148,0.41818181818181815,7,4351,4194,-157,-0.03608365892898184,4068.5714285714284,3954,3834,4385,0.14371413667188315,21,7176,4194,-2982,-0.41555183946488294,4868.238095238095,4351,3630,7324,1.0176308539944903,https://www.futbin.com/26/player/17306/federico-dimarco/market
frenkie-de-jong,Frenkie de Jong,弗兰基·德容,midfield,cross,第三周转跌,7,180472,199229,18757,0.10393302008067734,191071.57142857142,186792,180403,209507,0.16132769410708248,7,194792,209127,14335,0.07359131791860035,207522,209604,194000,220736,0.13781443298969073,7,217153,199174,-17979,-0.08279415895704871,201711.42857142858,199174,185736,224924,0.21098763836843692,21,180472,199174,18702,0.10362826366416951,200101.66666666666,199174,180403,224924,0.24678636164587064,https://www.futbin.com/26/player/218/frenkie-de-jong/market
frenkie-de-jong,Frenkie de Jong,弗兰基·德容,midfield,pc,第三周转跌,7,184934,184257,-677,-0.003660765462273027,184561.14285714287,184934,165132,197778,0.19769638834387035,7,188042,223548,35506,0.1888195190436179,210928.57142857142,212875,185542,231138,0.24574489872912872,7,229896,208563,-21333,-0.09279413299926924,210801.7142857143,204965,191764,239077,0.2467251413195386,21,184934,208563,23629,0.12776990710199315,202097.14285714287,197778,165132,239077,0.4477932805270935,https://www.futbin.com/26/player/218/frenkie-de-jong/market
caroline-weir,Caroline Weir,,midfield,cross,第三周转跌,7,2200,2531,331,0.15045454545454545,2462.4285714285716,2449,2200,2696,0.22545454545454546,7,2525,3805,1280,0.5069306930693069,3118.8571428571427,2959,2525,3813,0.5100990099009901,7,4075,3994,-81,-0.01987730061349693,3873.1428571428573,3779,3657,4151,0.13508340169537872,21,2200,3994,1794,0.8154545454545454,3151.4761904761904,2959,2200,4151,0.8868181818181818,https://www.futbin.com/26/player/865/caroline-weir/market
caroline-weir,Caroline Weir,,midfield,pc,第三周转跌,7,2889,2641,-248,-0.08584285219799238,2648.5714285714284,2641,2405,2889,0.20124740124740126,7,2614,3960,1346,0.5149196633511859,3227.4285714285716,3080,2614,3960,0.5149196633511859,7,4182,4136,-46,-0.010999521759923482,3990.1428571428573,3890,3781,4285,0.1332980692938376,21,2889,4136,1247,0.4316372447213569,3288.714285714286,3080,2405,4285,0.7817047817047817,https://www.futbin.com/26/player/865/caroline-weir/market
erin-cuthbert,Erin Cuthbert,埃琳·卡思伯特,midfield,cross,第三周转跌,7,2406,2575,169,0.07024106400665005,2515,2447,2352,2746,0.16751700680272108,7,2527,3799,1272,0.5033636723387416,3128,2981,2527,3812,0.5085081123862287,7,4083,3993,-90,-0.02204261572373255,3870.8571428571427,3764,3667,4141,0.12926097627488412,21,2406,3993,1587,0.6596009975062345,3171.285714285714,2981,2352,4141,0.7606292517006803,https://www.futbin.com/26/player/541/erin-cuthbert/market
erin-cuthbert,Erin Cuthbert,埃琳·卡思伯特,midfield,pc,第三周转跌,7,4468,2820,-1648,-0.36884512085944493,3040.8571428571427,2820,2624,4468,0.7027439024390244,7,2680,4006,1326,0.49477611940298505,3277.4285714285716,3101,2680,4010,0.4962686567164179,7,4245,4144,-101,-0.023792697290930507,4002,3895,3764,4298,0.14187035069075452,21,4468,4144,-324,-0.07251566696508505,3440.095238095238,3382,2624,4468,0.7027439024390244,https://www.futbin.com/26/player/541/erin-cuthbert/market
lucy-bronze,Lucy Bronze,露西·布龙泽,midfield|defender,cross,第三周转跌,7,5555,6255,700,0.126012601260126,6042,6025,5555,6538,0.17695769576957696,7,6317,8334,2017,0.31929713471584614,7154.285714285715,6897,6317,8334,0.31929713471584614,7,11119,10524,-595,-0.05351200647540246,10067.714285714286,9736,9192,11119,0.20963881636205395,21,5555,10524,4969,0.8945094509450945,7754.666666666667,6897,5555,11119,1.0016201620162015,https://www.futbin.com/26/player/126/lucy-bronze/market
lucy-bronze,Lucy Bronze,露西·布龙泽,midfield|defender,pc,第三周转跌,7,7595,6577,-1018,-0.13403554970375248,6512.714285714285,6577,5880,7595,0.2916666666666667,7,6549,9705,3156,0.4819056344480073,7594.857142857143,7168,6549,9705,0.4819056344480073,7,12179,11156,-1023,-0.08399704409229,10636.285714285714,10226,9381,12179,0.2982624453682976,21,7595,11156,3561,0.46886109282422644,8247.952380952382,7595,5880,12179,1.0712585034013606,https://www.futbin.com/26/player/126/lucy-bronze/market
keira-walsh,Keira Walsh,凯拉·沃尔什,midfield,cross,第三周转跌,7,2291,2544,253,0.11043212570929725,2470.714285714286,2436,2246,2724,0.21282279608192342,7,2533,3827,1294,0.5108566916699566,3140.1428571428573,2978,2533,3836,0.5144097907619424,7,4105,3998,-107,-0.026065773447015834,3879.285714285714,3783,3675,4131,0.12408163265306123,21,2291,3998,1707,0.7450894805761676,3163.3809523809523,2978,2246,4131,0.8392698130008904,https://www.futbin.com/26/player/570/keira-walsh/market
keira-walsh,Keira Walsh,凯拉·沃尔什,midfield,pc,第三周转跌,7,2504,2673,169,0.06749201277955272,2583.714285714286,2526,2326,2882,0.23903697334479793,7,2650,4003,1353,0.5105660377358491,3237.714285714286,3089,2650,4003,0.5105660377358491,7,4181,4135,-46,-0.011002152595072949,3992.1428571428573,3902,3790,4285,0.13060686015831136,21,2504,4135,1631,0.6513578274760383,3271.190476190476,3089,2326,4285,0.8422184006878762,https://www.futbin.com/26/player/570/keira-walsh/market
youri-tielemans,Youri Tielemans,约埃里·蒂耶莱曼斯,midfield,cross,第三周转跌,7,2389,2642,253,0.10590205106739221,2604,2554,2389,2829,0.18417748011720386,7,2607,3874,1267,0.4859992328346759,3194,3023,2607,3890,0.4921365554276947,7,4161,4071,-90,-0.021629416005767843,3935,3842,3718,4210,0.13232920925228617,21,2389,4071,1682,0.7040602762662201,3244.3333333333335,3023,2389,4210,0.7622436165759732,https://www.futbin.com/26/player/309/youri-tielemans/market
youri-tielemans,Youri Tielemans,约埃里·蒂耶莱曼斯,midfield,pc,第三周转跌,7,3546,2742,-804,-0.22673434856175972,2805.714285714286,2742,2524,3546,0.40491283676703643,7,2687,4048,1361,0.5065128395980647,3282.4285714285716,3115,2687,4048,0.5065128395980647,7,4238,4169,-69,-0.016281264747522416,4029.5714285714284,3923,3823,4331,0.13287993722207692,21,3546,4169,623,0.1756909193457417,3372.5714285714284,3362,2524,4331,0.7159270998415214,https://www.futbin.com/26/player/309/youri-tielemans/market
sandro-tonali,Sandro Tonali,桑德罗·托纳利,midfield,cross,三周连跌,7,40896,22122,-18774,-0.4590669014084507,30226.428571428572,28007,22122,40896,0.8486574450772986,7,20995,12881,-8114,-0.3864729697547035,17866.14285714286,17677,12881,20995,0.6299200372641875,7,13111,8059,-5052,-0.38532529936694376,9592.57142857143,8059,7164,14804,1.0664433277498604,21,40896,8059,-32837,-0.8029391627543035,19228.380952380954,17677,7164,40896,4.708542713567839,https://www.futbin.com/26/player/255/sandro-tonali/market
sandro-tonali,Sandro Tonali,桑德罗·托纳利,midfield,pc,三周连跌,7,53803,23714,-30089,-0.5592439083322491,31071.14285714286,28675,23714,53803,1.2688285401028927,7,22259,12589,-9670,-0.4344310166674154,18591.285714285714,18633,12589,22259,0.7681309079354992,7,12468,7591,-4877,-0.39116137311517485,9009.142857142857,7591,6692,13849,1.0694859533771668,21,53803,7591,-46212,-0.8589112131293793,19557.190476190477,18633,6692,53803,7.039898386132696,https://www.futbin.com/26/player/255/sandro-tonali/market
granit-xhaka,Granit Xhaka,格拉尼特·扎卡,midfield,cross,第三周转跌,7,2335,2621,286,0.12248394004282655,2600.8571428571427,2621,2335,2817,0.20642398286937902,7,2613,3914,1301,0.4978951396861845,3203.714285714286,3027,2613,3914,0.4978951396861845,7,4210,4108,-102,-0.024228028503562947,3962.1428571428573,3860,3742,4232,0.13094601817210047,21,2335,4108,1773,0.7593147751605995,3255.5714285714284,3027,2335,4232,0.8124197002141328,https://www.futbin.com/26/player/362/granit-xhaka/market
granit-xhaka,Granit Xhaka,格拉尼特·扎卡,midfield,pc,第三周转跌,7,3186,2698,-488,-0.15317011927181418,2758,2698,2496,3186,0.2764423076923077,7,2666,4153,1487,0.5577644411102776,3294.8571428571427,3115,2666,4153,0.5577644411102776,7,4276,4241,-35,-0.008185219831618335,4059.5714285714284,3956,3825,4360,0.13986928104575164,21,3186,4241,1055,0.33113622096672946,3370.809523809524,3186,2496,4360,0.7467948717948718,https://www.futbin.com/26/player/362/granit-xhaka/market
ryan-gravenberch,Ryan Gravenberch,瑞安·格拉文贝尔赫,midfield,cross,震荡下行,7,105556,113059,7503,0.07108075334419645,109114.42857142857,108073,100569,114458,0.13810418717497439,7,107500,91884,-15616,-0.14526511627906977,99576,99378,91884,107500,0.1699534195289713,7,86003,65420,-20583,-0.23932886062114112,72155.57142857143,65420,62458,90146,0.44330590156585226,21,105556,65420,-40136,-0.3802341884876274,93615.33333333333,99378,62458,114458,0.8325594799705403,https://www.futbin.com/26/player/305/ryan-gravenberch/market
ryan-gravenberch,Ryan Gravenberch,瑞安·格拉文贝尔赫,midfield,pc,震荡下行,7,94972,101771,6799,0.07158952112201492,95193.42857142857,94972,81545,103198,0.2655343675271323,7,100674,87017,-13657,-0.13565568071200113,93966.42857142857,94427,87017,100674,0.15694634381787467,7,84052,60385,-23667,-0.281575691238757,69257.85714285714,61726,59972,89420,0.49102914693523647,21,94972,60385,-34587,-0.3641810217748389,86139.23809523809,92538,59972,103198,0.7207696925231775,https://www.futbin.com/26/player/305/ryan-gravenberch/market
kevin-de-bruyne,Kevin De Bruyne,凯文·德布劳内,midfield,cross,第三周转跌,7,13063,7281,-5782,-0.4426242057720279,10146.285714285714,9364,7281,13841,0.9009751407773657,7,6691,8469,1778,0.26573008518905994,7396.571428571428,7117,6691,8469,0.26573008518905994,7,11326,10495,-831,-0.07337100476779092,10093.857142857143,9695,9217,11326,0.2288163176738635,21,13063,10495,-2568,-0.19658577662099058,9212.238095238095,9217,6691,13841,1.0685996114183232,https://www.futbin.com/26/player/193/kevin-de-bruyne/market
kevin-de-bruyne,Kevin De Bruyne,凯文·德布劳内,midfield,pc,第三周转跌,7,32923,7048,-25875,-0.7859247334690034,12491.142857142857,8439,7048,32923,3.6712542565266744,7,6731,9804,3073,0.45654434705095825,7729.714285714285,7309,6731,9804,0.45654434705095825,7,12237,11198,-1039,-0.08490643131486475,10661.42857142857,10245,9399,12237,0.3019470156399617,21,32923,11198,-21725,-0.6598730370865352,10294.095238095239,8905,6731,32923,3.8912494428762443,https://www.futbin.com/26/player/193/kevin-de-bruyne/market
hakan-calhanoglu,Hakan Çalhanoğlu,哈坎·恰尔汗奥卢,midfield,cross,第三周转跌,7,4938,4544,-394,-0.0797893884163629,5031.285714285715,4938,4544,5894,0.2970950704225352,7,4431,5991,1560,0.35206499661475965,5162.285714285715,4980,4431,5991,0.35206499661475965,7,7204,7117,-87,-0.012076624097723487,6726.428571428572,6629,6171,7320,0.1861934856587263,21,4938,7117,2179,0.4412717699473471,5640,5231,4431,7320,0.6519972918077184,https://www.futbin.com/26/player/252/hakan-calhanoglu/market
hakan-calhanoglu,Hakan Çalhanoğlu,哈坎·恰尔汗奥卢,midfield,pc,第三周转跌,7,17353,4686,-12667,-0.729960237422924,7065.571428571428,5441,4651,17353,2.731025585895506,7,4487,6660,2173,0.4842879429462893,5358.571428571428,5046,4487,6660,0.4842879429462893,7,7644,7465,-179,-0.023417059131344845,7070.714285714285,6942,6318,7894,0.249446027223805,21,17353,7465,-9888,-0.5698150175762116,6498.285714285715,6164,4487,17353,2.8673946957878313,https://www.futbin.com/26/player/252/hakan-calhanoglu/market
willian-pacho,Willian Pacho,威廉·帕乔,defender,cross,三周连跌,7,192493,125674,-66819,-0.347124311013907,145908.85714285713,140299,125674,192493,0.531685153651511,7,119097,99096,-20001,-0.1679387390110582,110561.85714285714,110979,99096,119097,0.20183458464519255,7,105309,96323,-8986,-0.08532983885517857,90774.28571428571,87267,80170,105309,0.3135711612822752,21,192493,96323,-96170,-0.49960258295106835,115748.33333333333,110979,80170,192493,1.4010602469751778,https://www.futbin.com/26/player/249/willian-pacho/market
willian-pacho,Willian Pacho,威廉·帕乔,defender,pc,三周连跌,7,188150,126819,-61331,-0.3259686420409248,134495.14285714287,130347,108736,188150,0.7303376986462625,7,121889,102225,-19664,-0.16132710909105827,114387.71428571429,115877,102225,121889,0.19235999021765712,7,108438,97042,-11396,-0.10509231081355244,92872,85545,80080,109801,0.37114135864135867,21,188150,97042,-91108,-0.4842306670209939,113918.28571428571,113403,80080,188150,1.3495254745254746,https://www.futbin.com/26/player/249/willian-pacho/market
gabriel-dos-s-magalhaes,Gabriel dos S. Magalhães,加布里埃尔·马加良斯,defender,cross,第三周转跌,7,10721,8927,-1794,-0.16733513664770078,10372.142857142857,10034,8927,13173,0.4756357118852918,7,8791,10408,1617,0.18393811853031508,9430,9052,8791,10408,0.18393811853031508,7,13369,13311,-58,-0.004338394793926247,12730.142857142857,12524,11811,13790,0.16755566844467024,21,10721,13311,2590,0.24158194198302396,10844.095238095239,10388,8791,13790,0.5686497554316915,https://www.futbin.com/26/player/42/gabriel-dos-s-magalhaes/market
gabriel-dos-s-magalhaes,Gabriel dos S. Magalhães,加布里埃尔·马加良斯,defender,pc,第三周转跌,7,13454,9015,-4439,-0.32993905158317227,9841.57142857143,9184,8609,13454,0.5627831339296085,7,9063,12255,3192,0.3522012578616352,9961.42857142857,9278,8973,12255,0.36576395854229354,7,14215,13910,-305,-0.021456208230742173,13419.57142857143,13152,12306,14845,0.20632211929140257,21,13454,13910,456,0.033893265943213916,11074.190476190477,10729,8609,14845,0.724358229759554,https://www.futbin.com/26/player/42/gabriel-dos-s-magalhaes/market
maria-pilar-leon-cebrian,María Pilar León Cebrián,玛丽亚·利昂,defender,cross,三周连涨,7,12282,14450,2168,0.1765184823318678,13869.857142857143,13877,12282,14964,0.21836834391792867,7,14833,17277,2444,0.16476774758983348,16030.714285714286,16127,14521,17807,0.22629295503064528,7,19488,20724,1236,0.06342364532019705,19735.85714285714,19488,18616,21229,0.1403631284916201,21,12282,20724,8442,0.6873473375671715,16545.47619047619,16127,12282,21229,0.7284644194756554,https://www.futbin.com/26/player/142/maria-pilar-leon-cebrian/market
maria-pilar-leon-cebrian,María Pilar León Cebrián,玛丽亚·利昂,defender,pc,震荡下行,7,27310,15804,-11506,-0.42131087513731236,16855.571428571428,15804,13342,27310,1.0469195023234896,7,16066,18750,2684,0.16706087389518237,17397.85714285714,17347,15698,19266,0.2272901006497643,7,20385,21637,1252,0.061417709099828306,20614.285714285714,20385,19623,22114,0.12694287315904806,21,27310,21637,-5673,-0.20772610765287441,18289.238095238095,18460,13342,27310,1.0469195023234896,https://www.futbin.com/26/player/142/maria-pilar-leon-cebrian/market
william-saliba,William Saliba,威廉·萨利巴,defender,cross,三周连跌,7,252978,152007,-100971,-0.39912956857908594,188123,177313,152007,252978,0.6642523041702026,7,153625,146563,-7062,-0.04596908055329536,158076.42857142858,161403,146563,166722,0.1375449465417602,7,150132,110924,-39208,-0.2611568486398636,125097.42857142857,114500,110736,150132,0.355765062852189,21,252978,110924,-142054,-0.5615270893121141,157098.95238095237,153625,110736,252978,1.2845145210229736,https://www.futbin.com/26/player/225/william-saliba/market
william-saliba,William Saliba,威廉·萨利巴,defender,pc,三周连跌,7,283719,159021,-124698,-0.43951233438719295,190771.42857142858,175035,159021,283719,0.784160582564567,7,158847,147581,-11266,-0.07092359314308737,158692,162514,147581,163875,0.11040716623413584,7,149569,111854,-37715,-0.25215786693766756,125437.85714285714,114764,111854,150455,0.3451016503656552,21,283719,111854,-171865,-0.605757809663787,158300.42857142858,159021,111854,283719,1.5365118815598906,https://www.futbin.com/26/player/225/william-saliba/market
virgil-van-dijk,Virgil van Dijk,维吉尔·范戴克,defender,cross,三周连跌,7,403562,247507,-156055,-0.3866939900188819,298886.71428571426,267729,247507,403562,0.6305074199921619,7,232160,194964,-37196,-0.1602170916609235,214444.14285714287,211500,194964,232160,0.19078393959910547,7,195701,141021,-54680,-0.27940582827885396,159158.7142857143,144535,138722,195701,0.41074234800536324,21,403562,141021,-262541,-0.6505592697032921,224163.19047619047,211500,138722,403562,1.9091420250573088,https://www.futbin.com/26/player/62/virgil-van-dijk/market
virgil-van-dijk,Virgil van Dijk,维吉尔·范戴克,defender,pc,三周连跌,7,617823,249965,-367858,-0.5954100122527002,338383.4285714286,272882,249965,617823,1.4716380293241054,7,237882,202783,-35099,-0.1475479439385914,222210,222263,202783,237882,0.17308650133393824,7,204694,141194,-63500,-0.31021915639930825,160597,146139,140194,204694,0.4600767507881935,21,617823,141194,-476629,-0.7714652902206619,240396.80952380953,222263,140194,617823,3.406914703910296,https://www.futbin.com/26/player/62/virgil-van-dijk/market
irene-paredes-hernandez,Irene Paredes Hernández,伊莲内·帕雷德斯,defender,cross,第三周转跌,7,6905,8462,1557,0.22548877624909486,7908.571428571428,7846,6905,8619,0.24822592324402606,7,8570,10299,1729,0.20175029171528588,9176.42857142857,8776,8507,10299,0.21065005289761374,7,13257,13246,-11,-0.0008297503205853511,12674.857142857143,12528,11772,13671,0.16131498470948014,21,6905,13246,6341,0.9183200579290369,9919.952380952382,8776,6905,13671,0.9798696596669081,https://www.futbin.com/26/player/110/irene-paredes-hernandez/market
irene-paredes-hernandez,Irene Paredes Hernández,伊莲内·帕雷德斯,defender,pc,第三周转跌,7,19912,8912,-11000,-0.5524306950582564,10105.142857142857,8777,7704,19912,1.584631360332295,7,8992,12230,3238,0.3600978647686833,9852.714285714286,9171,8874,12230,0.37818345729096237,7,14183,13946,-237,-0.016710145949376014,13412.57142857143,13199,12331,14771,0.19787527370042982,21,19912,13946,-5966,-0.29961832061068705,11123.47619047619,9923,7704,19912,1.584631360332295,https://www.futbin.com/26/player/110/irene-paredes-hernandez/market
ruben-santos-gato-alves-dias,Rúben Santos Gato Alves Dias,鲁本·迪亚斯,defender,cross,第三周转跌,7,4306,4598,292,0.06781235485369252,4777.857142857143,4697,4306,5335,0.23896888063167673,7,4533,6054,1521,0.3355393778954335,5170.285714285715,4944,4533,6054,0.3355393778954335,7,7221,7119,-102,-0.014125467386788533,6737,6650,6186,7294,0.17911412867765922,21,4306,7119,2813,0.6532745006967022,5561.714285714285,5212,4306,7294,0.6939154667905248,https://www.futbin.com/26/player/245/ruben-santos-gato-alves-dias/market
ruben-santos-gato-alves-dias,Rúben Santos Gato Alves Dias,鲁本·迪亚斯,defender,pc,第三周转跌,7,19210,4535,-14675,-0.7639250390421656,6598.428571428572,4535,4298,19210,3.4695207073057235,7,4458,6674,2216,0.4970838941229251,5305.142857142857,5001,4458,6674,0.4970838941229251,7,7641,7484,-157,-0.02054704881560005,7071.285714285715,6959,6314,7816,0.23788406715235982,21,19210,7484,-11726,-0.6104112441436752,6324.952380952381,5364,4298,19210,3.4695207073057235,https://www.futbin.com/26/player/245/ruben-santos-gato-alves-dias/market
dayot-upamecano,Dayot Upamecano,达约特·乌帕梅卡诺,defender,cross,三周连跌,7,25500,19017,-6483,-0.25423529411764706,24852.571428571428,25295,19017,30528,0.6053005205868434,7,21167,12873,-8294,-0.3918363490338735,19491.428571428572,20620,12873,21696,0.6853880214402237,7,12133,7007,-5126,-0.4224841341795104,8435.57142857143,7007,6063,13127,1.165099785584694,21,25500,7007,-18493,-0.7252156862745098,17593.190476190477,20512,6063,30528,4.035131123206334,https://www.futbin.com/26/player/1008/dayot-upamecano/market
dayot-upamecano,Dayot Upamecano,达约特·乌帕梅卡诺,defender,pc,三周连跌,7,24023,18934,-5089,-0.21183865462265328,22457,23000,18934,25877,0.3666948346889194,7,20283,11942,-8341,-0.41123108021495836,18729.714285714286,20068,11942,21035,0.761430246189918,7,10131,5882,-4249,-0.4194057842266311,7003.285714285715,5882,4805,11310,1.3537981269510926,21,24023,5882,-18141,-0.7551513133247305,16063.333333333334,19361,4805,25877,4.3854318418314255,https://www.futbin.com/26/player/1008/dayot-upamecano/market
jonathan-tah,Jonathan Tah,约纳坦·塔,defender,cross,第三周转跌,7,7173,6435,-738,-0.1028858218318695,7095.571428571428,6957,6435,8471,0.3163947163947164,7,6521,8361,1840,0.2821653120687011,7314.857142857143,7125,6521,8361,0.2821653120687011,7,11261,10453,-808,-0.07175206464789984,10075,9688,9210,11261,0.2226927252985885,21,7173,10453,3280,0.45727031925275335,8161.809523809524,7368,6435,11261,0.7499611499611499,https://www.futbin.com/26/player/227/jonathan-tah/market
jonathan-tah,Jonathan Tah,约纳坦·塔,defender,pc,第三周转跌,7,14723,6731,-7992,-0.5428241526862732,7979.857142857143,6804,6533,14723,1.253635389560692,7,6648,9900,3252,0.4891696750902527,7714.714285714285,7326,6648,9900,0.4891696750902527,7,11883,11244,-639,-0.05377429941933855,10620.285714285714,10260,9386,11956,0.27381206051566165,21,14723,11244,-3479,-0.23629695034979284,8771.619047619048,7679,6533,14723,1.253635389560692,https://www.futbin.com/26/player/227/jonathan-tah/market
marcos-aoas-correa,Marcos Aoás Corrêa,马尔基尼奥斯,defender,cross,三周连跌,7,62798,60628,-2170,-0.034555240612758366,59508.857142857145,60628,53432,66899,0.252039976044318,7,61240,60784,-456,-0.0074461136512083605,65134,67601,60132,69365,0.1535455331603805,7,64941,64240,-701,-0.010794413390616098,59661.142857142855,57917,51297,69799,0.36068386065461916,21,62798,64240,1442,0.022962514729768464,61434.666666666664,61240,51297,69799,0.36068386065461916,https://www.futbin.com/26/player/221/marcos-aoas-correa/market
marcos-aoas-correa,Marcos Aoás Corrêa,马尔基尼奥斯,defender,pc,震荡上行,7,71124,61146,-9978,-0.14029019740172094,57802.71428571428,61146,45212,71124,0.573122179952225,7,63313,67083,3770,0.05954543300743923,68251.57142857143,69358,62913,72716,0.15581835232781777,7,71795,72212,417,0.005808203913921582,67562.71428571429,66236,59160,79240,0.3394185260311021,21,71124,72212,1088,0.01529722737753782,64539,66236,45212,79240,0.7526320445899318,https://www.futbin.com/26/player/221/marcos-aoas-correa/market
nico-schlotterbeck,Nico Schlotterbeck,尼科·施洛特贝克,defender,cross,三周连跌,7,11124,7253,-3871,-0.3479863358504135,8899.285714285714,8121,7253,12006,0.6553150420515649,7,7652,4596,-3056,-0.3993727130162049,6666.142857142857,6778,4596,7652,0.6649260226283725,7,4475,4058,-417,-0.09318435754189944,4019.4285714285716,3814,3714,4535,0.22105546580506194,21,11124,4058,-7066,-0.635203164329378,6528.285714285715,6778,3714,12006,2.232633279483037,https://www.futbin.com/26/player/1003/nico-schlotterbeck/market
nico-schlotterbeck,Nico Schlotterbeck,尼科·施洛特贝克,defender,pc,三周连跌,7,13028,8374,-4654,-0.35723058028860916,9502,8496,7202,13028,0.8089419605665094,7,7752,5172,-2580,-0.3328173374613003,6701.714285714285,6768,5172,7752,0.4988399071925754,7,4467,4178,-289,-0.06469666442802775,4096.714285714285,3928,3789,4592,0.21192926893639483,21,13028,4178,-8850,-0.6793061099171016,6766.809523809524,6768,3789,13028,2.4383742412245977,https://www.futbin.com/26/player/1003/nico-schlotterbeck/market
gleison-bremer-silva-nascimento,Gleison Bremer Silva Nascimento,格雷森·布雷默,defender,cross,三周连跌,7,48104,33455,-14649,-0.3045276900049892,41834.857142857145,40648,33455,49625,0.48333582424151844,7,32642,21822,-10820,-0.33147478708412476,29339.85714285714,29238,21822,32642,0.4958298964347906,7,22181,16106,-6075,-0.2738830530634327,17622.571428571428,16106,13904,24243,0.7435989643268124,21,48104,16106,-31998,-0.6651837685015799,29599.095238095237,29238,13904,49625,2.5691168009205985,https://www.futbin.com/26/player/174/gleison-bremer-silva-nascimento/market
gleison-bremer-silva-nascimento,Gleison Bremer Silva Nascimento,格雷森·布雷默,defender,pc,三周连跌,7,47433,35328,-12105,-0.2552020745050914,40415.857142857145,40604,35328,47433,0.3426460597826087,7,32585,19936,-12649,-0.38818474758324384,28900.85714285714,29606,19936,32585,0.6344803370786517,7,19766,13455,-6311,-0.319285642011535,14541.285714285714,13455,10588,20918,0.9756327918398187,21,47433,13455,-33978,-0.7163367275947126,27952.666666666668,29606,10588,47433,3.479882886286362,https://www.futbin.com/26/player/174/gleison-bremer-silva-nascimento/market
alessandro-bastoni,Alessandro Bastoni,亚历山德罗·巴斯托尼,defender,cross,三周连跌,7,20883,15311,-5572,-0.26681990135516925,19913.14285714286,19901,15311,24158,0.5778198680687088,7,14012,9737,-4275,-0.30509563231515846,12486,12763,9737,14012,0.4390469343740372,7,11364,10459,-905,-0.07963745160154875,10131.857142857143,9682,9185,11432,0.24463799673380512,21,20883,10459,-10424,-0.49916199779725134,14177,12763,9185,24158,1.6301578660860099,https://www.futbin.com/26/player/216/alessandro-bastoni/market
alessandro-bastoni,Alessandro Bastoni,亚历山德罗·巴斯托尼,defender,pc,三周连跌,7,22810,16080,-6730,-0.29504603244191147,19332.714285714286,19273,16080,22810,0.4185323383084577,7,13995,9946,-4049,-0.28931761343336904,12142.857142857143,12607,9946,13995,0.4070983309873316,7,12046,11122,-924,-0.07670596048480824,10623.57142857143,10205,9352,12068,0.2904191616766467,21,22810,11122,-11688,-0.5124068391056554,14033.047619047618,12607,9352,22810,1.4390504704875962,https://www.futbin.com/26/player/216/alessandro-bastoni/market
marc-cucurella-saseta,Marc Cucurella Saseta,马克·库库雷利亚,defender,cross,震荡上行,7,1486,1224,-262,-0.17631224764468373,1450,1402,1224,1891,0.5449346405228758,7,1163,1493,330,0.2837489251934652,1428.7142857142858,1484,1163,1653,0.42132416165090286,7,1443,1640,197,0.1365211365211365,1509.5714285714287,1490,1443,1640,0.1365211365211365,21,1486,1640,154,0.10363391655450875,1462.7619047619048,1475,1163,1891,0.6259673258813414,https://www.futbin.com/26/player/384/marc-cucurella-saseta/market
marc-cucurella-saseta,Marc Cucurella Saseta,马克·库库雷利亚,defender,pc,震荡上行,7,1459,1098,-361,-0.24742974640164497,1303.7142857142858,1220,1098,1671,0.5218579234972678,7,1071,1348,277,0.2586367880485528,1258,1226,1071,1482,0.38375350140056025,7,1250,1642,392,0.3136,1463.2857142857142,1470,1250,1642,0.3136,21,1459,1642,183,0.12542837559972583,1341.6666666666667,1345,1071,1671,0.5602240896358543,https://www.futbin.com/26/player/384/marc-cucurella-saseta/market
maya-le-tissier,Maya Le Tissier,玛也·拿铁斯,defender,cross,震荡上行,7,1345,993,-352,-0.2617100371747212,1185.7142857142858,1206,993,1345,0.3544813695871098,7,987,1424,437,0.44275582573454914,1277.4285714285713,1239,987,1575,0.5957446808510638,7,1388,1510,122,0.08789625360230548,1453.5714285714287,1453,1388,1515,0.0914985590778098,21,1345,1510,165,0.12267657992565056,1305.5714285714287,1345,987,1575,0.5957446808510638,https://www.futbin.com/26/player/17328/maya-le-tissier/market
maya-le-tissier,Maya Le Tissier,玛也·拿铁斯,defender,pc,震荡上行,7,1473,1061,-412,-0.27970128988458925,1216.857142857143,1202,1061,1473,0.3883129123468426,7,1028,1330,302,0.29377431906614787,1228.2857142857142,1187,1028,1482,0.44163424124513617,7,1226,1593,367,0.299347471451876,1453.4285714285713,1473,1226,1593,0.299347471451876,21,1473,1593,120,0.0814663951120163,1299.5238095238096,1226,1028,1593,0.5496108949416343,https://www.futbin.com/26/player/17328/maya-le-tissier/market
josko-gvardiol,Joško Gvardiol,约什科·格瓦迪奥尔,defender,cross,三周连跌,7,8368,6828,-1540,-0.18403441682600383,8763.57142857143,8481,6828,11506,0.685120093731693,7,6074,3392,-2682,-0.4415541652946987,5375.714285714285,5549,3392,6074,0.7906839622641509,7,2945,2517,-428,-0.14533106960950765,2450.714285714286,2514,1778,3414,0.9201349831271091,21,8368,2517,-5851,-0.6992112810707457,5530,5549,1778,11506,5.471316085489314,https://www.futbin.com/26/player/377/josko-gvardiol/market
josko-gvardiol,Joško Gvardiol,约什科·格瓦迪奥尔,defender,pc,三周连跌,7,9735,8507,-1228,-0.1261427837699024,9871.285714285714,9735,8507,12173,0.430939226519337,7,7474,3540,-3934,-0.5263580412095263,6310.285714285715,6641,3540,7474,1.1112994350282486,7,2917,2383,-534,-0.18306479259513198,2319.8571428571427,2383,1618,3186,0.969097651421508,21,9735,2383,-7352,-0.7552131484334874,6167.142857142857,6641,1618,12173,6.523485784919654,https://www.futbin.com/26/player/377/josko-gvardiol/market
marc-guehi,Marc Guéhi,马克·格希,defender,cross,震荡上行,7,716,833,117,0.1634078212290503,731.8571428571429,716,670,833,0.24328358208955222,7,1465,947,-518,-0.3535836177474403,1780.7142857142858,1465,947,2671,1.8204857444561775,7,885,750,-135,-0.15254237288135594,980,885,750,1577,1.1026666666666667,21,716,750,34,0.04748603351955307,1164.1904761904761,885,670,2671,2.9865671641791045,https://www.futbin.com/26/player/402/marc-guehi/market
marc-guehi,Marc Guéhi,马克·格希,defender,pc,震荡上行,7,740,827,87,0.11756756756756757,729.8571428571429,727,657,827,0.258751902587519,7,1384,750,-634,-0.45809248554913296,1205.7142857142858,986,750,2028,1.704,7,758,753,-5,-0.006596306068601583,941.2857142857143,907,753,1461,0.9402390438247012,21,740,753,13,0.01756756756756757,958.952380952381,827,657,2028,2.08675799086758,https://www.futbin.com/26/player/402/marc-guehi/market
alejandro-grimaldo-garcia,Alejandro Grimaldo García,亚力斯·格里马尔多,defender,cross,三周连涨,7,18904,32439,13535,0.7159860347016505,32525,32616,18904,41530,1.1968895471857808,7,1201,1426,225,0.18734388009991673,1332.142857142857,1272,1200,1567,0.30583333333333335,7,1388,1498,110,0.0792507204610951,1446,1439,1388,1498,0.0792507204610951,21,18904,1498,-17406,-0.9207575116377487,11767.714285714286,1468,1200,41530,33.608333333333334,https://www.futbin.com/26/player/1024/alejandro-grimaldo-garcia/market
alejandro-grimaldo-garcia,Alejandro Grimaldo García,亚力斯·格里马尔多,defender,pc,三周连涨,7,10000,36573,26573,2.6573,42441,49769,10000,59640,4.964,7,1205,1322,117,0.0970954356846473,1277,1211,1202,1473,0.2254575707154742,7,1204,1566,362,0.30066445182724255,1430.142857142857,1461,1204,1566,0.30066445182724255,21,10000,1566,-8434,-0.8434,15049.380952380952,1473,1202,59640,48.61730449251248,https://www.futbin.com/26/player/1024/alejandro-grimaldo-garcia/market
marcos-llorente-moreno,Marcos Llorente Moreno,马科斯·略伦特,defender,cross,第三周反弹,7,197056,292308,95252,0.4833752841831764,277352.71428571426,292308,197056,295211,0.4981071370574862,7,87003,64426,-22577,-0.25949679896095534,75361.85714285714,74698,64426,87003,0.35043305497780397,7,68174,69736,1562,0.022911960571478863,68250.14285714286,68212,61847,73750,0.19245880964315165,21,197056,69736,-127320,-0.6461107502435856,140321.57142857142,74698,61847,295211,3.773246883438162,https://www.futbin.com/26/player/952/marcos-llorente-moreno/market
marcos-llorente-moreno,Marcos Llorente Moreno,马科斯·略伦特,defender,pc,震荡下行,7,183280,237810,54530,0.2975229157573112,267620,284689,183280,294886,0.608937145351375,7,92326,67836,-24490,-0.26525572428135086,80404.85714285714,80050,67836,92326,0.3610177486880123,7,72101,71424,-677,-0.009389606246792694,70777.14285714286,70861,63556,79224,0.2465227515891497,21,183280,71424,-111856,-0.6103011785246617,139600.66666666666,80050,63556,294886,3.63978223928504,https://www.futbin.com/26/player/952/marcos-llorente-moreno/market
leah-williamson,Leah Williamson,利亚威廉森,defender,cross,第三周转跌,7,5990,6219,229,0.03823038397328882,6086.285714285715,6012,5700,6528,0.14526315789473684,7,6310,8356,2046,0.3242472266244057,7140.285714285715,6879,6310,8356,0.3242472266244057,7,10698,10403,-295,-0.02757524770985231,9951.285714285714,9654,9150,11042,0.20677595628415302,21,5990,10403,4413,0.7367278797996661,7725.952380952381,6879,5700,11042,0.9371929824561404,https://www.futbin.com/26/player/98/leah-williamson/market
leah-williamson,Leah Williamson,利亚威廉森,defender,pc,第三周转跌,7,9120,6646,-2474,-0.2712719298245614,6895.428571428572,6646,5982,9120,0.5245737211634904,7,6534,9646,3112,0.4762779308233854,7596.428571428572,7196,6534,9646,0.4762779308233854,7,11227,11097,-130,-0.011579228645230248,10470.42857142857,10222,9395,11809,0.25694518360830226,21,9120,11097,1977,0.21677631578947368,8320.761904761905,7647,5982,11809,0.9740889334670678,https://www.futbin.com/26/player/98/leah-williamson/market
jules-kounde,Jules Koundé,朱尔·昆代,defender,cross,第三周转跌,7,181607,164535,-17072,-0.09400518702472922,166978.7142857143,165632,154917,181607,0.17228580465668714,7,155569,158319,2750,0.01767704362694367,159546.42857142858,158319,147389,170965,0.1599576630549091,7,162882,135424,-27458,-0.16857602436119398,139260.85714285713,135090,124583,162882,0.3074175449298861,21,181607,135424,-46183,-0.2543018716238912,155262,158319,124583,181607,0.45771895041859645,https://www.futbin.com/26/player/223/jules-kounde/market
jules-kounde,Jules Koundé,朱尔·昆代,defender,pc,第三周转跌,7,191753,163931,-27822,-0.14509290597800295,165386.42857142858,164486,151222,191753,0.2680231712316991,7,160486,170050,9564,0.05959398327579976,166151.2857142857,163736,150472,178086,0.18351587006220427,7,172861,141750,-31111,-0.1799769757203765,147874.57142857142,141750,131861,172861,0.3109334829858715,21,191753,141750,-50003,-0.2607677585226828,159804.09523809524,163736,131861,191753,0.4542055649509711,https://www.futbin.com/26/player/223/jules-kounde/market
naomi-girma,Naomi Girma,娜欧蜜·吉尔玛,defender,cross,第三周转跌,7,2452,2593,141,0.05750407830342578,2533.8571428571427,2492,2294,2777,0.2105492589363557,7,2558,3831,1273,0.49765441751368256,3160.714285714286,2999,2558,3856,0.5074276778733385,7,4131,4024,-107,-0.02590171871217623,3906.5714285714284,3771,3686,4241,0.15056972327726534,21,2452,4024,1572,0.6411092985318108,3200.3809523809523,2999,2294,4241,0.8487358326068003,https://www.futbin.com/26/player/563/naomi-girma/market
naomi-girma,Naomi Girma,娜欧蜜·吉尔玛,defender,pc,第三周转跌,7,5638,2743,-2895,-0.5134799574317134,3135.714285714286,2743,2511,5638,1.2453205894066108,7,2676,4100,1424,0.5321375186846039,3294.285714285714,3122,2676,4100,0.5321375186846039,7,4277,4161,-116,-0.027121814355856907,4049.714285714286,3933,3815,4429,0.16094364351245086,21,5638,4161,-1477,-0.2619723306136928,3493.2380952380954,3367,2511,5638,1.2453205894066108,https://www.futbin.com/26/player/563/naomi-girma/market
ezri-konsa,Ezri Konsa,安斯·干沙,defender,cross,三周连跌,7,2469,1450,-1019,-0.41271769947347103,1952.857142857143,1830,1108,3318,1.9945848375451263,7,1220,863,-357,-0.29262295081967216,1054.857142857143,1040,863,1220,0.41367323290845887,7,941,905,-36,-0.03825717321997875,1036.7142857142858,941,798,1550,0.9423558897243107,21,2469,905,-1564,-0.6334548400162009,1348.142857142857,1108,798,3318,3.1578947368421053,https://www.futbin.com/26/player/403/ezri-konsa/market
ezri-konsa,Ezri Konsa,安斯·干沙,defender,pc,第三周反弹,7,2302,1405,-897,-0.3896611642050391,1806.142857142857,1703,951,3189,2.3533123028391167,7,1108,756,-352,-0.3176895306859206,917.5714285714286,920,756,1108,0.4656084656084656,7,750,770,20,0.02666666666666667,944.8571428571429,898,750,1433,0.9106666666666666,21,2302,770,-1532,-0.6655082536924414,1222.857142857143,960,750,3189,3.252,https://www.futbin.com/26/player/403/ezri-konsa/market
vanessa-gilles,Vanessa Gilles,范内莎·吉伊,defender,cross,震荡下行,7,850,750,-100,-0.11764705882352941,831.4285714285714,850,750,850,0.13333333333333333,7,750,750,0,0,750,750,750,750,0,7,750,750,0,0,750.1428571428571,750,750,751,0.0013333333333333333,21,850,750,-100,-0.11764705882352941,777.1904761904761,750,750,850,0.13333333333333333,https://www.futbin.com/26/player/17381/vanessa-gilles/market
vanessa-gilles,Vanessa Gilles,范内莎·吉伊,defender,pc,震荡下行,7,850,750,-100,-0.11764705882352941,831.7142857142857,850,750,850,0.13333333333333333,7,750,750,0,0,750,750,750,750,0,7,750,750,0,0,750,750,750,750,0,21,850,750,-100,-0.11764705882352941,777.2380952380952,750,750,850,0.13333333333333333,https://www.futbin.com/26/player/17381/vanessa-gilles/market
giulia-gwinn,Giulia Gwinn,朱莉娅·格温,defender,cross,震荡下行,7,1745,1070,-675,-0.3868194842406877,1395.7142857142858,1375,1070,1745,0.6308411214953271,7,1022,1478,456,0.4461839530332681,1338.2857142857142,1355,1022,1608,0.5733855185909981,7,1406,1520,114,0.08108108108108109,1462.7142857142858,1450,1406,1520,0.08108108108108109,21,1745,1520,-225,-0.12893982808022922,1398.904761904762,1419,1022,1745,0.7074363992172211,https://www.futbin.com/26/player/302/giulia-gwinn/market
giulia-gwinn,Giulia Gwinn,朱莉娅·格温,defender,pc,震荡下行,7,5411,1269,-4142,-0.7654777305488819,2173.8571428571427,1447,1269,5411,3.263987391646966,7,1184,1387,203,0.17145270270270271,1320.2857142857142,1337,1184,1510,0.27533783783783783,7,1266,1600,334,0.2638230647709321,1496.7142857142858,1536,1266,1600,0.2638230647709321,21,5411,1600,-3811,-0.7043060432452412,1663.6190476190477,1436,1184,5411,3.5701013513513513,https://www.futbin.com/26/player/302/giulia-gwinn/market
glodis-perla-viggosdottir,Glódís Perla Viggósdóttir,,defender,cross,震荡上行,7,1230,953,-277,-0.2252032520325203,1157.7142857142858,1200,953,1230,0.2906610703043022,7,951,1409,458,0.4815983175604627,1242.857142857143,1205,951,1529,0.6077812828601472,7,1354,1482,128,0.09453471196454949,1423.7142857142858,1427,1354,1482,0.09453471196454949,21,1230,1482,252,0.2048780487804878,1274.7619047619048,1230,951,1529,0.6077812828601472,https://www.futbin.com/26/player/1069/glodis-perla-viggosdottir/market
glodis-perla-viggosdottir,Glódís Perla Viggósdóttir,,defender,pc,震荡上行,7,1346,977,-369,-0.27414561664190196,1180,1200,977,1346,0.37768679631525076,7,986,1303,317,0.32150101419878296,1195.857142857143,1159,986,1454,0.4746450304259635,7,1194,1576,382,0.31993299832495814,1425.5714285714287,1461,1194,1576,0.31993299832495814,21,1346,1576,230,0.17087667161961367,1267.142857142857,1200,977,1576,0.6131013306038895,https://www.futbin.com/26/player/1069/glodis-perla-viggosdottir/market
janina-minge,Janina Minge,亚妮娜·明格,defender,cross,震荡下行,7,1563,960,-603,-0.3857965451055662,1206.857142857143,1200,960,1563,0.628125,7,956,1415,459,0.4801255230125523,1251.5714285714287,1217,956,1535,0.6056485355648535,7,1364,1494,130,0.09530791788856305,1432.5714285714287,1437,1364,1494,0.09530791788856305,21,1563,1494,-69,-0.044145873320537425,1297,1364,956,1563,0.6349372384937239,https://www.futbin.com/26/player/1078/janina-minge/market
janina-minge,Janina Minge,亚妮娜·明格,defender,pc,震荡下行,7,1988,995,-993,-0.4994969818913481,1274.4285714285713,1200,995,1988,0.9979899497487437,7,984,1324,340,0.34552845528455284,1204.142857142857,1170,984,1465,0.4888211382113821,7,1208,1581,373,0.3087748344370861,1429.7142857142858,1462,1208,1581,0.3087748344370861,21,1988,1581,-407,-0.20472837022132798,1302.7619047619048,1208,984,1988,1.0203252032520325,https://www.futbin.com/26/player/1078/janina-minge/market
gianluca-mancini,Gianluca Mancini,詹卢卡·曼奇尼,defender,cross,三周连跌,7,850,750,-100,-0.11764705882352941,831.2857142857143,850,750,850,0.13333333333333333,7,801,775,-26,-0.03245942571785269,799,801,775,815,0.05161290322580645,7,763,755,-8,-0.010484927916120577,763.5714285714286,755,750,793,0.05733333333333333,21,850,755,-95,-0.11176470588235295,797.952380952381,800,750,850,0.13333333333333333,https://www.futbin.com/26/player/205/gianluca-mancini/market
gianluca-mancini,Gianluca Mancini,詹卢卡·曼奇尼,defender,pc,第三周反弹,7,850,750,-100,-0.11764705882352941,831.7142857142857,850,750,850,0.13333333333333333,7,799,752,-47,-0.058823529411764705,784.4285714285714,784,752,822,0.09308510638297872,7,762,764,2,0.0026246719160104987,769.8571428571429,762,750,805,0.07333333333333333,21,850,764,-86,-0.1011764705882353,795.3333333333334,792,750,850,0.13333333333333333,https://www.futbin.com/26/player/205/gianluca-mancini/market
aurelien-tchouameni,Aurélien Tchouaméni,奥雷利安·楚阿梅尼,defender,cross,三周连跌,7,24795,18795,-6000,-0.24198427102238354,21209.14285714286,22608,17720,24795,0.3992663656884876,7,17656,11161,-6495,-0.36786361576801085,15537.42857142857,15635,11161,17656,0.5819371024101783,7,11371,10091,-1280,-0.11256705654735731,10180.57142857143,10091,7849,13038,0.6611033252643649,21,24795,10091,-14704,-0.5930227868521879,15642.380952380952,15635,7849,24795,2.1590011466428844,https://www.futbin.com/26/player/884/aurelien-tchouameni/market
aurelien-tchouameni,Aurélien Tchouaméni,奥雷利安·楚阿梅尼,defender,pc,三周连跌,7,31284,20979,-10305,-0.3294016110471807,23269.14285714286,24498,17300,31284,0.8083236994219654,7,19425,12682,-6743,-0.3471299871299871,17473.571428571428,18307,12682,19425,0.5316984702728277,7,12924,10248,-2676,-0.20705663881151345,10933,10248,7999,14757,0.8448556069508688,21,31284,10248,-21036,-0.6724204065976218,17225.238095238095,17786,7999,31284,2.910988873609201,https://www.futbin.com/26/player/884/aurelien-tchouameni/market
ibrahima-konate,Ibrahima Konaté,伊布拉西马·科纳特,defender,cross,三周连跌,7,58447,42356,-16091,-0.27530925453829963,55311.857142857145,54090,42356,70816,0.6719236943998489,7,44536,32452,-12084,-0.2713310580204778,40247.71428571428,40620,32452,44536,0.37236533957845436,7,33847,20545,-13302,-0.39300381126835465,26449,23491,20545,36036,0.7540034071550256,21,58447,20545,-37902,-0.6484849521788971,40669.52380952381,40620,20545,70816,2.446872718422974,https://www.futbin.com/26/player/251/ibrahima-konate/market
ibrahima-konate,Ibrahima Konaté,伊布拉西马·科纳特,defender,pc,三周连跌,7,57945,44031,-13914,-0.2401242557597722,51908,50172,44031,63427,0.4405078240330676,7,45274,35004,-10270,-0.22684101250165659,41377.142857142855,41442,35004,45274,0.2933950405667924,7,35681,19665,-16016,-0.4488663434320787,26282.714285714286,22641,19665,37470,0.9054157131960335,21,57945,19665,-38280,-0.6606264561221848,39855.95238095238,41442,19665,63427,2.2253750317823546,https://www.futbin.com/26/player/251/ibrahima-konate/market
wendie-renard,Wendie Renard,温迪·勒纳尔,defender,cross,第三周转跌,7,2200,2750,550,0.25,2512,2484,2200,2776,0.26181818181818184,7,2937,4034,1097,0.3735103847463398,3351.8571428571427,3138,2937,4034,0.3735103847463398,7,4537,4071,-466,-0.10271104253912276,4039,3826,3716,4572,0.2303552206673843,21,2200,4071,1871,0.8504545454545455,3300.9523809523807,3138,2200,4572,1.0781818181818181,https://www.futbin.com/26/player/17313/wendie-renard/market
wendie-renard,Wendie Renard,温迪·勒纳尔,defender,pc,第三周转跌,7,3083,2903,-180,-0.058384690236782354,2709.714285714286,2733,2319,3083,0.3294523501509271,7,3103,4243,1140,0.367386400257815,3478.4285714285716,3249,3103,4243,0.367386400257815,7,4578,4187,-391,-0.0854084753167322,4159.285714285715,3927,3811,4866,0.27683022828653897,21,3083,4187,1104,0.3580927667855984,3449.1428571428573,3249,2319,4866,1.0983182406209573,https://www.futbin.com/26/player/17313/wendie-renard/market
ingrid-syrstad-engen,Ingrid Syrstad Engen,英格丽·希利斯塔德·恩根,defender,cross,震荡上行,7,1245,958,-287,-0.23052208835341365,1161.4285714285713,1200,958,1245,0.29958246346555323,7,955,1433,478,0.5005235602094241,1261.7142857142858,1250,955,1533,0.6052356020942409,7,1400,1497,97,0.06928571428571428,1444.5714285714287,1436,1398,1497,0.07081545064377683,21,1245,1497,252,0.20240963855421687,1289.2380952380952,1250,955,1533,0.6052356020942409,https://www.futbin.com/26/player/17326/ingrid-syrstad-engen/market
ingrid-syrstad-engen,Ingrid Syrstad Engen,英格丽·希利斯塔德·恩根,defender,pc,震荡上行,7,1369,992,-377,-0.2753834915997078,1186.4285714285713,1200,992,1369,0.3800403225806452,7,995,1317,322,0.3236180904522613,1202.857142857143,1158,995,1451,0.45829145728643217,7,1191,1572,381,0.3198992443324937,1429.2857142857142,1471,1191,1572,0.3198992443324937,21,1369,1572,203,0.14828341855368882,1272.857142857143,1200,992,1572,0.5846774193548387,https://www.futbin.com/26/player/17326/ingrid-syrstad-engen/market
eder-gabriel-militao,Éder Gabriel Militão,埃德尔·米利唐,defender,cross,三周连跌,7,72365,71510,-855,-0.011815103986733919,67834.71428571429,70420,58510,72365,0.2367971286959494,7,70003,62622,-7381,-0.10543833835692756,68267.28571428571,69337,62622,71111,0.13555938807447862,7,54918,45295,-9623,-0.17522488073127207,46111.57142857143,43613,39017,55564,0.4240971884050542,21,72365,45295,-27070,-0.3740758654045464,60737.857142857145,65681,39017,72365,0.8547043596381064,https://www.futbin.com/26/player/811/eder-gabriel-militao/market
eder-gabriel-militao,Éder Gabriel Militão,埃德尔·米利唐,defender,pc,震荡下行,7,67683,71604,3921,0.057931829262887286,65341.142857142855,67683,54335,72313,0.3308732860955185,7,72424,66551,-5873,-0.08109190323649619,70522.85714285714,70441,66551,74392,0.1178194166879536,7,59823,46743,-13080,-0.2186450027581365,48152.28571428572,43832,40069,60500,0.50989543038259,21,67683,46743,-20940,-0.3093834493151899,61338.76190476191,66551,40069,74392,0.8565973695375477,https://www.futbin.com/26/player/811/eder-gabriel-militao/market
trent-alexander-arnold,Trent Alexander-Arnold,特伦特·亚历山大-阿诺德,defender,cross,震荡上行,7,6109,5859,-250,-0.04092322802422655,6817,6760,5859,8051,0.3741252773510838,7,5540,6137,597,0.10776173285198556,5675.857142857143,5540,5388,6137,0.13901262063845582,7,7427,8644,1217,0.16386158610475293,7972.714285714285,7862,7427,8644,0.16386158610475293,21,6109,8644,2535,0.41496153216565723,6821.857142857143,6760,5388,8644,0.6043058648849294,https://www.futbin.com/26/player/244/trent-alexander-arnold/market
trent-alexander-arnold,Trent Alexander-Arnold,特伦特·亚历山大-阿诺德,defender,pc,震荡下行,7,15068,5535,-9533,-0.6326652508627555,7595.285714285715,6608,5535,15068,1.722312556458898,7,4905,6731,1826,0.37227319062181446,5563.142857142857,5407,4905,6731,0.37227319062181446,7,7761,9080,1319,0.1699523257312202,8233.42857142857,8158,7761,9080,0.1699523257312202,21,15068,9080,-5988,-0.3973984603132466,7130.619047619048,6659,4905,15068,2.071967380224261,https://www.futbin.com/26/player/244/trent-alexander-arnold/market
steph-catley,Steph Catley,史蒂芬妮·凯特莉,defender,cross,震荡下行,7,1735,1043,-692,-0.3988472622478386,1286.4285714285713,1244,1043,1735,0.663470757430489,7,1018,1500,482,0.47347740667976423,1334.2857142857142,1346,1018,1595,0.5667976424361493,7,1444,1568,124,0.08587257617728532,1490.7142857142858,1469,1444,1568,0.08587257617728532,21,1735,1568,-167,-0.0962536023054755,1370.4761904761904,1444,1018,1735,0.7043222003929273,https://www.futbin.com/26/player/17315/steph-catley/market
steph-catley,Steph Catley,史蒂芬妮·凯特莉,defender,pc,震荡下行,7,8726,1085,-7641,-0.8756589502635801,2550.1428571428573,1286,1085,8726,7.042396313364056,7,1059,1386,327,0.3087818696883853,1253.4285714285713,1193,1059,1508,0.42398489140698775,7,1262,1631,369,0.29239302694136293,1485.7142857142858,1528,1262,1631,0.29239302694136293,21,8726,1631,-7095,-0.8130873252349301,1763.095238095238,1340,1059,8726,7.239848914069877,https://www.futbin.com/26/player/17315/steph-catley/market
piero-hincapie,Piero Hincapié,皮耶罗·欣卡皮耶,defender,cross,三周连涨,7,93826,99550,5724,0.06100654402830772,97233.14285714286,96853,93826,99550,0.06100654402830772,7,97447,100000,2553,0.02619885681447351,98936.85714285714,98995,97447,100000,0.02619885681447351,7,99667,138000,38333,0.38461075381018794,133666.14285714287,139469,99667,140000,0.40467757632917617,21,93826,138000,44174,0.4708076652527018,109945.38095238095,99550,93826,140000,0.4921237183723062,https://www.futbin.com/26/player/398/piero-hincapie/market
piero-hincapie,Piero Hincapié,皮耶罗·欣卡皮耶,defender,pc,数据不足,1,,,,,100000,100000,100000,100000,0,0,,,,,,,,,,0,,,,,,,,,,1,,,,,100000,100000,100000,100000,0,https://www.futbin.com/26/player/398/piero-hincapie/market
willi-orban,Willi Orbán,威利·奥尔班,defender,cross,震荡上行,7,1214,969,-245,-0.20181219110378912,1158.857142857143,1200,969,1214,0.2528379772961816,7,974,1420,446,0.45790554414784396,1259.857142857143,1232,974,1544,0.5852156057494866,7,1409,1589,180,0.127750177430802,1540.5714285714287,1564,1409,1591,0.12916962384669978,21,1214,1589,375,0.3088962108731466,1319.7619047619048,1232,969,1591,0.6418988648090815,https://www.futbin.com/26/player/1015/willi-orban/market
willi-orban,Willi Orbán,威利·奥尔班,defender,pc,震荡上行,7,1517,983,-534,-0.35201054713249835,1205.5714285714287,1200,983,1517,0.54323499491353,7,988,1318,330,0.3340080971659919,1209.7142857142858,1169,988,1469,0.4868421052631579,7,1271,1631,360,0.2832415420928403,1515.142857142857,1576,1271,1631,0.2832415420928403,21,1517,1631,114,0.07514831905075807,1310.142857142857,1271,983,1631,0.659206510681587,https://www.futbin.com/26/player/1015/willi-orban/market
amir-rrahmani,Amir Rrahmani,阿米尔·拉赫马尼,defender,cross,震荡下行,7,850,750,-100,-0.11764705882352941,831.2857142857143,850,750,850,0.13333333333333333,7,750,750,0,0,750,750,750,750,0,7,750,750,0,0,750,750,750,750,0,21,850,750,-100,-0.11764705882352941,777.0952380952381,750,750,850,0.13333333333333333,https://www.futbin.com/26/player/279/amir-rrahmani/market
amir-rrahmani,Amir Rrahmani,阿米尔·拉赫马尼,defender,pc,震荡下行,7,850,750,-100,-0.11764705882352941,831.7142857142857,850,750,850,0.13333333333333333,7,750,750,0,0,750,750,750,750,0,7,750,750,0,0,750,750,750,750,0,21,850,750,-100,-0.11764705882352941,777.2380952380952,750,750,850,0.13333333333333333,https://www.futbin.com/26/player/279/amir-rrahmani/market
inigo-martinez-berridi,Iñigo Martínez Berridi,伊尼戈·马丁内斯,defender,cross,第三周转跌,7,18467,33587,15120,0.8187577841555207,28917.14285714286,26040,18467,42380,1.294904424107868,7,2855,3911,1056,0.369877408056042,3287.1428571428573,3092,2830,3923,0.3862190812720848,7,4203,4045,-158,-0.03759219605044016,3932.5714285714284,3828,3708,4218,0.13754045307443366,21,18467,4045,-14422,-0.7809606324795582,12045.619047619048,3923,2830,42380,13.975265017667844,https://www.futbin.com/26/player/725/inigo-martinez-berridi/market
inigo-martinez-berridi,Iñigo Martínez Berridi,伊尼戈·马丁内斯,defender,pc,数据不足,1,,5816,,,5816,5816,5816,5816,0,7,2894,4123,1229,0.42467173462335867,3373,3168,2894,4123,0.42467173462335867,7,4266,4157,-109,-0.02555086732301922,4036.4285714285716,3921,3804,4356,0.14511041009463724,15,,4157,,,3845.4666666666667,3911,2894,5816,1.009675190048376,https://www.futbin.com/26/player/725/inigo-martinez-berridi/market
griedge-mbock,Griedge Mbock,格丽奇·姆博克·巴蒂,defender,cross,震荡下行,7,850,750,-100,-0.11764705882352941,831.4285714285714,850,750,850,0.13333333333333333,7,750,750,0,0,750.2857142857143,750,750,751,0.0013333333333333333,7,750,755,5,0.006666666666666667,754.5714285714286,753,750,764,0.018666666666666668,21,850,755,-95,-0.11176470588235295,778.7619047619048,752,750,850,0.13333333333333333,https://www.futbin.com/26/player/17378/griedge-mbock/market
griedge-mbock,Griedge Mbock,格丽奇·姆博克·巴蒂,defender,pc,震荡下行,7,850,750,-100,-0.11764705882352941,831.7142857142857,850,750,850,0.13333333333333333,7,750,750,0,0,750,750,750,750,0,7,750,769,19,0.025333333333333333,757,757,750,769,0.025333333333333333,21,850,769,-81,-0.09529411764705882,779.5714285714286,754,750,850,0.13333333333333333,https://www.futbin.com/26/player/17378/griedge-mbock/market
ashley-lawrence,Ashley Lawrence,阿什莉·劳伦斯,defender,cross,震荡上行,7,1234,969,-265,-0.21474878444084278,1161.4285714285713,1200,969,1234,0.27347781217750256,7,967,1449,482,0.4984488107549121,1268.142857142857,1248,967,1538,0.5904860392967942,7,1413,1500,87,0.06157112526539278,1450.4285714285713,1439,1411,1500,0.06307583274273565,21,1234,1500,266,0.21555915721231766,1293.3333333333333,1248,967,1538,0.5904860392967942,https://www.futbin.com/26/player/17319/ashley-lawrence/market
ashley-lawrence,Ashley Lawrence,阿什莉·劳伦斯,defender,pc,震荡下行,7,2986,988,-1998,-0.6691225720026792,1417.7142857142858,1200,988,2986,2.022267206477733,7,1002,1341,339,0.3383233532934132,1211.5714285714287,1160,1002,1458,0.4550898203592814,7,1221,1581,360,0.29484029484029484,1433.7142857142858,1469,1221,1581,0.29484029484029484,21,2986,1581,-1405,-0.47052913596784995,1354.3333333333333,1221,988,2986,2.022267206477733,https://www.futbin.com/26/player/17319/ashley-lawrence/market
olga-carmona-garcia,Olga Carmona García,奥尔加·卡莫纳,defender,cross,震荡上行,7,1422,1312,-110,-0.07735583684950774,1382.4285714285713,1409,1312,1458,0.11128048780487805,7,1050,1461,411,0.3914285714285714,1358.142857142857,1397,1050,1639,0.560952380952381,7,1439,1529,90,0.06254343293954134,1478.5714285714287,1475,1433,1529,0.06699232379623168,21,1422,1529,107,0.07524613220815753,1406.3809523809523,1433,1050,1639,0.560952380952381,https://www.futbin.com/26/player/17316/olga-carmona-garcia/market
olga-carmona-garcia,Olga Carmona García,奥尔加·卡莫纳,defender,pc,震荡下行,7,2533,1126,-1407,-0.5554678247137781,1514.7142857142858,1348,1126,2533,1.2495559502664297,7,1071,1338,267,0.24929971988795518,1286,1253,1071,1627,0.5191409897292251,7,1278,1646,368,0.28794992175273865,1490.5714285714287,1507,1278,1646,0.28794992175273865,21,2533,1646,-887,-0.3501776549545993,1430.4285714285713,1353,1071,2533,1.3650793650793651,https://www.futbin.com/26/player/17316/olga-carmona-garcia/market
denzel-dumfries,Denzel Dumfries,丹佐·邓弗里斯,defender,cross,第三周反弹,7,6354,3309,-3045,-0.47922568460812087,5216.857142857143,4866,3309,7435,1.2469023874282261,7,2595,1816,-779,-0.3001926782273603,2539,2595,1816,2852,0.5704845814977973,7,1519,1527,8,0.005266622778143515,1502.7142857142858,1519,1470,1527,0.03877551020408163,21,6354,1527,-4827,-0.7596789423984891,3086.190476190476,2595,1470,7435,4.057823129251701,https://www.futbin.com/26/player/17318/denzel-dumfries/market
denzel-dumfries,Denzel Dumfries,丹佐·邓弗里斯,defender,pc,第三周反弹,7,7230,3261,-3969,-0.5489626556016598,5003,4391,3261,7230,1.217111315547378,7,2612,1441,-1171,-0.4483154670750383,2219.8571428571427,2275,1441,2612,0.8126301179736294,7,1317,1583,266,0.20197418375094914,1465,1467,1317,1583,0.20197418375094914,21,7230,1583,-5647,-0.7810511756569848,2895.9523809523807,2275,1317,7230,4.489749430523918,https://www.futbin.com/26/player/17318/denzel-dumfries/market
antonio-rudiger,Antonio Rüdiger,安东尼奥·吕迪格,defender,cross,三周连跌,7,99449,68486,-30963,-0.31134551378093295,81212.85714285714,77795,68486,99449,0.45210699997079695,7,67625,59478,-8147,-0.1204731977818854,66636.71428571429,67625,59478,69781,0.17322371296950131,7,60615,47425,-13190,-0.21760290357172318,48415.42857142857,43776,40767,60757,0.4903475850565408,21,99449,47425,-52024,-0.5231224044485113,65421.666666666664,67625,40767,99449,1.439448573601197,https://www.futbin.com/26/player/240/antonio-rudiger/market
antonio-rudiger,Antonio Rüdiger,安东尼奥·吕迪格,defender,pc,三周连跌,7,247971,72476,-175495,-0.7077238870674394,104023.28571428571,82233,72476,247971,2.42142226392185,7,71611,67924,-3687,-0.05148650347013727,72883.14285714286,73838,67924,77941,0.14747364701725457,7,68552,53047,-15505,-0.22617866728906524,53930.28571428572,48295,45328,68552,0.5123543946346629,21,247971,53047,-194924,-0.7860757911207359,76945.57142857143,72476,45328,247971,4.470592128485705,https://www.futbin.com/26/player/240/antonio-rudiger/market
pedro-antonio-porro-sauceda,Pedro Antonio Porro Sauceda,佩德罗·波罗,defender,cross,震荡上行,7,702,750,48,0.06837606837606838,715.4285714285714,699,676,803,0.1878698224852071,7,750,750,0,0,752,750,750,763,0.017333333333333333,7,750,750,0,0,766,750,750,816,0.088,21,702,750,48,0.06837606837606838,744.4761904761905,750,676,816,0.20710059171597633,https://www.futbin.com/26/player/404/pedro-antonio-porro-sauceda/market
pedro-antonio-porro-sauceda,Pedro Antonio Porro Sauceda,佩德罗·波罗,defender,pc,震荡下行,7,756,750,-6,-0.007936507936507936,713,698,661,789,0.19364599092284418,7,750,750,0,0,750,750,750,750,0,7,750,750,0,0,777.1428571428571,750,750,853,0.13733333333333334,21,756,750,-6,-0.007936507936507936,746.7142857142857,750,661,853,0.29046898638426627,https://www.futbin.com/26/player/404/pedro-antonio-porro-sauceda/market
emily-sonnett,Emily Sonnett,艾蜜莉·索尼特,defender,cross,第三周反弹,7,886,781,-105,-0.11851015801354402,853.1428571428571,861,781,891,0.14084507042253522,7,788,760,-28,-0.03553299492385787,780.1428571428571,782,760,796,0.04736842105263158,7,751,837,86,0.11451398135818908,787.2857142857143,779,751,837,0.11451398135818908,21,886,837,-49,-0.055304740406320545,806.8571428571429,788,751,891,0.18641810918774968,https://www.futbin.com/26/player/17360/emily-sonnett/market
emily-sonnett,Emily Sonnett,艾蜜莉·索尼特,defender,pc,第三周反弹,7,857,813,-44,-0.051341890315052506,866.7142857142857,857,813,951,0.16974169741697417,7,780,755,-25,-0.03205128205128205,797.2857142857143,780,755,903,0.19602649006622516,7,750,808,58,0.07733333333333334,804.7142857142857,806,750,876,0.168,21,857,808,-49,-0.057176196032672114,822.9047619047619,813,750,951,0.268,https://www.futbin.com/26/player/17360/emily-sonnett/market
david-hancko,Dávid Hancko,达维德·汉茨科,defender,cross,第三周转跌,7,2632,1289,-1343,-0.5102583586626139,2072.4285714285716,1759,1289,3969,2.079131109387122,7,901,977,76,0.08435072142064373,1068,1080,901,1272,0.4117647058823529,7,985,945,-40,-0.04060913705583756,931.5714285714286,945,778,1153,0.4820051413881748,21,2632,945,-1687,-0.6409574468085106,1357.3333333333333,1098,778,3969,4.1015424164524426,https://www.futbin.com/26/player/17353/david-hancko/market
david-hancko,Dávid Hancko,达维德·汉茨科,defender,pc,第三周反弹,7,3195,1000,-2195,-0.6870109546165885,2084.4285714285716,1648,1000,4427,3.427,7,902,762,-140,-0.15521064301552107,876.2857142857143,888,762,970,0.27296587926509186,7,799,825,26,0.03254067584480601,819.7142857142857,801,781,892,0.14212548015364918,21,3195,825,-2370,-0.7417840375586855,1260.142857142857,892,762,4427,4.809711286089239,https://www.futbin.com/26/player/17353/david-hancko/market
joao-pedro-cavaco-cancelo,João Pedro Cavaco Cancelo,若昂·坎塞洛,defender,cross,震荡下行,7,2278,1120,-1158,-0.5083406496927129,1611.4285714285713,1398,1120,2364,1.1107142857142858,7,1038,1447,409,0.3940269749518304,1329.2857142857142,1344,1038,1589,0.5308285163776493,7,1411,1502,91,0.06449326718639263,1455.142857142857,1452,1411,1502,0.06449326718639263,21,2278,1502,-776,-0.34064969271290607,1465.2857142857142,1419,1038,2364,1.277456647398844,https://www.futbin.com/26/player/735/joao-pedro-cavaco-cancelo/market
joao-pedro-cavaco-cancelo,João Pedro Cavaco Cancelo,若昂·坎塞洛,defender,pc,震荡下行,7,5139,1058,-4081,-0.794123370305507,1961.4285714285713,1245,1058,5139,3.8572778827977316,7,1038,1354,316,0.3044315992292871,1244,1187,1038,1484,0.4296724470134875,7,1247,1573,326,0.26142742582197276,1444.142857142857,1473,1247,1573,0.26142742582197276,21,5139,1573,-3566,-0.6939093208795486,1549.857142857143,1318,1038,5139,3.9508670520231215,https://www.futbin.com/26/player/735/joao-pedro-cavaco-cancelo/market
sara-doorsoun,Sara Doorsoun,萨拉·杜尔松,defender,cross,震荡上行,7,1238,977,-261,-0.21082390953150243,1163.7142857142858,1200,977,1238,0.2671443193449335,7,984,1444,460,0.46747967479674796,1271.4285714285713,1234,984,1558,0.5833333333333334,7,1396,1502,106,0.07593123209169055,1451.142857142857,1448,1393,1502,0.07824838478104809,21,1238,1502,264,0.21324717285945072,1295.4285714285713,1238,977,1558,0.5946775844421699,https://www.futbin.com/26/player/17324/sara-doorsoun/market
sara-doorsoun,Sara Doorsoun,萨拉·杜尔松,defender,pc,震荡下行,7,1974,997,-977,-0.4949341438703141,1275,1200,997,1974,0.9799398194583752,7,1028,1350,322,0.3132295719844358,1227.2857142857142,1181,1028,1463,0.42315175097276264,7,1218,1593,375,0.3078817733990148,1445.5714285714287,1482,1218,1593,0.3078817733990148,21,1974,1593,-381,-0.19300911854103345,1315.952380952381,1218,997,1974,0.9799398194583752,https://www.futbin.com/26/player/17324/sara-doorsoun/market
