chronological_rank,release_date,date_confidence,evolution_id,name,name_zh,slug,category,status,url
1,2025-09-18,inferred,5,Intro to Evolutions,,intro-to-evolutions,EVOLUTIONS,active,https://www.futbin.com/26/evolutions/5/intro-to-evolutions
2,2025-09-18,normalized,6,Intro to Training Camp EVOs I,,intro-to-training-camp-evos-i,TRAINING CAMP,active,https://www.futbin.com/26/evolutions/6/intro-to-training-camp-evos-i
3,2025-09-18,normalized,7,Intro to Training Camp EVOs II,,intro-to-training-camp-evos-ii,TRAINING CAMP,active,https://www.futbin.com/26/evolutions/7/intro-to-training-camp-evos-ii
4,2025-09-19,inferred,8,Intro to Rewards EVOs,,intro-to-rewards-evos,REWARDS,active,https://www.futbin.com/26/evolutions/8/intro-to-rewards-evos
5,2025-09-19,exact,9,Club Member Reward,,club-member-reward,REWARDS,active,https://www.futbin.com/26/evolutions/9/club-member-reward
6,2025-09-19,exact,10,Rising Guard,,rising-guard,EVOLUTIONS,expired,https://www.futbin.com/26/evolutions/10/rising-guard
7,2025-09-20,exact,11,Cover Athlete,,cover-athlete,EVOLUTIONS,expired,https://www.futbin.com/26/evolutions/11/cover-athlete
8,2025-09-21,exact,12,The Debut,,the-debut,EVOLUTIONS,expired,https://www.futbin.com/26/evolutions/12/the-debut
9,2025-09-22,exact,13,Striker’s Rise,,strikers-rise,TRAINING CAMP,expired,https://www.futbin.com/26/evolutions/13/strikers-rise
10,2025-09-23,exact,14,Passing Prodigy,,passing-prodigy,EVOLUTIONS,expired,https://www.futbin.com/26/evolutions/14/passing-prodigy
11,2025-09-25,exact,15,One Shot,,one-shot,EVOLUTIONS,expired,https://www.futbin.com/26/evolutions/15/one-shot
12,2025-09-26,exact,16,Complete Connection,,complete-connection,EVOLUTIONS,expired,https://www.futbin.com/26/evolutions/16/complete-connection
13,2025-09-26,exact,17,Relentless Pressure,,relentless-pressure,EVOLUTIONS,expired,https://www.futbin.com/26/evolutions/17/relentless-pressure
14,2025-09-27,exact,18,Long Ball Pass,,long-ball-pass,EVOLUTIONS,expired,https://www.futbin.com/26/evolutions/18/long-ball-pass
15,2025-09-28,exact,19,Footwork Phenom,,footwork-phenom,EVOLUTIONS,expired,https://www.futbin.com/26/evolutions/19/footwork-phenom
16,2025-09-28,inferred,20,Pinged Pass,,pinged-pass,REWARDS,expired,https://www.futbin.com/26/evolutions/20/pinged-pass
17,2025-09-29,inferred,21,ST Advanced Forward+,,st-advanced-forward,REWARDS,expired,https://www.futbin.com/26/evolutions/21/st-advanced-forward
18,2025-09-29,inferred,22,Whipped Pass+,,whipped-pass,REWARDS,expired,https://www.futbin.com/26/evolutions/22/whipped-pass
19,2025-09-30,inferred,23,Cornerstones,,cornerstones,REWARDS,expired,https://www.futbin.com/26/evolutions/23/cornerstones
20,2025-09-30,exact,24,Iron Will,,iron-will,EVOLUTIONS,expired,https://www.futbin.com/26/evolutions/24/iron-will
21,2025-10-03,exact,25,The Eighth King of Rome,,the-eighth-king-of-rome,EVOLUTIONS,expired,https://www.futbin.com/26/evolutions/25/the-eighth-king-of-rome
22,2025-10-03,exact,26,CAM Upgrade,,cam-upgrade,EVOLUTIONS,expired,https://www.futbin.com/26/evolutions/26/cam-upgrade
23,2025-10-04,exact,27,Sprint Boost,,sprint-boost,EVOLUTIONS,expired,https://www.futbin.com/26/evolutions/27/sprint-boost
24,2025-10-04,exact,28,Cornerstones,,cornerstones,COSMETICS,expired,https://www.futbin.com/26/evolutions/28/cornerstones
25,2025-10-05,exact,29,Sideline Rise,,sideline-rise,EVOLUTIONS,expired,https://www.futbin.com/26/evolutions/29/sideline-rise
26,2025-10-07,exact,30,Reflex Deflector,,reflex-deflector,EVOLUTIONS,expired,https://www.futbin.com/26/evolutions/30/reflex-deflector
27,2025-10-10,exact,31,Backline Glow,,backline-glow,EVOLUTIONS,expired,https://www.futbin.com/26/evolutions/31/backline-glow
28,2025-10-10,exact,32,Ball Distributor,,ball-distributor,EVOLUTIONS,expired,https://www.futbin.com/26/evolutions/32/ball-distributor
29,2025-10-10,inferred,33,GK Boost,,gk-boost,REWARDS,expired,https://www.futbin.com/26/evolutions/33/gk-boost
30,2025-10-10,inferred,34,Shadow Striker++,,shadow-striker,REWARDS,expired,https://www.futbin.com/26/evolutions/34/shadow-striker
31,2025-10-10,inferred,35,Finesse Shot,,finesse-shot,REWARDS,expired,https://www.futbin.com/26/evolutions/35/finesse-shot
32,2025-10-10,inferred,36,Intercept,,intercept,REWARDS,expired,https://www.futbin.com/26/evolutions/36/intercept
33,2025-10-11,inferred,37,CDM Roles+,,cdm-roles,REWARDS,expired,https://www.futbin.com/26/evolutions/37/cdm-roles
34,2025-10-11,inferred,38,Gamechanger+,,gamechanger,REWARDS,expired,https://www.futbin.com/26/evolutions/38/gamechanger
35,2025-10-11,inferred,39,Inventive+,,inventive,REWARDS,expired,https://www.futbin.com/26/evolutions/39/inventive
36,2025-10-11,inferred,40,Aerial Fortress,,aerial-fortress,REWARDS,expired,https://www.futbin.com/26/evolutions/40/aerial-fortress
37,2025-10-11,exact,41,Striker Debut,,striker-debut,EVOLUTIONS,expired,https://www.futbin.com/26/evolutions/41/striker-debut
38,2025-10-12,inferred,42,Silver Warm-Up,,silver-warm-up,REWARDS,expired,https://www.futbin.com/26/evolutions/42/silver-warm-up
39,2025-10-12,exact,43,Midfield Spark,,midfield-spark,EVOLUTIONS,expired,https://www.futbin.com/26/evolutions/43/midfield-spark
40,2025-10-14,exact,44,Fullback Force,,fullback-force,EVOLUTIONS,expired,https://www.futbin.com/26/evolutions/44/fullback-force
41,2025-10-14,inferred,45,CM Box-to-Box++,,cm-box-to-box,REWARDS,active,https://www.futbin.com/26/evolutions/45/cm-box-to-box
42,2025-10-15,inferred,46,Tiki Taka+,,tiki-taka,REWARDS,expired,https://www.futbin.com/26/evolutions/46/tiki-taka
43,2025-10-15,exact,47,Right-Wing Dynamo,,right-wing-dynamo,EVOLUTIONS,expired,https://www.futbin.com/26/evolutions/47/right-wing-dynamo
44,2025-10-17,exact,48,Born to Shine,,born-to-shine,EVOLUTIONS,expired,https://www.futbin.com/26/evolutions/48/born-to-shine
45,2025-10-17,exact,49,Fullback Force II,,fullback-force-ii,EVOLUTIONS,expired,https://www.futbin.com/26/evolutions/49/fullback-force-ii
46,2025-10-18,exact,50,Left-Wing Dynamo,,left-wing-dynamo,EVOLUTIONS,expired,https://www.futbin.com/26/evolutions/50/left-wing-dynamo
47,2025-10-18,exact,51,Ratings Reload,,ratings-reload,COSMETICS,expired,https://www.futbin.com/26/evolutions/51/ratings-reload
48,2025-10-19,exact,52,Keeper of the Goal,,keeper-of-the-goal,EVOLUTIONS,expired,https://www.futbin.com/26/evolutions/52/keeper-of-the-goal
49,2025-10-21,exact,53,Ice Veins,,ice-veins,EVOLUTIONS,expired,https://www.futbin.com/26/evolutions/53/ice-veins
50,2025-10-22,exact,54,Iron Lungs,,iron-lungs,EVOLUTIONS,expired,https://www.futbin.com/26/evolutions/54/iron-lungs
51,2025-10-24,exact,55,The Big Fella,,the-big-fella,EVOLUTIONS,expired,https://www.futbin.com/26/evolutions/55/the-big-fella
52,2025-10-25,inferred,56,Inverted Instinct,,inverted-instinct,EVOLUTIONS,expired,https://www.futbin.com/26/evolutions/56/inverted-instinct
53,2025-10-25,exact,57,Phantom Fullback,,phantom-fullback,EVOLUTIONS,expired,https://www.futbin.com/26/evolutions/57/phantom-fullback
54,2025-10-26,exact,58,Rise from the Grave,,rise-from-the-grave,EVOLUTIONS,expired,https://www.futbin.com/26/evolutions/58/rise-from-the-grave
55,2025-10-28,exact,59,Ghostly Guardian,,ghostly-guardian,EVOLUTIONS,expired,https://www.futbin.com/26/evolutions/59/ghostly-guardian
56,2025-10-28,inferred,60,Jockey+,,jockey,REWARDS,expired,https://www.futbin.com/26/evolutions/60/jockey
57,2025-10-29,inferred,61,RM Inside Forward++,,rm-inside-forward,REWARDS,expired,https://www.futbin.com/26/evolutions/61/rm-inside-forward
58,2025-10-29,exact,62,Spooky Striker,,spooky-striker,EVOLUTIONS,expired,https://www.futbin.com/26/evolutions/62/spooky-striker
59,2025-10-30,exact,63,Phantom Dash,,phantom-dash,EVOLUTIONS,expired,https://www.futbin.com/26/evolutions/63/phantom-dash
60,2025-10-31,exact,64,EVO Flash: Fast like Adama,,evo-flash-fast-like-adama,EVOLUTIONS,expired,https://www.futbin.com/26/evolutions/64/evo-flash-fast-like-adama
61,2025-11-01,inferred,65,The Undead Lion,,the-undead-lion,EVOLUTIONS,expired,https://www.futbin.com/26/evolutions/65/the-undead-lion
62,2025-11-01,exact,66,The Portuguese Backline Titan,,the-portuguese-backline-titan,EVOLUTIONS,expired,https://www.futbin.com/26/evolutions/66/the-portuguese-backline-titan
63,2025-11-01,exact,67,World Tour,,world-tour,COSMETICS,expired,https://www.futbin.com/26/evolutions/67/world-tour
64,2025-11-02,inferred,68,Star in Motion,,star-in-motion,REWARDS,active,https://www.futbin.com/26/evolutions/68/star-in-motion
65,2025-11-02,exact,69,Curse of the Left,,curse-of-the-left,EVOLUTIONS,expired,https://www.futbin.com/26/evolutions/69/curse-of-the-left
66,2025-11-04,exact,70,The ScreaMOR,,the-screamor,EVOLUTIONS,expired,https://www.futbin.com/26/evolutions/70/the-screamor
67,2025-11-04,inferred,71,Power Shot+,,power-shot,REWARDS,expired,https://www.futbin.com/26/evolutions/71/power-shot
68,2025-11-04,inferred,72,CDM Box Crasher++,,cdm-box-crasher,REWARDS,expired,https://www.futbin.com/26/evolutions/72/cdm-box-crasher
69,2025-11-04,inferred,73,CM Roles+ - Season 2 Lvl 8,,cm-roles-season-2-lvl-8,REWARDS,expired,https://www.futbin.com/26/evolutions/73/cm-roles-season-2-lvl-8
70,2025-11-04,inferred,74,Trickster - Season 2 (P) Lvl 10,,trickster-season-2-p-lvl-10,REWARDS,expired,https://www.futbin.com/26/evolutions/74/trickster-season-2-p-lvl-10
71,2025-11-04,inferred,75,Relentless - Season 2 Lvl 20,,relentless-season-2-lvl-20,REWARDS,expired,https://www.futbin.com/26/evolutions/75/relentless-season-2-lvl-20
72,2025-11-04,inferred,76,Jockey - Season 2 Lvl 20,,jockey-season-2-lvl-20,REWARDS,expired,https://www.futbin.com/26/evolutions/76/jockey-season-2-lvl-20
73,2025-11-04,inferred,77,CB Roles+ - Season 2 (P) Lvl 20,,cb-roles-season-2-p-lvl-20,REWARDS,expired,https://www.futbin.com/26/evolutions/77/cb-roles-season-2-p-lvl-20
74,2025-11-05,inferred,78,LW Roles+ - Season 2 (P) Lvl 23,,lw-roles-season-2-p-lvl-23,REWARDS,expired,https://www.futbin.com/26/evolutions/78/lw-roles-season-2-p-lvl-23
75,2025-11-05,inferred,79,RW Roles+ - Season 2 (P) Lvl 23,,rw-roles-season-2-p-lvl-23,REWARDS,expired,https://www.futbin.com/26/evolutions/79/rw-roles-season-2-p-lvl-23
76,2025-11-05,inferred,80,RB Roles+ - Season 2 (B/P) Lvl 26,,rb-roles-season-2-bp-lvl-26,REWARDS,expired,https://www.futbin.com/26/evolutions/80/rb-roles-season-2-bp-lvl-26
77,2025-11-05,inferred,81,LB Roles+ - Season 2 (B/P) Lvl 26,,lb-roles-season-2-bp-lvl-26,REWARDS,expired,https://www.futbin.com/26/evolutions/81/lb-roles-season-2-bp-lvl-26
78,2025-11-05,inferred,82,Sweeper Keeper++ - Season 2 (P) Lvl 33,,sweeper-keeper-season-2-p-lvl-33,REWARDS,expired,https://www.futbin.com/26/evolutions/82/sweeper-keeper-season-2-p-lvl-33
79,2025-11-05,inferred,83,Intercept+ - Season 2 Lvl 35,,intercept-season-2-lvl-35,REWARDS,expired,https://www.futbin.com/26/evolutions/83/intercept-season-2-lvl-35
80,2025-11-05,inferred,84,Finesse Shot+ - Season 2 (P) Lvl 35,,finesse-shot-season-2-p-lvl-35,REWARDS,expired,https://www.futbin.com/26/evolutions/84/finesse-shot-season-2-p-lvl-35
81,2025-11-05,exact,85,Spell of the Dribbler,,spell-of-the-dribbler,EVOLUTIONS,expired,https://www.futbin.com/26/evolutions/85/spell-of-the-dribbler
82,2025-11-06,exact,86,Saved by the Bell,,saved-by-the-bell,EVOLUTIONS,expired,https://www.futbin.com/26/evolutions/86/saved-by-the-bell
83,2025-11-07,exact,87,El Capitán,,el-capitan,EVOLUTIONS,expired,https://www.futbin.com/26/evolutions/87/el-capitan
84,2025-11-08,inferred,88,Dynamic Distributor,,dynamic-distributor,EVOLUTIONS,expired,https://www.futbin.com/26/evolutions/88/dynamic-distributor
85,2025-11-08,exact,89,Defensive Shift,,defensive-shift,EVOLUTIONS,expired,https://www.futbin.com/26/evolutions/89/defensive-shift
86,2025-11-08,exact,90,Cornerstones,,cornerstones,COSMETICS,expired,https://www.futbin.com/26/evolutions/90/cornerstones
87,2025-11-08,inferred,91,Incisive Pass,,incisive-pass,REWARDS,expired,https://www.futbin.com/26/evolutions/91/incisive-pass
88,2025-11-09,inferred,92,CDM Holding++,,cdm-holding,REWARDS,expired,https://www.futbin.com/26/evolutions/92/cdm-holding
89,2025-11-09,inferred,93,The Big Fella,,the-big-fella,REWARDS,expired,https://www.futbin.com/26/evolutions/93/the-big-fella
90,2025-11-09,exact,94,Wing Wizards,,wing-wizards,EVOLUTIONS,expired,https://www.futbin.com/26/evolutions/94/wing-wizards
91,2025-11-11,exact,95,Ironclad Instincts,,ironclad-instincts,EVOLUTIONS,expired,https://www.futbin.com/26/evolutions/95/ironclad-instincts
92,2025-11-12,exact,96,Footwork Mastery,,footwork-mastery,EVOLUTIONS,expired,https://www.futbin.com/26/evolutions/96/footwork-mastery
93,2025-11-12,inferred,97,Defender++,,defender,REWARDS,expired,https://www.futbin.com/26/evolutions/97/defender
94,2025-11-13,inferred,98,Long Ball Pass+,,long-ball-pass,REWARDS,expired,https://www.futbin.com/26/evolutions/98/long-ball-pass
95,2025-11-13,inferred,99,Poacher++,,poacher,REWARDS,expired,https://www.futbin.com/26/evolutions/99/poacher
96,2025-11-13,inferred,100,Press Proven,,press-proven,REWARDS,expired,https://www.futbin.com/26/evolutions/100/press-proven
97,2025-11-14,inferred,101,Cornerstones,,cornerstones,REWARDS,expired,https://www.futbin.com/26/evolutions/101/cornerstones
98,2025-11-14,exact,102,Silver Armour,,silver-armour,EVOLUTIONS,expired,https://www.futbin.com/26/evolutions/102/silver-armour
99,2025-11-14,exact,103,I'll Protect You,,ill-protect-you,EVOLUTIONS,expired,https://www.futbin.com/26/evolutions/103/ill-protect-you
100,2025-11-14,inferred,104,Festival of Football: Captains,,festival-of-football-captains,REWARDS,expired,https://www.futbin.com/26/evolutions/104/festival-of-football-captains
101,2025-11-15,inferred,105,Own the Ball,,own-the-ball,REWARDS,expired,https://www.futbin.com/26/evolutions/105/own-the-ball
102,2025-11-15,exact,106,Dual Threat,,dual-threat,EVOLUTIONS,expired,https://www.futbin.com/26/evolutions/106/dual-threat
103,2025-11-15,exact,107,FOF Captains,,fof-captains,COSMETICS,expired,https://www.futbin.com/26/evolutions/107/fof-captains
104,2025-11-16,exact,108,Protect the Wings,,protect-the-wings,EVOLUTIONS,expired,https://www.futbin.com/26/evolutions/108/protect-the-wings
105,2025-11-17,inferred,109,Sideline Flyer,,sideline-flyer,REWARDS,expired,https://www.futbin.com/26/evolutions/109/sideline-flyer
106,2025-11-17,inferred,110,Iron Guard,,iron-guard,REWARDS,expired,https://www.futbin.com/26/evolutions/110/iron-guard
107,2025-11-18,exact,111,Captain's Grit,,captains-grit,EVOLUTIONS,expired,https://www.futbin.com/26/evolutions/111/captains-grit
108,2025-11-19,exact,112,PlayStyles Trifecta,,playstyles-trifecta,EVOLUTIONS,expired,https://www.futbin.com/26/evolutions/112/playstyles-trifecta
109,2025-11-20,inferred,113,Flying Postman,,flying-postman,REWARDS,expired,https://www.futbin.com/26/evolutions/113/flying-postman
110,2025-11-20,exact,114,Welcome to UT EVO,,welcome-to-ut-evo,EVOLUTIONS,expired,https://www.futbin.com/26/evolutions/114/welcome-to-ut-evo
111,2025-11-21,exact,115,Estrella de Montcada,,estrella-de-montcada,EVOLUTIONS,expired,https://www.futbin.com/26/evolutions/115/estrella-de-montcada
112,2025-11-22,inferred,116,Tighten Up,,tighten-up,EVOLUTIONS,expired,https://www.futbin.com/26/evolutions/116/tighten-up
113,2025-11-22,exact,117,Competitive Catalyst,,competitive-catalyst,EVOLUTIONS,expired,https://www.futbin.com/26/evolutions/117/competitive-catalyst
114,2025-11-23,exact,118,How many tricks left?,,how-many-tricks-left,EVOLUTIONS,expired,https://www.futbin.com/26/evolutions/118/how-many-tricks-left
115,2025-11-23,inferred,119,Finesse Shot,,finesse-shot,REWARDS,expired,https://www.futbin.com/26/evolutions/119/finesse-shot
116,2025-11-24,inferred,120,RW Inside Forward++,,rw-inside-forward,REWARDS,expired,https://www.futbin.com/26/evolutions/120/rw-inside-forward
117,2025-11-24,inferred,121,World Tour,,world-tour,REWARDS,expired,https://www.futbin.com/26/evolutions/121/world-tour
118,2025-11-24,inferred,122,Cornerstones,,cornerstones,REWARDS,expired,https://www.futbin.com/26/evolutions/122/cornerstones
119,2025-11-24,inferred,123,Positional Excellence,,positional-excellence,REWARDS,expired,https://www.futbin.com/26/evolutions/123/positional-excellence
120,2025-11-25,inferred,124,Bruiser+,,bruiser,REWARDS,expired,https://www.futbin.com/26/evolutions/124/bruiser
121,2025-11-25,inferred,125,CM Deep-Lying Playmaker++,,cm-deep-lying-playmaker,REWARDS,expired,https://www.futbin.com/26/evolutions/125/cm-deep-lying-playmaker
122,2025-11-25,exact,126,No Panna,,no-panna,EVOLUTIONS,expired,https://www.futbin.com/26/evolutions/126/no-panna
123,2025-11-26,exact,127,The Perfect Curl,,the-perfect-curl,EVOLUTIONS,expired,https://www.futbin.com/26/evolutions/127/the-perfect-curl
124,2025-11-26,inferred,128,Block+,,block,REWARDS,expired,https://www.futbin.com/26/evolutions/128/block
125,2025-11-26,inferred,129,Ping Pro,,ping-pro,REWARDS,expired,https://www.futbin.com/26/evolutions/129/ping-pro
126,2025-11-26,inferred,130,Overlapping Dynamo,,overlapping-dynamo,REWARDS,expired,https://www.futbin.com/26/evolutions/130/overlapping-dynamo
127,2025-11-26,inferred,131,Clinical Pivot,,clinical-pivot,REWARDS,expired,https://www.futbin.com/26/evolutions/131/clinical-pivot
128,2025-11-26,inferred,132,Inverted Finisher,,inverted-finisher,REWARDS,expired,https://www.futbin.com/26/evolutions/132/inverted-finisher
129,2025-11-26,inferred,133,CAM Classic 10++,,cam-classic-10,REWARDS,expired,https://www.futbin.com/26/evolutions/133/cam-classic-10
130,2025-11-26,inferred,134,Touchline Maestro,,touchline-maestro,REWARDS,expired,https://www.futbin.com/26/evolutions/134/touchline-maestro
131,2025-11-26,inferred,135,Il Catenaccio - Season 3 Lvl 7,,il-catenaccio-season-3-lvl-7,REWARDS,expired,https://www.futbin.com/26/evolutions/135/il-catenaccio-season-3-lvl-7
132,2025-11-26,inferred,136,Intercept - Season 3 Lvl 7,,intercept-season-3-lvl-7,REWARDS,expired,https://www.futbin.com/26/evolutions/136/intercept-season-3-lvl-7
133,2025-11-26,inferred,137,Il Divin Codino - Season 3 (P) Lvl 9,,il-divin-codino-season-3-p-lvl-9,REWARDS,expired,https://www.futbin.com/26/evolutions/137/il-divin-codino-season-3-p-lvl-9
134,2025-11-26,inferred,138,First Touch - Season 3 (P) Lvl 9,,first-touch-season-3-p-lvl-9,REWARDS,expired,https://www.futbin.com/26/evolutions/138/first-touch-season-3-p-lvl-9
135,2025-11-27,inferred,140,Enforcer - Season 3 Lvl 20,,enforcer-season-3-lvl-20,REWARDS,expired,https://www.futbin.com/26/evolutions/140/enforcer-season-3-lvl-20
136,2025-11-27,inferred,141,Aerial Fortress - Season 3 Lvl 20,,aerial-fortress-season-3-lvl-20,REWARDS,expired,https://www.futbin.com/26/evolutions/141/aerial-fortress-season-3-lvl-20
137,2025-11-27,inferred,142,CAM Roles Upgrade - Season 3 (P) Lvl 20,,cam-roles-upgrade-season-3-p-lvl-20,REWARDS,expired,https://www.futbin.com/26/evolutions/142/cam-roles-upgrade-season-3-p-lvl-20
138,2025-11-27,inferred,143,Incisive Pass - Season 3 (P) Lvl 23,,incisive-pass-season-3-p-lvl-23,REWARDS,expired,https://www.futbin.com/26/evolutions/143/incisive-pass-season-3-p-lvl-23
139,2025-11-27,inferred,144,Trickster - Season 3 (P) Lvl 23,,trickster-season-3-p-lvl-23,REWARDS,expired,https://www.futbin.com/26/evolutions/144/trickster-season-3-p-lvl-23
140,2025-11-27,inferred,145,LB Roles Upgrade - Season 3 Lvl 26,,lb-roles-upgrade-season-3-lvl-26,REWARDS,expired,https://www.futbin.com/26/evolutions/145/lb-roles-upgrade-season-3-lvl-26
141,2025-11-27,inferred,146,Relentless - Season 3 Lvl 26,,relentless-season-3-lvl-26,REWARDS,expired,https://www.futbin.com/26/evolutions/146/relentless-season-3-lvl-26
142,2025-11-27,inferred,147,CDM Roles Upgrade - Season 3 (P) Lvl 26,,cdm-roles-upgrade-season-3-p-lvl-26,REWARDS,expired,https://www.futbin.com/26/evolutions/147/cdm-roles-upgrade-season-3-p-lvl-26
143,2025-11-27,inferred,148,CM Roles Upgrade - Season 3 (P) Lvl 26,,cm-roles-upgrade-season-3-p-lvl-26,REWARDS,expired,https://www.futbin.com/26/evolutions/148/cm-roles-upgrade-season-3-p-lvl-26
144,2025-11-27,inferred,149,Jockey+ - Season 3 lvl 35,,jockey-season-3-lvl-35,REWARDS,expired,https://www.futbin.com/26/evolutions/149/jockey-season-3-lvl-35
145,2025-11-27,inferred,150,Low Driven Shot+ - Season 3 (P) lvl 35,,low-driven-shot-season-3-p-lvl-35,REWARDS,expired,https://www.futbin.com/26/evolutions/150/low-driven-shot-season-3-p-lvl-35
146,2025-11-27,inferred,151,Perfectionist - Season 3 (P) lvl 33,,perfectionist-season-3-p-lvl-33,REWARDS,expired,https://www.futbin.com/26/evolutions/151/perfectionist-season-3-p-lvl-33
147,2025-11-27,exact,152,Speed Surge,,speed-surge,FLASH,expired,https://www.futbin.com/26/evolutions/152/speed-surge
148,2025-11-27,exact,153,Hit the Weights,,hit-the-weights,FLASH,expired,https://www.futbin.com/26/evolutions/153/hit-the-weights
149,2025-11-27,exact,154,Locked In,,locked-in,FLASH,expired,https://www.futbin.com/26/evolutions/154/locked-in
150,2025-11-28,exact,155,Target Practice,,target-practice,FLASH,expired,https://www.futbin.com/26/evolutions/155/target-practice
151,2025-11-28,exact,156,Ball Movement,,ball-movement,FLASH,expired,https://www.futbin.com/26/evolutions/156/ball-movement
152,2025-11-28,exact,157,Elite Control,,elite-control,FLASH,expired,https://www.futbin.com/26/evolutions/157/elite-control
153,2025-11-28,exact,158,Song of Touré,,song-of-toure,EVOLUTIONS,expired,https://www.futbin.com/26/evolutions/158/song-of-toure
154,2025-11-29,inferred,159,Intercept+,,intercept,REWARDS,expired,https://www.futbin.com/26/evolutions/159/intercept
155,2025-11-29,exact,160,WF + SM Upgrade,,wf--sm-upgrade,EVOLUTIONS,expired,https://www.futbin.com/26/evolutions/160/wf--sm-upgrade
156,2025-11-29,exact,161,Thunderstruck,,thunderstruck,COSMETICS,expired,https://www.futbin.com/26/evolutions/161/thunderstruck
157,2025-11-30,exact,162,Magician of the Right,,magician-of-the-right,EVOLUTIONS,expired,https://www.futbin.com/26/evolutions/162/magician-of-the-right
158,2025-12-01,exact,163,Between the Sticks,,between-the-sticks,EVOLUTIONS,expired,https://www.futbin.com/26/evolutions/163/between-the-sticks
159,2025-12-02,inferred,164,Bend it Like,,bend-it-like,REWARDS,expired,https://www.futbin.com/26/evolutions/164/bend-it-like
160,2025-12-03,exact,165,Airborne,,airborne,EVOLUTIONS,expired,https://www.futbin.com/26/evolutions/165/airborne
161,2025-12-05,exact,166,The Wizard,,the-wizard,EVOLUTIONS,expired,https://www.futbin.com/26/evolutions/166/the-wizard
162,2025-12-06,inferred,167,Tricks and Flicks,,tricks-and-flicks,EVOLUTIONS,expired,https://www.futbin.com/26/evolutions/167/tricks-and-flicks
163,2025-12-06,exact,168,Chance Creator,,chance-creator,EVOLUTIONS,expired,https://www.futbin.com/26/evolutions/168/chance-creator
164,2025-12-06,exact,169,Joga Bonito,,joga-bonito,COSMETICS,expired,https://www.futbin.com/26/evolutions/169/joga-bonito
165,2025-12-07,inferred,170,Skill Moves Master,,skill-moves-master,REWARDS,expired,https://www.futbin.com/26/evolutions/170/skill-moves-master
166,2025-12-07,exact,171,Silver Skiller,,silver-skiller,EVOLUTIONS,expired,https://www.futbin.com/26/evolutions/171/silver-skiller
167,2025-12-07,inferred,172,Brazil Silver Skiller,,brazil-silver-skiller,REWARDS,expired,https://www.futbin.com/26/evolutions/172/brazil-silver-skiller
168,2025-12-08,inferred,173,Shadow Striker++,,shadow-striker,REWARDS,expired,https://www.futbin.com/26/evolutions/173/shadow-striker
169,2025-12-08,inferred,174,Positional Excellence,,positional-excellence,REWARDS,expired,https://www.futbin.com/26/evolutions/174/positional-excellence
170,2025-12-09,inferred,175,First Touch+,,first-touch,REWARDS,expired,https://www.futbin.com/26/evolutions/175/first-touch
171,2025-12-09,exact,176,The Controller,,the-controller,EVOLUTIONS,expired,https://www.futbin.com/26/evolutions/176/the-controller
172,2025-12-10,exact,177,Keep Composed,,keep-composed,EVOLUTIONS,expired,https://www.futbin.com/26/evolutions/177/keep-composed
173,2025-12-11,exact,178,Shots Fired,,shots-fired,EVOLUTIONS,expired,https://www.futbin.com/26/evolutions/178/shots-fired
174,2025-12-12,exact,179,Wake Up,,wake-up,EVOLUTIONS,expired,https://www.futbin.com/26/evolutions/179/wake-up
175,2025-12-12,exact,180,The Little Magician,,the-little-magician,EVOLUTIONS,expired,https://www.futbin.com/26/evolutions/180/the-little-magician
176,2025-12-13,exact,181,Athlete Lab,,athlete-lab,EVOLUTIONS,expired,https://www.futbin.com/26/evolutions/181/athlete-lab
177,2025-12-13,exact,182,Cornerstones,,cornerstones,COSMETICS,expired,https://www.futbin.com/26/evolutions/182/cornerstones
178,2025-12-13,exact,183,FOF: Captains,,fof-captains,COSMETICS,expired,https://www.futbin.com/26/evolutions/183/fof-captains
179,2025-12-13,inferred,184,Brute Finisher,,brute-finisher,REWARDS,expired,https://www.futbin.com/26/evolutions/184/brute-finisher
180,2025-12-13,inferred,185,Pumping Iron,,pumping-iron,REWARDS,expired,https://www.futbin.com/26/evolutions/185/pumping-iron
181,2025-12-14,inferred,186,Fast Feet,,fast-feet,REWARDS,expired,https://www.futbin.com/26/evolutions/186/fast-feet
182,2025-12-14,inferred,187,"Work hard, Pass Hard",,work-hard-pass-hard,REWARDS,expired,https://www.futbin.com/26/evolutions/187/work-hard-pass-hard
183,2025-12-14,exact,188,Keep Good Kompany,,keep-good-kompany,EVOLUTIONS,expired,https://www.futbin.com/26/evolutions/188/keep-good-kompany
184,2025-12-15,inferred,189,Enforcer,,enforcer,REWARDS,expired,https://www.futbin.com/26/evolutions/189/enforcer
185,2025-12-15,inferred,190,Technical+,,technical,REWARDS,expired,https://www.futbin.com/26/evolutions/190/technical
186,2025-12-16,inferred,191,Advanced Forward++,,advanced-forward,REWARDS,expired,https://www.futbin.com/26/evolutions/191/advanced-forward
187,2025-12-17,inferred,192,Sticky Shoes,,sticky-shoes,REWARDS,expired,https://www.futbin.com/26/evolutions/192/sticky-shoes
188,2025-12-17,inferred,193,Package Delivery,,package-delivery,EVOLUTIONS,expired,https://www.futbin.com/26/evolutions/193/package-delivery
189,2025-12-18,exact,194,The Bandit,,the-bandit,EVOLUTIONS,expired,https://www.futbin.com/26/evolutions/194/the-bandit
190,2025-12-18,exact,195,Thunder It In,,thunder-it-in,EVOLUTIONS,expired,https://www.futbin.com/26/evolutions/195/thunder-it-in
191,2025-12-18,exact,196,Left Sided Attacker,,left-sided-attacker,EVOLUTIONS,expired,https://www.futbin.com/26/evolutions/196/left-sided-attacker
192,2025-12-18,exact,197,Right Sided Attacker,,right-sided-attacker,EVOLUTIONS,expired,https://www.futbin.com/26/evolutions/197/right-sided-attacker
193,2025-12-19,inferred,198,Frostbite Finisher,,frostbite-finisher,EVOLUTIONS,expired,https://www.futbin.com/26/evolutions/198/frostbite-finisher
194,2025-12-19,exact,199,GK Roles++,,gk-roles,ROLES,expired,https://www.futbin.com/26/evolutions/199/gk-roles
195,2025-12-19,exact,200,LB Roles++,,lb-roles,ROLES,expired,https://www.futbin.com/26/evolutions/200/lb-roles
196,2025-12-19,exact,201,RB Roles++,,rb-roles,ROLES,expired,https://www.futbin.com/26/evolutions/201/rb-roles
197,2025-12-19,exact,202,CB Roles++,,cb-roles,ROLES,expired,https://www.futbin.com/26/evolutions/202/cb-roles
198,2025-12-19,exact,203,CDM Roles++,,cdm-roles,ROLES,expired,https://www.futbin.com/26/evolutions/203/cdm-roles
199,2025-12-19,exact,204,Winter Wildcards Red Icon,,winter-wildcards-red-icon,COSMETICS,expired,https://www.futbin.com/26/evolutions/204/winter-wildcards-red-icon
200,2025-12-19,inferred,205,Left Protector,,left-protector,REWARDS,expired,https://www.futbin.com/26/evolutions/205/left-protector
201,2025-12-19,inferred,206,RW Winger++,,rw-winger,REWARDS,expired,https://www.futbin.com/26/evolutions/206/rw-winger
202,2025-12-20,inferred,207,Enforcer,,enforcer,REWARDS,expired,https://www.futbin.com/26/evolutions/207/enforcer
203,2025-12-20,inferred,208,Technical+,,technical,REWARDS,expired,https://www.futbin.com/26/evolutions/208/technical
204,2025-12-20,exact,209,Passing Perfectionist,,passing-perfectionist,EVOLUTIONS,expired,https://www.futbin.com/26/evolutions/209/passing-perfectionist
205,2025-12-20,exact,210,Stay Frosty,,stay-frosty,EVOLUTIONS,expired,https://www.futbin.com/26/evolutions/210/stay-frosty
206,2025-12-21,exact,211,Chilling Wingback,,chilling-wingback,EVOLUTIONS,expired,https://www.futbin.com/26/evolutions/211/chilling-wingback
207,2025-12-22,inferred,212,CDM Holding++,,cdm-holding,REWARDS,expired,https://www.futbin.com/26/evolutions/212/cdm-holding
208,2025-12-22,inferred,213,Relentless+,,relentless,REWARDS,expired,https://www.futbin.com/26/evolutions/213/relentless
209,2025-12-23,exact,214,Attacking Freeze,,attacking-freeze,EVOLUTIONS,expired,https://www.futbin.com/26/evolutions/214/attacking-freeze
210,2025-12-24,exact,215,Icy Precision,,icy-precision,EVOLUTIONS,expired,https://www.futbin.com/26/evolutions/215/icy-precision
211,2025-12-24,inferred,221,Architect,,architect,REWARDS,expired,https://www.futbin.com/26/evolutions/221/architect
212,2025-12-24,inferred,228,Read and React - Season 4 (p) Lvl 10,,read-and-react-season-4-p-lvl-10,REWARDS,expired,https://www.futbin.com/26/evolutions/228/read-and-react-season-4-p-lvl-10
213,2025-12-24,inferred,229,Brute Defense - Season 4 Lvl 20,,brute-defense-season-4-lvl-20,REWARDS,expired,https://www.futbin.com/26/evolutions/229/brute-defense-season-4-lvl-20
214,2025-12-25,inferred,230,Proper Passer,,proper-passer,REWARDS,expired,https://www.futbin.com/26/evolutions/230/proper-passer
215,2025-12-25,inferred,231,Grasscutter - Season 4 (p) Lvl 20,,grasscutter-season-4-p-lvl-20,REWARDS,expired,https://www.futbin.com/26/evolutions/231/grasscutter-season-4-p-lvl-20
216,2025-12-25,inferred,232,Right Side Trickster - Season 4 Lvl 26,,right-side-trickster-season-4-lvl-26,REWARDS,expired,https://www.futbin.com/26/evolutions/232/right-side-trickster-season-4-lvl-26
217,2025-12-25,inferred,236,Left Side Trickster - Season 4 Lvl 26,,left-side-trickster-season-4-lvl-26,REWARDS,expired,https://www.futbin.com/26/evolutions/236/left-side-trickster-season-4-lvl-26
218,2025-12-25,inferred,237,RW Roles++ - Season 4 (p) Lvl 26,,rw-roles-season-4-p-lvl-26,REWARDS,expired,https://www.futbin.com/26/evolutions/237/rw-roles-season-4-p-lvl-26
219,2025-12-25,inferred,238,LW Roles++ - Season 4 (p) Lvl 26,,lw-roles-season-4-p-lvl-26,REWARDS,expired,https://www.futbin.com/26/evolutions/238/lw-roles-season-4-p-lvl-26
220,2025-12-25,inferred,242,Technical+,,technical,REWARDS,expired,https://www.futbin.com/26/evolutions/242/technical
221,2025-12-25,inferred,243,Get a Move On! Season 4 (p) Lvl 34,,get-a-move-on-season-4-p-lvl-34,REWARDS,expired,https://www.futbin.com/26/evolutions/243/get-a-move-on-season-4-p-lvl-34
222,2025-12-25,inferred,244,Finesse Shot+ - Season 4 (p) Lvl 36,,finesse-shot-season-4-p-lvl-36,REWARDS,expired,https://www.futbin.com/26/evolutions/244/finesse-shot-season-4-p-lvl-36
223,2025-12-25,exact,245,Snow Shadow,,snow-shadow,EVOLUTIONS,expired,https://www.futbin.com/26/evolutions/245/snow-shadow
224,2025-12-25,inferred,246,Ball on a string - Season 4 (p) Lvl 33,,ball-on-a-string-season-4-p-lvl-33,REWARDS,expired,https://www.futbin.com/26/evolutions/246/ball-on-a-string-season-4-p-lvl-33
225,2025-12-26,inferred,247,Stopped in its Tracks - Season 4 (p) Lvl 23,,stopped-in-its-tracks-season-4-p-lvl-23,REWARDS,expired,https://www.futbin.com/26/evolutions/247/stopped-in-its-tracks-season-4-p-lvl-23
226,2025-12-26,exact,248,Winter Wall,,winter-wall,EVOLUTIONS,expired,https://www.futbin.com/26/evolutions/248/winter-wall
227,2025-12-26,exact,249,CM Roles++,,cm-roles,ROLES,expired,https://www.futbin.com/26/evolutions/249/cm-roles
228,2025-12-26,exact,250,CAM Roles++,,cam-roles,ROLES,expired,https://www.futbin.com/26/evolutions/250/cam-roles
229,2025-12-26,exact,251,LW Roles++,,lw-roles,ROLES,expired,https://www.futbin.com/26/evolutions/251/lw-roles
230,2025-12-26,exact,252,RW Roles++,,rw-roles,ROLES,expired,https://www.futbin.com/26/evolutions/252/rw-roles
231,2025-12-26,exact,253,ST Roles++,,st-roles,ROLES,expired,https://www.futbin.com/26/evolutions/253/st-roles
232,2025-12-27,exact,254,Frosty Dribbler,,frosty-dribbler,EVOLUTIONS,expired,https://www.futbin.com/26/evolutions/254/frosty-dribbler
233,2025-12-27,exact,255,Leading the Line,,leading-the-line,EVOLUTIONS,expired,https://www.futbin.com/26/evolutions/255/leading-the-line
234,2025-12-28,exact,256,Glacial Creator,,glacial-creator,EVOLUTIONS,expired,https://www.futbin.com/26/evolutions/256/glacial-creator
235,2025-12-30,exact,257,Balancing Act,,balancing-act,EVOLUTIONS,expired,https://www.futbin.com/26/evolutions/257/balancing-act
236,2025-12-31,exact,258,I Can See You,,i-can-see-you,EVOLUTIONS,expired,https://www.futbin.com/26/evolutions/258/i-can-see-you
237,2026-01-01,exact,259,New Year Overdrive,,new-year-overdrive,EVOLUTIONS,expired,https://www.futbin.com/26/evolutions/259/new-year-overdrive
238,2026-01-02,exact,260,Plenty of time Left,,plenty-of-time-left,EVOLUTIONS,expired,https://www.futbin.com/26/evolutions/260/plenty-of-time-left
239,2026-01-03,exact,261,Fresh Legs,,fresh-legs,EVOLUTIONS,expired,https://www.futbin.com/26/evolutions/261/fresh-legs
240,2026-01-03,exact,262,Time Warp,,time-warp,COSMETICS,expired,https://www.futbin.com/26/evolutions/262/time-warp
241,2026-01-04,inferred,263,Silver Passer,,silver-passer,REWARDS,expired,https://www.futbin.com/26/evolutions/263/silver-passer
242,2026-01-04,exact,264,Peak Endurance,,peak-endurance,EVOLUTIONS,expired,https://www.futbin.com/26/evolutions/264/peak-endurance
243,2026-01-05,inferred,265,Timeless Talent,,timeless-talent,REWARDS,expired,https://www.futbin.com/26/evolutions/265/timeless-talent
244,2026-01-05,inferred,266,Progressing Along,,progressing-along,EVOLUTIONS,expired,https://www.futbin.com/26/evolutions/266/progressing-along
245,2026-01-06,exact,267,Time Traveler,,time-traveler,TRAINING CAMP,expired,https://www.futbin.com/26/evolutions/267/time-traveler
246,2026-01-08,inferred,271,Out Wide,,out-wide,REWARDS,expired,https://www.futbin.com/26/evolutions/271/out-wide
247,2026-01-08,exact,272,Fountain of Youth,,fountain-of-youth,EVOLUTIONS,expired,https://www.futbin.com/26/evolutions/272/fountain-of-youth
248,2026-01-09,exact,273,Helping Hand,,helping-hand,EVOLUTIONS,expired,https://www.futbin.com/26/evolutions/273/helping-hand
249,2026-01-10,exact,274,Net Results,,net-results,EVOLUTIONS,expired,https://www.futbin.com/26/evolutions/274/net-results
250,2026-01-11,inferred,275,Time Warp Icon,,time-warp-icon,COSMETICS,expired,https://www.futbin.com/26/evolutions/275/time-warp-icon
251,2026-01-12,exact,276,Just Passing By,,just-passing-by,EVOLUTIONS,expired,https://www.futbin.com/26/evolutions/276/just-passing-by
252,2026-01-13,exact,277,Warming Up,,warming-up,EVOLUTIONS,expired,https://www.futbin.com/26/evolutions/277/warming-up
253,2026-01-13,inferred,278,Jockey,,jockey,REWARDS,expired,https://www.futbin.com/26/evolutions/278/jockey
254,2026-01-13,inferred,279,Intercept,,intercept,REWARDS,expired,https://www.futbin.com/26/evolutions/279/intercept
255,2026-01-13,inferred,280,Deflector+,,deflector,REWARDS,expired,https://www.futbin.com/26/evolutions/280/deflector
256,2026-01-14,inferred,284,Pinged and Incisive Pass,,pinged-and-incisive-pass,REWARDS,expired,https://www.futbin.com/26/evolutions/284/pinged-and-incisive-pass
257,2026-01-14,exact,285,Repair Time,,repair-time,EVOLUTIONS,expired,https://www.futbin.com/26/evolutions/285/repair-time
258,2026-01-14,inferred,286,The Wizard,,the-wizard,REWARDS,active,https://www.futbin.com/26/evolutions/286/the-wizard
259,2026-01-15,inferred,290,Gamechanger,,gamechanger,REWARDS,expired,https://www.futbin.com/26/evolutions/290/gamechanger
260,2026-01-16,inferred,291,Low Driven Shot,,low-driven-shot,REWARDS,expired,https://www.futbin.com/26/evolutions/291/low-driven-shot
261,2026-01-16,exact,292,New Boots,,new-boots,EVOLUTIONS,expired,https://www.futbin.com/26/evolutions/292/new-boots
262,2026-01-16,exact,293,Build your TOTY HM EVO,,build-your-toty-hm-evo,BUILD YOUR TOTY HM,expired,https://www.futbin.com/26/evolutions/293/build-your-toty-hm-evo
263,2026-01-16,exact,294,TOTY HM CM Builder,,toty-hm-cm-builder,BUILD YOUR TOTY HM,expired,https://www.futbin.com/26/evolutions/294/toty-hm-cm-builder
264,2026-01-16,exact,295,TOTY HM CDM Builder,,toty-hm-cdm-builder,BUILD YOUR TOTY HM,expired,https://www.futbin.com/26/evolutions/295/toty-hm-cdm-builder
265,2026-01-16,exact,296,TOTY HM CAM Builder,,toty-hm-cam-builder,BUILD YOUR TOTY HM,expired,https://www.futbin.com/26/evolutions/296/toty-hm-cam-builder
266,2026-01-16,inferred,298,Quick Step,,quick-step,REWARDS,expired,https://www.futbin.com/26/evolutions/298/quick-step
267,2026-01-16,inferred,299,Positional Excellence,,positional-excellence,REWARDS,expired,https://www.futbin.com/26/evolutions/299/positional-excellence
268,2026-01-17,inferred,300,CB to CDM,,cb-to-cdm,REWARDS,expired,https://www.futbin.com/26/evolutions/300/cb-to-cdm
269,2026-01-17,inferred,301,LM/RM to CM,,lmrm-to-cm,REWARDS,expired,https://www.futbin.com/26/evolutions/301/lmrm-to-cm
270,2026-01-17,inferred,302,ST to CAM,,st-to-cam,REWARDS,expired,https://www.futbin.com/26/evolutions/302/st-to-cam
271,2026-01-17,exact,303,Strike like Kylian,,strike-like-kylian,EVOLUTIONS,expired,https://www.futbin.com/26/evolutions/303/strike-like-kylian
272,2026-01-18,exact,304,Give & Go,,give--go,EVOLUTIONS,expired,https://www.futbin.com/26/evolutions/304/give--go
273,2026-01-18,inferred,305,CB Roles++ & Intercept,,cb-roles--intercept,REWARDS,expired,https://www.futbin.com/26/evolutions/305/cb-roles--intercept
274,2026-01-18,inferred,306,Tiki Taka+,,tiki-taka,REWARDS,expired,https://www.futbin.com/26/evolutions/306/tiki-taka
275,2026-01-19,inferred,307,Second Wind,,second-wind,REWARDS,expired,https://www.futbin.com/26/evolutions/307/second-wind
276,2026-01-19,inferred,308,Defensive Instincts,,defensive-instincts,REWARDS,expired,https://www.futbin.com/26/evolutions/308/defensive-instincts
277,2026-01-19,exact,309,Royal Winger,,royal-winger,EVOLUTIONS,expired,https://www.futbin.com/26/evolutions/309/royal-winger
278,2026-01-19,inferred,310,Far Reach,,far-reach,REWARDS,expired,https://www.futbin.com/26/evolutions/310/far-reach
279,2026-01-20,inferred,311,Pinged Pass+,,pinged-pass,REWARDS,expired,https://www.futbin.com/26/evolutions/311/pinged-pass
280,2026-01-20,exact,312,Ultimate Fullback,,ultimate-fullback,EVOLUTIONS,expired,https://www.futbin.com/26/evolutions/312/ultimate-fullback
281,2026-01-20,exact,313,Ultimate Fullback,,ultimate-fullback,EVOLUTIONS,expired,https://www.futbin.com/26/evolutions/313/ultimate-fullback
282,2026-01-21,exact,314,Block Party,,block-party,EVOLUTIONS,expired,https://www.futbin.com/26/evolutions/314/block-party
283,2026-01-22,exact,315,Golden Gloves,,golden-gloves,EVOLUTIONS,expired,https://www.futbin.com/26/evolutions/315/golden-gloves
284,2026-01-22,inferred,316,Defensive Instincts,,defensive-instincts,REWARDS,expired,https://www.futbin.com/26/evolutions/316/defensive-instincts
285,2026-01-23,inferred,317,Inside Edge,,inside-edge,EVOLUTIONS,expired,https://www.futbin.com/26/evolutions/317/inside-edge
286,2026-01-23,inferred,318,Get Stuck In,,get-stuck-in,EVOLUTIONS,expired,https://www.futbin.com/26/evolutions/318/get-stuck-in
287,2026-01-23,exact,319,TOTY HM Press Proven+,,toty-hm-press-proven,BUILD YOUR TOTY HM,expired,https://www.futbin.com/26/evolutions/319/toty-hm-press-proven
288,2026-01-23,exact,320,TOTY HM First Touch+,,toty-hm-first-touch,BUILD YOUR TOTY HM,expired,https://www.futbin.com/26/evolutions/320/toty-hm-first-touch
289,2026-01-23,exact,321,TOTY HM Long Ball Pass+,,toty-hm-long-ball-pass,BUILD YOUR TOTY HM,expired,https://www.futbin.com/26/evolutions/321/toty-hm-long-ball-pass
290,2026-01-24,inferred,322,Swift Footwork,,swift-footwork,REWARDS,expired,https://www.futbin.com/26/evolutions/322/swift-footwork
291,2026-01-24,exact,323,Let me be Franck,,let-me-be-franck,EVOLUTIONS,expired,https://www.futbin.com/26/evolutions/323/let-me-be-franck
292,2026-01-24,exact,324,TOTY Icon,,toty-icon,COSMETICS,expired,https://www.futbin.com/26/evolutions/324/toty-icon
293,2026-01-24,exact,325,TOTY Honourable Mentions,,toty-honourable-mentions,COSMETICS,expired,https://www.futbin.com/26/evolutions/325/toty-honourable-mentions
294,2026-01-25,inferred,329,Pristine Control,,pristine-control,REWARDS,expired,https://www.futbin.com/26/evolutions/329/pristine-control
295,2026-01-25,exact,330,Power Play,,power-play,EVOLUTIONS,expired,https://www.futbin.com/26/evolutions/330/power-play
296,2026-01-26,inferred,331,Get Low,,get-low,REWARDS,expired,https://www.futbin.com/26/evolutions/331/get-low
297,2026-01-26,exact,332,The Crab Walk,,the-crab-walk,EVOLUTIONS,expired,https://www.futbin.com/26/evolutions/332/the-crab-walk
298,2026-01-27,exact,333,Creative Director,,creative-director,EVOLUTIONS,expired,https://www.futbin.com/26/evolutions/333/creative-director
299,2026-01-28,inferred,334,Explode Into Space,,explode-into-space,REWARDS,expired,https://www.futbin.com/26/evolutions/334/explode-into-space
300,2026-01-28,exact,335,Line Breaker,,line-breaker,EVOLUTIONS,expired,https://www.futbin.com/26/evolutions/335/line-breaker
301,2026-01-28,inferred,336,Sharpshooter - Season 5 Lvl 8,,sharpshooter-season-5-lvl-8,REWARDS,expired,https://www.futbin.com/26/evolutions/336/sharpshooter-season-5-lvl-8
302,2026-01-28,inferred,339,Dribble Mastery - Season 5 Lvl 8,,dribble-mastery-season-5-lvl-8,REWARDS,expired,https://www.futbin.com/26/evolutions/339/dribble-mastery-season-5-lvl-8
303,2026-01-28,inferred,340,Burst Boost - Season 5 (p) Lvl 10,,burst-boost-season-5-p-lvl-10,REWARDS,expired,https://www.futbin.com/26/evolutions/340/burst-boost-season-5-p-lvl-10
304,2026-01-28,inferred,341,Wall in the Back - Season 5 (p) Lvl 13,,wall-in-the-back-season-5-p-lvl-13,REWARDS,expired,https://www.futbin.com/26/evolutions/341/wall-in-the-back-season-5-p-lvl-13
305,2026-01-28,inferred,342,CAM Command - Season 5 (p) Lvl 18,,cam-command-season-5-p-lvl-18,REWARDS,expired,https://www.futbin.com/26/evolutions/342/cam-command-season-5-p-lvl-18
306,2026-01-29,inferred,343,Versatile Striker - Season 5 (p) Lvl 18,,versatile-striker-season-5-p-lvl-18,REWARDS,expired,https://www.futbin.com/26/evolutions/343/versatile-striker-season-5-p-lvl-18
307,2026-01-29,inferred,344,Intercept Engine - Season 5 Lvl 21,,intercept-engine-season-5-lvl-21,REWARDS,expired,https://www.futbin.com/26/evolutions/344/intercept-engine-season-5-lvl-21
308,2026-01-29,inferred,345,Precision Passer - Season 5 (p) Lvl 1,,precision-passer-season-5-p-lvl-1,REWARDS,expired,https://www.futbin.com/26/evolutions/345/precision-passer-season-5-p-lvl-1
309,2026-01-29,inferred,346,Relentless Shield - Season 5 Lvl 21,,relentless-shield-season-5-lvl-21,REWARDS,expired,https://www.futbin.com/26/evolutions/346/relentless-shield-season-5-lvl-21
310,2026-01-29,inferred,347,Bulking Season - Season 5 (p) Lvl 24,,bulking-season-season-5-p-lvl-24,REWARDS,expired,https://www.futbin.com/26/evolutions/347/bulking-season-season-5-p-lvl-24
311,2026-01-29,inferred,348,New Spark - Season 5 Lvl 28,,new-spark-season-5-lvl-28,REWARDS,expired,https://www.futbin.com/26/evolutions/348/new-spark-season-5-lvl-28
312,2026-01-29,inferred,349,Anticipate+ - Season 5 (p) Lvl 28,,anticipate-season-5-p-lvl-28,REWARDS,expired,https://www.futbin.com/26/evolutions/349/anticipate-season-5-p-lvl-28
313,2026-01-29,inferred,350,In All Areas - Season 5 (p) Lvl 26,,in-all-areas-season-5-p-lvl-26,REWARDS,expired,https://www.futbin.com/26/evolutions/350/in-all-areas-season-5-p-lvl-26
314,2026-01-29,exact,351,The Tiki Tactician,,the-tiki-tactician,EVOLUTIONS,expired,https://www.futbin.com/26/evolutions/351/the-tiki-tactician
315,2026-01-29,inferred,352,FS Academy Debut Attackers,,fs-academy-debut-attackers,FS ACADEMY,expired,https://www.futbin.com/26/evolutions/352/fs-academy-debut-attackers
316,2026-01-30,inferred,353,FS Academy Debut Midfielders,,fs-academy-debut-midfielders,FS ACADEMY,expired,https://www.futbin.com/26/evolutions/353/fs-academy-debut-midfielders
317,2026-01-30,inferred,354,FS Academy Debut Defender,,fs-academy-debut-defender,FS ACADEMY,expired,https://www.futbin.com/26/evolutions/354/fs-academy-debut-defender
318,2026-01-30,exact,355,LB Roles++,,lb-roles,FS ACADEMY - ROLES,expired,https://www.futbin.com/26/evolutions/355/lb-roles
319,2026-01-30,exact,356,CM Roles++,,cm-roles,FS ACADEMY - ROLES,expired,https://www.futbin.com/26/evolutions/356/cm-roles
320,2026-01-30,exact,357,RB Roles++,,rb-roles,FS ACADEMY - ROLES,expired,https://www.futbin.com/26/evolutions/357/rb-roles
321,2026-01-30,inferred,358,CDM Roles++,,cdm-roles,FS ACADEMY - ROLES,expired,https://www.futbin.com/26/evolutions/358/cdm-roles
322,2026-01-30,exact,359,CB Roles++,,cb-roles,FS ACADEMY - ROLES,expired,https://www.futbin.com/26/evolutions/359/cb-roles
323,2026-01-30,exact,360,LW Roles++,,lw-roles,FS ACADEMY - ROLES,expired,https://www.futbin.com/26/evolutions/360/lw-roles
324,2026-01-30,exact,361,LM Roles++,,lm-roles,FS ACADEMY - ROLES,expired,https://www.futbin.com/26/evolutions/361/lm-roles
325,2026-01-30,inferred,362,ST Roles++,,st-roles,FS ACADEMY - ROLES,expired,https://www.futbin.com/26/evolutions/362/st-roles
326,2026-01-30,exact,363,CAM Roles++,,cam-roles,FS ACADEMY - ROLES,expired,https://www.futbin.com/26/evolutions/363/cam-roles
327,2026-01-30,exact,364,RM Roles++,,rm-roles,FS ACADEMY - ROLES,expired,https://www.futbin.com/26/evolutions/364/rm-roles
328,2026-01-30,exact,365,RW Roles++,,rw-roles,FS ACADEMY - ROLES,expired,https://www.futbin.com/26/evolutions/365/rw-roles
329,2026-01-30,inferred,366,FS Academy Contract,,fs-academy-contract,FS ACADEMY,expired,https://www.futbin.com/26/evolutions/366/fs-academy-contract
330,2026-01-30,inferred,370,Jockey,,jockey,REWARDS,expired,https://www.futbin.com/26/evolutions/370/jockey
331,2026-01-30,inferred,371,Quick Step,,quick-step,REWARDS,expired,https://www.futbin.com/26/evolutions/371/quick-step
332,2026-01-30,inferred,372,Tiki Taka+,,tiki-taka,REWARDS,expired,https://www.futbin.com/26/evolutions/372/tiki-taka
333,2026-01-30,inferred,373,Iconic Defender Glow Up,,iconic-defender-glow-up,REWARDS,expired,https://www.futbin.com/26/evolutions/373/iconic-defender-glow-up
334,2026-01-30,inferred,374,Weak Foot Upgrade,,weak-foot-upgrade,FS ACADEMY,expired,https://www.futbin.com/26/evolutions/374/weak-foot-upgrade
335,2026-01-30,inferred,375,Skill Moves Upgrade,,skill-moves-upgrade,FS ACADEMY,expired,https://www.futbin.com/26/evolutions/375/skill-moves-upgrade
336,2026-01-30,inferred,376,CAM & Roles++,,cam--roles,REWARDS,expired,https://www.futbin.com/26/evolutions/376/cam--roles
337,2026-01-30,inferred,377,Iconic Attacker Glow Up,,iconic-attacker-glow-up,REWARDS,expired,https://www.futbin.com/26/evolutions/377/iconic-attacker-glow-up
338,2026-01-30,inferred,378,Tiki Taka+,,tiki-taka,REWARDS,expired,https://www.futbin.com/26/evolutions/378/tiki-taka
339,2026-01-30,inferred,379,Trickster,,trickster,FS ACADEMY,expired,https://www.futbin.com/26/evolutions/379/trickster
340,2026-01-30,inferred,380,Tiki Taka,,tiki-taka,FS ACADEMY,expired,https://www.futbin.com/26/evolutions/380/tiki-taka
341,2026-01-30,inferred,381,Gamechanger,,gamechanger,FS ACADEMY,expired,https://www.futbin.com/26/evolutions/381/gamechanger
342,2026-01-30,inferred,382,Bruiser,,bruiser,FS ACADEMY,expired,https://www.futbin.com/26/evolutions/382/bruiser
343,2026-01-30,inferred,383,Low Driven,,low-driven,FS ACADEMY,expired,https://www.futbin.com/26/evolutions/383/low-driven
344,2026-01-30,inferred,384,Aerial Fortress,,aerial-fortress,FS ACADEMY,expired,https://www.futbin.com/26/evolutions/384/aerial-fortress
345,2026-01-30,inferred,385,Whipped Pass,,whipped-pass,FS ACADEMY,expired,https://www.futbin.com/26/evolutions/385/whipped-pass
346,2026-01-31,inferred,389,Slide Tackle,,slide-tackle,FS ACADEMY,expired,https://www.futbin.com/26/evolutions/389/slide-tackle
347,2026-01-31,inferred,390,Dead Ball,,dead-ball,FS ACADEMY,expired,https://www.futbin.com/26/evolutions/390/dead-ball
348,2026-01-31,inferred,394,Relentless,,relentless,FS ACADEMY,expired,https://www.futbin.com/26/evolutions/394/relentless
349,2026-01-31,inferred,395,Precision Header,,precision-header,FS ACADEMY,expired,https://www.futbin.com/26/evolutions/395/precision-header
350,2026-01-31,inferred,396,Chip Shot,,chip-shot,FS ACADEMY,expired,https://www.futbin.com/26/evolutions/396/chip-shot
351,2026-01-31,inferred,397,Acrobatic,,acrobatic,EVOLUTIONS,expired,https://www.futbin.com/26/evolutions/397/acrobatic
352,2026-01-31,inferred,398,Power Shot,,power-shot,FS ACADEMY,expired,https://www.futbin.com/26/evolutions/398/power-shot
353,2026-01-31,inferred,399,Inventive,,inventive,FS ACADEMY,expired,https://www.futbin.com/26/evolutions/399/inventive
354,2026-01-31,inferred,400,Long Throw,,long-throw,FS ACADEMY,expired,https://www.futbin.com/26/evolutions/400/long-throw
355,2026-01-31,inferred,401,Block,,block,FS ACADEMY,expired,https://www.futbin.com/26/evolutions/401/block
356,2026-01-31,inferred,403,Rapid+,,rapid,FS ACADEMY,expired,https://www.futbin.com/26/evolutions/403/rapid
357,2026-01-31,inferred,404,Quick Step+,,quick-step,FS ACADEMY,expired,https://www.futbin.com/26/evolutions/404/quick-step
358,2026-01-31,inferred,405,Incisive Pass+,,incisive-pass,FS ACADEMY,expired,https://www.futbin.com/26/evolutions/405/incisive-pass
359,2026-01-31,inferred,406,Intercept+,,intercept,FS ACADEMY,expired,https://www.futbin.com/26/evolutions/406/intercept
360,2026-01-31,inferred,410,Finesse Shot+,,finesse-shot,FS ACADEMY,expired,https://www.futbin.com/26/evolutions/410/finesse-shot
361,2026-01-31,inferred,411,Anticipate+,,anticipate,FS ACADEMY,expired,https://www.futbin.com/26/evolutions/411/anticipate
362,2026-01-31,exact,412,Future No.1,,future-no1,EVOLUTIONS,expired,https://www.futbin.com/26/evolutions/412/future-no1
363,2026-02-01,exact,413,Future Stars Academy RW/LW First XI,,future-stars-academy-rwlw-first-xi,FS ACADEMY,expired,https://www.futbin.com/26/evolutions/413/future-stars-academy-rwlw-first-xi
364,2026-02-01,exact,414,Future Stars Academy LM/RM First XI,,future-stars-academy-lmrm-first-xi,FS ACADEMY,expired,https://www.futbin.com/26/evolutions/414/future-stars-academy-lmrm-first-xi
365,2026-02-01,exact,415,Future Stars Academy CB First XI,,future-stars-academy-cb-first-xi,FS ACADEMY,expired,https://www.futbin.com/26/evolutions/415/future-stars-academy-cb-first-xi
366,2026-02-01,exact,416,Future Stars Academy CM/CDM First XI,,future-stars-academy-cmcdm-first-xi,FS ACADEMY,expired,https://www.futbin.com/26/evolutions/416/future-stars-academy-cmcdm-first-xi
367,2026-02-01,exact,417,Future Stars Academy CM/CAM First XI,,future-stars-academy-cmcam-first-xi,FS ACADEMY,expired,https://www.futbin.com/26/evolutions/417/future-stars-academy-cmcam-first-xi
368,2026-02-01,exact,418,Future Stars Academy ST First XI,,future-stars-academy-st-first-xi,FS ACADEMY,expired,https://www.futbin.com/26/evolutions/418/future-stars-academy-st-first-xi
369,2026-02-01,exact,419,FS Academy Club Legend Attackers,,fs-academy-club-legend-attackers,FS ACADEMY,expired,https://www.futbin.com/26/evolutions/419/fs-academy-club-legend-attackers
370,2026-02-01,exact,420,FS Academy Club Legend Defenders,,fs-academy-club-legend-defenders,FS ACADEMY,expired,https://www.futbin.com/26/evolutions/420/fs-academy-club-legend-defenders
371,2026-02-01,exact,421,FS Academy Club Legend Midfielders,,fs-academy-club-legend-midfielders,FS ACADEMY,expired,https://www.futbin.com/26/evolutions/421/fs-academy-club-legend-midfielders
372,2026-02-01,exact,422,Future Stars Academy LB/RB First XI,,future-stars-academy-lbrb-first-xi,FS ACADEMY,expired,https://www.futbin.com/26/evolutions/422/future-stars-academy-lbrb-first-xi
373,2026-02-01,inferred,423,Pinged Pass+,,pinged-pass,FS ACADEMY,expired,https://www.futbin.com/26/evolutions/423/pinged-pass
374,2026-02-01,inferred,424,Technical+,,technical,FS ACADEMY,expired,https://www.futbin.com/26/evolutions/424/technical
375,2026-02-01,inferred,425,First Touch+,,first-touch,FS ACADEMY,expired,https://www.futbin.com/26/evolutions/425/first-touch
376,2026-02-02,inferred,426,Jockey+,,jockey,FS ACADEMY,expired,https://www.futbin.com/26/evolutions/426/jockey
377,2026-02-02,inferred,428,Press Proven+,,press-proven,FS ACADEMY,expired,https://www.futbin.com/26/evolutions/428/press-proven
378,2026-02-02,inferred,429,Long Ball Pass+,,long-ball-pass,FS ACADEMY,expired,https://www.futbin.com/26/evolutions/429/long-ball-pass
379,2026-02-02,exact,430,Up in the Air,,up-in-the-air,EVOLUTIONS,expired,https://www.futbin.com/26/evolutions/430/up-in-the-air
380,2026-02-02,inferred,431,5* Weak Foot,,5-weak-foot,FS ACADEMY,expired,https://www.futbin.com/26/evolutions/431/5-weak-foot
381,2026-02-03,inferred,436,Intercept,,intercept,REWARDS,expired,https://www.futbin.com/26/evolutions/436/intercept
382,2026-02-03,inferred,437,Rapid+,,rapid,REWARDS,expired,https://www.futbin.com/26/evolutions/437/rapid
383,2026-02-03,inferred,438,5* Skill Moves,,5-skill-moves,FS ACADEMY,expired,https://www.futbin.com/26/evolutions/438/5-skill-moves
384,2026-02-03,inferred,439,Incisive Pass+,,incisive-pass,REWARDS,expired,https://www.futbin.com/26/evolutions/439/incisive-pass
385,2026-02-03,inferred,440,Agile Maestro,,agile-maestro,REWARDS,expired,https://www.futbin.com/26/evolutions/440/agile-maestro
386,2026-02-03,exact,441,Link-Up Boost,,link-up-boost,EVOLUTIONS,expired,https://www.futbin.com/26/evolutions/441/link-up-boost
387,2026-02-05,exact,442,Technical Institute,,technical-institute,EVOLUTIONS,expired,https://www.futbin.com/26/evolutions/442/technical-institute
388,2026-02-06,exact,443,Meeks Mode,,meeks-mode,EVOLUTIONS,expired,https://www.futbin.com/26/evolutions/443/meeks-mode
389,2026-02-06,inferred,447,Anticipate,,anticipate,REWARDS,expired,https://www.futbin.com/26/evolutions/447/anticipate
390,2026-02-07,inferred,448,Jockey+,,jockey,REWARDS,expired,https://www.futbin.com/26/evolutions/448/jockey
391,2026-02-07,inferred,449,5 Stars Skill Moves Upgrade,,5-stars-skill-moves-upgrade,FS ACADEMY,expired,https://www.futbin.com/26/evolutions/449/5-stars-skill-moves-upgrade
392,2026-02-07,inferred,450,5 Stars Weak Foot Upgrade,,5-stars-weak-foot-upgrade,FS ACADEMY,expired,https://www.futbin.com/26/evolutions/450/5-stars-weak-foot-upgrade
393,2026-02-07,inferred,451,Future Stars Academy II,,future-stars-academy-ii,FS ACADEMY,expired,https://www.futbin.com/26/evolutions/451/future-stars-academy-ii
394,2026-02-07,inferred,452,Finesse Shot,,finesse-shot,REWARDS,expired,https://www.futbin.com/26/evolutions/452/finesse-shot
395,2026-02-07,exact,453,Hold & Play,,hold--play,EVOLUTIONS,expired,https://www.futbin.com/26/evolutions/453/hold--play
396,2026-02-07,exact,454,Future Stars,,future-stars,COSMETICS,expired,https://www.futbin.com/26/evolutions/454/future-stars
397,2026-02-08,exact,455,The Prince from Arenys,,the-prince-from-arenys,EVOLUTIONS,expired,https://www.futbin.com/26/evolutions/455/the-prince-from-arenys
398,2026-02-09,inferred,456,Pinged Pass,,pinged-pass,REWARDS,expired,https://www.futbin.com/26/evolutions/456/pinged-pass
399,2026-02-09,exact,457,Make the Link,,make-the-link,EVOLUTIONS,expired,https://www.futbin.com/26/evolutions/457/make-the-link
400,2026-02-10,exact,458,The Duck,,the-duck,EVOLUTIONS,expired,https://www.futbin.com/26/evolutions/458/the-duck
401,2026-02-11,exact,459,Shove Off,,shove-off,EVOLUTIONS,expired,https://www.futbin.com/26/evolutions/459/shove-off
402,2026-02-12,exact,460,That Ball is Mine,,that-ball-is-mine,EVOLUTIONS,expired,https://www.futbin.com/26/evolutions/460/that-ball-is-mine
403,2026-02-13,inferred,461,Crowned Maestro,,crowned-maestro,EVOLUTIONS,expired,https://www.futbin.com/26/evolutions/461/crowned-maestro
404,2026-02-13,exact,462,GK Roles++,,gk-roles,ROLES,expired,https://www.futbin.com/26/evolutions/462/gk-roles
405,2026-02-13,exact,463,LB Roles++,,lb-roles,ROLES,expired,https://www.futbin.com/26/evolutions/463/lb-roles
406,2026-02-13,exact,464,RB Roles++,,rb-roles,ROLES,expired,https://www.futbin.com/26/evolutions/464/rb-roles
407,2026-02-13,exact,465,CB Roles++,,cb-roles,ROLES,expired,https://www.futbin.com/26/evolutions/465/cb-roles
408,2026-02-13,exact,466,CDM Roles++,,cdm-roles,ROLES,expired,https://www.futbin.com/26/evolutions/466/cdm-roles
409,2026-02-13,exact,467,CM Roles++,,cm-roles,ROLES,expired,https://www.futbin.com/26/evolutions/467/cm-roles
410,2026-02-13,exact,468,LW Roles++,,lw-roles,ROLES,expired,https://www.futbin.com/26/evolutions/468/lw-roles
411,2026-02-13,exact,469,RW Roles++,,rw-roles,ROLES,expired,https://www.futbin.com/26/evolutions/469/rw-roles
412,2026-02-13,exact,470,ST Roles++,,st-roles,ROLES,expired,https://www.futbin.com/26/evolutions/470/st-roles
413,2026-02-13,exact,471,LM Roles++,,lm-roles,ROLES,expired,https://www.futbin.com/26/evolutions/471/lm-roles
414,2026-02-13,exact,472,RM Roles++,,rm-roles,ROLES,expired,https://www.futbin.com/26/evolutions/472/rm-roles
415,2026-02-13,exact,473,CAM Roles++,,cam-roles,ROLES,expired,https://www.futbin.com/26/evolutions/473/cam-roles
416,2026-02-14,inferred,474,Get your Protein,,get-your-protein,EVOLUTIONS,expired,https://www.futbin.com/26/evolutions/474/get-your-protein
417,2026-02-14,exact,475,Knockout Royalty,,knockout-royalty,COSMETICS,expired,https://www.futbin.com/26/evolutions/475/knockout-royalty
418,2026-02-14,exact,476,Knockout Royalty Icon,,knockout-royalty-icon,COSMETICS,expired,https://www.futbin.com/26/evolutions/476/knockout-royalty-icon
419,2026-02-14,inferred,477,Tiki Taka+,,tiki-taka,REWARDS,expired,https://www.futbin.com/26/evolutions/477/tiki-taka
420,2026-02-14,inferred,478,Block+,,block,REWARDS,expired,https://www.futbin.com/26/evolutions/478/block
421,2026-02-14,inferred,479,Bruiser+,,bruiser,REWARDS,expired,https://www.futbin.com/26/evolutions/479/bruiser
422,2026-02-15,inferred,480,Complete Fnisher,,complete-fnisher,REWARDS,expired,https://www.futbin.com/26/evolutions/480/complete-fnisher
423,2026-02-15,inferred,481,Positional Excellence,,positional-excellence,REWARDS,expired,https://www.futbin.com/26/evolutions/481/positional-excellence
424,2026-02-15,inferred,482,Inside Edge,,inside-edge,REWARDS,active,https://www.futbin.com/26/evolutions/482/inside-edge
425,2026-02-15,exact,483,The Invisible Wall,,the-invisible-wall,EVOLUTIONS,expired,https://www.futbin.com/26/evolutions/483/the-invisible-wall
426,2026-02-16,inferred,484,Box Guardian,,box-guardian,REWARDS,expired,https://www.futbin.com/26/evolutions/484/box-guardian
427,2026-02-16,inferred,485,Footwork+,,footwork,REWARDS,expired,https://www.futbin.com/26/evolutions/485/footwork
428,2026-02-17,exact,486,Just Shoot,,just-shoot,EVOLUTIONS,expired,https://www.futbin.com/26/evolutions/486/just-shoot
429,2026-02-18,exact,487,Refined Flank Runner,,refined-flank-runner,EVOLUTIONS,expired,https://www.futbin.com/26/evolutions/487/refined-flank-runner
430,2026-02-19,exact,488,Mindset Training,,mindset-training,EVOLUTIONS,expired,https://www.futbin.com/26/evolutions/488/mindset-training
431,2026-02-20,exact,489,Fantasy FC Path,,fantasy-fc-path,EVOLUTIONS,expired,https://www.futbin.com/26/evolutions/489/fantasy-fc-path
432,2026-02-20,exact,490,Running Workout,,running-workout,EVOLUTIONS,expired,https://www.futbin.com/26/evolutions/490/running-workout
433,2026-02-21,exact,491,Fantasy Staple,,fantasy-staple,EVOLUTIONS,expired,https://www.futbin.com/26/evolutions/491/fantasy-staple
434,2026-02-21,exact,492,Fantasy FC,,fantasy-fc,COSMETICS,expired,https://www.futbin.com/26/evolutions/492/fantasy-fc
435,2026-02-22,exact,493,Bronze Glow Up,,bronze-glow-up,EVOLUTIONS,expired,https://www.futbin.com/26/evolutions/493/bronze-glow-up
436,2026-02-22,inferred,494,Climb The Ladder,,climb-the-ladder,REWARDS,expired,https://www.futbin.com/26/evolutions/494/climb-the-ladder
437,2026-02-23,inferred,495,Passing Pro,,passing-pro,REWARDS,expired,https://www.futbin.com/26/evolutions/495/passing-pro
438,2026-02-23,inferred,496,Instant Impact,,instant-impact,REWARDS,expired,https://www.futbin.com/26/evolutions/496/instant-impact
439,2026-02-23,exact,497,Going on an Adventure,,going-on-an-adventure,EVOLUTIONS,expired,https://www.futbin.com/26/evolutions/497/going-on-an-adventure
440,2026-02-24,inferred,498,Fantasy Captain ICON,,fantasy-captain-icon,REWARDS,expired,https://www.futbin.com/26/evolutions/498/fantasy-captain-icon
441,2026-02-25,exact,499,Calm & Collected,,calm--collected,EVOLUTIONS,expired,https://www.futbin.com/26/evolutions/499/calm--collected
442,2026-02-26,exact,500,Midfield Dynamo,,midfield-dynamo,EVOLUTIONS,expired,https://www.futbin.com/26/evolutions/500/midfield-dynamo
443,2026-02-27,exact,501,Max Skills,,max-skills,EVOLUTIONS,expired,https://www.futbin.com/26/evolutions/501/max-skills
444,2026-02-27,exact,502,Bench Boost,,bench-boost,EVOLUTIONS,expired,https://www.futbin.com/26/evolutions/502/bench-boost
445,2026-02-27,inferred,503,Set Menu,,set-menu,REWARDS,expired,https://www.futbin.com/26/evolutions/503/set-menu
446,2026-02-28,inferred,504,Inventive+,,inventive,REWARDS,expired,https://www.futbin.com/26/evolutions/504/inventive
447,2026-02-28,exact,505,Fantasy Captain ICON,,fantasy-captain-icon,COSMETICS,expired,https://www.futbin.com/26/evolutions/505/fantasy-captain-icon
448,2026-03-01,inferred,506,Clinical Creator,,clinical-creator,TRAINING CAMP,expired,https://www.futbin.com/26/evolutions/506/clinical-creator
449,2026-03-01,exact,507,Go Long,,go-long,EVOLUTIONS,expired,https://www.futbin.com/26/evolutions/507/go-long
450,2026-03-02,exact,508,Re-Enforced,,re-enforced,EVOLUTIONS,expired,https://www.futbin.com/26/evolutions/508/re-enforced
451,2026-03-03,inferred,509,First Touch+,,first-touch,REWARDS,expired,https://www.futbin.com/26/evolutions/509/first-touch
452,2026-03-03,exact,510,Birthday Warmup,,birthday-warmup,TRAINING CAMP,expired,https://www.futbin.com/26/evolutions/510/birthday-warmup
453,2026-03-05,exact,511,Thunder Strike,,thunder-strike,EVOLUTIONS,expired,https://www.futbin.com/26/evolutions/511/thunder-strike
454,2026-03-05,inferred,512,Trickster Boost,,trickster-boost,REWARDS,expired,https://www.futbin.com/26/evolutions/512/trickster-boost
455,2026-03-05,inferred,513,Cake & Rash,,cake--rash,EVOLUTIONS,expired,https://www.futbin.com/26/evolutions/513/cake--rash
456,2026-03-05,inferred,514,CB Level up,,cb-level-up,EVOLUTIONS,expired,https://www.futbin.com/26/evolutions/514/cb-level-up
457,2026-03-06,inferred,515,Relentless+,,relentless,PREMIUM PS+ BAKERY,expired,https://www.futbin.com/26/evolutions/515/relentless
458,2026-03-06,inferred,516,Quick Step+,,quick-step,PREMIUM PS+ BAKERY,expired,https://www.futbin.com/26/evolutions/516/quick-step
459,2026-03-06,inferred,517,Long Throw+,,long-throw,PREMIUM PS+ BAKERY,expired,https://www.futbin.com/26/evolutions/517/long-throw
460,2026-03-06,exact,518,Acrobatic+,,acrobatic,PREMIUM PS+ BAKERY,expired,https://www.futbin.com/26/evolutions/518/acrobatic
461,2026-03-06,exact,519,Chip Shot+,,chip-shot,PREMIUM PS+ BAKERY,expired,https://www.futbin.com/26/evolutions/519/chip-shot
462,2026-03-06,inferred,520,Enforcer+,,enforcer,PREMIUM PS+ BAKERY,expired,https://www.futbin.com/26/evolutions/520/enforcer
463,2026-03-06,inferred,521,Slide Tackle+,,slide-tackle,PREMIUM PS+ BAKERY,expired,https://www.futbin.com/26/evolutions/521/slide-tackle
464,2026-03-06,exact,522,Dead Ball+,,dead-ball,PREMIUM PS+ BAKERY,expired,https://www.futbin.com/26/evolutions/522/dead-ball
465,2026-03-06,inferred,523,Bruiser+,,bruiser,PREMIUM PS+ BAKERY,expired,https://www.futbin.com/26/evolutions/523/bruiser
466,2026-03-06,exact,524,Finesse Shot+,,finesse-shot,PREMIUM PS+ BAKERY,expired,https://www.futbin.com/26/evolutions/524/finesse-shot
467,2026-03-06,exact,525,Gamechanger+,,gamechanger,PREMIUM PS+ BAKERY,expired,https://www.futbin.com/26/evolutions/525/gamechanger
468,2026-03-06,inferred,526,Jockey+,,jockey,PREMIUM PS+ BAKERY,expired,https://www.futbin.com/26/evolutions/526/jockey
469,2026-03-06,inferred,527,Intercept+,,intercept,PREMIUM PS+ BAKERY,expired,https://www.futbin.com/26/evolutions/527/intercept
470,2026-03-06,exact,528,Low Driven Shot+,,low-driven-shot,PREMIUM PS+ BAKERY,expired,https://www.futbin.com/26/evolutions/528/low-driven-shot
471,2026-03-06,exact,529,Power Shot+,,power-shot,PREMIUM PS+ BAKERY,expired,https://www.futbin.com/26/evolutions/529/power-shot
472,2026-03-06,inferred,530,Block+,,block,PREMIUM PS+ BAKERY,expired,https://www.futbin.com/26/evolutions/530/block
473,2026-03-06,exact,531,Precision Header+,,precision-header,PREMIUM PS+ BAKERY,expired,https://www.futbin.com/26/evolutions/531/precision-header
474,2026-03-06,inferred,532,Anticipate+,,anticipate,PREMIUM PS+ BAKERY,expired,https://www.futbin.com/26/evolutions/532/anticipate
475,2026-03-06,exact,533,Incisive Pass+,,incisive-pass,PREMIUM PS+ BAKERY,expired,https://www.futbin.com/26/evolutions/533/incisive-pass
476,2026-03-06,inferred,534,Aerial Fortress+,,aerial-fortress,PREMIUM PS+ BAKERY,expired,https://www.futbin.com/26/evolutions/534/aerial-fortress
477,2026-03-06,inferred,535,Acrobatic+,,acrobatic,PS+ BAKERY,expired,https://www.futbin.com/26/evolutions/535/acrobatic
478,2026-03-06,inferred,536,Chip Shot+,,chip-shot,PS+ BAKERY,expired,https://www.futbin.com/26/evolutions/536/chip-shot
479,2026-03-06,inferred,537,Dead Ball+,,dead-ball,PS+ BAKERY,expired,https://www.futbin.com/26/evolutions/537/dead-ball
480,2026-03-06,inferred,538,Finesse Shot+,,finesse-shot,PS+ BAKERY,expired,https://www.futbin.com/26/evolutions/538/finesse-shot
481,2026-03-06,inferred,539,Gamechanger+,,gamechanger,PS+ BAKERY,expired,https://www.futbin.com/26/evolutions/539/gamechanger
482,2026-03-06,exact,540,Low Driven Shot+,,low-driven-shot,PS+ BAKERY,expired,https://www.futbin.com/26/evolutions/540/low-driven-shot
483,2026-03-06,exact,541,Power Shot+,,power-shot,PS+ BAKERY,expired,https://www.futbin.com/26/evolutions/541/power-shot
484,2026-03-06,exact,542,Precision Header+,,precision-header,PS+ BAKERY,expired,https://www.futbin.com/26/evolutions/542/precision-header
485,2026-03-06,exact,543,Incisive Pass+,,incisive-pass,PS+ BAKERY,expired,https://www.futbin.com/26/evolutions/543/incisive-pass
486,2026-03-06,exact,544,Inventive+,,inventive,PS+ BAKERY,expired,https://www.futbin.com/26/evolutions/544/inventive
487,2026-03-06,exact,545,Long Ball Pass+,,long-ball-pass,PS+ BAKERY,expired,https://www.futbin.com/26/evolutions/545/long-ball-pass
488,2026-03-06,exact,546,Pinged Pass+,,pinged-pass,PS+ BAKERY,expired,https://www.futbin.com/26/evolutions/546/pinged-pass
489,2026-03-06,exact,547,Tiki Taka+,,tiki-taka,PS+ BAKERY,expired,https://www.futbin.com/26/evolutions/547/tiki-taka
490,2026-03-06,exact,548,Whipped Pass+,,whipped-pass,PS+ BAKERY,expired,https://www.futbin.com/26/evolutions/548/whipped-pass
491,2026-03-06,exact,549,First Touch+,,first-touch,PS+ BAKERY,expired,https://www.futbin.com/26/evolutions/549/first-touch
492,2026-03-06,exact,550,Press Proven+,,press-proven,PS+ BAKERY,expired,https://www.futbin.com/26/evolutions/550/press-proven
493,2026-03-06,exact,551,Rapid+,,rapid,PS+ BAKERY,expired,https://www.futbin.com/26/evolutions/551/rapid
494,2026-03-06,exact,552,Technical+,,technical,PS+ BAKERY,expired,https://www.futbin.com/26/evolutions/552/technical
495,2026-03-06,exact,553,Trickster+,,trickster,PS+ BAKERY,expired,https://www.futbin.com/26/evolutions/553/trickster
496,2026-03-06,exact,554,Aerial Fortress+,,aerial-fortress,PS+ BAKERY,expired,https://www.futbin.com/26/evolutions/554/aerial-fortress
497,2026-03-06,exact,555,Acrobatic,,acrobatic,PS BAKERY,expired,https://www.futbin.com/26/evolutions/555/acrobatic
498,2026-03-06,exact,556,Chip Shot,,chip-shot,PS BAKERY,expired,https://www.futbin.com/26/evolutions/556/chip-shot
499,2026-03-06,exact,557,Dead Ball,,dead-ball,PS BAKERY,expired,https://www.futbin.com/26/evolutions/557/dead-ball
500,2026-03-06,exact,558,Finesse Shot,,finesse-shot,PS BAKERY,expired,https://www.futbin.com/26/evolutions/558/finesse-shot
501,2026-03-06,exact,559,Gamechanger,,gamechanger,PS BAKERY,expired,https://www.futbin.com/26/evolutions/559/gamechanger
502,2026-03-06,exact,560,Low Driven Shot,,low-driven-shot,PS BAKERY,expired,https://www.futbin.com/26/evolutions/560/low-driven-shot
503,2026-03-06,exact,561,Power Shot,,power-shot,PS BAKERY,expired,https://www.futbin.com/26/evolutions/561/power-shot
504,2026-03-06,exact,562,Precision Header,,precision-header,PS BAKERY,expired,https://www.futbin.com/26/evolutions/562/precision-header
505,2026-03-06,exact,563,Incisive Pass,,incisive-pass,PS BAKERY,expired,https://www.futbin.com/26/evolutions/563/incisive-pass
506,2026-03-06,inferred,564,Inventive,,inventive,PS BAKERY,expired,https://www.futbin.com/26/evolutions/564/inventive
507,2026-03-06,inferred,565,Long Ball Pass,,long-ball-pass,PS BAKERY,expired,https://www.futbin.com/26/evolutions/565/long-ball-pass
508,2026-03-06,inferred,566,Pinged Pass,,pinged-pass,PS BAKERY,expired,https://www.futbin.com/26/evolutions/566/pinged-pass
509,2026-03-06,inferred,567,Tiki Taka,,tiki-taka,PS BAKERY,expired,https://www.futbin.com/26/evolutions/567/tiki-taka
510,2026-03-06,inferred,568,Whipped Pass,,whipped-pass,PS BAKERY,expired,https://www.futbin.com/26/evolutions/568/whipped-pass
511,2026-03-06,inferred,569,First Touch,,first-touch,PS BAKERY,expired,https://www.futbin.com/26/evolutions/569/first-touch
512,2026-03-06,inferred,570,Press Proven,,press-proven,PS BAKERY,expired,https://www.futbin.com/26/evolutions/570/press-proven
513,2026-03-06,inferred,571,Rapid,,rapid,PS BAKERY,expired,https://www.futbin.com/26/evolutions/571/rapid
514,2026-03-06,inferred,572,Technical,,technical,PS BAKERY,expired,https://www.futbin.com/26/evolutions/572/technical
515,2026-03-06,inferred,573,Trickster,,trickster,PS BAKERY,expired,https://www.futbin.com/26/evolutions/573/trickster
516,2026-03-06,exact,574,Aerial Fortress,,aerial-fortress,PS BAKERY,expired,https://www.futbin.com/26/evolutions/574/aerial-fortress
517,2026-03-06,exact,575,Trickster+,,trickster,PREMIUM PS+ BAKERY,expired,https://www.futbin.com/26/evolutions/575/trickster
518,2026-03-06,exact,576,Inventive+,,inventive,PREMIUM PS+ BAKERY,expired,https://www.futbin.com/26/evolutions/576/inventive
519,2026-03-06,exact,577,Technical+,,technical,PREMIUM PS+ BAKERY,expired,https://www.futbin.com/26/evolutions/577/technical
520,2026-03-06,exact,578,Long Ball Pass+,,long-ball-pass,PREMIUM PS+ BAKERY,expired,https://www.futbin.com/26/evolutions/578/long-ball-pass
521,2026-03-06,exact,579,Rapid+,,rapid,PREMIUM PS+ BAKERY,expired,https://www.futbin.com/26/evolutions/579/rapid
522,2026-03-06,exact,580,Pinged Pass+,,pinged-pass,PREMIUM PS+ BAKERY,expired,https://www.futbin.com/26/evolutions/580/pinged-pass
523,2026-03-06,exact,581,Press Proven+,,press-proven,PREMIUM PS+ BAKERY,expired,https://www.futbin.com/26/evolutions/581/press-proven
524,2026-03-06,exact,582,Tiki Taka+,,tiki-taka,PREMIUM PS+ BAKERY,expired,https://www.futbin.com/26/evolutions/582/tiki-taka
525,2026-03-06,exact,583,Whipped Pass+,,whipped-pass,PREMIUM PS+ BAKERY,expired,https://www.futbin.com/26/evolutions/583/whipped-pass
526,2026-03-06,exact,584,First Touch+,,first-touch,PREMIUM PS+ BAKERY,expired,https://www.futbin.com/26/evolutions/584/first-touch
527,2026-03-06,inferred,585,Anticipate,,anticipate,PS BAKERY,expired,https://www.futbin.com/26/evolutions/585/anticipate
528,2026-03-06,inferred,586,Block,,block,PS BAKERY,expired,https://www.futbin.com/26/evolutions/586/block
529,2026-03-06,inferred,587,Intercept,,intercept,PS BAKERY,expired,https://www.futbin.com/26/evolutions/587/intercept
530,2026-03-06,inferred,588,Jockey,,jockey,PS BAKERY,expired,https://www.futbin.com/26/evolutions/588/jockey
531,2026-03-06,inferred,589,Slide Tackle,,slide-tackle,PS BAKERY,expired,https://www.futbin.com/26/evolutions/589/slide-tackle
532,2026-03-07,inferred,590,Bruiser,,bruiser,PS BAKERY,expired,https://www.futbin.com/26/evolutions/590/bruiser
533,2026-03-07,inferred,591,Enforcer,,enforcer,PS BAKERY,expired,https://www.futbin.com/26/evolutions/591/enforcer
534,2026-03-07,inferred,592,Long Throw,,long-throw,PS BAKERY,expired,https://www.futbin.com/26/evolutions/592/long-throw
535,2026-03-07,inferred,593,Quick Step,,quick-step,PS BAKERY,expired,https://www.futbin.com/26/evolutions/593/quick-step
536,2026-03-07,inferred,594,Relentless,,relentless,PS BAKERY,expired,https://www.futbin.com/26/evolutions/594/relentless
537,2026-03-07,exact,595,Birthday Fullback,,birthday-fullback,EVOLUTIONS,expired,https://www.futbin.com/26/evolutions/595/birthday-fullback
538,2026-03-07,inferred,596,Finesse Shot+,,finesse-shot,REWARDS,active,https://www.futbin.com/26/evolutions/596/finesse-shot
539,2026-03-08,inferred,597,4 Star Weak Foot,,4-star-weak-foot,REWARDS,expired,https://www.futbin.com/26/evolutions/597/4-star-weak-foot
540,2026-03-08,exact,598,The Party is Inside,,the-party-is-inside,EVOLUTIONS,expired,https://www.futbin.com/26/evolutions/598/the-party-is-inside
541,2026-03-08,inferred,599,Quick Step+,,quick-step,REWARDS,active,https://www.futbin.com/26/evolutions/599/quick-step
542,2026-03-08,inferred,600,Anticipate+,,anticipate,PS+ BAKERY,expired,https://www.futbin.com/26/evolutions/600/anticipate
543,2026-03-08,inferred,601,Block+,,block,PS+ BAKERY,expired,https://www.futbin.com/26/evolutions/601/block
544,2026-03-08,inferred,602,Intercept+,,intercept,PS+ BAKERY,expired,https://www.futbin.com/26/evolutions/602/intercept
545,2026-03-08,inferred,603,Jockey+,,jockey,PS+ BAKERY,expired,https://www.futbin.com/26/evolutions/603/jockey
546,2026-03-09,inferred,604,Slide Tackle+,,slide-tackle,PS+ BAKERY,expired,https://www.futbin.com/26/evolutions/604/slide-tackle
547,2026-03-09,inferred,605,Bruiser+,,bruiser,PS+ BAKERY,expired,https://www.futbin.com/26/evolutions/605/bruiser
548,2026-03-09,inferred,606,Enforcer+,,enforcer,PS+ BAKERY,expired,https://www.futbin.com/26/evolutions/606/enforcer
549,2026-03-09,inferred,607,Long Throw+,,long-throw,PS+ BAKERY,expired,https://www.futbin.com/26/evolutions/607/long-throw
550,2026-03-09,inferred,608,Quick Step+,,quick-step,PS+ BAKERY,expired,https://www.futbin.com/26/evolutions/608/quick-step
551,2026-03-09,inferred,609,Relentless+,,relentless,PS+ BAKERY,expired,https://www.futbin.com/26/evolutions/609/relentless
552,2026-03-09,exact,610,Prepare for the party,,prepare-for-the-party,EVOLUTIONS,expired,https://www.futbin.com/26/evolutions/610/prepare-for-the-party
553,2026-03-10,inferred,611,5 Star Factory,,5-star-factory,REWARDS,expired,https://www.futbin.com/26/evolutions/611/5-star-factory
554,2026-03-10,exact,612,Candles & Cramps,,candles--cramps,EVOLUTIONS,expired,https://www.futbin.com/26/evolutions/612/candles--cramps
555,2026-03-11,inferred,613,Pressure? What Pressure,,pressure-what-pressure,REWARDS,expired,https://www.futbin.com/26/evolutions/613/pressure-what-pressure
556,2026-03-11,exact,614,Winger Transformation,,winger-transformation,EVOLUTIONS,expired,https://www.futbin.com/26/evolutions/614/winger-transformation
557,2026-03-11,inferred,615,Make Your Idol - Starter,,make-your-idol-starter,SEASON 6 LEVEL: 1,expired,https://www.futbin.com/26/evolutions/615/make-your-idol-starter
558,2026-03-11,inferred,616,Make Your Idol - Attacker 1,,make-your-idol-attacker-1,SEASON 6 LEVEL: 3,expired,https://www.futbin.com/26/evolutions/616/make-your-idol-attacker-1
559,2026-03-11,inferred,617,Make Your Idol - Tiki Taka+,,make-your-idol-tiki-taka,SEASON 6 LEVEL: 3,expired,https://www.futbin.com/26/evolutions/617/make-your-idol-tiki-taka
560,2026-03-11,inferred,618,Make Your Idol - Incisive Pass+,,make-your-idol-incisive-pass,SEASON 6 LEVEL: 3,expired,https://www.futbin.com/26/evolutions/618/make-your-idol-incisive-pass
561,2026-03-11,inferred,619,Make Your Idol - Midfielder 1,,make-your-idol-midfielder-1,SEASON 6 LEVEL: 3,expired,https://www.futbin.com/26/evolutions/619/make-your-idol-midfielder-1
562,2026-03-11,inferred,620,Make Your Idol - Low Driven+,,make-your-idol-low-driven,SEASON 6 LEVEL: 3,expired,https://www.futbin.com/26/evolutions/620/make-your-idol-low-driven
563,2026-03-11,inferred,621,Make Your Idol - Technical+,,make-your-idol-technical,SEASON 6 LEVEL: 3,expired,https://www.futbin.com/26/evolutions/621/make-your-idol-technical
564,2026-03-11,inferred,622,Make Your Idol - Jockey+,,make-your-idol-jockey,SEASON 6 LEVEL: 3,expired,https://www.futbin.com/26/evolutions/622/make-your-idol-jockey
565,2026-03-11,inferred,623,Make Your Idol - Intercept+,,make-your-idol-intercept,SEASON 6 LEVEL: 3,expired,https://www.futbin.com/26/evolutions/623/make-your-idol-intercept
566,2026-03-11,inferred,624,Make Your Idol - Defender 1,,make-your-idol-defender-1,SEASON 6 LEVEL: 3,expired,https://www.futbin.com/26/evolutions/624/make-your-idol-defender-1
567,2026-03-11,inferred,625,Make Your Idol - Attacker 2,,make-your-idol-attacker-2,SEASON 6 LEVEL: 7,expired,https://www.futbin.com/26/evolutions/625/make-your-idol-attacker-2
568,2026-03-11,inferred,626,Make Your Idol - Midfielder 2,,make-your-idol-midfielder-2,SEASON 6 LEVEL: 7,expired,https://www.futbin.com/26/evolutions/626/make-your-idol-midfielder-2
569,2026-03-11,inferred,627,Make Your Idol - Defender 2,,make-your-idol-defender-2,SEASON 6 LEVEL: 7,expired,https://www.futbin.com/26/evolutions/627/make-your-idol-defender-2
570,2026-03-11,inferred,628,Make Your Idol - Attacker 3,,make-your-idol-attacker-3,SEASON 6 LEVEL: 21,expired,https://www.futbin.com/26/evolutions/628/make-your-idol-attacker-3
571,2026-03-11,inferred,629,Make Your Idol - Midfielder 3,,make-your-idol-midfielder-3,SEASON 6 LEVEL: 21,expired,https://www.futbin.com/26/evolutions/629/make-your-idol-midfielder-3
572,2026-03-12,inferred,630,Make Your Idol - Defender 3,,make-your-idol-defender-3,SEASON 6 LEVEL: 21,expired,https://www.futbin.com/26/evolutions/630/make-your-idol-defender-3
573,2026-03-12,inferred,631,Locked & Loaded - Season lvl 25,,locked--loaded-season-lvl-25,SEASON 6 - REWARDS,expired,https://www.futbin.com/26/evolutions/631/locked--loaded-season-lvl-25
574,2026-03-12,inferred,632,Relentless+ - Season lvl 27,,relentless-season-lvl-27,SEASON 6 - REWARDS,expired,https://www.futbin.com/26/evolutions/632/relentless-season-lvl-27
575,2026-03-12,inferred,633,Dish 'em Out - Season 6 Level 1 (P),,dish-em-out-season-6-level-1-p,SEASON 6 - REWARDS,expired,https://www.futbin.com/26/evolutions/633/dish-em-out-season-6-level-1-p
576,2026-03-12,inferred,634,Architect of Play - Season 6 Level 4 (P),,architect-of-play-season-6-level-4-p,SEASON 6 - REWARDS,expired,https://www.futbin.com/26/evolutions/634/architect-of-play-season-6-level-4-p
577,2026-03-12,inferred,635,Sweep & Supply,,sweep--supply,SEASON 6 - REWARDS,expired,https://www.futbin.com/26/evolutions/635/sweep--supply
578,2026-03-12,inferred,636,Roadrunner - Season 6 Level 24 (P),,roadrunner-season-6-level-24-p,SEASON 6 - REWARDS,expired,https://www.futbin.com/26/evolutions/636/roadrunner-season-6-level-24-p
579,2026-03-12,inferred,637,Up to Speed,,up-to-speed,SEASON 6 - REWARDS,expired,https://www.futbin.com/26/evolutions/637/up-to-speed
580,2026-03-12,inferred,639,Pinged Pass+ - Season lvl 28,,pinged-pass-season-lvl-28,SEASON 6 - REWARDS,expired,https://www.futbin.com/26/evolutions/639/pinged-pass-season-lvl-28
581,2026-03-12,inferred,640,Make Your Idol - Finesse+,,make-your-idol-finesse,SEASON 6 LEVEL: 7,expired,https://www.futbin.com/26/evolutions/640/make-your-idol-finesse
582,2026-03-12,inferred,641,Make Your Idol - First Touch+,,make-your-idol-first-touch,SEASON 6 LEVEL: 7,expired,https://www.futbin.com/26/evolutions/641/make-your-idol-first-touch
583,2026-03-12,inferred,642,Make Your Idol - Pinged Pass+,,make-your-idol-pinged-pass,SEASON 6 LEVEL: 7,expired,https://www.futbin.com/26/evolutions/642/make-your-idol-pinged-pass
584,2026-03-12,inferred,643,Make Your Idol - Rapid+,,make-your-idol-rapid,SEASON 6 LEVEL: 7,expired,https://www.futbin.com/26/evolutions/643/make-your-idol-rapid
585,2026-03-12,inferred,644,Make Your Idol - Quick Step+,,make-your-idol-quick-step,SEASON 6 LEVEL: 7,expired,https://www.futbin.com/26/evolutions/644/make-your-idol-quick-step
586,2026-03-12,inferred,645,Make Your Idol - Anticipate+,,make-your-idol-anticipate,SEASON 6 LEVEL: 7,expired,https://www.futbin.com/26/evolutions/645/make-your-idol-anticipate
587,2026-03-12,exact,646,Cake Catcher,,cake-catcher,EVOLUTIONS,expired,https://www.futbin.com/26/evolutions/646/cake-catcher
588,2026-03-12,inferred,647,Goal Machine,,goal-machine,SEASON 6 LEVEL: 8,expired,https://www.futbin.com/26/evolutions/647/goal-machine
589,2026-03-13,exact,649,Birthday Bonito,,birthday-bonito,EVOLUTIONS,expired,https://www.futbin.com/26/evolutions/649/birthday-bonito
590,2026-03-13,exact,650,Old School Midfielder,,old-school-midfielder,EVOLUTIONS,expired,https://www.futbin.com/26/evolutions/650/old-school-midfielder
591,2026-03-14,exact,651,Brilliant Dribbler,,brilliant-dribbler,EVOLUTIONS,expired,https://www.futbin.com/26/evolutions/651/brilliant-dribbler
592,2026-03-14,exact,652,FUT Birthday Retro 18,,fut-birthday-retro-18,COSMETICS,expired,https://www.futbin.com/26/evolutions/652/fut-birthday-retro-18
593,2026-03-14,exact,653,FUT Birthday Retro 19,,fut-birthday-retro-19,COSMETICS,expired,https://www.futbin.com/26/evolutions/653/fut-birthday-retro-19
594,2026-03-14,exact,654,FUT Birthday Retro 20,,fut-birthday-retro-20,COSMETICS,expired,https://www.futbin.com/26/evolutions/654/fut-birthday-retro-20
595,2026-03-15,exact,655,Birthday Brunch,,birthday-brunch,TRAINING CAMP,expired,https://www.futbin.com/26/evolutions/655/birthday-brunch
596,2026-03-16,exact,656,Party in the Middle,,party-in-the-middle,EVOLUTIONS,expired,https://www.futbin.com/26/evolutions/656/party-in-the-middle
597,2026-03-16,inferred,657,Bruiser+,,bruiser,REWARDS,expired,https://www.futbin.com/26/evolutions/657/bruiser
598,2026-03-16,inferred,658,Tiki Taka+ and Low Driven+,,tiki-taka-and-low-driven,REWARDS,expired,https://www.futbin.com/26/evolutions/658/tiki-taka-and-low-driven
599,2026-03-16,inferred,659,5 Star Skill Moves and Weak Foot Upgrade,,5-star-skill-moves-and-weak-foot-upgrade,REWARDS,expired,https://www.futbin.com/26/evolutions/659/5-star-skill-moves-and-weak-foot-upgrade
600,2026-03-16,inferred,660,Fly Fishing,,fly-fishing,REWARDS,expired,https://www.futbin.com/26/evolutions/660/fly-fishing
601,2026-03-17,inferred,661,5 Star Weak Foot Upgrades,,5-star-weak-foot-upgrades,REWARDS,expired,https://www.futbin.com/26/evolutions/661/5-star-weak-foot-upgrades
602,2026-03-17,inferred,662,Turbocharged,,turbocharged,REWARDS,expired,https://www.futbin.com/26/evolutions/662/turbocharged
603,2026-03-17,inferred,663,Quick Step +,,quick-step,REWARDS,active,https://www.futbin.com/26/evolutions/663/quick-step
604,2026-03-17,inferred,664,Intercept+,,intercept,REWARDS,active,https://www.futbin.com/26/evolutions/664/intercept
605,2026-03-17,inferred,665,Low Driven+,,low-driven,REWARDS,active,https://www.futbin.com/26/evolutions/665/low-driven
606,2026-03-17,exact,666,UCL Specialist,,ucl-specialist,EVOLUTIONS,expired,https://www.futbin.com/26/evolutions/666/ucl-specialist
607,2026-03-18,exact,667,Party at the Back,,party-at-the-back,EVOLUTIONS,expired,https://www.futbin.com/26/evolutions/667/party-at-the-back
608,2026-03-19,exact,668,Party Exit,,party-exit,EVOLUTIONS,expired,https://www.futbin.com/26/evolutions/668/party-exit
609,2026-03-19,inferred,669,Guardian of the Line,,guardian-of-the-line,SEASON 6 LEVEL: 10,expired,https://www.futbin.com/26/evolutions/669/guardian-of-the-line
610,2026-03-20,inferred,670,5 Star Factory 2,,5-star-factory-2,REWARDS,expired,https://www.futbin.com/26/evolutions/670/5-star-factory-2
611,2026-03-20,exact,671,National Captain,,national-captain,EVOLUTIONS,expired,https://www.futbin.com/26/evolutions/671/national-captain
612,2026-03-20,inferred,672,National Captain: Final Touch,,national-captain-final-touch,EVOLUTIONS,expired,https://www.futbin.com/26/evolutions/672/national-captain-final-touch
613,2026-03-20,exact,673,Euro Trio,,euro-trio,EVOLUTIONS,expired,https://www.futbin.com/26/evolutions/673/euro-trio
614,2026-03-20,exact,674,South American Stars,,south-american-stars,EVOLUTIONS,expired,https://www.futbin.com/26/evolutions/674/south-american-stars
615,2026-03-20,exact,675,Euro Minitrip,,euro-minitrip,EVOLUTIONS,expired,https://www.futbin.com/26/evolutions/675/euro-minitrip
616,2026-03-20,inferred,676,Batigol,,batigol,REWARDS,expired,https://www.futbin.com/26/evolutions/676/batigol
617,2026-03-20,inferred,677,FOF Answer The Call,,fof-answer-the-call,REWARDS,expired,https://www.futbin.com/26/evolutions/677/fof-answer-the-call
618,2026-03-20,inferred,678,CAM Provisions,,cam-provisions,REWARDS,expired,https://www.futbin.com/26/evolutions/678/cam-provisions
619,2026-03-21,inferred,679,CDM Provisions,,cdm-provisions,EVOLUTIONS,expired,https://www.futbin.com/26/evolutions/679/cdm-provisions
620,2026-03-21,inferred,680,Blonde Angel,,blonde-angel,REWARDS,expired,https://www.futbin.com/26/evolutions/680/blonde-angel
621,2026-03-21,inferred,681,Technical+,,technical,REWARDS,expired,https://www.futbin.com/26/evolutions/681/technical
622,2026-03-21,inferred,682,Rapid+,,rapid,REWARDS,expired,https://www.futbin.com/26/evolutions/682/rapid
623,2026-03-21,exact,683,High-Speed Action,,high-speed-action,EVOLUTIONS,expired,https://www.futbin.com/26/evolutions/683/high-speed-action
624,2026-03-21,exact,684,FOF: Answer the Call,,fof-answer-the-call,COSMETICS,expired,https://www.futbin.com/26/evolutions/684/fof-answer-the-call
625,2026-03-21,exact,685,Build your own FUT Birthday,,build-your-own-fut-birthday,COSMETICS,expired,https://www.futbin.com/26/evolutions/685/build-your-own-fut-birthday
626,2026-03-22,exact,686,O Maestro da Copa,,o-maestro-da-copa,EVOLUTIONS,expired,https://www.futbin.com/26/evolutions/686/o-maestro-da-copa
627,2026-03-24,exact,687,Over the Top,,over-the-top,EVOLUTIONS,expired,https://www.futbin.com/26/evolutions/687/over-the-top
628,2026-03-25,exact,688,Top Scorer,,top-scorer,EVOLUTIONS,expired,https://www.futbin.com/26/evolutions/688/top-scorer
629,2026-03-26,exact,689,Net Guardian,,net-guardian,EVOLUTIONS,expired,https://www.futbin.com/26/evolutions/689/net-guardian
630,2026-03-27,exact,690,Dutch Decider,,dutch-decider,EVOLUTIONS,expired,https://www.futbin.com/26/evolutions/690/dutch-decider
631,2026-03-27,exact,691,The Bullet Man,,the-bullet-man,EVOLUTIONS,expired,https://www.futbin.com/26/evolutions/691/the-bullet-man
632,2026-03-28,exact,692,Dropping Deep,,dropping-deep,EVOLUTIONS,expired,https://www.futbin.com/26/evolutions/692/dropping-deep
633,2026-03-29,exact,693,Hat Trick Delight,,hat-trick-delight,EVOLUTIONS,expired,https://www.futbin.com/26/evolutions/693/hat-trick-delight
634,2026-03-30,exact,694,Muscle Up,,muscle-up,EVOLUTIONS,expired,https://www.futbin.com/26/evolutions/694/muscle-up
635,2026-03-31,exact,695,Supersonic Strike,,supersonic-strike,EVOLUTIONS,expired,https://www.futbin.com/26/evolutions/695/supersonic-strike
636,2026-04-01,exact,696,Welsh Wonder Strike,,welsh-wonder-strike,TRAINING CAMP,expired,https://www.futbin.com/26/evolutions/696/welsh-wonder-strike
637,2026-04-02,inferred,697,Momentum Shift,,momentum-shift,REWARDS,expired,https://www.futbin.com/26/evolutions/697/momentum-shift
638,2026-04-02,exact,698,Battle Till The End,,battle-till-the-end,EVOLUTIONS,expired,https://www.futbin.com/26/evolutions/698/battle-till-the-end
639,2026-04-03,exact,699,Empress of the Box,,empress-of-the-box,EVOLUTIONS,expired,https://www.futbin.com/26/evolutions/699/empress-of-the-box
640,2026-04-03,inferred,700,Two Way Player I,,two-way-player-i,EVOLUTIONS,expired,https://www.futbin.com/26/evolutions/700/two-way-player-i
641,2026-04-03,exact,701,GK Roles++,,gk-roles,ROLES,expired,https://www.futbin.com/26/evolutions/701/gk-roles
642,2026-04-03,exact,702,CB Roles++,,cb-roles,ROLES,expired,https://www.futbin.com/26/evolutions/702/cb-roles
643,2026-04-03,exact,703,LB Roles++,,lb-roles,ROLES,expired,https://www.futbin.com/26/evolutions/703/lb-roles
644,2026-04-03,exact,704,RB Roles++,,rb-roles,ROLES,expired,https://www.futbin.com/26/evolutions/704/rb-roles
645,2026-04-03,exact,705,CDM Roles++,,cdm-roles,ROLES,expired,https://www.futbin.com/26/evolutions/705/cdm-roles
646,2026-04-03,exact,706,CM Roles++,,cm-roles,ROLES,expired,https://www.futbin.com/26/evolutions/706/cm-roles
647,2026-04-03,exact,707,CAM Roles++,,cam-roles,ROLES,expired,https://www.futbin.com/26/evolutions/707/cam-roles
648,2026-04-03,exact,708,LM Roles++,,lm-roles,ROLES,expired,https://www.futbin.com/26/evolutions/708/lm-roles
649,2026-04-03,exact,709,RM Roles++,,rm-roles,ROLES,expired,https://www.futbin.com/26/evolutions/709/rm-roles
650,2026-04-03,exact,710,LW Roles++,,lw-roles,ROLES,expired,https://www.futbin.com/26/evolutions/710/lw-roles
651,2026-04-03,exact,711,RW Roles++,,rw-roles,ROLES,expired,https://www.futbin.com/26/evolutions/711/rw-roles
652,2026-04-03,exact,712,ST Roles++,,st-roles,ROLES,expired,https://www.futbin.com/26/evolutions/712/st-roles
653,2026-04-03,inferred,713,Quad Thread,,quad-thread,REWARDS,expired,https://www.futbin.com/26/evolutions/713/quad-thread
654,2026-04-04,inferred,714,Fancy Footwork,,fancy-footwork,REWARDS,expired,https://www.futbin.com/26/evolutions/714/fancy-footwork
655,2026-04-04,inferred,715,Two Way Player II,,two-way-player-ii,REWARDS,expired,https://www.futbin.com/26/evolutions/715/two-way-player-ii
656,2026-04-04,exact,716,El Tiburón,,el-tiburon,EVOLUTIONS,expired,https://www.futbin.com/26/evolutions/716/el-tiburon
657,2026-04-04,inferred,717,Passing Pulse,,passing-pulse,REWARDS,expired,https://www.futbin.com/26/evolutions/717/passing-pulse
658,2026-04-04,inferred,718,All-Around Impact,,all-around-impact,REWARDS,active,https://www.futbin.com/26/evolutions/718/all-around-impact
659,2026-04-04,inferred,719,Anticipate+,,anticipate,REWARDS,active,https://www.futbin.com/26/evolutions/719/anticipate
660,2026-04-05,inferred,720,Technical+,,technical,REWARDS,active,https://www.futbin.com/26/evolutions/720/technical
661,2026-04-05,inferred,721,Finesse Shot+,,finesse-shot,REWARDS,active,https://www.futbin.com/26/evolutions/721/finesse-shot
662,2026-04-05,inferred,722,Quick Step+,,quick-step,REWARDS,active,https://www.futbin.com/26/evolutions/722/quick-step
663,2026-04-05,inferred,723,Finesse Shot,,finesse-shot,REWARDS,expired,https://www.futbin.com/26/evolutions/723/finesse-shot
664,2026-04-05,exact,724,What a Hit,,what-a-hit,EVOLUTIONS,expired,https://www.futbin.com/26/evolutions/724/what-a-hit
665,2026-04-06,inferred,725,The Very Best,,the-very-best,REWARDS,expired,https://www.futbin.com/26/evolutions/725/the-very-best
666,2026-04-06,exact,726,Blazing Winger,,blazing-winger,EVOLUTIONS,expired,https://www.futbin.com/26/evolutions/726/blazing-winger
667,2026-04-07,exact,727,Lisbon Lifeline,,lisbon-lifeline,TRAINING CAMP,expired,https://www.futbin.com/26/evolutions/727/lisbon-lifeline
668,2026-04-07,inferred,728,Red Bull - Physical,,red-bull-physical,REWARDS,expired,https://www.futbin.com/26/evolutions/728/red-bull-physical
669,2026-04-08,inferred,729,Red Bull - Shooting,,red-bull-shooting,REWARDS,expired,https://www.futbin.com/26/evolutions/729/red-bull-shooting
670,2026-04-08,inferred,730,Red Bull - Pace,,red-bull-pace,REWARDS,expired,https://www.futbin.com/26/evolutions/730/red-bull-pace
671,2026-04-08,exact,731,Conductor’s Codex,,conductors-codex,EVOLUTIONS,expired,https://www.futbin.com/26/evolutions/731/conductors-codex
672,2026-04-09,inferred,732,Crownbreaker Boost,,crownbreaker-boost,REWARDS,expired,https://www.futbin.com/26/evolutions/732/crownbreaker-boost
673,2026-04-09,exact,733,Calm Under Pressure,,calm-under-pressure,EVOLUTIONS,expired,https://www.futbin.com/26/evolutions/733/calm-under-pressure
674,2026-04-10,exact,734,Il Capitano,,il-capitano,EVOLUTIONS,expired,https://www.futbin.com/26/evolutions/734/il-capitano
675,2026-04-10,exact,735,Into the Spotlight,,into-the-spotlight,EVOLUTIONS,expired,https://www.futbin.com/26/evolutions/735/into-the-spotlight
676,2026-04-10,inferred,736,Passing Technician,,passing-technician,REWARDS,active,https://www.futbin.com/26/evolutions/736/passing-technician
677,2026-04-10,inferred,737,Pinged Pass+,,pinged-pass,REWARDS,expired,https://www.futbin.com/26/evolutions/737/pinged-pass
678,2026-04-10,inferred,738,Pace & Place,,pace--place,REWARDS,expired,https://www.futbin.com/26/evolutions/738/pace--place
679,2026-04-11,inferred,739,Incisive Pass+,,incisive-pass,REWARDS,expired,https://www.futbin.com/26/evolutions/739/incisive-pass
680,2026-04-11,inferred,740,Inventive+,,inventive,REWARDS,expired,https://www.futbin.com/26/evolutions/740/inventive
681,2026-04-11,inferred,741,Drifting Away,,drifting-away,REWARDS,expired,https://www.futbin.com/26/evolutions/741/drifting-away
682,2026-04-11,exact,743,Bottom Corner,,bottom-corner,EVOLUTIONS,expired,https://www.futbin.com/26/evolutions/743/bottom-corner
683,2026-04-11,exact,744,Trophy Titans,,trophy-titans,COSMETICS,expired,https://www.futbin.com/26/evolutions/744/trophy-titans
684,2026-04-12,exact,745,Backline Boost,,backline-boost,EVOLUTIONS,expired,https://www.futbin.com/26/evolutions/745/backline-boost
685,2026-04-12,inferred,746,Velocity Touch,,velocity-touch,REWARDS,expired,https://www.futbin.com/26/evolutions/746/velocity-touch
686,2026-04-13,inferred,747,Whip It In,,whip-it-in,REWARDS,expired,https://www.futbin.com/26/evolutions/747/whip-it-in
687,2026-04-13,inferred,748,Crunch Time,,crunch-time,REWARDS,active,https://www.futbin.com/26/evolutions/748/crunch-time
688,2026-04-13,exact,749,The Makélélé Role,,the-makelele-role,EVOLUTIONS,expired,https://www.futbin.com/26/evolutions/749/the-makelele-role
689,2026-04-13,inferred,750,Last Ditch Effort,,last-ditch-effort,REWARDS,expired,https://www.futbin.com/26/evolutions/750/last-ditch-effort
690,2026-04-14,inferred,751,Aerial Impact,,aerial-impact,REWARDS,expired,https://www.futbin.com/26/evolutions/751/aerial-impact
691,2026-04-14,exact,752,Beast Mode,,beast-mode,EVOLUTIONS,expired,https://www.futbin.com/26/evolutions/752/beast-mode
692,2026-04-15,inferred,753,El Pistolero,,el-pistolero,REWARDS,expired,https://www.futbin.com/26/evolutions/753/el-pistolero
693,2026-04-15,exact,754,Hawk Eyed,,hawk-eyed,EVOLUTIONS,expired,https://www.futbin.com/26/evolutions/754/hawk-eyed
694,2026-04-16,inferred,755,Kinetic Boost,,kinetic-boost,REWARDS,expired,https://www.futbin.com/26/evolutions/755/kinetic-boost
695,2026-04-16,exact,756,Three to Remember,,three-to-remember,EVOLUTIONS,expired,https://www.futbin.com/26/evolutions/756/three-to-remember
696,2026-04-17,inferred,757,Rapid+,,rapid,REWARDS,expired,https://www.futbin.com/26/evolutions/757/rapid
697,2026-04-17,exact,758,The Timeless Maestro,,the-timeless-maestro,EVOLUTIONS,expired,https://www.futbin.com/26/evolutions/758/the-timeless-maestro
698,2026-04-17,inferred,759,Clinical Passer,,clinical-passer,REWARDS,expired,https://www.futbin.com/26/evolutions/759/clinical-passer
699,2026-04-17,inferred,760,Clinical Finisher,,clinical-finisher,REWARDS,expired,https://www.futbin.com/26/evolutions/760/clinical-finisher
700,2026-04-18,inferred,761,Bruiser+,,bruiser,REWARDS,expired,https://www.futbin.com/26/evolutions/761/bruiser
701,2026-04-18,inferred,762,Touchline Merchant,,touchline-merchant,REWARDS,expired,https://www.futbin.com/26/evolutions/762/touchline-merchant
702,2026-04-18,exact,763,CB Distributor,,cb-distributor,EVOLUTIONS,expired,https://www.futbin.com/26/evolutions/763/cb-distributor
703,2026-04-18,exact,764,TOTS Honourable Mentions,,tots-honourable-mentions,COSMETICS,expired,https://www.futbin.com/26/evolutions/764/tots-honourable-mentions
704,2026-04-19,exact,765,The Swan of Utrecht,,the-swan-of-utrecht,EVOLUTIONS,expired,https://www.futbin.com/26/evolutions/765/the-swan-of-utrecht
705,2026-04-20,exact,766,Express Delivery,,express-delivery,EVOLUTIONS,expired,https://www.futbin.com/26/evolutions/766/express-delivery
706,2026-04-21,exact,767,Tricksy Hobbits,,tricksy-hobbits,EVOLUTIONS,expired,https://www.futbin.com/26/evolutions/767/tricksy-hobbits
707,2026-04-22,exact,768,Columbus Conductor,,columbus-conductor,EVOLUTIONS,expired,https://www.futbin.com/26/evolutions/768/columbus-conductor
708,2026-04-22,inferred,769,WTSS Journey 1 - Attacker,,wtss-journey-1-attacker,SEASON 7 LEVEL: 3,expired,https://www.futbin.com/26/evolutions/769/wtss-journey-1-attacker
709,2026-04-22,inferred,770,Bruiser+,,bruiser,SEASON 7 LEVEL: 28,expired,https://www.futbin.com/26/evolutions/770/bruiser
710,2026-04-22,inferred,771,WTSS Journey 2 - Attacker,,wtss-journey-2-attacker,SEASON 7 LEVEL: 8,expired,https://www.futbin.com/26/evolutions/771/wtss-journey-2-attacker
711,2026-04-22,inferred,772,Attacker Roundout,,attacker-roundout,SEASON 7 LEVEL: 1,expired,https://www.futbin.com/26/evolutions/772/attacker-roundout
712,2026-04-22,inferred,773,WTSS Journey 1 - Defender,,wtss-journey-1-defender,SEASON 7 LEVEL: 3,expired,https://www.futbin.com/26/evolutions/773/wtss-journey-1-defender
713,2026-04-22,inferred,774,WTSS Journey 3 - Attacker,,wtss-journey-3-attacker,SEASON 7 LEVEL: 21,expired,https://www.futbin.com/26/evolutions/774/wtss-journey-3-attacker
714,2026-04-22,inferred,775,Defender Roundout,,defender-roundout,SEASON 7 LEVEL: 1,expired,https://www.futbin.com/26/evolutions/775/defender-roundout
715,2026-04-22,inferred,776,WTSS Journey 2 - Defender,,wtss-journey-2-defender,SEASON 7 LEVEL: 8,expired,https://www.futbin.com/26/evolutions/776/wtss-journey-2-defender
716,2026-04-23,inferred,777,Incisive Pass+,,incisive-pass,SEASON 7 LEVEL: 27,expired,https://www.futbin.com/26/evolutions/777/incisive-pass
717,2026-04-23,inferred,778,WTSS Journey 1 - Midfielder,,wtss-journey-1-midfielder,SEASON 7 LEVEL: 3,expired,https://www.futbin.com/26/evolutions/778/wtss-journey-1-midfielder
718,2026-04-23,inferred,779,WTSS Journey 2 - Midfielder,,wtss-journey-2-midfielder,SEASON 7 LEVEL: 8,expired,https://www.futbin.com/26/evolutions/779/wtss-journey-2-midfielder
719,2026-04-23,inferred,780,WTSS Journey 3 - Midfielder,,wtss-journey-3-midfielder,SEASON 7 LEVEL: 21,expired,https://www.futbin.com/26/evolutions/780/wtss-journey-3-midfielder
720,2026-04-23,inferred,781,WTSS Journey 3 - Defender,,wtss-journey-3-defender,SEASON 7 LEVEL: 21,expired,https://www.futbin.com/26/evolutions/781/wtss-journey-3-defender
721,2026-04-23,inferred,782,Intercept+ & Quick Step+,,intercept--quick-step,REWARDS,expired,https://www.futbin.com/26/evolutions/782/intercept--quick-step
722,2026-04-23,inferred,783,WTSS Attacker Boost,,wtss-attacker-boost,REWARDS,expired,https://www.futbin.com/26/evolutions/783/wtss-attacker-boost
723,2026-04-23,inferred,784,WTSS Defender Boost,,wtss-defender-boost,REWARDS,expired,https://www.futbin.com/26/evolutions/784/wtss-defender-boost
724,2026-04-23,inferred,785,Jockey+ & Bruiser+,,jockey--bruiser,REWARDS,expired,https://www.futbin.com/26/evolutions/785/jockey--bruiser
725,2026-04-23,exact,786,Back on Track,,back-on-track,EVOLUTIONS,expired,https://www.futbin.com/26/evolutions/786/back-on-track
726,2026-04-24,exact,787,The King of Highbury,,the-king-of-highbury,EVOLUTIONS,expired,https://www.futbin.com/26/evolutions/787/the-king-of-highbury
727,2026-04-24,inferred,788,Power Up,,power-up,EVOLUTIONS,expired,https://www.futbin.com/26/evolutions/788/power-up
728,2026-04-24,inferred,789,Incisive Pass and Tiki Taka,,incisive-pass-and-tiki-taka,REWARDS,expired,https://www.futbin.com/26/evolutions/789/incisive-pass-and-tiki-taka
729,2026-04-24,inferred,790,TIki Taka and Incisive Pass,,tiki-taka-and-incisive-pass,REWARDS,expired,https://www.futbin.com/26/evolutions/790/tiki-taka-and-incisive-pass
730,2026-04-24,inferred,791,Quick Step and Bruiser,,quick-step-and-bruiser,REWARDS,expired,https://www.futbin.com/26/evolutions/791/quick-step-and-bruiser
731,2026-04-24,inferred,792,Pinged Pass and Finesse Shot,,pinged-pass-and-finesse-shot,REWARDS,expired,https://www.futbin.com/26/evolutions/792/pinged-pass-and-finesse-shot
732,2026-04-25,inferred,793,First Touch,,first-touch,REWARDS,expired,https://www.futbin.com/26/evolutions/793/first-touch
733,2026-04-25,inferred,794,Technical,,technical,EVOLUTIONS,expired,https://www.futbin.com/26/evolutions/794/technical
734,2026-04-25,inferred,795,Pinged Pass,,pinged-pass,REWARDS,expired,https://www.futbin.com/26/evolutions/795/pinged-pass
735,2026-04-25,inferred,796,Quick Step,,quick-step,REWARDS,expired,https://www.futbin.com/26/evolutions/796/quick-step
736,2026-04-25,inferred,797,Jockey,,jockey,REWARDS,expired,https://www.futbin.com/26/evolutions/797/jockey
737,2026-04-25,exact,798,Fountain of Youth,,fountain-of-youth,EVOLUTIONS,expired,https://www.futbin.com/26/evolutions/798/fountain-of-youth
738,2026-04-25,inferred,799,Il Capitano,,il-capitano,REWARDS,active,https://www.futbin.com/26/evolutions/799/il-capitano
739,2026-04-26,inferred,800,Welsh Wonder Strike,,welsh-wonder-strike,REWARDS,active,https://www.futbin.com/26/evolutions/800/welsh-wonder-strike
740,2026-04-26,exact,801,The Trailblazer,,the-trailblazer,EVOLUTIONS,expired,https://www.futbin.com/26/evolutions/801/the-trailblazer
741,2026-04-27,exact,802,Tie Interceptor,,tie-interceptor,EVOLUTIONS,expired,https://www.futbin.com/26/evolutions/802/tie-interceptor
742,2026-04-27,inferred,803,Gamechanger+,,gamechanger,REWARDS,expired,https://www.futbin.com/26/evolutions/803/gamechanger
743,2026-04-27,inferred,804,Defensive Awareness,,defensive-awareness,REWARDS,expired,https://www.futbin.com/26/evolutions/804/defensive-awareness
744,2026-04-28,inferred,805,In Form,,in-form,REWARDS,expired,https://www.futbin.com/26/evolutions/805/in-form
745,2026-04-28,inferred,806,Intercept,,intercept,REWARDS,expired,https://www.futbin.com/26/evolutions/806/intercept
746,2026-04-28,inferred,807,Gamechanger,,gamechanger,REWARDS,expired,https://www.futbin.com/26/evolutions/807/gamechanger
747,2026-04-28,exact,808,Rapid Gains,,rapid-gains,EVOLUTIONS,expired,https://www.futbin.com/26/evolutions/808/rapid-gains
748,2026-04-29,exact,809,Flint & Steel,,flint--steel,EVOLUTIONS,expired,https://www.futbin.com/26/evolutions/809/flint--steel
749,2026-04-30,exact,810,Chrome Finishers,,chrome-finishers,EVOLUTIONS,expired,https://www.futbin.com/26/evolutions/810/chrome-finishers
750,2026-04-30,inferred,811,Anticipate,,anticipate,REWARDS,expired,https://www.futbin.com/26/evolutions/811/anticipate
751,2026-05-01,inferred,812,Inventive,,inventive,REWARDS,expired,https://www.futbin.com/26/evolutions/812/inventive
752,2026-05-01,exact,813,"Cut In, Say Less",,cut-in-say-less,EVOLUTIONS,expired,https://www.futbin.com/26/evolutions/813/cut-in-say-less
753,2026-05-01,inferred,814,From Distance,,from-distance,REWARDS,expired,https://www.futbin.com/26/evolutions/814/from-distance
754,2026-05-01,inferred,815,Pass IQ,,pass-iq,REWARDS,expired,https://www.futbin.com/26/evolutions/815/pass-iq
755,2026-05-01,inferred,816,Turbo Strength,,turbo-strength,REWARDS,expired,https://www.futbin.com/26/evolutions/816/turbo-strength
756,2026-05-01,inferred,817,Intercept & Aerial Fortress,,intercept--aerial-fortress,REWARDS,expired,https://www.futbin.com/26/evolutions/817/intercept--aerial-fortress
757,2026-05-02,inferred,818,Finesse Shot+,,finesse-shot,REWARDS,expired,https://www.futbin.com/26/evolutions/818/finesse-shot
758,2026-05-02,inferred,819,Long Ball Pass+ & Pinged Pass,,long-ball-pass--pinged-pass,REWARDS,expired,https://www.futbin.com/26/evolutions/819/long-ball-pass--pinged-pass
759,2026-05-02,inferred,820,Creative Playmaker,,creative-playmaker,REWARDS,expired,https://www.futbin.com/26/evolutions/820/creative-playmaker
760,2026-05-02,inferred,821,Speed to Finish,,speed-to-finish,REWARDS,expired,https://www.futbin.com/26/evolutions/821/speed-to-finish
761,2026-05-02,exact,822,Curve Your Enthusiasm,,curve-your-enthusiasm,EVOLUTIONS,expired,https://www.futbin.com/26/evolutions/822/curve-your-enthusiasm
762,2026-05-03,exact,823,Lightning Wingback,,lightning-wingback,EVOLUTIONS,expired,https://www.futbin.com/26/evolutions/823/lightning-wingback
763,2026-05-04,inferred,824,Tiki Taka+,,tiki-taka,REWARDS,expired,https://www.futbin.com/26/evolutions/824/tiki-taka
764,2026-05-04,exact,825,Steel Guard,,steel-guard,EVOLUTIONS,expired,https://www.futbin.com/26/evolutions/825/steel-guard
765,2026-05-04,inferred,826,Anticipate+ and Intercept,,anticipate-and-intercept,REWARDS,expired,https://www.futbin.com/26/evolutions/826/anticipate-and-intercept
766,2026-05-05,inferred,827,Technical+ and Finesse Shot,,technical-and-finesse-shot,REWARDS,expired,https://www.futbin.com/26/evolutions/827/technical-and-finesse-shot
767,2026-05-05,inferred,828,Versatile Defender,,versatile-defender,REWARDS,expired,https://www.futbin.com/26/evolutions/828/versatile-defender
768,2026-05-05,exact,829,Gear 5,,gear-5,EVOLUTIONS,expired,https://www.futbin.com/26/evolutions/829/gear-5
769,2026-05-06,exact,830,Fullback Takeover,,fullback-takeover,EVOLUTIONS,expired,https://www.futbin.com/26/evolutions/830/fullback-takeover
770,2026-05-07,exact,831,Lucky Number Seven,,lucky-number-seven,EVOLUTIONS,expired,https://www.futbin.com/26/evolutions/831/lucky-number-seven
771,2026-05-08,exact,832,Le Président,,le-president,EVOLUTIONS,expired,https://www.futbin.com/26/evolutions/832/le-president
772,2026-05-08,inferred,833,First Touch+,,first-touch,REWARDS,expired,https://www.futbin.com/26/evolutions/833/first-touch
773,2026-05-08,inferred,834,Rapid+,,rapid,REWARDS,expired,https://www.futbin.com/26/evolutions/834/rapid
774,2026-05-09,inferred,835,Intercept and Pinged Pass,,intercept-and-pinged-pass,REWARDS,expired,https://www.futbin.com/26/evolutions/835/intercept-and-pinged-pass
775,2026-05-09,inferred,836,Tiki Taka and Low Driven Shot,,tiki-taka-and-low-driven-shot,REWARDS,expired,https://www.futbin.com/26/evolutions/836/tiki-taka-and-low-driven-shot
776,2026-05-09,exact,837,Cat Like Reflexes,,cat-like-reflexes,EVOLUTIONS,expired,https://www.futbin.com/26/evolutions/837/cat-like-reflexes
777,2026-05-09,exact,838,TOTS Honourable Mentions,,tots-honourable-mentions,COSMETICS,expired,https://www.futbin.com/26/evolutions/838/tots-honourable-mentions
778,2026-05-10,exact,839,Maestro Unbound,,maestro-unbound,EVOLUTIONS,expired,https://www.futbin.com/26/evolutions/839/maestro-unbound
779,2026-05-11,exact,840,Polished Pivot,,polished-pivot,EVOLUTIONS,expired,https://www.futbin.com/26/evolutions/840/polished-pivot
780,2026-05-11,inferred,841,Quick Step+ and Jockey,,quick-step-and-jockey,REWARDS,expired,https://www.futbin.com/26/evolutions/841/quick-step-and-jockey
781,2026-05-12,inferred,842,Tri-Control,,tri-control,REWARDS,expired,https://www.futbin.com/26/evolutions/842/tri-control
782,2026-05-12,exact,843,Quick Twitch,,quick-twitch,EVOLUTIONS,expired,https://www.futbin.com/26/evolutions/843/quick-twitch
783,2026-05-13,exact,844,Midfield Migration,,midfield-migration,EVOLUTIONS,expired,https://www.futbin.com/26/evolutions/844/midfield-migration
784,2026-05-14,exact,845,Keep the Ball,,keep-the-ball,EVOLUTIONS,expired,https://www.futbin.com/26/evolutions/845/keep-the-ball
785,2026-05-15,exact,846,TOTS Career Path - Starter,,tots-career-path-starter,EVOLUTIONS,expired,https://www.futbin.com/26/evolutions/846/tots-career-path-starter
786,2026-05-15,inferred,847,Total Football,,total-football,EVOLUTIONS,expired,https://www.futbin.com/26/evolutions/847/total-football
787,2026-05-16,inferred,848,Low Driven+,,low-driven,REWARDS,expired,https://www.futbin.com/26/evolutions/848/low-driven
788,2026-05-16,exact,849,Five Star Phenom,,five-star-phenom,EVOLUTIONS,expired,https://www.futbin.com/26/evolutions/849/five-star-phenom
789,2026-05-17,exact,850,TOTS Career Path II - LM,,tots-career-path-ii-lm,EVOLUTIONS,expired,https://www.futbin.com/26/evolutions/850/tots-career-path-ii-lm
790,2026-05-17,exact,851,TOTS Career Path II - RM,,tots-career-path-ii-rm,EVOLUTIONS,expired,https://www.futbin.com/26/evolutions/851/tots-career-path-ii-rm
791,2026-05-17,exact,852,TOTS Career Path II - CAM,,tots-career-path-ii-cam,EVOLUTIONS,expired,https://www.futbin.com/26/evolutions/852/tots-career-path-ii-cam
792,2026-05-18,exact,853,Elite Link-Up,,elite-link-up,EVOLUTIONS,expired,https://www.futbin.com/26/evolutions/853/elite-link-up
793,2026-05-18,inferred,854,Backline Instinct,,backline-instinct,REWARDS,expired,https://www.futbin.com/26/evolutions/854/backline-instinct
794,2026-05-18,inferred,855,Far Reach+,,far-reach,REWARDS,expired,https://www.futbin.com/26/evolutions/855/far-reach
795,2026-05-18,inferred,856,Enforcer+,,enforcer,REWARDS,expired,https://www.futbin.com/26/evolutions/856/enforcer
796,2026-05-19,inferred,857,Quick Step,,quick-step,REWARDS,expired,https://www.futbin.com/26/evolutions/857/quick-step
797,2026-05-19,inferred,858,Defensive Perfection,,defensive-perfection,REWARDS,expired,https://www.futbin.com/26/evolutions/858/defensive-perfection
798,2026-05-19,inferred,859,Attacking Excellence,,attacking-excellence,REWARDS,expired,https://www.futbin.com/26/evolutions/859/attacking-excellence
799,2026-05-19,inferred,860,Sterling Ascension,,sterling-ascension,REWARDS,expired,https://www.futbin.com/26/evolutions/860/sterling-ascension
800,2026-05-19,exact,861,Defensive Masterclass,,defensive-masterclass,EVOLUTIONS,expired,https://www.futbin.com/26/evolutions/861/defensive-masterclass
801,2026-05-20,exact,862,TOTS Career Path III - LW,,tots-career-path-iii-lw,EVOLUTIONS,expired,https://www.futbin.com/26/evolutions/862/tots-career-path-iii-lw
802,2026-05-20,exact,863,TOTS Career Path III - RW,,tots-career-path-iii-rw,EVOLUTIONS,expired,https://www.futbin.com/26/evolutions/863/tots-career-path-iii-rw
803,2026-05-20,exact,864,TOTS Career Path III - CM,,tots-career-path-iii-cm,EVOLUTIONS,expired,https://www.futbin.com/26/evolutions/864/tots-career-path-iii-cm
804,2026-05-21,exact,865,Composed Authority,,composed-authority,EVOLUTIONS,expired,https://www.futbin.com/26/evolutions/865/composed-authority
805,2026-05-22,exact,866,Making the Case,,making-the-case,EVOLUTIONS,expired,https://www.futbin.com/26/evolutions/866/making-the-case
806,2026-05-23,inferred,867,Polished Perfection,,polished-perfection,TRAINING CAMP,expired,https://www.futbin.com/26/evolutions/867/polished-perfection
807,2026-05-23,exact,868,Poldi's Strike,,poldis-strike,EVOLUTIONS,expired,https://www.futbin.com/26/evolutions/868/poldis-strike
808,2026-05-24,exact,869,Dash & Dazzle,,dash--dazzle,EVOLUTIONS,expired,https://www.futbin.com/26/evolutions/869/dash--dazzle
809,2026-05-25,exact,870,Spinning Top,,spinning-top,EVOLUTIONS,expired,https://www.futbin.com/26/evolutions/870/spinning-top
810,2026-05-26,exact,871,Tater TOTS,,tater-tots,EVOLUTIONS,expired,https://www.futbin.com/26/evolutions/871/tater-tots
811,2026-05-27,exact,872,The GOATkeeper,,the-goatkeeper,EVOLUTIONS,expired,https://www.futbin.com/26/evolutions/872/the-goatkeeper
812,2026-05-27,inferred,873,Gamechanger+,,gamechanger,EVOLUTIONS,expired,https://www.futbin.com/26/evolutions/873/gamechanger
813,2026-05-27,inferred,874,Quick Step+,,quick-step,EVOLUTIONS,active,https://www.futbin.com/26/evolutions/874/quick-step
814,2026-05-28,inferred,875,Pinged Pass+,,pinged-pass,EVOLUTIONS,expired,https://www.futbin.com/26/evolutions/875/pinged-pass
815,2026-05-28,inferred,876,Perfect Timing,,perfect-timing,EVOLUTIONS,expired,https://www.futbin.com/26/evolutions/876/perfect-timing
816,2026-05-28,exact,877,Ultimate End,,ultimate-end,COSMETICS,expired,https://www.futbin.com/26/evolutions/877/ultimate-end
817,2026-05-29,exact,878,History in Ten,,history-in-ten,EVOLUTIONS,expired,https://www.futbin.com/26/evolutions/878/history-in-ten
818,2026-05-29,exact,879,Smooth Operator,,smooth-operator,EVOLUTIONS,expired,https://www.futbin.com/26/evolutions/879/smooth-operator
819,2026-05-30,inferred,880,Enforcer+,,enforcer,REWARDS,expired,https://www.futbin.com/26/evolutions/880/enforcer
820,2026-05-30,exact,881,Goal Bound,,goal-bound,EVOLUTIONS,expired,https://www.futbin.com/26/evolutions/881/goal-bound
821,2026-05-30,exact,882,Prime Heroes,,prime-heroes,COSMETICS,expired,https://www.futbin.com/26/evolutions/882/prime-heroes
822,2026-05-31,exact,883,Born to Roam,,born-to-roam,EVOLUTIONS,expired,https://www.futbin.com/26/evolutions/883/born-to-roam
823,2026-06-01,exact,884,Rock & Resolve,,rock--resolve,EVOLUTIONS,expired,https://www.futbin.com/26/evolutions/884/rock--resolve
824,2026-06-02,exact,885,Street Slick,,street-slick,EVOLUTIONS,expired,https://www.futbin.com/26/evolutions/885/street-slick
825,2026-06-03,inferred,886,Technical+,,technical,REWARDS,expired,https://www.futbin.com/26/evolutions/886/technical
826,2026-06-03,exact,887,Perfect Poise,,perfect-poise,EVOLUTIONS,expired,https://www.futbin.com/26/evolutions/887/perfect-poise
827,2026-06-03,inferred,888,Far Reach+,,far-reach,PLAYSTYLES+ LAB,active,https://www.futbin.com/26/evolutions/888/far-reach
828,2026-06-03,inferred,889,Technical+,,technical,PLAYSTYLES+ LAB,active,https://www.futbin.com/26/evolutions/889/technical
829,2026-06-03,inferred,890,Intercept+,,intercept,PLAYSTYLES+ LAB,active,https://www.futbin.com/26/evolutions/890/intercept
830,2026-06-03,inferred,891,Tiki Taka+,,tiki-taka,PLAYSTYLES+ LAB,active,https://www.futbin.com/26/evolutions/891/tiki-taka
831,2026-06-03,inferred,892,Low Driven Shot+,,low-driven-shot,PLAYSTYLES+ LAB,active,https://www.futbin.com/26/evolutions/892/low-driven-shot
832,2026-06-03,inferred,893,Footwork+,,footwork,PLAYSTYLES+ LAB,active,https://www.futbin.com/26/evolutions/893/footwork
833,2026-06-03,inferred,894,Jockey+,,jockey,PLAYSTYLES+ LAB,active,https://www.futbin.com/26/evolutions/894/jockey
834,2026-06-03,inferred,895,Anticipate+,,anticipate,PLAYSTYLES+ LAB,active,https://www.futbin.com/26/evolutions/895/anticipate
835,2026-06-03,inferred,896,Finesse Shot+,,finesse-shot,PLAYSTYLES+ LAB,active,https://www.futbin.com/26/evolutions/896/finesse-shot
836,2026-06-03,inferred,897,Incisive Pass+,,incisive-pass,PLAYSTYLES+ LAB,active,https://www.futbin.com/26/evolutions/897/incisive-pass
837,2026-06-03,inferred,898,Quick Step+,,quick-step,PLAYSTYLES+ LAB,active,https://www.futbin.com/26/evolutions/898/quick-step
838,2026-06-03,inferred,899,Rapid+,,rapid,PLAYSTYLES+ LAB,active,https://www.futbin.com/26/evolutions/899/rapid
839,2026-06-03,inferred,900,Pinged Pass+,,pinged-pass,PLAYSTYLES+ LAB,active,https://www.futbin.com/26/evolutions/900/pinged-pass
840,2026-06-03,inferred,901,Bruiser+,,bruiser,PLAYSTYLES+ LAB,active,https://www.futbin.com/26/evolutions/901/bruiser
841,2026-06-03,inferred,902,Relentless+,,relentless,PLAYSTYLES+ LAB,active,https://www.futbin.com/26/evolutions/902/relentless
842,2026-06-03,inferred,903,Long Ball Pass+,,long-ball-pass,PLAYSTYLES+ LAB,active,https://www.futbin.com/26/evolutions/903/long-ball-pass
843,2026-06-03,inferred,904,Inventive+,,inventive,PLAYSTYLES+ LAB,active,https://www.futbin.com/26/evolutions/904/inventive
844,2026-06-03,inferred,905,Cross Claimer+,,cross-claimer,PLAYSTYLES+ LAB,active,https://www.futbin.com/26/evolutions/905/cross-claimer
845,2026-06-04,inferred,906,First Touch+,,first-touch,PLAYSTYLES+ LAB,active,https://www.futbin.com/26/evolutions/906/first-touch
846,2026-06-04,inferred,907,1v1 Close Down+,,1v1-close-down,PLAYSTYLES+ LAB,active,https://www.futbin.com/26/evolutions/907/1v1-close-down
847,2026-06-04,inferred,908,Trickster+,,trickster,PLAYSTYLES+ LAB,active,https://www.futbin.com/26/evolutions/908/trickster
848,2026-06-04,inferred,909,Press Proven+,,press-proven,PLAYSTYLES+ LAB,active,https://www.futbin.com/26/evolutions/909/press-proven
849,2026-06-04,inferred,910,Block+,,block,PLAYSTYLES+ LAB,active,https://www.futbin.com/26/evolutions/910/block
850,2026-06-04,inferred,911,Gamechanger+,,gamechanger,PLAYSTYLES+ LAB,active,https://www.futbin.com/26/evolutions/911/gamechanger
851,2026-06-04,inferred,912,Deflector+,,deflector,PLAYSTYLES+ LAB,active,https://www.futbin.com/26/evolutions/912/deflector
852,2026-06-04,inferred,913,Power Shot+,,power-shot,PLAYSTYLES+ LAB,active,https://www.futbin.com/26/evolutions/913/power-shot
853,2026-06-04,inferred,914,Enforcer+,,enforcer,PLAYSTYLES+ LAB,active,https://www.futbin.com/26/evolutions/914/enforcer
854,2026-06-04,inferred,915,Chip Shot+,,chip-shot,PLAYSTYLES+ LAB,active,https://www.futbin.com/26/evolutions/915/chip-shot
855,2026-06-04,inferred,916,Acrobatic+,,acrobatic,PLAYSTYLES+ LAB,active,https://www.futbin.com/26/evolutions/916/acrobatic
856,2026-06-04,inferred,917,Dead Ball+,,dead-ball,PLAYSTYLES+ LAB,active,https://www.futbin.com/26/evolutions/917/dead-ball
857,2026-06-04,inferred,918,Slide Tackle+,,slide-tackle,PLAYSTYLES+ LAB,active,https://www.futbin.com/26/evolutions/918/slide-tackle
858,2026-06-04,inferred,919,Long Throw+,,long-throw,PLAYSTYLES+ LAB,active,https://www.futbin.com/26/evolutions/919/long-throw
859,2026-06-04,inferred,920,Aerial Fortress+,,aerial-fortress,PLAYSTYLES+ LAB,active,https://www.futbin.com/26/evolutions/920/aerial-fortress
860,2026-06-04,inferred,921,Far Throw+,,far-throw,PLAYSTYLES+ LAB,active,https://www.futbin.com/26/evolutions/921/far-throw
861,2026-06-04,inferred,922,Whipped Pass+,,whipped-pass,PLAYSTYLES+ LAB,active,https://www.futbin.com/26/evolutions/922/whipped-pass
862,2026-06-04,inferred,923,Precision Header+,,precision-header,PLAYSTYLES+ LAB,active,https://www.futbin.com/26/evolutions/923/precision-header
863,2026-06-04,exact,924,GK Roles++,,gk-roles,ROLES,expired,https://www.futbin.com/26/evolutions/924/gk-roles
864,2026-06-04,exact,925,CB Roles++,,cb-roles,ROLES,expired,https://www.futbin.com/26/evolutions/925/cb-roles
865,2026-06-04,exact,926,LB Roles++,,lb-roles,ROLES,expired,https://www.futbin.com/26/evolutions/926/lb-roles
866,2026-06-04,exact,927,RB Roles++,,rb-roles,ROLES,expired,https://www.futbin.com/26/evolutions/927/rb-roles
867,2026-06-04,exact,928,CDM Roles++,,cdm-roles,ROLES,expired,https://www.futbin.com/26/evolutions/928/cdm-roles
868,2026-06-04,exact,929,CM Roles++,,cm-roles,ROLES,expired,https://www.futbin.com/26/evolutions/929/cm-roles
869,2026-06-04,exact,930,CAM Roles++,,cam-roles,ROLES,expired,https://www.futbin.com/26/evolutions/930/cam-roles
870,2026-06-04,exact,931,LM Roles++,,lm-roles,ROLES,expired,https://www.futbin.com/26/evolutions/931/lm-roles
871,2026-06-04,exact,932,RM Roles++,,rm-roles,ROLES,expired,https://www.futbin.com/26/evolutions/932/rm-roles
872,2026-06-04,exact,933,ST Roles++,,st-roles,ROLES,expired,https://www.futbin.com/26/evolutions/933/st-roles
873,2026-06-04,exact,934,RW Roles++,,rw-roles,ROLES,expired,https://www.futbin.com/26/evolutions/934/rw-roles
874,2026-06-04,inferred,935,LW Roles++,,lw-roles,ROLES,expired,https://www.futbin.com/26/evolutions/935/lw-roles
875,2026-06-04,exact,936,Finesse Shot,,finesse-shot,PLAYSTYLES LAB,active,https://www.futbin.com/26/evolutions/936/finesse-shot
876,2026-06-04,exact,937,Intercept,,intercept,PLAYSTYLES LAB,active,https://www.futbin.com/26/evolutions/937/intercept
877,2026-06-04,exact,938,Incisive Pass,,incisive-pass,PLAYSTYLES LAB,active,https://www.futbin.com/26/evolutions/938/incisive-pass
878,2026-06-04,exact,939,Quick Step,,quick-step,PLAYSTYLES LAB,active,https://www.futbin.com/26/evolutions/939/quick-step
879,2026-06-04,exact,940,Tiki Taka,,tiki-taka,PLAYSTYLES LAB,active,https://www.futbin.com/26/evolutions/940/tiki-taka
880,2026-06-04,exact,941,Bruiser,,bruiser,PLAYSTYLES LAB,active,https://www.futbin.com/26/evolutions/941/bruiser
881,2026-06-04,exact,942,Pinged Pass,,pinged-pass,PLAYSTYLES LAB,active,https://www.futbin.com/26/evolutions/942/pinged-pass
882,2026-06-04,exact,943,Rapid,,rapid,PLAYSTYLES LAB,active,https://www.futbin.com/26/evolutions/943/rapid
883,2026-06-04,exact,944,Jockey,,jockey,PLAYSTYLES LAB,active,https://www.futbin.com/26/evolutions/944/jockey
884,2026-06-04,exact,945,Anticipate,,anticipate,PLAYSTYLES LAB,active,https://www.futbin.com/26/evolutions/945/anticipate
885,2026-06-04,exact,946,Low Driven Shot,,low-driven-shot,PLAYSTYLES LAB,active,https://www.futbin.com/26/evolutions/946/low-driven-shot
886,2026-06-04,exact,947,Far Reach,,far-reach,PLAYSTYLES LAB,active,https://www.futbin.com/26/evolutions/947/far-reach
887,2026-06-04,exact,948,Footwork,,footwork,PLAYSTYLES LAB,active,https://www.futbin.com/26/evolutions/948/footwork
888,2026-06-04,exact,949,Technical,,technical,PLAYSTYLES LAB,active,https://www.futbin.com/26/evolutions/949/technical
889,2026-06-04,exact,950,Enforcer,,enforcer,PLAYSTYLES LAB,active,https://www.futbin.com/26/evolutions/950/enforcer
890,2026-06-04,exact,951,Long Ball Pass,,long-ball-pass,PLAYSTYLES LAB,active,https://www.futbin.com/26/evolutions/951/long-ball-pass
891,2026-06-04,inferred,952,Deflector,,deflector,PLAYSTYLES LAB,active,https://www.futbin.com/26/evolutions/952/deflector
892,2026-06-04,inferred,953,Trickster,,trickster,PLAYSTYLES LAB,active,https://www.futbin.com/26/evolutions/953/trickster
893,2026-06-04,inferred,954,Gamechanger,,gamechanger,PLAYSTYLES LAB,active,https://www.futbin.com/26/evolutions/954/gamechanger
894,2026-06-04,exact,955,Cross Claimer,,cross-claimer,PLAYSTYLES LAB,active,https://www.futbin.com/26/evolutions/955/cross-claimer
895,2026-06-04,inferred,956,Press Proven,,press-proven,PLAYSTYLES LAB,active,https://www.futbin.com/26/evolutions/956/press-proven
896,2026-06-04,inferred,957,Block,,block,PLAYSTYLES LAB,active,https://www.futbin.com/26/evolutions/957/block
897,2026-06-04,inferred,958,Inventive,,inventive,PLAYSTYLES LAB,active,https://www.futbin.com/26/evolutions/958/inventive
898,2026-06-04,inferred,959,Power Shot,,power-shot,PLAYSTYLES LAB,active,https://www.futbin.com/26/evolutions/959/power-shot
899,2026-06-04,exact,960,1v1 Close Down,,1v1-close-down,PLAYSTYLES LAB,active,https://www.futbin.com/26/evolutions/960/1v1-close-down
900,2026-06-04,inferred,961,Relentless,,relentless,PLAYSTYLES LAB,active,https://www.futbin.com/26/evolutions/961/relentless
901,2026-06-04,inferred,962,First Touch,,first-touch,PLAYSTYLES LAB,active,https://www.futbin.com/26/evolutions/962/first-touch
902,2026-06-04,exact,963,Far Throw,,far-throw,PLAYSTYLES LAB,active,https://www.futbin.com/26/evolutions/963/far-throw
903,2026-06-04,exact,964,Whipped Pass,,whipped-pass,PLAYSTYLES LAB,active,https://www.futbin.com/26/evolutions/964/whipped-pass
904,2026-06-04,inferred,965,Slide Tackle,,slide-tackle,PLAYSTYLES LAB,active,https://www.futbin.com/26/evolutions/965/slide-tackle
905,2026-06-04,inferred,966,Aerial Fortress,,aerial-fortress,PLAYSTYLES LAB,active,https://www.futbin.com/26/evolutions/966/aerial-fortress
906,2026-06-04,inferred,967,Chip Shot,,chip-shot,PLAYSTYLES LAB,active,https://www.futbin.com/26/evolutions/967/chip-shot
907,2026-06-04,exact,968,Precision Header,,precision-header,PLAYSTYLES LAB,active,https://www.futbin.com/26/evolutions/968/precision-header
908,2026-06-04,inferred,969,Acrobatic,,acrobatic,PLAYSTYLES LAB,active,https://www.futbin.com/26/evolutions/969/acrobatic
909,2026-06-04,inferred,970,Long Throw,,long-throw,PLAYSTYLES LAB,active,https://www.futbin.com/26/evolutions/970/long-throw
910,2026-06-04,inferred,971,Dead Ball,,dead-ball,PLAYSTYLES LAB,active,https://www.futbin.com/26/evolutions/971/dead-ball
911,2026-06-04,inferred,972,Finesse Shot+,,finesse-shot,SEASON 8 LEVEL: 28,expired,https://www.futbin.com/26/evolutions/972/finesse-shot
912,2026-06-04,inferred,973,Intercept+,,intercept,SEASON 8 LEVEL: 27,expired,https://www.futbin.com/26/evolutions/973/intercept
913,2026-06-04,inferred,974,The Main Event,,the-main-event,2000 FOF TOKENS,active,https://www.futbin.com/26/evolutions/974/the-main-event
914,2026-06-04,inferred,975,Deadeye,,deadeye,SEASON 8 LEVEL: 21,expired,https://www.futbin.com/26/evolutions/975/deadeye
915,2026-06-04,inferred,976,No Looking Back,,no-looking-back,SEASON 8 LEVEL: 18,expired,https://www.futbin.com/26/evolutions/976/no-looking-back
916,2026-06-04,inferred,977,Afterburner,,afterburner,SEASON 8 LEVEL: 10,expired,https://www.futbin.com/26/evolutions/977/afterburner
917,2026-06-04,inferred,978,Covering Ground,,covering-ground,SEASON 8 LEVEL: 1,expired,https://www.futbin.com/26/evolutions/978/covering-ground
918,2026-06-04,inferred,979,Gold Standard,,gold-standard,500 FOF TOKENS,active,https://www.futbin.com/26/evolutions/979/gold-standard
919,2026-06-04,inferred,980,Old School Winger,,old-school-winger,SEASON 8 LEVEL: 1,expired,https://www.futbin.com/26/evolutions/980/old-school-winger
920,2026-06-04,inferred,981,One Step Ahead,,one-step-ahead,100 FOF TOKENS,expired,https://www.futbin.com/26/evolutions/981/one-step-ahead
921,2026-06-04,inferred,982,Try Again Tomorrow,,try-again-tomorrow,SEASON 8 LEVEL: 8,expired,https://www.futbin.com/26/evolutions/982/try-again-tomorrow
922,2026-06-04,inferred,983,Relentless Rise,,relentless-rise,REWARDS,active,https://www.futbin.com/26/evolutions/983/relentless-rise
923,2026-06-04,inferred,984,Chasing the Spotlight,,chasing-the-spotlight,REWARDS,active,https://www.futbin.com/26/evolutions/984/chasing-the-spotlight
924,2026-06-04,inferred,985,Low Driven Shot+,,low-driven-shot,REWARDS,active,https://www.futbin.com/26/evolutions/985/low-driven-shot
925,2026-06-04,inferred,986,Memo's Legacy,,memos-legacy,REWARDS,active,https://www.futbin.com/26/evolutions/986/memos-legacy
926,2026-06-04,inferred,987,El Kaiser,,el-kaiser,REWARDS,active,https://www.futbin.com/26/evolutions/987/el-kaiser
927,2026-06-04,inferred,988,Street Soccer,,street-soccer,REWARDS,active,https://www.futbin.com/26/evolutions/988/street-soccer
928,2026-06-04,inferred,989,Star Chaser,,star-chaser,REWARDS,active,https://www.futbin.com/26/evolutions/989/star-chaser
929,2026-06-04,inferred,990,"Pass, Eh",,pass-eh,REWARDS,active,https://www.futbin.com/26/evolutions/990/pass-eh
930,2026-06-04,exact,991,Anfield's Wall,,anfields-wall,EVOLUTIONS,expired,https://www.futbin.com/26/evolutions/991/anfields-wall
931,2026-06-04,inferred,992,Path to Glory Cosmetic,,path-to-glory-cosmetic,REWARDS,expired,https://www.futbin.com/26/evolutions/992/path-to-glory-cosmetic
932,2026-06-05,inferred,993,Donovation,,donovation,EVOLUTIONS,expired,https://www.futbin.com/26/evolutions/993/donovation
933,2026-06-05,exact,994,FoF Pelé I - RW/LW,,fof-pele-i-rwlw,FOF: PELÉ,expired,https://www.futbin.com/26/evolutions/994/fof-pele-i-rwlw
934,2026-06-05,exact,995,FoF Pelé I - CM,,fof-pele-i-cm,FOF: PELÉ,expired,https://www.futbin.com/26/evolutions/995/fof-pele-i-cm
935,2026-06-05,exact,996,FoF Pelé I - ST,,fof-pele-i-st,FOF: PELÉ,expired,https://www.futbin.com/26/evolutions/996/fof-pele-i-st
936,2026-06-05,exact,997,Meep Meep,,meep-meep,TRAINING CAMP,expired,https://www.futbin.com/26/evolutions/997/meep-meep
937,2026-06-06,exact,998,Inch Perfect,,inch-perfect,EVOLUTIONS,expired,https://www.futbin.com/26/evolutions/998/inch-perfect
938,2026-06-06,inferred,999,The Iron 9,,the-iron-9,REWARDS,expired,https://www.futbin.com/26/evolutions/999/the-iron-9
939,2026-06-07,inferred,1000,Trequartista,,trequartista,REWARDS,expired,https://www.futbin.com/26/evolutions/1000/trequartista
940,2026-06-07,inferred,1001,Five Star Phenom II,,five-star-phenom-ii,REWARDS,expired,https://www.futbin.com/26/evolutions/1001/five-star-phenom-ii
941,2026-06-07,inferred,1002,Defence Wins Championships,,defence-wins-championships,REWARDS,expired,https://www.futbin.com/26/evolutions/1002/defence-wins-championships
942,2026-06-08,inferred,1003,Rapid+,,rapid,REWARDS,expired,https://www.futbin.com/26/evolutions/1003/rapid
943,2026-06-08,exact,1004,Hawk Eye,,hawk-eye,EVOLUTIONS,expired,https://www.futbin.com/26/evolutions/1004/hawk-eye
944,2026-06-09,exact,1005,Free Kick Mastery,,free-kick-mastery,EVOLUTIONS,expired,https://www.futbin.com/26/evolutions/1005/free-kick-mastery
945,2026-06-09,exact,1006,Final Preparations,,final-preparations,TRAINING CAMP,expired,https://www.futbin.com/26/evolutions/1006/final-preparations
946,2026-06-10,exact,1007,Backbone Brilliance,,backbone-brilliance,EVOLUTIONS,expired,https://www.futbin.com/26/evolutions/1007/backbone-brilliance
947,2026-06-11,exact,1008,La Pulga,,la-pulga,EVOLUTIONS,expired,https://www.futbin.com/26/evolutions/1008/la-pulga
948,2026-06-12,exact,1009,Go on Son,,go-on-son,EVOLUTIONS,expired,https://www.futbin.com/26/evolutions/1009/go-on-son
949,2026-06-12,exact,1010,Hold the Fort,,hold-the-fort,EVOLUTIONS,expired,https://www.futbin.com/26/evolutions/1010/hold-the-fort
950,2026-06-12,inferred,1011,Hidden Gem,,hidden-gem,REWARDS,active,https://www.futbin.com/26/evolutions/1011/hidden-gem
951,2026-06-12,inferred,1012,The Kiwi Wall,,the-kiwi-wall,REWARDS,active,https://www.futbin.com/26/evolutions/1012/the-kiwi-wall
952,2026-06-12,inferred,1013,Quick Step+,,quick-step,REWARDS,active,https://www.futbin.com/26/evolutions/1013/quick-step
953,2026-06-12,inferred,1014,Tiny Tim,,tiny-tim,REWARDS,active,https://www.futbin.com/26/evolutions/1014/tiny-tim
954,2026-06-13,inferred,1015,PhD In Dribbling,,phd-in-dribbling,REWARDS,active,https://www.futbin.com/26/evolutions/1015/phd-in-dribbling
955,2026-06-13,inferred,1016,Oxygen Tank,,oxygen-tank,REWARDS,active,https://www.futbin.com/26/evolutions/1016/oxygen-tank
956,2026-06-13,inferred,1017,Golden Spirit,,golden-spirit,REWARDS,active,https://www.futbin.com/26/evolutions/1017/golden-spirit
957,2026-06-13,inferred,1018,Continental Cannon,,continental-cannon,REWARDS,active,https://www.futbin.com/26/evolutions/1018/continental-cannon
958,2026-06-13,exact,1019,Shadow Step,,shadow-step,EVOLUTIONS,expired,https://www.futbin.com/26/evolutions/1019/shadow-step
959,2026-06-14,inferred,1020,Path to Glory,,path-to-glory,COSMETICS,expired,https://www.futbin.com/26/evolutions/1020/path-to-glory
960,2026-06-14,exact,1021,Complete Connection,,complete-connection,EVOLUTIONS,expired,https://www.futbin.com/26/evolutions/1021/complete-connection
961,2026-06-15,exact,1022,Woodsy's Way,,woodsys-way,EVOLUTIONS,expired,https://www.futbin.com/26/evolutions/1022/woodsys-way
962,2026-06-16,inferred,1023,Build Your Own FUT Birthday,,build-your-own-fut-birthday,REWARDS,active,https://www.futbin.com/26/evolutions/1023/build-your-own-fut-birthday
963,2026-06-16,exact,1024,No Payne No Gain,,no-payne-no-gain,EVOLUTIONS,expired,https://www.futbin.com/26/evolutions/1024/no-payne-no-gain
964,2026-06-18,exact,1025,Wave Your Flag,,wave-your-flag,EVOLUTIONS,expired,https://www.futbin.com/26/evolutions/1025/wave-your-flag
965,2026-06-19,exact,1026,Cameroon King,,cameroon-king,EVOLUTIONS,expired,https://www.futbin.com/26/evolutions/1026/cameroon-king
966,2026-06-19,inferred,1027,Built for Glory,,built-for-glory,EVOLUTIONS,expired,https://www.futbin.com/26/evolutions/1027/built-for-glory
967,2026-06-19,inferred,1028,Attacking Artistry,,attacking-artistry,TRAINING CAMP,expired,https://www.futbin.com/26/evolutions/1028/attacking-artistry
968,2026-06-19,inferred,1029,The Egyptian King,,the-egyptian-king,REWARDS,active,https://www.futbin.com/26/evolutions/1029/the-egyptian-king
969,2026-06-19,inferred,1030,Do it like Yaya,,do-it-like-yaya,REWARDS,active,https://www.futbin.com/26/evolutions/1030/do-it-like-yaya
970,2026-06-19,inferred,1031,Incisive Pass+,,incisive-pass,REWARDS,active,https://www.futbin.com/26/evolutions/1031/incisive-pass
971,2026-06-20,inferred,1032,Leopard's Roar,,leopards-roar,REWARDS,active,https://www.futbin.com/26/evolutions/1032/leopards-roar
972,2026-06-20,inferred,1033,Finesse Shot+,,finesse-shot,REWARDS,active,https://www.futbin.com/26/evolutions/1033/finesse-shot
973,2026-06-20,inferred,1034,I Do Absolutes,,i-do-absolutes,REWARDS,active,https://www.futbin.com/26/evolutions/1034/i-do-absolutes
974,2026-06-20,inferred,1035,National Pride,,national-pride,REWARDS,expired,https://www.futbin.com/26/evolutions/1035/national-pride
975,2026-06-20,inferred,1036,Greats of The Game Hero,,greats-of-the-game-hero,REWARDS,expired,https://www.futbin.com/26/evolutions/1036/greats-of-the-game-hero
976,2026-06-20,exact,1037,Anchor Down,,anchor-down,EVOLUTIONS,expired,https://www.futbin.com/26/evolutions/1037/anchor-down
977,2026-06-21,inferred,1038,Greats of the Game Icon,,greats-of-the-game-icon,COSMETICS,expired,https://www.futbin.com/26/evolutions/1038/greats-of-the-game-icon
978,2026-06-21,exact,1039,Piscinin,,piscinin,EVOLUTIONS,expired,https://www.futbin.com/26/evolutions/1039/piscinin
979,2026-06-22,exact,1040,Steady Eddie,,steady-eddie,EVOLUTIONS,expired,https://www.futbin.com/26/evolutions/1040/steady-eddie
980,2026-06-23,inferred,1041,Slalom Dribbling,,slalom-dribbling,EVOLUTIONS,expired,https://www.futbin.com/26/evolutions/1041/slalom-dribbling
981,2026-06-23,exact,1042,Own the Box,,own-the-box,TRAINING CAMP,expired,https://www.futbin.com/26/evolutions/1042/own-the-box
982,2026-06-24,exact,1043,Maradona of the Carpathians,,maradona-of-the-carpathians,EVOLUTIONS,expired,https://www.futbin.com/26/evolutions/1043/maradona-of-the-carpathians
983,2026-06-25,exact,1044,Sharp Senses,,sharp-senses,EVOLUTIONS,expired,https://www.futbin.com/26/evolutions/1044/sharp-senses
984,2026-06-26,exact,1045,Veni Vidi Vini,,veni-vidi-vini,EVOLUTIONS,expired,https://www.futbin.com/26/evolutions/1045/veni-vidi-vini
985,2026-06-26,exact,1046,Rounded Royalty,,rounded-royalty,EVOLUTIONS,expired,https://www.futbin.com/26/evolutions/1046/rounded-royalty
986,2026-06-26,inferred,1047,Glory Hunter - Pinged,,glory-hunter-pinged,REWARDS,active,https://www.futbin.com/26/evolutions/1047/glory-hunter-pinged
987,2026-06-26,inferred,1048,Glory Hunter - Bruiser,,glory-hunter-bruiser,REWARDS,active,https://www.futbin.com/26/evolutions/1048/glory-hunter-bruiser
988,2026-06-26,inferred,1049,Glory Hunter - Incisive,,glory-hunter-incisive,REWARDS,active,https://www.futbin.com/26/evolutions/1049/glory-hunter-incisive
989,2026-06-26,inferred,1050,Glory Hunter - Low Driven,,glory-hunter-low-driven,REWARDS,active,https://www.futbin.com/26/evolutions/1050/glory-hunter-low-driven
990,2026-06-26,inferred,1051,Glory Hunter - Quick Step,,glory-hunter-quick-step,REWARDS,active,https://www.futbin.com/26/evolutions/1051/glory-hunter-quick-step
991,2026-06-26,inferred,1052,Glory Hunter - Intercept,,glory-hunter-intercept,REWARDS,active,https://www.futbin.com/26/evolutions/1052/glory-hunter-intercept
992,2026-06-26,inferred,1053,Glory Hunter - Anticipate,,glory-hunter-anticipate,REWARDS,active,https://www.futbin.com/26/evolutions/1053/glory-hunter-anticipate
993,2026-06-26,inferred,1054,Glory Hunter - Finesse,,glory-hunter-finesse,REWARDS,active,https://www.futbin.com/26/evolutions/1054/glory-hunter-finesse
994,2026-06-26,inferred,1055,Low Driven+,,low-driven,REWARDS,active,https://www.futbin.com/26/evolutions/1055/low-driven
995,2026-06-27,inferred,1056,Pinged Pass+,,pinged-pass,REWARDS,active,https://www.futbin.com/26/evolutions/1056/pinged-pass
996,2026-06-27,inferred,1059,O Capitão,,o-capitao,REWARDS,active,https://www.futbin.com/26/evolutions/1059/o-capitao
997,2026-06-27,inferred,1060,The Little Boy from Rosario,,the-little-boy-from-rosario,REWARDS,active,https://www.futbin.com/26/evolutions/1060/the-little-boy-from-rosario
998,2026-06-27,inferred,1061,Deadball Mastery,,deadball-mastery,REWARDS,active,https://www.futbin.com/26/evolutions/1061/deadball-mastery
999,2026-06-27,inferred,1062,El Bandido,,el-bandido,REWARDS,active,https://www.futbin.com/26/evolutions/1062/el-bandido
1000,2026-06-27,inferred,1063,Given the Keys,,given-the-keys,REWARDS,expired,https://www.futbin.com/26/evolutions/1063/given-the-keys
1001,2026-06-27,inferred,1064,Anticipate+,,anticipate,REWARDS,expired,https://www.futbin.com/26/evolutions/1064/anticipate
1002,2026-06-27,exact,1065,Pitch Protector,,pitch-protector,EVOLUTIONS,expired,https://www.futbin.com/26/evolutions/1065/pitch-protector
1003,2026-06-27,exact,1066,FoF Pelé II,,fof-pele-ii,FOF: PELÉ,expired,https://www.futbin.com/26/evolutions/1066/fof-pele-ii
1004,2026-06-27,inferred,1067,Glory Hunters,,glory-hunters,COSMETICS,expired,https://www.futbin.com/26/evolutions/1067/glory-hunters
1005,2026-06-28,inferred,1068,Glory Hunter - Anticipate,,glory-hunter-anticipate,REWARDS,expired,https://www.futbin.com/26/evolutions/1068/glory-hunter-anticipate
1006,2026-06-28,exact,1069,Defensive Deadline,,defensive-deadline,TRAINING CAMP,expired,https://www.futbin.com/26/evolutions/1069/defensive-deadline
1007,2026-06-29,inferred,1070,Net Breaker,,net-breaker,REWARDS,expired,https://www.futbin.com/26/evolutions/1070/net-breaker
1008,2026-06-29,exact,1071,Flow State,,flow-state,EVOLUTIONS,expired,https://www.futbin.com/26/evolutions/1071/flow-state
1009,2026-06-30,inferred,1072,Creative Outlet,,creative-outlet,REWARDS,expired,https://www.futbin.com/26/evolutions/1072/creative-outlet
1010,2026-06-30,exact,1073,Chasing Greatness,,chasing-greatness,EVOLUTIONS,expired,https://www.futbin.com/26/evolutions/1073/chasing-greatness
1011,2026-06-30,exact,1074,Fresh Legs,,fresh-legs,EVOLUTIONS,expired,https://www.futbin.com/26/evolutions/1074/fresh-legs
1012,2026-07-01,exact,1075,Knockout King,,knockout-king,EVOLUTIONS,expired,https://www.futbin.com/26/evolutions/1075/knockout-king
1013,2026-07-02,inferred,1076,Total Glory,,total-glory,REWARDS,active,https://www.futbin.com/26/evolutions/1076/total-glory
1014,2026-07-02,exact,1077,Atlantic Miracle,,atlantic-miracle,EVOLUTIONS,expired,https://www.futbin.com/26/evolutions/1077/atlantic-miracle
1015,2026-07-03,exact,1078,Selhurst Samurai,,selhurst-samurai,EVOLUTIONS,expired,https://www.futbin.com/26/evolutions/1078/selhurst-samurai
1016,2026-07-03,exact,1079,Fancy Footwork,,fancy-footwork,EVOLUTIONS,expired,https://www.futbin.com/26/evolutions/1079/fancy-footwork
1017,2026-07-03,inferred,1080,Highland Delivery,,highland-delivery,REWARDS,active,https://www.futbin.com/26/evolutions/1080/highland-delivery
1018,2026-07-03,inferred,1081,Furia Ceca,,furia-ceca,REWARDS,active,https://www.futbin.com/26/evolutions/1081/furia-ceca
1019,2026-07-03,inferred,1082,The Powercube,,the-powercube,REWARDS,active,https://www.futbin.com/26/evolutions/1082/the-powercube
1020,2026-07-04,inferred,1083,No Entry,,no-entry,REWARDS,active,https://www.futbin.com/26/evolutions/1083/no-entry
1021,2026-07-04,inferred,1084,The Final Pass,,the-final-pass,REWARDS,active,https://www.futbin.com/26/evolutions/1084/the-final-pass
1022,2026-07-04,inferred,1085,The Flying Dutchman,,the-flying-dutchman,REWARDS,active,https://www.futbin.com/26/evolutions/1085/the-flying-dutchman
1023,2026-07-04,exact,1086,Central Commander,,central-commander,EVOLUTIONS,expired,https://www.futbin.com/26/evolutions/1086/central-commander
1024,2026-07-04,inferred,1087,Glory Hunters,,glory-hunters,COSMETICS,expired,https://www.futbin.com/26/evolutions/1087/glory-hunters
1025,2026-07-05,inferred,1088,Formational Mastery,,formational-mastery,REWARDS,expired,https://www.futbin.com/26/evolutions/1088/formational-mastery
1026,2026-07-05,inferred,1089,Forward Flank,,forward-flank,REWARDS,expired,https://www.futbin.com/26/evolutions/1089/forward-flank
1027,2026-07-05,exact,1090,Scoring Sensation,,scoring-sensation,TRAINING CAMP,expired,https://www.futbin.com/26/evolutions/1090/scoring-sensation
1028,2026-07-05,inferred,1091,Built for Distance,,built-for-distance,REWARDS,expired,https://www.futbin.com/26/evolutions/1091/built-for-distance
1029,2026-07-05,inferred,1092,Glory Hunter - Technical,,glory-hunter-technical,REWARDS,active,https://www.futbin.com/26/evolutions/1092/glory-hunter-technical
1030,2026-07-06,inferred,1093,Glory Hunter - Rapid,,glory-hunter-rapid,REWARDS,active,https://www.futbin.com/26/evolutions/1093/glory-hunter-rapid
1031,2026-07-06,inferred,1094,Creating Space,,creating-space,REWARDS,expired,https://www.futbin.com/26/evolutions/1094/creating-space
1032,2026-07-06,exact,1095,Finishing Touches,,finishing-touches,EVOLUTIONS,expired,https://www.futbin.com/26/evolutions/1095/finishing-touches
1033,2026-07-07,exact,1096,PlayStyle Enhancer,,playstyle-enhancer,EVOLUTIONS,expired,https://www.futbin.com/26/evolutions/1096/playstyle-enhancer
1034,2026-07-08,exact,1097,From Flank to Finish,,from-flank-to-finish,EVOLUTIONS,expired,https://www.futbin.com/26/evolutions/1097/from-flank-to-finish
1035,2026-07-09,exact,1098,LW Roles++,,lw-roles,ROLES,expired,https://www.futbin.com/26/evolutions/1098/lw-roles
1036,2026-07-09,exact,1099,CM Roles++,,cm-roles,ROLES,expired,https://www.futbin.com/26/evolutions/1099/cm-roles
1037,2026-07-09,exact,1100,RW Roles++,,rw-roles,ROLES,expired,https://www.futbin.com/26/evolutions/1100/rw-roles
1038,2026-07-09,exact,1101,CAM Roles++,,cam-roles,ROLES,expired,https://www.futbin.com/26/evolutions/1101/cam-roles
1039,2026-07-09,exact,1102,GK Roles++,,gk-roles,ROLES,expired,https://www.futbin.com/26/evolutions/1102/gk-roles
1040,2026-07-09,exact,1103,ST Roles++,,st-roles,ROLES,expired,https://www.futbin.com/26/evolutions/1103/st-roles
1041,2026-07-09,exact,1104,LM Roles++,,lm-roles,ROLES,expired,https://www.futbin.com/26/evolutions/1104/lm-roles
1042,2026-07-09,exact,1105,RB Roles++,,rb-roles,ROLES,expired,https://www.futbin.com/26/evolutions/1105/rb-roles
1043,2026-07-09,exact,1106,CB Roles++,,cb-roles,ROLES,expired,https://www.futbin.com/26/evolutions/1106/cb-roles
1044,2026-07-09,exact,1107,RM Roles++,,rm-roles,ROLES,expired,https://www.futbin.com/26/evolutions/1107/rm-roles
1045,2026-07-09,exact,1108,CDM Roles++,,cdm-roles,ROLES,expired,https://www.futbin.com/26/evolutions/1108/cdm-roles
1046,2026-07-09,exact,1109,LB Roles++,,lb-roles,ROLES,expired,https://www.futbin.com/26/evolutions/1109/lb-roles
1047,2026-07-09,inferred,1110,Immovable Object,,immovable-object,SEASON 9 LEVEL: 1,expired,https://www.futbin.com/26/evolutions/1110/immovable-object
1048,2026-07-09,inferred,1111,Unstoppable Force,,unstoppable-force,SEASON 9 LEVEL: 2,expired,https://www.futbin.com/26/evolutions/1111/unstoppable-force
1049,2026-07-09,inferred,1112,Make your National Pride Star - Part 1,,make-your-national-pride-star-part-1,SEASON 9 LEVEL: 1,expired,https://www.futbin.com/26/evolutions/1112/make-your-national-pride-star-part-1
1050,2026-07-09,inferred,1113,Peak Performance,,peak-performance,SEASON 9 LEVEL: 8,expired,https://www.futbin.com/26/evolutions/1113/peak-performance
1051,2026-07-09,inferred,1114,Make Your National Pride Star - Part 2,,make-your-national-pride-star-part-2,SEASON 9 LEVEL: 14,expired,https://www.futbin.com/26/evolutions/1114/make-your-national-pride-star-part-2
1052,2026-07-09,inferred,1115,Anticipate+,,anticipate,SEASON 9 LEVEL: 25,expired,https://www.futbin.com/26/evolutions/1115/anticipate
1053,2026-07-09,inferred,1116,Rapid+,,rapid,SEASON 9 LEVEL: 28,expired,https://www.futbin.com/26/evolutions/1116/rapid
1054,2026-07-09,exact,1117,Five-Star Flair,,five-star-flair,EVOLUTIONS,expired,https://www.futbin.com/26/evolutions/1117/five-star-flair
1055,2026-07-10,exact,1118,La Masia Spark,,la-masia-spark,EVOLUTIONS,expired,https://www.futbin.com/26/evolutions/1118/la-masia-spark
1056,2026-07-10,exact,1119,Still Got It,,still-got-it,TRAINING CAMP,expired,https://www.futbin.com/26/evolutions/1119/still-got-it
1057,2026-07-10,inferred,1120,The Perfect 10,,the-perfect-10,1000 FUTTIES TOKENS,active,https://www.futbin.com/26/evolutions/1120/the-perfect-10
1058,2026-07-10,inferred,1121,Touchline Titan,,touchline-titan,500 FUTTIES TOKENS,active,https://www.futbin.com/26/evolutions/1121/touchline-titan
1059,2026-07-10,inferred,1122,Wingback Wunder,,wingback-wunder,200 FUTTIES TOKENS,expired,https://www.futbin.com/26/evolutions/1122/wingback-wunder
1060,2026-07-11,inferred,1123,No Stutter,,no-stutter,REWARDS,expired,https://www.futbin.com/26/evolutions/1123/no-stutter
1061,2026-07-11,inferred,1124,All Out Attack,,all-out-attack,REWARDS,expired,https://www.futbin.com/26/evolutions/1124/all-out-attack
1062,2026-07-11,inferred,1125,Phenom Rising,,phenom-rising,REWARDS,expired,https://www.futbin.com/26/evolutions/1125/phenom-rising
1063,2026-07-11,exact,1126,Iron Sentinel,,iron-sentinel,EVOLUTIONS,expired,https://www.futbin.com/26/evolutions/1126/iron-sentinel
1064,2026-07-11,inferred,1127,FoF Pelé III,,fof-pele-iii,FOF: PELÉ,expired,https://www.futbin.com/26/evolutions/1127/fof-pele-iii
1065,2026-07-11,exact,1128,Phenoms,,phenoms,COSMETICS,expired,https://www.futbin.com/26/evolutions/1128/phenoms
1066,2026-07-12,exact,1129,From Miss to Ice,,from-miss-to-ice,EVOLUTIONS,expired,https://www.futbin.com/26/evolutions/1129/from-miss-to-ice
1067,2026-07-13,exact,1130,Heart of the Squad,,heart-of-the-squad,EVOLUTIONS,expired,https://www.futbin.com/26/evolutions/1130/heart-of-the-squad
1068,2026-07-14,inferred,1131,Low Driven Shot+,,low-driven-shot,REWARDS,expired,https://www.futbin.com/26/evolutions/1131/low-driven-shot
1069,2026-07-14,exact,1132,Youthful Valor,,youthful-valor,EVOLUTIONS,expired,https://www.futbin.com/26/evolutions/1132/youthful-valor
1070,2026-07-15,exact,1133,FoF Pelé IV,,fof-pele-iv,FOF: PELÉ,expired,https://www.futbin.com/26/evolutions/1133/fof-pele-iv
1071,2026-07-16,exact,1134,Prime Prospect,,prime-prospect,EVOLUTIONS,expired,https://www.futbin.com/26/evolutions/1134/prime-prospect
1072,2026-07-17,exact,1135,The Humble Viking,,the-humble-viking,EVOLUTIONS,expired,https://www.futbin.com/26/evolutions/1135/the-humble-viking
1073,2026-07-17,exact,1136,Summer Spark,,summer-spark,EVOLUTIONS,expired,https://www.futbin.com/26/evolutions/1136/summer-spark
1074,2026-07-17,inferred,1137,Hitting Your Stride,,hitting-your-stride,100 FUTTIES TOKENS,expired,https://www.futbin.com/26/evolutions/1137/hitting-your-stride
1075,2026-07-17,inferred,1138,Gearing Up,,gearing-up,100 FUTTIES TOKENS,expired,https://www.futbin.com/26/evolutions/1138/gearing-up
1076,2026-07-17,inferred,1139,Gaucho Guardian,,gaucho-guardian,200 FUTTIES TOKENS,expired,https://www.futbin.com/26/evolutions/1139/gaucho-guardian
1077,2026-07-17,inferred,1140,Far Reach+ and Close Down+,,far-reach-and-close-down,REWARDS,expired,https://www.futbin.com/26/evolutions/1140/far-reach-and-close-down
1078,2026-07-17,inferred,1141,Incisive Pass+ and Tiki Taka+,,incisive-pass-and-tiki-taka,REWARDS,expired,https://www.futbin.com/26/evolutions/1141/incisive-pass-and-tiki-taka
1079,2026-07-18,inferred,1142,Low Driven+ and Gamechanger+,,low-driven-and-gamechanger,REWARDS,expired,https://www.futbin.com/26/evolutions/1142/low-driven-and-gamechanger
1080,2026-07-18,inferred,1143,Precision Header+ and Enforcer+,,precision-header-and-enforcer,REWARDS,expired,https://www.futbin.com/26/evolutions/1143/precision-header-and-enforcer
1081,2026-07-18,inferred,1144,Prime Marksman,,prime-marksman,REWARDS,expired,https://www.futbin.com/26/evolutions/1144/prime-marksman
1082,2026-07-18,inferred,1145,Perfect Link Up,,perfect-link-up,REWARDS,expired,https://www.futbin.com/26/evolutions/1145/perfect-link-up
1083,2026-07-18,inferred,1146,Shutdown,,shutdown,REWARDS,expired,https://www.futbin.com/26/evolutions/1146/shutdown
1084,2026-07-18,exact,1147,Rapid Resilience,,rapid-resilience,EVOLUTIONS,expired,https://www.futbin.com/26/evolutions/1147/rapid-resilience
1085,2026-07-18,exact,1148,Summer Stars,,summer-stars,COSMETICS,expired,https://www.futbin.com/26/evolutions/1148/summer-stars
1086,2026-07-19,exact,1149,Mr. Nonchalant,,mr-nonchalant,EVOLUTIONS,expired,https://www.futbin.com/26/evolutions/1149/mr-nonchalant
1087,2026-07-19,exact,1150,FoF Pelé V,,fof-pele-v,FOF: PELÉ,expired,https://www.futbin.com/26/evolutions/1150/fof-pele-v
1088,2026-07-21,exact,1151,FUTTIES Countdown,,futties-countdown,TRAINING CAMP,expired,https://www.futbin.com/26/evolutions/1151/futties-countdown
1089,2026-07-24,exact,1152,The Metronome,,the-metronome,EVOLUTIONS,expired,https://www.futbin.com/26/evolutions/1152/the-metronome
1090,2026-07-24,inferred,1153,Route One,,route-one,EVOLUTIONS,expired,https://www.futbin.com/26/evolutions/1153/route-one
1091,2026-07-24,exact,1154,Flow State,,flow-state,EVOLUTIONS,expired,https://www.futbin.com/26/evolutions/1154/flow-state
1092,2026-07-24,inferred,1155,Strike Force Is Back!,,strike-force-is-back,200 FUTTIES TOKENS,active,https://www.futbin.com/26/evolutions/1155/strike-force-is-back
1093,2026-07-24,inferred,1156,No Way Through,,no-way-through,100 FUTTIES TOKENS,active,https://www.futbin.com/26/evolutions/1156/no-way-through
1094,2026-07-25,inferred,1157,Thread the needle,,thread-the-needle,REWARDS,expired,https://www.futbin.com/26/evolutions/1157/thread-the-needle
1095,2026-07-25,inferred,1158,Set Piece FC,,set-piece-fc,REWARDS,expired,https://www.futbin.com/26/evolutions/1158/set-piece-fc
1096,2026-07-25,inferred,1159,Elite Midfielder,,elite-midfielder,100 FUTTIES TOKENS,active,https://www.futbin.com/26/evolutions/1159/elite-midfielder
1097,2026-07-25,exact,1160,Speed Merchant,,speed-merchant,EVOLUTIONS,expired,https://www.futbin.com/26/evolutions/1160/speed-merchant
1098,2026-07-26,exact,1161,Dynamic Drive,,dynamic-drive,TRAINING CAMP,expired,https://www.futbin.com/26/evolutions/1161/dynamic-drive
1099,2026-07-26,inferred,1162,99 Dribbling,,99-dribbling,FC 27 PRE ORDER,active,https://www.futbin.com/26/evolutions/1162/99-dribbling
1100,2026-07-26,inferred,1163,99 Physical,,99-physical,FC 27 PRE ORDER,active,https://www.futbin.com/26/evolutions/1163/99-physical
1101,2026-07-26,inferred,1164,Aura Farming,,aura-farming,REWARDS,expired,https://www.futbin.com/26/evolutions/1164/aura-farming
1102,2026-07-26,inferred,1165,Golden Boot,,golden-boot,REWARDS,expired,https://www.futbin.com/26/evolutions/1165/golden-boot
1103,2026-07-26,inferred,1166,Make Your National Pride Evolution Part 3 - Anticipate+,,make-your-national-pride-evolution-part-3-anticipate,SEASON 9 LEVEL: 25,expired,https://www.futbin.com/26/evolutions/1166/make-your-national-pride-evolution-part-3-anticipate
1104,2026-07-26,inferred,1167,Make Your National Pride Evolution Part 3 - Bruiser+,,make-your-national-pride-evolution-part-3-bruiser,SEASON 9 LEVEL: 25,expired,https://www.futbin.com/26/evolutions/1167/make-your-national-pride-evolution-part-3-bruiser
1105,2026-07-26,inferred,1168,Make Your National Pride Evolution Part 3 - Finesse+,,make-your-national-pride-evolution-part-3-finesse,SEASON 9 LEVEL: 25,expired,https://www.futbin.com/26/evolutions/1168/make-your-national-pride-evolution-part-3-finesse
1106,2026-07-27,inferred,1169,Make Your National Pride Evolution Part 3 - Rapid+,,make-your-national-pride-evolution-part-3-rapid,SEASON 9 LEVEL: 24,expired,https://www.futbin.com/26/evolutions/1169/make-your-national-pride-evolution-part-3-rapid
1107,2026-07-27,inferred,1170,Make Your National Pride Evolution Part 3 - Tiki Taka+,,make-your-national-pride-evolution-part-3-tiki-taka,SEASON 9 LEVEL: 25,expired,https://www.futbin.com/26/evolutions/1170/make-your-national-pride-evolution-part-3-tiki-taka
1108,2026-07-27,inferred,1171,Make Your National Pride Evolution Part 3 - Quick Step+,,make-your-national-pride-evolution-part-3-quick-step,SEASON 9 LEVEL: 25,expired,https://www.futbin.com/26/evolutions/1171/make-your-national-pride-evolution-part-3-quick-step
1109,2026-07-27,inferred,1172,Make Your National Pride Evolution Part 3 - Intercept+,,make-your-national-pride-evolution-part-3-intercept,SEASON 9 LEVEL: 25,expired,https://www.futbin.com/26/evolutions/1172/make-your-national-pride-evolution-part-3-intercept
1110,2026-07-27,inferred,1173,Make Your National Pride Evolution Part 3 - Incisive Pass+,,make-your-national-pride-evolution-part-3-incisive-pass,SEASON 9 LEVEL: 24,expired,https://www.futbin.com/26/evolutions/1173/make-your-national-pride-evolution-part-3-incisive-pass
1111,2026-07-27,inferred,1174,Make Your National Pride Evolution Part 3 - Low Driven Shot+,,make-your-national-pride-evolution-part-3-low-driven-shot,SEASON 9 LEVEL: 22,expired,https://www.futbin.com/26/evolutions/1174/make-your-national-pride-evolution-part-3-low-driven-shot
1112,2026-07-27,inferred,1175,Make Your National Pride Evolution Part 3 - Technical+,,make-your-national-pride-evolution-part-3-technical,SEASON 9 LEVEL: 25,expired,https://www.futbin.com/26/evolutions/1175/make-your-national-pride-evolution-part-3-technical
1113,2026-07-27,inferred,1176,National Pride,,national-pride,REWARDS,expired,https://www.futbin.com/26/evolutions/1176/national-pride
1114,2026-07-27,exact,1177,Cultured Commander,,cultured-commander,EVOLUTIONS,expired,https://www.futbin.com/26/evolutions/1177/cultured-commander
1115,2026-07-27,inferred,1178,You Shall Not Pass,,you-shall-not-pass,REWARDS,expired,https://www.futbin.com/26/evolutions/1178/you-shall-not-pass
1116,2026-07-28,inferred,1179,Pink Heritage,,pink-heritage,REWARDS,expired,https://www.futbin.com/26/evolutions/1179/pink-heritage
1117,2026-07-28,exact,1180,Left behind,,left-behind,EVOLUTIONS,expired,https://www.futbin.com/26/evolutions/1180/left-behind
1118,2026-07-29,exact,1181,Flair Factory,,flair-factory,EVOLUTIONS,expired,https://www.futbin.com/26/evolutions/1181/flair-factory
1119,2026-07-30,exact,1182,Floor Raiser,,floor-raiser,EVOLUTIONS,expired,https://www.futbin.com/26/evolutions/1182/floor-raiser
1120,2026-07-31,exact,1183,FUTTIES Blueprint I,,futties-blueprint-i,EVOLUTIONS,expired,https://www.futbin.com/26/evolutions/1183/futties-blueprint-i
1121,2026-07-31,exact,1184,Wind-Up Merchant,,wind-up-merchant,EVOLUTIONS,expired,https://www.futbin.com/26/evolutions/1184/wind-up-merchant
1122,2026-07-31,inferred,1185,Speed Demon,,speed-demon,100 FUTTIES TOKENS,active,https://www.futbin.com/26/evolutions/1185/speed-demon
1123,2026-07-31,inferred,1186,Auto Defender,,auto-defender,100 FUTTIES TOKENS,active,https://www.futbin.com/26/evolutions/1186/auto-defender
1124,2026-07-31,inferred,1187,Mr. Undroppable,,mr-undroppable,200 FUTTIES TOKENS,active,https://www.futbin.com/26/evolutions/1187/mr-undroppable
1125,2026-08-01,inferred,1188,CB Shift,,cb-shift,REWARDS,expired,https://www.futbin.com/26/evolutions/1188/cb-shift
1126,2026-08-01,inferred,1189,Bruise Control,,bruise-control,REWARDS,expired,https://www.futbin.com/26/evolutions/1189/bruise-control
1127,2026-08-01,inferred,1190,Dazzling Dribbler,,dazzling-dribbler,REWARDS,expired,https://www.futbin.com/26/evolutions/1190/dazzling-dribbler
1128,2026-08-01,exact,1191,Signed and Delivered,,signed-and-delivered,EVOLUTIONS,expired,https://www.futbin.com/26/evolutions/1191/signed-and-delivered
1129,2026-08-02,inferred,1192,FUTTIES,,futties,COSMETICS,expired,https://www.futbin.com/26/evolutions/1192/futties
1130,2026-08-02,inferred,1193,LW Shift,,lw-shift,REWARDS,expired,https://www.futbin.com/26/evolutions/1193/lw-shift
1131,2026-08-03,exact,1194,FUTTIES Blueprint II,,futties-blueprint-ii,EVOLUTIONS,expired,https://www.futbin.com/26/evolutions/1194/futties-blueprint-ii
1132,2026-08-03,inferred,1195,The Perfect Break,,the-perfect-break,TRAINING CAMP,expired,https://www.futbin.com/26/evolutions/1195/the-perfect-break
1133,2026-08-03,inferred,1196,The Creative Spark,,the-creative-spark,REWARDS,expired,https://www.futbin.com/26/evolutions/1196/the-creative-spark
1134,2026-08-03,exact,1197,Let Me Cook,,let-me-cook,EVOLUTIONS,expired,https://www.futbin.com/26/evolutions/1197/let-me-cook
1135,2026-08-04,exact,1198,Bail Out,,bail-out,EVOLUTIONS,expired,https://www.futbin.com/26/evolutions/1198/bail-out
1136,2026-08-05,exact,1199,Year of the Fullbacks,,year-of-the-fullbacks,EVOLUTIONS,expired,https://www.futbin.com/26/evolutions/1199/year-of-the-fullbacks
1137,2026-08-06,exact,1200,The High Line,,the-high-line,EVOLUTIONS,expired,https://www.futbin.com/26/evolutions/1200/the-high-line
1138,2026-08-06,inferred,1201,Max Sweat,,max-sweat,REWARDS,expired,https://www.futbin.com/26/evolutions/1201/max-sweat
1139,2026-08-07,inferred,1202,Born Striker,,born-striker,REWARDS,expired,https://www.futbin.com/26/evolutions/1202/born-striker
1140,2026-08-07,exact,1203,The Landlord,,the-landlord,EVOLUTIONS,expired,https://www.futbin.com/26/evolutions/1203/the-landlord
1141,2026-08-07,exact,1204,Right Route,,right-route,EVOLUTIONS,expired,https://www.futbin.com/26/evolutions/1204/right-route
1142,2026-08-07,inferred,1205,Too Basic,,too-basic,100 FUTTIES TOKENS,active,https://www.futbin.com/26/evolutions/1205/too-basic
1143,2026-08-07,inferred,1206,Posture Check,,posture-check,100 FUTTIES TOKENS,active,https://www.futbin.com/26/evolutions/1206/posture-check
1144,2026-08-07,inferred,1207,FUTTIES 5th Pinged Pass+,,futties-5th-pinged-pass,REWARDS,active,https://www.futbin.com/26/evolutions/1207/futties-5th-pinged-pass
1145,2026-08-07,inferred,1208,FUTTIES 5th Anticipate+,,futties-5th-anticipate,REWARDS,active,https://www.futbin.com/26/evolutions/1208/futties-5th-anticipate
1146,2026-08-07,inferred,1209,FUTTIES 5th Rapid+,,futties-5th-rapid,REWARDS,active,https://www.futbin.com/26/evolutions/1209/futties-5th-rapid
1147,2026-08-08,inferred,1210,FUTTIES 5th Technical+,,futties-5th-technical,REWARDS,active,https://www.futbin.com/26/evolutions/1210/futties-5th-technical
1148,2026-08-08,inferred,1211,Sunny Innit,,sunny-innit,200 FUTTIES TOKENS,active,https://www.futbin.com/26/evolutions/1211/sunny-innit
1149,2026-08-08,inferred,1212,FUTTIES 5th Intercept+,,futties-5th-intercept,REWARDS,active,https://www.futbin.com/26/evolutions/1212/futties-5th-intercept
1150,2026-08-08,inferred,1213,FUTTIES 5th Finesse Shot+,,futties-5th-finesse-shot,REWARDS,active,https://www.futbin.com/26/evolutions/1213/futties-5th-finesse-shot
1151,2026-08-08,inferred,1214,FUTTIES 5th Bruiser+,,futties-5th-bruiser,REWARDS,active,https://www.futbin.com/26/evolutions/1214/futties-5th-bruiser
1152,2026-08-08,inferred,1215,FUTTIES 5th Low Driven Shot+,,futties-5th-low-driven-shot,REWARDS,active,https://www.futbin.com/26/evolutions/1215/futties-5th-low-driven-shot
1153,2026-08-08,exact,1216,Fullback Force,,fullback-force,EVOLUTIONS,expired,https://www.futbin.com/26/evolutions/1216/fullback-force
1154,2026-08-09,exact,1217,FUTTIES 5th Pinged Pass+,,futties-5th-pinged-pass,TRAINING CAMP,expired,https://www.futbin.com/26/evolutions/1217/futties-5th-pinged-pass
1155,2026-08-09,inferred,1218,Passing the Test,,passing-the-test,REWARDS|EXPIRING SOON,active,https://www.futbin.com/26/evolutions/1218/passing-the-test
1156,2026-08-10,inferred,1219,Striker Instinct,,striker-instinct,REWARDS,expired,https://www.futbin.com/26/evolutions/1219/striker-instinct
1157,2026-08-10,exact,1220,Everything at Once,,everything-at-once,EVOLUTIONS,expired,https://www.futbin.com/26/evolutions/1220/everything-at-once
1158,2026-08-11,exact,1221,Back Shortly,,back-shortly,EVOLUTIONS,expired,https://www.futbin.com/26/evolutions/1221/back-shortly
1159,2026-08-12,inferred,1222,Never Losing It,,never-losing-it,REWARDS,expired,https://www.futbin.com/26/evolutions/1222/never-losing-it
1160,2026-08-12,exact,1223,Still Got It,,still-got-it,EVOLUTIONS,expired,https://www.futbin.com/26/evolutions/1223/still-got-it
1161,2026-08-13,exact,1224,RM Roles++,,rm-roles,ROLES,active,https://www.futbin.com/26/evolutions/1224/rm-roles
1162,2026-08-13,exact,1225,CM Roles++,,cm-roles,ROLES,active,https://www.futbin.com/26/evolutions/1225/cm-roles
1163,2026-08-13,exact,1226,RW Roles++,,rw-roles,ROLES,active,https://www.futbin.com/26/evolutions/1226/rw-roles
1164,2026-08-13,exact,1227,LW Roles++,,lw-roles,ROLES,active,https://www.futbin.com/26/evolutions/1227/lw-roles
1165,2026-08-13,exact,1228,CAM Roles++,,cam-roles,ROLES,active,https://www.futbin.com/26/evolutions/1228/cam-roles
1166,2026-08-13,exact,1229,RB Roles++,,rb-roles,ROLES,active,https://www.futbin.com/26/evolutions/1229/rb-roles
1167,2026-08-13,exact,1230,CB Roles++,,cb-roles,ROLES,active,https://www.futbin.com/26/evolutions/1230/cb-roles
1168,2026-08-13,exact,1231,ST Roles++,,st-roles,ROLES,active,https://www.futbin.com/26/evolutions/1231/st-roles
1169,2026-08-13,exact,1232,LM Roles++,,lm-roles,ROLES,active,https://www.futbin.com/26/evolutions/1232/lm-roles
1170,2026-08-13,exact,1233,CDM Roles++,,cdm-roles,ROLES,active,https://www.futbin.com/26/evolutions/1233/cdm-roles
1171,2026-08-13,exact,1234,GK Roles++,,gk-roles,ROLES,active,https://www.futbin.com/26/evolutions/1234/gk-roles
1172,2026-08-13,inferred,1235,LB Roles++,,lb-roles,ROLES,active,https://www.futbin.com/26/evolutions/1235/lb-roles
1173,2026-08-13,inferred,1236,Max Pace,,max-pace,SEASON 10 LEVEL: 28,active,https://www.futbin.com/26/evolutions/1236/max-pace
1174,2026-08-13,inferred,1237,Max Passing,,max-passing,SEASON 10 LEVEL: 27,active,https://www.futbin.com/26/evolutions/1237/max-passing
1175,2026-08-13,inferred,1238,Max Shooting,,max-shooting,SEASON 10 LEVEL: 21,active,https://www.futbin.com/26/evolutions/1238/max-shooting
1176,2026-08-13,inferred,1239,Counter Culture,,counter-culture,SEASON 10 LEVEL: 1,active,https://www.futbin.com/26/evolutions/1239/counter-culture
1177,2026-08-13,inferred,1240,Two-Way Titan,,two-way-titan,SEASON 10 LEVEL: 1,active,https://www.futbin.com/26/evolutions/1240/two-way-titan
1178,2026-08-13,inferred,1241,Va Va Voom,,va-va-voom,"1,000 PRE SEASON TOKENS",active,https://www.futbin.com/26/evolutions/1241/va-va-voom
1179,2026-08-13,inferred,1242,Max Defending,,max-defending,SEASON 10 LEVEL: 10,active,https://www.futbin.com/26/evolutions/1242/max-defending
1180,2026-08-13,inferred,1243,Hard Yards,,hard-yards,SEASON 10 LEVEL: 8,active,https://www.futbin.com/26/evolutions/1243/hard-yards
1181,2026-08-13,inferred,1244,Carpet Football,,carpet-football,500 PRE SEASON TOKENS,active,https://www.futbin.com/26/evolutions/1244/carpet-football
1182,2026-08-13,inferred,1245,The Pivot Point,,the-pivot-point,REWARDS,active,https://www.futbin.com/26/evolutions/1245/the-pivot-point
1183,2026-08-13,inferred,1246,Face Value,,face-value,REWARDS,active,https://www.futbin.com/26/evolutions/1246/face-value
1184,2026-08-13,inferred,1247,Apex Attacker,,apex-attacker,REWARDS,active,https://www.futbin.com/26/evolutions/1247/apex-attacker
1185,2026-08-13,exact,1249,Back to the Silver Age,,back-to-the-silver-age,EVOLUTIONS,expired,https://www.futbin.com/26/evolutions/1249/back-to-the-silver-age
1186,2026-08-14,exact,1250,97 Times,,97-times,EVOLUTIONS,expired,https://www.futbin.com/26/evolutions/1250/97-times
1187,2026-08-14,exact,1251,Passing Focus,,passing-focus,EVOLUTIONS,expired,https://www.futbin.com/26/evolutions/1251/passing-focus
1188,2026-08-14,inferred,1252,Pocket Inspector,,pocket-inspector,100 PRE SEASON TOKENS,active,https://www.futbin.com/26/evolutions/1252/pocket-inspector
1189,2026-08-15,inferred,1253,Creative License,,creative-license,100 PRE SEASON TOKEN STORE,active,https://www.futbin.com/26/evolutions/1253/creative-license
1190,2026-08-15,inferred,1254,Class on Grass,,class-on-grass,200 PRE SEASON TOKENS,active,https://www.futbin.com/26/evolutions/1254/class-on-grass
1191,2026-08-15,exact,1255,Fidget Spinner,,fidget-spinner,EVOLUTIONS,expired,https://www.futbin.com/26/evolutions/1255/fidget-spinner
1192,2026-08-16,inferred,1256,99 SHO,,99-sho,STORE PACK,active,https://www.futbin.com/26/evolutions/1256/99-sho
1193,2026-08-16,exact,1257,Quick Step+,,quick-step,TRAINING CAMP,expired,https://www.futbin.com/26/evolutions/1257/quick-step
1194,2026-08-17,inferred,1258,Guard Duty,,guard-duty,REWARDS|EXPIRING SOON,active,https://www.futbin.com/26/evolutions/1258/guard-duty
1195,2026-08-17,exact,1259,Final Touches,,final-touches,EVOLUTIONS|EXPIRING SOON,active,https://www.futbin.com/26/evolutions/1259/final-touches
1196,2026-08-18,inferred,1260,The 12th Man,,the-12th-man,REWARDS,expired,https://www.futbin.com/26/evolutions/1260/the-12th-man
1197,2026-08-18,exact,1261,Wall of Fame,,wall-of-fame,EVOLUTIONS,active,https://www.futbin.com/26/evolutions/1261/wall-of-fame
1198,2026-08-19,exact,1262,The Vanguard,,the-vanguard,EVOLUTIONS,active,https://www.futbin.com/26/evolutions/1262/the-vanguard
1199,2026-08-20,inferred,1263,Instant Magnet,,instant-magnet,REWARDS,expired,https://www.futbin.com/26/evolutions/1263/instant-magnet
1200,2026-08-20,exact,1264,FUTTIES Finale,,futties-finale,EVOLUTIONS,active,https://www.futbin.com/26/evolutions/1264/futties-finale
1201,2026-08-21,exact,1265,Endgame Echoes,,endgame-echoes,EVOLUTIONS,active,https://www.futbin.com/26/evolutions/1265/endgame-echoes
1202,2026-08-21,exact,1266,Winter Wildcards,,winter-wildcards,COSMETICS,active,https://www.futbin.com/26/evolutions/1266/winter-wildcards
1203,2026-08-21,exact,1267,Time Warp,,time-warp,COSMETICS,active,https://www.futbin.com/26/evolutions/1267/time-warp
1204,2026-08-21,exact,1268,Ultimate Scream,,ultimate-scream,COSMETICS,active,https://www.futbin.com/26/evolutions/1268/ultimate-scream
1205,2026-08-21,exact,1269,Thunderstruck,,thunderstruck,COSMETICS,active,https://www.futbin.com/26/evolutions/1269/thunderstruck
1206,2026-08-21,exact,1270,FUT Birthday 18 Retro,,fut-birthday-18-retro,COSMETICS,active,https://www.futbin.com/26/evolutions/1270/fut-birthday-18-retro
1207,2026-08-21,exact,1271,Unbreakables,,unbreakables,COSMETICS,active,https://www.futbin.com/26/evolutions/1271/unbreakables
1208,2026-08-21,exact,1272,Knockout Royalty,,knockout-royalty,COSMETICS,active,https://www.futbin.com/26/evolutions/1272/knockout-royalty
1209,2026-08-21,exact,1273,FUT Birthday 20 Retro,,fut-birthday-20-retro,COSMETICS,active,https://www.futbin.com/26/evolutions/1273/fut-birthday-20-retro
1210,2026-08-21,exact,1274,Joga Bonito,,joga-bonito,COSMETICS,active,https://www.futbin.com/26/evolutions/1274/joga-bonito
1211,2026-08-21,exact,1275,FUT Birthday 19 Retro,,fut-birthday-19-retro,COSMETICS,active,https://www.futbin.com/26/evolutions/1275/fut-birthday-19-retro
1212,2026-08-22,inferred,1276,Order 67,,order-67,100 PRE SEASON TOKENS,active,https://www.futbin.com/26/evolutions/1276/order-67
1213,2026-08-22,exact,1277,Leyenda de Moncada,,leyenda-de-moncada,EVOLUTIONS,active,https://www.futbin.com/26/evolutions/1277/leyenda-de-moncada
1214,2026-08-22,inferred,1278,Keep Better Kompany,,keep-better-kompany,100 PRE SEASON TOKENS,active,https://www.futbin.com/26/evolutions/1278/keep-better-kompany
1215,2026-08-23,inferred,1279,Prime Iconic Attacker,,prime-iconic-attacker,200 PRE SEASON TOKENS,active,https://www.futbin.com/26/evolutions/1279/prime-iconic-attacker
1216,2026-08-23,exact,1280,Guardian of the Wing,,guardian-of-the-wing,EVOLUTIONS,active,https://www.futbin.com/26/evolutions/1280/guardian-of-the-wing
1217,2026-08-24,exact,1281,The Tenant,,the-tenant,EVOLUTIONS,active,https://www.futbin.com/26/evolutions/1281/the-tenant
